ticket_id,customer_id,order_id,ticket_created_date,ticket_category,priority,resolution_hours,csat_score,scenario_phase
1,405,4252,2025-11-28,Late Delivery,High,51,7,Current
2,366,6473,2025-04-01,Late Delivery,Medium,30,3,Current
3,603,3968,2025-11-23,Wrong Item,Critical,69,3,Current
4,287,6375,2024-07-29,Refund Request,Critical,90,4,Current
5,922,9901,2025-01-15,Late Delivery,High,19,6,Current
6,98,1551,2025-12-19,Late Delivery,Medium,35,10,Future
7,6,186,2025-09-15,Refund Request,Medium,14,10,Future
8,80,2715,2025-12-15,Refund Request,Medium,92,3,Current
9,482,4826,2025-03-31,Late Delivery,Medium,21,3,Current
10,858,11447,2025-10-05,Stock Availability,Medium,54,3,Current
11,109,7191,2025-12-13,Wrong Item,Critical,56,6,Current
12,901,7550,2025-06-06,Late Delivery,Medium,44,7,Current
13,537,4138,2025-05-11,Stock Availability,High,20,6,Current
14,538,4395,2024-05-13,Damaged Product,Critical,33,3,Current
15,219,11788,2025-08-14,Order Status,Medium,18,9,Future
16,486,11713,2025-12-24,Refund Request,Medium,31,7,Current
17,300,7053,2025-07-14,Late Delivery,High,56,3,Current
18,125,11432,2025-12-02,Late Delivery,Medium,34,6,Current
19,770,11233,2025-04-24,Stock Availability,High,46,5,Current
20,973,3644,2025-03-20,Order Status,Medium,21,8,Future
21,966,8448,2025-08-17,Wrong Item,Medium,14,9,Future
22,217,607,2025-11-23,Refund Request,Medium,72,3,Current
23,693,11871,2024-12-13,Late Delivery,Medium,18,9,Future
24,739,745,2024-07-16,Refund Request,Critical,79,5,Current
25,942,11911,2025-12-30,Late Delivery,Critical,52,4,Current
26,414,4564,2025-05-15,Order Status,Medium,60,6,Current
27,770,6392,2024-11-28,Refund Request,Medium,76,5,Current
28,863,1844,2025-01-16,Refund Request,Medium,43,6,Current
29,979,3405,2025-07-11,Refund Request,Medium,47,4,Current
30,344,145,2025-10-15,Refund Request,Critical,35,6,Current
31,157,8473,2025-12-10,Damaged Product,Critical,84,6,Current
32,540,9394,2025-02-16,Late Delivery,Low,17,10,Future
33,665,4925,2025-10-23,Refund Request,High,83,4,Current
34,759,10430,2024-03-04,Order Status,Medium,19,10,Future
35,789,2339,2025-11-23,Order Status,Medium,23,7,Future
36,237,9514,2025-03-10,Damaged Product,Critical,21,9,Future
37,88,598,2025-07-15,Wrong Item,Medium,27,7,Current
38,514,6182,2025-06-05,Stock Availability,High,24,4,Current
39,475,11198,2025-10-07,Refund Request,Medium,43,5,Current
40,400,244,2025-09-20,Wrong Item,Low,27,9,Future
41,362,5745,2025-06-27,Late Delivery,High,24,6,Current
42,141,4232,2025-05-14,Stock Availability,High,34,5,Current
43,41,11715,2025-08-25,Late Delivery,Critical,93,7,Current
44,40,5182,2025-12-13,Stock Availability,Medium,48,4,Current
45,992,7777,2025-05-20,Order Status,Medium,34,9,Future
46,48,3667,2025-06-26,Refund Request,Low,35,3,Current
47,429,4031,2025-10-19,Stock Availability,Medium,36,5,Current
48,889,2642,2024-03-11,Late Delivery,High,74,5,Current
49,585,3643,2025-04-24,Damaged Product,High,46,6,Current
50,553,5851,2025-12-29,Late Delivery,Medium,26,5,Current
51,989,3307,2025-10-20,Late Delivery,High,55,7,Current
52,741,7816,2025-07-05,Late Delivery,High,18,7,Current
53,870,8624,2025-07-05,Late Delivery,Medium,81,5,Current
54,477,9142,2025-09-29,Late Delivery,Medium,39,3,Current
55,986,4094,2025-05-28,Stock Availability,Low,13,10,Future
56,128,2306,2025-09-14,Late Delivery,Low,39,3,Current
57,901,7550,2024-05-02,Damaged Product,Critical,70,3,Current
58,360,6645,2025-12-25,Damaged Product,High,22,7,Current
59,357,703,2025-09-23,Order Status,Medium,7,8,Future
60,883,1699,2025-07-03,Order Status,Critical,68,4,Current
61,543,11255,2025-12-20,Late Delivery,High,22,4,Current
62,998,8540,2025-09-28,Stock Availability,High,48,6,Current
63,257,178,2025-11-07,Late Delivery,High,26,8,Future
64,379,4342,2025-03-11,Refund Request,Low,11,10,Future
65,530,764,2024-04-25,Late Delivery,Critical,42,7,Current
66,640,1888,2025-08-06,Wrong Item,Critical,21,7,Future
67,666,7894,2024-10-03,Refund Request,Low,40,3,Current
68,247,9016,2025-12-19,Damaged Product,Critical,52,5,Current
69,811,9612,2025-10-01,Order Status,Critical,11,8,Future
70,745,3406,2025-06-02,Late Delivery,Critical,47,6,Current
71,413,5221,2025-11-01,Order Status,Medium,80,6,Current
72,830,2350,2025-10-24,Damaged Product,Low,63,5,Current
73,375,11510,2024-09-05,Stock Availability,Medium,18,7,Current
74,857,9310,2025-02-17,Wrong Item,Low,32,8,Future
75,456,8903,2024-09-19,Stock Availability,High,64,7,Current
76,631,6651,2025-05-07,Late Delivery,Low,20,3,Current
77,571,10237,2025-09-08,Late Delivery,Medium,63,7,Current
78,825,8831,2025-11-08,Refund Request,High,76,4,Current
79,597,4910,2025-08-01,Stock Availability,Low,43,7,Current
80,347,1357,2025-11-10,Wrong Item,Low,20,9,Future
81,840,8374,2025-12-07,Stock Availability,Medium,73,6,Current
82,227,1348,2025-12-18,Refund Request,High,95,3,Current
83,564,2747,2025-02-23,Late Delivery,Medium,39,4,Current
84,968,11701,2025-10-21,Wrong Item,Critical,29,6,Current
85,294,4123,2025-12-19,Stock Availability,Low,20,7,Current
86,257,11203,2025-12-05,Refund Request,High,47,3,Current
87,598,5418,2025-09-05,Wrong Item,Critical,42,7,Current
88,961,1056,2025-07-22,Late Delivery,Medium,90,3,Current
89,321,2086,2025-02-16,Refund Request,Medium,42,7,Current
90,756,5532,2025-11-30,Stock Availability,Medium,81,7,Current
91,267,8163,2025-11-29,Late Delivery,Medium,40,3,Current
92,266,137,2025-12-02,Wrong Item,High,41,7,Current
93,795,9257,2025-12-16,Late Delivery,Medium,29,5,Current
94,843,9518,2025-12-11,Damaged Product,Medium,35,7,Current
95,285,144,2024-07-06,Damaged Product,Critical,8,9,Future
96,155,2634,2025-03-22,Order Status,High,30,3,Current
97,677,11250,2025-03-29,Damaged Product,Medium,8,10,Future
98,214,9077,2025-08-25,Damaged Product,Medium,33,3,Current
99,672,4593,2025-10-03,Stock Availability,Low,34,9,Future
100,111,10201,2025-12-27,Stock Availability,Medium,91,7,Current
101,950,426,2025-03-25,Late Delivery,High,23,3,Current
102,807,10672,2025-08-21,Damaged Product,Medium,29,9,Future
103,219,5371,2025-01-25,Late Delivery,Low,29,3,Current
104,678,9913,2025-11-09,Damaged Product,Low,77,4,Current
105,322,4994,2024-10-05,Late Delivery,High,34,7,Current
106,790,5866,2025-07-19,Wrong Item,Critical,82,4,Current
107,990,2151,2025-06-11,Wrong Item,Medium,30,6,Current
108,704,10771,2025-04-12,Damaged Product,Low,8,10,Future
109,375,10325,2025-07-05,Refund Request,High,19,4,Current
110,387,3533,2024-09-11,Damaged Product,High,84,7,Current
111,533,9208,2025-03-30,Order Status,Medium,8,10,Future
112,301,9303,2025-12-21,Refund Request,Critical,90,7,Current
113,483,191,2025-12-22,Refund Request,Low,11,8,Future
114,602,2876,2025-05-30,Stock Availability,Medium,29,3,Current
115,298,769,2025-08-25,Late Delivery,Critical,76,4,Current
116,792,5204,2025-11-14,Order Status,Medium,35,3,Current
117,800,9042,2025-02-20,Refund Request,High,40,6,Current
118,268,383,2025-11-06,Wrong Item,Medium,54,6,Current
119,977,2568,2025-09-21,Refund Request,High,72,6,Current
120,289,2496,2024-08-20,Refund Request,High,69,3,Current
121,378,10843,2025-09-12,Late Delivery,High,72,6,Current
122,696,5331,2025-07-30,Refund Request,Medium,20,8,Future
123,326,7789,2025-10-09,Refund Request,High,25,5,Current
124,763,8053,2024-08-18,Order Status,High,36,8,Future
125,290,1264,2025-10-10,Wrong Item,Medium,57,4,Current
126,985,3492,2025-12-11,Damaged Product,High,19,6,Current
127,737,7892,2025-06-30,Order Status,High,71,5,Current
128,489,10524,2025-07-02,Late Delivery,High,27,7,Future
129,850,1103,2024-12-11,Order Status,Medium,32,10,Future
130,433,5156,2025-09-26,Late Delivery,High,29,6,Current
131,442,9815,2025-04-02,Wrong Item,High,69,5,Current
132,443,10520,2025-11-08,Late Delivery,Medium,37,3,Current
133,905,2720,2025-05-11,Late Delivery,Critical,20,3,Current
134,230,9581,2025-06-12,Order Status,High,30,3,Current
135,955,6028,2025-10-05,Stock Availability,Low,30,7,Current
136,222,3534,2025-08-18,Wrong Item,High,19,10,Future
137,426,4759,2025-12-16,Refund Request,Low,96,3,Current
138,747,9531,2025-08-01,Stock Availability,High,56,6,Current
139,816,10734,2025-07-02,Late Delivery,Medium,57,5,Current
140,562,11524,2025-06-18,Late Delivery,High,51,6,Current
141,89,404,2025-12-29,Late Delivery,Medium,31,4,Current
142,585,9017,2025-01-12,Late Delivery,Low,25,3,Current
143,905,11116,2025-12-24,Late Delivery,Low,42,6,Current
144,435,965,2025-12-28,Order Status,High,44,3,Current
145,106,7351,2025-10-10,Late Delivery,Medium,96,6,Current
146,451,1182,2024-12-08,Late Delivery,Medium,6,8,Future
147,678,10654,2025-05-19,Stock Availability,High,28,9,Future
148,158,788,2025-11-18,Refund Request,High,75,6,Current
149,798,5818,2025-11-15,Late Delivery,Medium,54,5,Current
150,941,5370,2025-06-28,Late Delivery,Medium,8,7,Future
151,792,4637,2024-11-04,Refund Request,High,43,7,Current
152,976,5430,2025-06-04,Damaged Product,Medium,95,3,Current
153,422,4295,2025-12-24,Damaged Product,Medium,64,7,Current
154,323,5202,2025-08-02,Stock Availability,Medium,23,5,Current
155,212,1341,2025-10-24,Order Status,Low,26,7,Future
156,811,9244,2025-08-07,Stock Availability,Medium,87,6,Current
157,819,3583,2025-08-14,Refund Request,Medium,19,3,Current
158,956,7677,2024-10-23,Stock Availability,Medium,36,7,Current
159,156,319,2025-01-30,Late Delivery,High,20,6,Current
160,55,7447,2025-10-16,Order Status,Critical,27,7,Current
161,854,9800,2025-12-03,Refund Request,High,68,5,Current
162,950,426,2025-08-25,Damaged Product,High,83,6,Current
163,225,4208,2025-08-24,Damaged Product,Critical,66,4,Current
164,818,6333,2025-05-18,Order Status,High,24,8,Future
165,185,7282,2025-05-27,Wrong Item,High,73,7,Current
166,47,5179,2025-12-07,Refund Request,Critical,17,7,Future
167,410,11416,2025-07-15,Late Delivery,High,52,6,Current
168,948,6802,2024-05-19,Late Delivery,High,28,6,Current
169,294,3260,2024-12-21,Order Status,Medium,7,9,Future
170,843,10266,2025-12-11,Refund Request,High,17,9,Future
171,687,11044,2024-12-27,Refund Request,High,64,5,Current
172,833,227,2025-03-11,Late Delivery,High,68,6,Current
173,486,2409,2025-05-03,Refund Request,High,26,7,Current
174,751,6090,2025-08-28,Late Delivery,Medium,31,8,Future
175,454,5711,2024-09-18,Late Delivery,High,18,5,Current
176,41,9874,2025-12-10,Stock Availability,Critical,78,6,Current
177,530,4267,2025-10-03,Order Status,Medium,6,7,Future
178,688,8761,2025-10-01,Late Delivery,High,65,6,Current
179,483,9659,2025-09-22,Damaged Product,Medium,63,4,Current
180,733,10968,2025-05-04,Late Delivery,Medium,73,5,Current
181,724,2596,2024-10-17,Damaged Product,High,31,5,Current
182,98,2284,2025-10-31,Stock Availability,Medium,78,3,Current
183,96,6490,2025-02-17,Late Delivery,Critical,86,7,Current
184,823,7780,2025-07-24,Order Status,Medium,50,7,Current
185,18,6815,2025-10-23,Order Status,High,24,10,Future
186,82,8522,2025-07-08,Late Delivery,Low,47,3,Current
187,824,3434,2025-11-12,Stock Availability,Medium,9,8,Future
188,325,9088,2025-05-22,Order Status,Low,36,10,Future
189,781,4839,2025-11-06,Late Delivery,Critical,71,6,Current
190,288,7733,2025-10-28,Late Delivery,High,54,7,Current
191,327,9324,2025-11-09,Damaged Product,Medium,74,3,Current
192,550,10152,2025-06-30,Late Delivery,Low,55,5,Current
193,151,5454,2024-10-07,Order Status,High,31,9,Future
194,409,4617,2024-08-25,Stock Availability,Critical,38,3,Current
195,758,5666,2025-03-03,Late Delivery,Low,30,10,Future
196,813,3684,2025-06-12,Refund Request,Medium,20,7,Current
197,548,10840,2025-09-12,Order Status,Medium,8,8,Future
198,6,7735,2025-12-22,Stock Availability,High,28,9,Future
199,65,11318,2025-11-20,Order Status,Medium,75,3,Current
200,348,3952,2024-10-10,Late Delivery,Low,65,5,Current
201,617,6261,2025-07-18,Damaged Product,Low,23,9,Future
202,899,229,2024-12-23,Late Delivery,Critical,46,5,Current
203,72,4756,2024-09-06,Late Delivery,Medium,27,6,Current
204,24,3280,2024-05-01,Order Status,Critical,13,10,Future
205,462,4721,2025-10-18,Late Delivery,Critical,89,5,Current
206,489,10524,2025-12-29,Order Status,Critical,34,7,Future
207,106,7351,2025-04-26,Late Delivery,Medium,80,4,Current
208,915,5673,2024-10-18,Refund Request,High,36,7,Future
209,910,1708,2025-10-14,Late Delivery,Medium,27,5,Current
210,763,10072,2025-11-19,Order Status,Medium,9,9,Future
211,851,5879,2025-09-18,Refund Request,Critical,86,5,Current
212,128,357,2025-01-28,Order Status,Medium,21,7,Future
213,506,7220,2025-11-15,Late Delivery,Medium,58,5,Current
214,855,11973,2025-11-20,Stock Availability,High,69,4,Current
215,252,1814,2025-10-10,Late Delivery,Medium,76,5,Current
216,159,10606,2025-12-02,Stock Availability,Medium,73,7,Current
217,86,5046,2024-12-19,Stock Availability,Medium,88,4,Current
218,288,1082,2025-11-26,Late Delivery,Medium,87,4,Current
219,828,10010,2025-05-04,Wrong Item,Medium,32,10,Future
220,97,7835,2024-12-23,Late Delivery,Medium,64,5,Current
221,343,11425,2024-02-08,Refund Request,Critical,87,4,Current
222,449,2341,2025-12-11,Late Delivery,Low,12,7,Future
223,733,10968,2025-12-01,Order Status,Medium,26,3,Current
224,398,11326,2025-09-13,Damaged Product,Medium,77,7,Current
225,960,11934,2025-10-16,Late Delivery,Critical,38,7,Current
226,548,7637,2025-12-15,Refund Request,High,28,7,Future
227,417,3387,2025-10-27,Damaged Product,Medium,50,4,Current
228,792,4637,2025-06-04,Order Status,Medium,59,5,Current
229,902,342,2025-03-10,Refund Request,High,19,3,Current
230,33,1389,2024-11-24,Order Status,Critical,59,4,Current
231,67,6941,2025-12-11,Order Status,High,23,9,Future
232,484,6783,2025-01-17,Order Status,Medium,75,4,Current
233,174,8569,2025-11-01,Wrong Item,High,27,3,Current
234,279,11830,2025-02-22,Refund Request,Medium,23,8,Future
235,14,806,2025-07-29,Late Delivery,Critical,8,8,Future
236,937,5313,2025-07-31,Stock Availability,High,34,7,Current
237,498,2948,2025-10-02,Stock Availability,High,95,5,Current
238,214,9077,2025-08-13,Late Delivery,Low,94,6,Current
239,318,6340,2025-09-18,Order Status,Low,25,7,Future
240,692,11407,2025-03-26,Damaged Product,High,26,7,Future
241,960,3718,2024-08-01,Order Status,High,61,6,Current
242,699,9299,2025-08-12,Late Delivery,Critical,6,10,Future
243,554,1572,2025-02-22,Late Delivery,Critical,39,4,Current
244,897,6437,2024-07-29,Refund Request,Medium,50,5,Current
245,123,6602,2025-11-14,Stock Availability,Medium,80,4,Current
246,378,8485,2025-11-30,Stock Availability,Medium,50,4,Current
247,710,10042,2025-04-18,Late Delivery,Low,92,6,Current
248,396,2021,2025-10-30,Stock Availability,Low,53,4,Current
249,37,5194,2025-04-24,Late Delivery,High,55,6,Current
250,292,2514,2025-11-26,Damaged Product,Medium,12,9,Future
251,190,7177,2025-09-27,Late Delivery,Medium,28,7,Current
252,505,183,2025-11-14,Late Delivery,Medium,64,5,Current
253,34,3097,2025-05-29,Refund Request,Critical,54,7,Current
254,907,5053,2025-11-21,Wrong Item,High,69,5,Current
255,108,3161,2025-02-27,Refund Request,High,14,10,Future
256,989,3307,2025-10-27,Refund Request,Medium,58,5,Current
257,224,9732,2025-04-03,Order Status,High,40,7,Current
258,73,9147,2025-07-22,Late Delivery,Medium,31,4,Current
259,670,4347,2025-07-13,Damaged Product,High,52,3,Current
260,210,773,2025-06-19,Late Delivery,Medium,38,5,Current
261,197,8436,2025-12-04,Order Status,Medium,21,8,Future
262,587,1566,2025-03-10,Order Status,Medium,12,9,Future
263,583,4439,2025-10-05,Late Delivery,High,77,5,Current
264,1000,11935,2025-12-11,Damaged Product,High,81,7,Current
265,113,4122,2025-12-25,Damaged Product,Medium,8,10,Future
266,475,2527,2024-12-09,Late Delivery,High,41,3,Current
267,485,1809,2025-05-10,Order Status,Medium,6,7,Future
268,605,9008,2025-10-24,Refund Request,Low,49,6,Current
269,304,629,2024-07-08,Refund Request,High,51,7,Current
270,547,828,2025-09-16,Refund Request,Medium,57,7,Current
271,114,4366,2024-12-26,Refund Request,High,70,5,Current
272,224,8631,2025-05-10,Wrong Item,Low,50,4,Current
273,567,11575,2025-03-11,Stock Availability,Low,68,3,Current
274,296,11323,2024-09-21,Order Status,Critical,35,9,Future
275,116,11716,2025-03-02,Damaged Product,High,49,5,Current
276,263,10061,2025-01-19,Refund Request,High,9,10,Future
277,586,3156,2025-11-11,Late Delivery,Medium,40,3,Current
278,130,7700,2025-09-19,Late Delivery,High,80,5,Current
279,585,3643,2025-03-20,Late Delivery,Medium,55,7,Current
280,943,3580,2025-04-06,Late Delivery,High,46,7,Current
281,457,3135,2024-03-23,Late Delivery,High,23,5,Current
282,705,7893,2025-08-31,Order Status,Low,19,10,Future
283,880,11978,2025-05-02,Refund Request,High,23,5,Current
284,155,6086,2025-11-25,Order Status,High,89,4,Current
285,216,1560,2024-12-01,Refund Request,High,67,3,Current
286,288,1712,2024-09-22,Order Status,Medium,32,10,Future
287,729,6393,2025-10-12,Refund Request,High,85,5,Current
288,813,4113,2025-07-18,Order Status,Low,8,10,Future
289,680,3079,2025-09-12,Late Delivery,High,37,6,Current
290,427,11847,2025-02-13,Refund Request,Critical,77,5,Current
291,978,6898,2025-11-21,Refund Request,High,27,5,Current
292,409,6211,2025-04-14,Late Delivery,High,25,8,Future
293,212,1341,2025-06-28,Order Status,Low,25,10,Future
294,147,1819,2024-10-17,Late Delivery,Low,47,4,Current
295,526,6004,2025-09-07,Wrong Item,Low,91,4,Current
296,134,6963,2025-12-23,Order Status,Low,87,5,Current
297,181,2597,2025-12-14,Stock Availability,High,87,4,Current
298,240,9309,2025-05-10,Late Delivery,High,65,4,Current
299,737,6417,2025-02-19,Refund Request,Medium,61,7,Current
300,711,4368,2025-09-21,Wrong Item,High,29,10,Future
301,762,3694,2025-10-18,Late Delivery,Critical,46,5,Current
302,425,7611,2024-08-19,Late Delivery,Medium,36,9,Future
303,159,2919,2025-11-03,Stock Availability,Medium,94,3,Current
304,90,1431,2025-10-06,Late Delivery,Critical,23,6,Current
305,43,7445,2025-06-21,Refund Request,Medium,19,8,Future
306,869,6862,2025-11-02,Stock Availability,Low,48,7,Current
307,744,10805,2025-09-14,Refund Request,Medium,6,7,Future
308,975,11435,2025-10-09,Late Delivery,Medium,34,6,Current
309,544,10436,2025-03-25,Late Delivery,Low,10,7,Future
310,701,11548,2025-07-29,Late Delivery,Medium,40,6,Current
311,671,8822,2025-08-21,Damaged Product,Medium,23,6,Current
312,208,7132,2025-10-06,Refund Request,High,19,3,Current
313,939,5153,2025-05-25,Stock Availability,Critical,34,4,Current
314,884,7508,2025-09-20,Damaged Product,Low,79,6,Current
315,951,9170,2024-12-27,Order Status,Medium,29,4,Current
316,230,4306,2024-07-15,Stock Availability,Medium,91,5,Current
317,665,11672,2025-08-20,Late Delivery,High,52,7,Current
318,710,2271,2025-12-23,Late Delivery,Critical,80,5,Current
319,548,4327,2025-03-26,Stock Availability,High,26,9,Future
320,289,5978,2024-11-09,Refund Request,High,33,7,Current
321,869,2393,2025-11-28,Refund Request,High,27,8,Future
322,203,8157,2025-11-25,Late Delivery,Medium,45,4,Current
323,568,8912,2025-11-04,Late Delivery,High,64,4,Current
324,307,10363,2025-06-01,Wrong Item,Medium,34,7,Future
325,655,9859,2025-03-16,Order Status,Critical,56,7,Current
326,835,3024,2025-11-26,Refund Request,Low,53,6,Current
327,811,8763,2025-12-26,Refund Request,High,78,6,Current
328,606,2946,2025-11-11,Late Delivery,Medium,77,3,Current
329,992,7171,2025-10-31,Stock Availability,Medium,25,10,Future
330,128,3057,2025-01-16,Order Status,Low,37,4,Current
331,91,7484,2025-07-07,Late Delivery,Medium,57,4,Current
332,587,3668,2025-05-17,Late Delivery,Medium,46,3,Current
333,882,8797,2025-12-26,Late Delivery,Medium,41,3,Current
334,837,8751,2025-01-31,Refund Request,Medium,27,8,Future
335,456,1896,2025-12-09,Wrong Item,High,82,5,Current
336,384,5459,2025-04-15,Late Delivery,Low,68,7,Current
337,159,4794,2025-12-02,Order Status,Low,87,7,Current
338,199,3474,2025-02-11,Damaged Product,Medium,64,3,Current
339,699,7459,2025-12-15,Refund Request,High,61,6,Current
340,383,4630,2025-07-25,Order Status,Low,18,7,Future
341,577,6087,2025-07-01,Stock Availability,Medium,51,6,Current
342,213,5659,2025-09-28,Order Status,High,19,9,Future
343,729,10220,2025-07-17,Stock Availability,Critical,51,6,Current
344,513,6082,2025-09-10,Refund Request,High,75,6,Current
345,59,435,2025-07-24,Wrong Item,High,27,8,Future
346,277,7030,2025-10-09,Wrong Item,Medium,95,5,Current
347,151,10975,2025-04-01,Late Delivery,Critical,66,7,Current
348,209,1101,2025-12-27,Late Delivery,Medium,37,6,Current
349,619,3800,2025-08-22,Late Delivery,High,60,3,Current
350,617,6050,2025-08-05,Damaged Product,Medium,63,3,Current
351,106,7811,2024-04-29,Late Delivery,High,62,7,Current
352,392,7369,2025-09-07,Refund Request,Medium,30,6,Current
353,579,3861,2025-12-30,Refund Request,Low,31,7,Future
354,169,934,2024-11-22,Damaged Product,High,31,4,Current
355,175,5003,2025-09-09,Late Delivery,Critical,49,3,Current
356,81,4605,2025-12-24,Late Delivery,High,96,5,Current
357,421,11992,2025-03-14,Late Delivery,Medium,75,4,Current
358,688,8761,2025-11-16,Damaged Product,High,19,6,Current
359,430,4912,2025-04-13,Damaged Product,Medium,75,4,Current
360,453,171,2025-12-18,Late Delivery,Critical,84,6,Current
361,693,8966,2024-08-31,Wrong Item,Medium,7,9,Future
362,55,9705,2024-10-23,Stock Availability,High,26,7,Current
363,494,10794,2025-12-20,Stock Availability,Low,63,4,Current
364,994,9128,2025-06-04,Wrong Item,Low,35,7,Future
365,287,11661,2025-09-03,Order Status,Medium,24,3,Current
366,719,4576,2025-11-16,Late Delivery,High,86,7,Current
367,7,6350,2025-09-06,Order Status,Low,15,7,Future
368,360,4140,2025-12-20,Late Delivery,Low,32,4,Current
369,28,1214,2024-10-10,Refund Request,Critical,88,6,Current
370,700,9313,2024-08-17,Stock Availability,Critical,46,4,Current
371,30,7382,2025-12-25,Order Status,Medium,24,6,Current
372,860,15,2025-10-25,Late Delivery,Medium,24,4,Current
373,845,10188,2025-07-09,Late Delivery,Low,57,5,Current
374,937,636,2025-01-31,Damaged Product,High,56,6,Current
375,591,5529,2025-02-08,Refund Request,Medium,25,3,Current
376,854,10487,2025-12-11,Order Status,Medium,36,10,Future
377,278,3348,2025-04-17,Refund Request,Low,19,8,Future
378,94,4997,2025-02-24,Late Delivery,Medium,89,5,Current
379,795,9665,2025-12-19,Late Delivery,Low,22,6,Current
380,122,3373,2025-08-20,Stock Availability,High,90,5,Current
381,249,3172,2025-11-21,Stock Availability,Medium,20,7,Future
382,46,316,2025-11-12,Stock Availability,Medium,21,7,Current
383,313,6404,2024-09-16,Late Delivery,Low,89,6,Current
384,477,5061,2025-05-22,Stock Availability,Low,34,6,Current
385,262,1626,2025-07-15,Damaged Product,Low,33,10,Future
386,571,1372,2025-06-27,Late Delivery,Low,6,9,Future
387,311,11613,2024-06-27,Late Delivery,High,28,3,Current
388,491,7,2025-12-18,Stock Availability,High,57,5,Current
389,742,6205,2025-09-08,Late Delivery,Critical,56,7,Current
390,443,10520,2025-08-05,Order Status,Medium,27,3,Current
391,84,8587,2025-02-12,Refund Request,Critical,39,7,Current
392,33,1085,2025-11-29,Wrong Item,Medium,76,7,Current
393,605,8029,2025-12-04,Refund Request,High,42,7,Current
394,227,1348,2025-12-28,Stock Availability,Medium,47,5,Current
395,72,4734,2025-10-15,Order Status,High,32,8,Future
396,62,10709,2025-12-04,Refund Request,Medium,37,7,Current
397,975,10451,2025-10-18,Refund Request,Critical,9,9,Future
398,692,3932,2024-12-09,Late Delivery,High,24,4,Current
399,513,3628,2025-08-13,Damaged Product,Medium,76,3,Current
400,755,8711,2024-08-05,Order Status,High,25,5,Current
401,500,10044,2025-12-06,Refund Request,Critical,41,5,Current
402,197,8910,2025-07-19,Late Delivery,High,24,4,Current
403,286,3038,2024-06-22,Refund Request,Low,62,6,Current
404,744,1272,2025-12-21,Order Status,Medium,41,5,Current
405,894,8465,2025-08-27,Damaged Product,High,71,4,Current
406,789,4154,2025-12-06,Refund Request,Medium,18,9,Future
407,210,6311,2025-08-13,Damaged Product,High,90,6,Current
408,779,7163,2025-10-13,Wrong Item,Critical,25,6,Current
409,819,6072,2025-04-10,Late Delivery,Critical,71,4,Current
410,884,6735,2024-12-29,Late Delivery,High,40,6,Current
411,135,1973,2025-12-30,Late Delivery,Low,53,3,Current
412,208,2977,2025-11-30,Order Status,Critical,27,9,Future
413,769,7967,2025-04-20,Order Status,Critical,33,10,Future
414,243,3383,2025-07-17,Stock Availability,Medium,23,6,Current
415,274,11045,2025-12-08,Refund Request,Medium,25,9,Future
416,594,5019,2024-08-07,Late Delivery,High,37,7,Current
417,139,4608,2025-03-04,Damaged Product,Medium,54,6,Current
418,80,8875,2025-11-20,Order Status,Medium,13,9,Future
419,29,2971,2025-08-08,Damaged Product,Medium,45,3,Current
420,30,7697,2025-12-02,Late Delivery,Medium,72,3,Current
421,887,3832,2024-06-07,Late Delivery,Critical,80,3,Current
422,885,4502,2025-09-15,Stock Availability,High,7,8,Future
423,236,9642,2024-11-18,Refund Request,Low,28,7,Future
424,920,4339,2025-02-06,Refund Request,Low,29,6,Current
425,48,6246,2025-10-21,Stock Availability,High,57,5,Current
426,933,1965,2025-10-29,Damaged Product,Medium,27,10,Future
427,884,7508,2025-03-24,Late Delivery,High,58,4,Current
428,89,6630,2025-07-10,Stock Availability,Low,7,9,Future
429,841,570,2024-05-27,Order Status,Medium,8,8,Future
430,70,6460,2024-10-09,Late Delivery,Medium,43,4,Current
431,791,8405,2025-02-28,Order Status,Medium,26,9,Future
432,173,7667,2025-03-30,Wrong Item,Low,23,9,Future
433,631,9847,2025-08-31,Late Delivery,Medium,64,5,Current
434,883,8291,2025-04-10,Late Delivery,Medium,30,3,Current
435,830,9680,2025-10-13,Order Status,High,10,7,Future
436,83,8082,2025-12-15,Damaged Product,Medium,34,9,Future
437,503,5752,2025-03-14,Stock Availability,Medium,21,6,Current
438,61,8370,2025-11-24,Late Delivery,High,46,5,Current
439,310,6136,2025-12-13,Late Delivery,High,48,5,Current
440,859,1616,2024-11-25,Refund Request,Medium,55,3,Current
441,773,4900,2025-12-12,Refund Request,High,45,6,Current
442,521,606,2024-11-27,Damaged Product,High,81,3,Current
443,828,225,2025-12-23,Order Status,Medium,10,8,Future
444,146,1953,2025-11-19,Stock Availability,Medium,75,4,Current
445,672,9796,2025-12-24,Late Delivery,High,66,3,Current
446,810,2358,2025-10-27,Damaged Product,Low,25,9,Future
447,704,222,2024-11-20,Refund Request,Medium,9,7,Future
448,577,6087,2025-01-18,Order Status,Critical,33,4,Current
449,294,10666,2025-05-28,Refund Request,Medium,54,4,Current
450,122,3467,2025-09-12,Refund Request,Medium,68,7,Current
451,321,6694,2025-12-22,Damaged Product,Medium,22,9,Future
452,8,5123,2025-10-13,Wrong Item,Medium,20,7,Future
453,822,5583,2025-01-16,Order Status,Medium,40,7,Current
454,811,11707,2025-08-29,Order Status,Critical,90,6,Current
455,567,10194,2025-07-21,Damaged Product,Low,86,6,Current
456,304,6902,2025-06-16,Wrong Item,Medium,50,5,Current
457,745,10067,2025-02-04,Stock Availability,Medium,72,6,Current
458,41,3314,2025-04-21,Damaged Product,Low,53,4,Current
459,450,7778,2025-10-13,Wrong Item,Medium,88,7,Current
460,566,8503,2025-12-28,Order Status,Medium,30,7,Future
461,852,2370,2025-09-15,Stock Availability,Medium,34,4,Current
462,981,5209,2024-06-28,Refund Request,Medium,87,7,Current
463,212,3417,2025-01-25,Damaged Product,Medium,75,7,Current
464,876,7970,2025-09-22,Refund Request,High,69,5,Current
465,304,8550,2024-11-20,Stock Availability,High,58,5,Current
466,483,9659,2025-09-24,Late Delivery,Medium,66,7,Current
467,181,10352,2025-08-03,Wrong Item,High,86,6,Current
468,922,2037,2025-06-03,Damaged Product,Low,73,6,Current
469,537,7149,2025-04-24,Late Delivery,Medium,45,4,Current
470,633,7093,2025-12-11,Order Status,Medium,9,9,Future
471,590,1364,2025-12-14,Order Status,High,8,8,Future
472,816,1909,2024-11-19,Stock Availability,Critical,57,4,Current
473,844,10399,2025-05-28,Refund Request,High,26,4,Current
474,846,8855,2025-11-25,Refund Request,Medium,65,5,Current
475,966,8448,2025-10-08,Refund Request,Low,11,8,Future
476,941,6051,2025-07-05,Late Delivery,Critical,81,7,Current
477,612,4480,2025-11-19,Refund Request,Medium,93,3,Current
478,188,5467,2025-10-17,Late Delivery,Low,29,7,Current
479,923,6989,2025-06-18,Late Delivery,Critical,66,6,Current
480,416,10918,2025-05-16,Order Status,Low,8,8,Future
481,854,3721,2025-08-18,Stock Availability,Medium,12,9,Future
482,948,11388,2025-07-08,Damaged Product,Medium,34,9,Future
483,472,3553,2024-12-26,Stock Availability,High,62,7,Current
484,348,4124,2025-12-08,Late Delivery,Medium,33,7,Current
485,143,8737,2025-11-03,Refund Request,Medium,65,3,Current
486,492,7521,2025-03-08,Order Status,Medium,13,8,Future
487,425,5922,2025-04-27,Late Delivery,Medium,96,5,Current
488,433,11086,2025-11-28,Refund Request,High,7,7,Future
489,529,4971,2025-03-31,Late Delivery,Medium,82,5,Current
490,797,5310,2025-03-24,Late Delivery,High,53,4,Current
491,519,7914,2025-07-28,Stock Availability,Medium,17,9,Future
492,171,5176,2025-05-21,Late Delivery,Critical,26,5,Current
493,981,7174,2025-11-22,Wrong Item,Medium,89,5,Current
494,398,10636,2025-10-31,Stock Availability,Low,45,4,Current
495,356,5737,2025-03-31,Refund Request,High,75,6,Current
496,524,10381,2025-10-11,Stock Availability,High,78,5,Current
497,313,9782,2025-09-14,Wrong Item,Medium,32,6,Current
498,549,1680,2025-10-29,Late Delivery,Medium,90,7,Current
499,720,11638,2025-03-31,Refund Request,High,34,5,Current
500,679,5537,2025-12-16,Late Delivery,Medium,13,9,Future
501,62,9395,2025-05-28,Refund Request,Medium,66,3,Current
502,230,9581,2025-07-22,Refund Request,Critical,75,4,Current
503,645,10788,2025-05-12,Late Delivery,High,79,5,Current
504,113,992,2025-11-30,Late Delivery,High,53,7,Current
505,658,7884,2025-10-04,Order Status,Medium,77,4,Current
506,34,5625,2025-02-17,Refund Request,Critical,86,3,Current
507,425,2109,2025-01-21,Refund Request,Medium,20,7,Future
508,795,5417,2024-06-06,Order Status,Medium,14,7,Future
509,568,414,2025-02-26,Refund Request,Medium,32,7,Current
510,243,11644,2025-09-04,Late Delivery,Medium,6,7,Future
511,364,1310,2025-10-22,Late Delivery,Medium,21,8,Future
512,307,7420,2024-06-26,Order Status,Medium,7,8,Future
513,287,8741,2025-01-15,Refund Request,High,11,8,Future
514,693,5316,2025-05-05,Late Delivery,Critical,26,4,Current
515,746,5452,2025-12-17,Refund Request,Medium,54,7,Current
516,337,6956,2025-12-20,Refund Request,Medium,48,7,Current
517,44,5854,2024-09-10,Refund Request,Low,23,10,Future
518,563,1043,2025-12-29,Order Status,High,65,3,Current
519,120,6867,2025-12-07,Stock Availability,Medium,52,4,Current
520,114,4080,2024-06-15,Refund Request,Medium,47,5,Current
521,313,6404,2025-09-30,Damaged Product,Critical,53,5,Current
522,592,923,2025-03-02,Late Delivery,Critical,47,3,Current
523,129,10329,2025-11-19,Damaged Product,High,10,10,Future
524,992,11475,2025-11-23,Late Delivery,High,82,7,Current
525,644,9462,2025-11-13,Late Delivery,Medium,22,7,Current
526,750,6386,2024-12-21,Order Status,High,24,9,Future
527,216,11476,2025-05-31,Late Delivery,Medium,42,5,Current
528,848,6198,2025-07-28,Wrong Item,Critical,38,5,Current
529,220,6159,2025-05-27,Stock Availability,Medium,6,9,Future
530,604,4077,2025-08-26,Order Status,Low,20,3,Current
531,943,11412,2025-12-21,Wrong Item,High,48,4,Current
532,211,2730,2025-08-01,Late Delivery,Critical,36,6,Current
533,758,6917,2025-11-09,Order Status,Low,17,9,Future
534,592,6811,2025-09-14,Late Delivery,High,76,6,Current
535,804,1670,2024-04-05,Order Status,High,12,10,Future
536,317,10334,2025-12-15,Order Status,Medium,34,9,Future
537,309,1133,2025-02-16,Late Delivery,Critical,37,3,Current
538,231,2051,2025-12-25,Damaged Product,Medium,32,9,Future
539,991,9195,2025-11-24,Order Status,Low,17,8,Future
540,862,6942,2025-07-04,Order Status,Medium,22,10,Future
541,523,8458,2025-10-28,Wrong Item,Low,70,5,Current
542,913,10361,2025-10-06,Order Status,Medium,10,10,Future
543,15,9633,2025-05-05,Order Status,Medium,31,10,Future
544,189,4920,2025-03-09,Refund Request,Low,33,8,Future
545,740,2318,2025-11-28,Damaged Product,Medium,6,9,Future
546,363,11382,2025-12-01,Wrong Item,High,26,4,Current
547,538,9769,2025-12-29,Order Status,Low,31,9,Future
548,939,1873,2025-11-04,Stock Availability,High,94,5,Current
549,185,2874,2025-07-07,Refund Request,Medium,57,5,Current
550,607,9447,2025-07-27,Order Status,High,30,6,Current
551,48,10747,2025-10-14,Order Status,Medium,31,10,Future
552,992,4953,2025-12-12,Stock Availability,High,43,5,Current
553,632,2928,2025-11-10,Wrong Item,Medium,36,9,Future
554,921,11041,2024-12-20,Late Delivery,Critical,42,3,Current
555,169,3753,2024-11-25,Wrong Item,High,75,7,Current
556,530,4267,2025-06-22,Late Delivery,Medium,18,7,Future
557,324,5394,2025-09-15,Refund Request,High,60,3,Current
558,844,10561,2025-11-15,Order Status,Medium,67,3,Current
559,221,8075,2025-08-05,Damaged Product,Medium,63,6,Current
560,761,776,2024-12-03,Order Status,Medium,13,10,Future
561,181,9421,2025-02-26,Late Delivery,Medium,91,7,Current
562,818,257,2024-12-20,Late Delivery,Critical,9,10,Future
563,545,8219,2025-12-21,Damaged Product,Medium,33,6,Current
564,603,3968,2025-08-28,Order Status,Critical,85,7,Current
565,407,11645,2025-07-26,Late Delivery,Low,23,10,Future
566,94,11632,2025-01-07,Stock Availability,Critical,9,8,Future
567,679,3180,2024-12-20,Late Delivery,High,56,5,Current
568,366,566,2025-12-16,Wrong Item,Low,15,8,Future
569,140,89,2025-10-31,Wrong Item,Medium,66,5,Current
570,447,7936,2025-03-29,Wrong Item,High,66,7,Current
571,102,856,2024-06-12,Late Delivery,High,69,7,Current
572,965,3896,2025-11-09,Order Status,High,27,3,Current
573,637,2740,2025-03-08,Late Delivery,Medium,86,7,Current
574,539,10219,2025-11-23,Order Status,Low,26,9,Future
575,151,4737,2025-11-16,Damaged Product,Medium,26,4,Current
576,729,9160,2025-03-25,Refund Request,Medium,32,3,Current
577,115,9926,2024-12-14,Order Status,Medium,33,8,Future
578,356,1643,2024-12-07,Damaged Product,High,81,4,Current
579,833,6861,2024-11-10,Late Delivery,Medium,81,6,Current
580,553,1412,2025-08-08,Order Status,Low,40,5,Current
581,567,11575,2025-09-04,Damaged Product,Low,77,6,Current
582,746,6623,2025-10-26,Stock Availability,High,39,6,Current
583,289,5978,2025-08-15,Order Status,High,69,5,Current
584,378,2643,2025-04-12,Refund Request,High,90,5,Current
585,51,6218,2025-07-14,Late Delivery,Medium,81,3,Current
586,817,3219,2025-01-14,Damaged Product,Medium,81,6,Current
587,728,14,2025-08-02,Late Delivery,Medium,32,7,Future
588,83,7003,2025-06-27,Refund Request,High,35,7,Current
589,897,3377,2025-09-18,Refund Request,High,13,9,Future
590,523,3321,2025-08-08,Order Status,Low,36,7,Future
591,445,7124,2025-10-06,Order Status,Low,24,7,Future
592,819,2641,2025-09-01,Order Status,High,31,7,Future
593,236,8432,2025-10-28,Order Status,High,13,10,Future
594,129,10329,2025-09-20,Wrong Item,Low,17,7,Future
595,416,10168,2025-10-13,Late Delivery,Low,18,6,Current
596,981,9427,2024-11-21,Damaged Product,Medium,33,8,Future
597,774,1516,2025-01-22,Order Status,Low,14,8,Future
598,394,5296,2025-10-16,Damaged Product,High,58,4,Current
599,360,6419,2025-06-10,Late Delivery,Medium,48,3,Current
600,742,11259,2025-12-06,Late Delivery,Critical,29,5,Current
601,919,6217,2025-07-30,Refund Request,Low,41,5,Current
602,25,5991,2024-12-01,Wrong Item,Low,26,8,Future
603,581,5600,2025-10-28,Late Delivery,Medium,94,7,Current
604,474,7695,2024-09-24,Order Status,High,80,4,Current
605,502,4398,2025-12-24,Refund Request,Medium,64,6,Current
606,439,2027,2024-08-17,Refund Request,Low,65,4,Current
607,602,3293,2025-08-16,Late Delivery,Medium,88,4,Current
608,547,5852,2025-08-23,Late Delivery,High,90,4,Current
609,117,5546,2025-11-06,Damaged Product,High,42,5,Current
610,139,2257,2025-11-20,Late Delivery,High,32,7,Current
611,114,4080,2025-02-14,Refund Request,Critical,29,3,Current
612,748,7245,2025-09-09,Stock Availability,High,61,4,Current
613,675,9905,2024-09-05,Order Status,Medium,71,7,Current
614,950,10513,2025-07-14,Late Delivery,High,25,6,Current
615,737,9856,2025-12-06,Refund Request,Critical,79,6,Current
616,728,894,2025-03-02,Stock Availability,Medium,21,5,Current
617,289,728,2025-10-15,Stock Availability,Medium,50,4,Current
618,21,6464,2025-10-26,Stock Availability,Low,44,7,Current
619,315,8652,2025-12-11,Refund Request,Low,8,9,Future
620,636,858,2025-05-20,Refund Request,Medium,23,7,Future
621,283,9405,2025-12-14,Stock Availability,High,69,3,Current
622,830,7476,2025-06-05,Late Delivery,Medium,22,7,Future
623,147,7817,2025-12-14,Refund Request,Medium,46,4,Current
624,50,5848,2025-11-28,Stock Availability,Medium,42,5,Current
625,277,9890,2025-03-22,Late Delivery,Critical,85,4,Current
626,800,797,2025-12-03,Order Status,Medium,23,9,Future
627,664,2460,2025-10-29,Order Status,High,13,7,Future
628,819,8205,2025-05-27,Damaged Product,Medium,24,5,Current
629,890,8585,2024-06-02,Refund Request,Low,20,7,Future
630,658,10615,2024-04-01,Damaged Product,Medium,63,7,Current
631,365,6066,2025-08-03,Late Delivery,High,93,6,Current
632,654,5135,2025-06-19,Damaged Product,Medium,91,4,Current
633,770,1694,2025-12-12,Wrong Item,Low,50,7,Current
634,916,774,2025-09-23,Refund Request,Low,79,7,Current
635,386,7933,2024-07-22,Order Status,Medium,13,7,Future
636,84,7828,2025-05-22,Stock Availability,High,65,3,Current
637,119,9429,2024-08-11,Refund Request,Critical,69,7,Current
638,503,5946,2024-09-09,Order Status,Medium,15,9,Future
639,830,7476,2025-07-03,Order Status,High,33,7,Future
640,676,5342,2025-12-01,Damaged Product,Medium,60,3,Current
641,727,1079,2025-07-30,Damaged Product,High,30,7,Future
642,498,9766,2025-09-13,Late Delivery,Medium,20,5,Current
643,793,10783,2025-02-10,Late Delivery,High,14,7,Future
644,809,8733,2025-07-29,Order Status,Medium,33,7,Future
645,87,487,2025-12-19,Late Delivery,Medium,24,8,Future
646,987,5259,2025-06-30,Late Delivery,Low,20,8,Future
647,148,11075,2025-12-15,Damaged Product,Medium,59,3,Current
648,828,10230,2025-11-25,Wrong Item,Medium,23,8,Future
649,90,9233,2025-12-10,Refund Request,Critical,68,7,Current
650,828,2131,2024-09-19,Damaged Product,High,86,6,Current
651,941,3392,2025-12-22,Refund Request,High,7,7,Future
652,121,5523,2025-09-20,Order Status,Medium,31,7,Future
653,374,9638,2025-11-02,Wrong Item,Medium,12,10,Future
654,190,1939,2024-12-13,Refund Request,Low,22,10,Future
655,455,4827,2025-11-16,Damaged Product,Critical,87,3,Current
656,311,7522,2025-12-01,Refund Request,Critical,25,9,Future
657,917,6049,2024-03-23,Order Status,Medium,33,7,Future
658,894,8094,2025-09-02,Damaged Product,Medium,18,4,Current
659,452,7340,2025-06-30,Damaged Product,Medium,66,3,Current
660,84,7693,2025-03-23,Damaged Product,High,65,7,Current
661,449,11544,2025-12-21,Refund Request,Low,78,7,Current
662,627,689,2025-10-18,Stock Availability,High,58,7,Current
663,107,9292,2024-12-17,Stock Availability,High,7,9,Future
664,936,7505,2025-04-17,Stock Availability,Medium,29,7,Future
665,219,1219,2025-12-25,Stock Availability,High,82,7,Current
666,485,315,2025-12-18,Damaged Product,Critical,26,3,Current
667,40,7984,2025-02-14,Late Delivery,Medium,51,5,Current
668,686,2483,2025-11-22,Late Delivery,Low,72,3,Current
669,798,4968,2025-11-07,Late Delivery,Medium,92,3,Current
670,343,3205,2025-10-07,Stock Availability,High,87,6,Current
671,875,5174,2025-11-16,Stock Availability,Medium,38,3,Current
672,223,483,2025-07-20,Stock Availability,Medium,22,7,Current
673,441,7392,2025-12-12,Late Delivery,Medium,32,7,Current
674,833,227,2025-07-06,Stock Availability,High,47,6,Current
675,801,2360,2025-10-07,Order Status,High,57,7,Current
676,192,5476,2025-10-16,Stock Availability,Medium,90,4,Current
677,896,2952,2025-02-26,Stock Availability,Medium,62,4,Current
678,666,7894,2024-10-08,Late Delivery,Critical,48,7,Current
679,577,3395,2025-07-11,Order Status,High,87,7,Current
680,417,11347,2025-10-13,Late Delivery,Medium,73,5,Current
681,325,2288,2025-12-22,Late Delivery,Low,20,7,Current
682,918,6106,2025-07-24,Late Delivery,Low,21,7,Future
683,680,3923,2025-12-17,Order Status,Low,25,10,Future
684,309,721,2025-03-12,Refund Request,Low,53,7,Current
685,133,3809,2025-03-09,Order Status,Medium,93,6,Current
686,855,11973,2025-09-29,Refund Request,High,95,3,Current
687,49,11508,2025-12-23,Stock Availability,High,38,5,Current
688,723,5302,2025-04-05,Late Delivery,High,49,6,Current
689,388,4108,2025-09-19,Refund Request,Medium,19,8,Future
690,762,535,2025-08-22,Damaged Product,Critical,6,9,Future
691,316,6291,2024-04-10,Damaged Product,Low,24,8,Future
692,84,1178,2025-11-17,Wrong Item,High,93,5,Current
693,390,5555,2025-11-22,Damaged Product,Critical,90,4,Current
694,958,6406,2025-11-13,Stock Availability,Medium,63,4,Current
695,169,835,2024-11-03,Late Delivery,Low,84,5,Current
696,436,4936,2025-02-14,Late Delivery,Low,32,6,Current
697,382,4811,2025-10-26,Damaged Product,Medium,8,9,Future
698,235,9484,2025-07-15,Wrong Item,Medium,65,7,Current
699,382,3009,2025-10-09,Order Status,Medium,29,10,Future
700,555,4858,2025-06-05,Order Status,High,20,10,Future
701,566,11477,2025-10-19,Refund Request,High,92,3,Current
702,949,608,2025-04-10,Late Delivery,Critical,80,4,Current
703,605,11225,2025-12-27,Order Status,High,17,9,Future
704,639,11704,2024-11-16,Damaged Product,Critical,46,7,Current
705,143,8737,2024-08-03,Order Status,Critical,27,5,Current
706,898,494,2025-04-18,Refund Request,High,86,4,Current
707,939,1700,2025-05-16,Refund Request,High,18,10,Future
708,179,8671,2025-03-19,Order Status,High,21,7,Future
709,491,7,2025-12-12,Late Delivery,Low,36,3,Current
710,256,10179,2025-04-13,Refund Request,Medium,87,5,Current
711,158,1331,2025-05-19,Late Delivery,Medium,74,4,Current
712,50,6857,2025-08-23,Late Delivery,High,63,4,Current
713,581,7255,2025-10-25,Late Delivery,Medium,25,9,Future
714,911,2850,2025-12-09,Order Status,High,87,5,Current
715,761,9598,2025-08-12,Damaged Product,High,22,5,Current
716,381,594,2024-04-26,Order Status,Low,17,7,Future
717,200,5681,2025-12-25,Refund Request,High,30,3,Current
718,781,7916,2025-12-26,Wrong Item,Medium,30,5,Current
719,682,75,2025-12-28,Wrong Item,Medium,16,10,Future
720,508,3994,2025-05-07,Stock Availability,Low,70,6,Current
721,778,2851,2024-08-02,Late Delivery,High,47,3,Current
722,129,7718,2025-12-30,Refund Request,High,30,7,Future
723,521,5870,2025-04-25,Late Delivery,High,74,6,Current
724,83,5632,2025-07-18,Order Status,Medium,12,7,Future
725,821,1032,2025-09-08,Stock Availability,High,63,7,Current
726,606,2946,2025-12-19,Stock Availability,Low,38,4,Current
727,321,4483,2025-04-04,Order Status,Medium,29,7,Future
728,474,7695,2025-05-04,Damaged Product,Medium,84,6,Current
729,361,7331,2025-11-27,Stock Availability,Low,50,3,Current
730,250,6156,2025-10-07,Late Delivery,High,69,6,Current
731,586,11533,2024-06-23,Stock Availability,High,70,4,Current
732,874,1339,2025-08-21,Wrong Item,Medium,38,6,Current
733,351,886,2025-03-22,Late Delivery,High,52,3,Current
734,16,10765,2024-11-27,Late Delivery,Medium,74,3,Current
735,422,5326,2025-05-25,Late Delivery,Low,35,6,Current
736,514,1930,2025-07-17,Late Delivery,High,70,3,Current
737,992,237,2024-05-12,Order Status,Medium,31,9,Future
738,471,10990,2025-06-15,Order Status,Medium,19,8,Future
739,308,1838,2024-11-08,Late Delivery,High,31,3,Current
740,634,8521,2025-08-09,Order Status,Medium,10,9,Future
741,648,1786,2025-08-17,Damaged Product,Low,58,5,Current
742,750,1289,2025-05-09,Stock Availability,High,72,6,Current
743,290,8597,2025-06-17,Stock Availability,Low,19,8,Future
744,462,3974,2025-10-16,Damaged Product,Medium,29,5,Current
745,40,654,2025-04-27,Late Delivery,Low,88,5,Current
746,902,6043,2025-05-26,Refund Request,High,7,7,Future
747,403,5498,2025-09-16,Late Delivery,Critical,44,5,Current
748,657,8451,2025-04-20,Stock Availability,Critical,94,7,Current
749,41,9874,2025-12-25,Order Status,Medium,54,6,Current
750,826,9944,2024-07-21,Late Delivery,Medium,67,4,Current
751,84,7286,2025-09-07,Stock Availability,High,48,7,Current
752,157,8309,2024-09-09,Damaged Product,High,30,5,Current
753,934,11337,2025-09-19,Refund Request,Medium,63,3,Current
754,146,3001,2025-06-19,Damaged Product,High,63,5,Current
755,271,7879,2025-10-02,Refund Request,High,34,9,Future
756,83,1370,2025-12-29,Late Delivery,High,84,7,Current
757,531,5562,2025-10-11,Late Delivery,Medium,21,8,Future
758,215,9090,2025-10-01,Late Delivery,Medium,96,7,Current
759,791,6399,2025-02-12,Order Status,Medium,59,4,Current
760,257,11809,2025-12-01,Late Delivery,Low,56,4,Current
761,923,3343,2024-12-29,Wrong Item,Critical,74,5,Current
762,664,7717,2024-09-01,Damaged Product,High,31,6,Current
763,15,9633,2024-05-14,Order Status,Medium,20,8,Future
764,981,7174,2025-05-04,Late Delivery,High,78,5,Current
765,34,7066,2025-04-13,Damaged Product,Low,28,7,Future
766,547,7060,2025-07-10,Refund Request,Medium,19,3,Current
767,930,3203,2025-07-01,Refund Request,Medium,52,3,Current
768,8,9862,2025-05-09,Refund Request,High,53,3,Current
769,11,4823,2025-03-10,Refund Request,Medium,80,5,Current
770,871,211,2025-10-02,Wrong Item,Low,6,10,Future
771,157,2040,2025-11-16,Wrong Item,Low,6,7,Future
772,567,6829,2025-11-18,Order Status,Medium,12,9,Future
773,604,5864,2025-12-03,Order Status,High,49,6,Current
774,944,2120,2025-07-20,Refund Request,Critical,80,7,Current
775,526,2682,2025-10-03,Order Status,Critical,49,3,Current
776,586,153,2025-03-22,Late Delivery,Medium,37,5,Current
777,35,5199,2025-12-03,Late Delivery,High,30,5,Current
778,916,7296,2025-05-28,Order Status,Medium,34,8,Future
779,637,172,2025-02-16,Order Status,Medium,17,9,Future
780,922,3986,2025-03-06,Order Status,High,13,7,Future
781,609,9443,2025-05-01,Order Status,Low,20,9,Future
782,180,9246,2025-07-14,Damaged Product,High,87,7,Current
783,906,4350,2025-01-14,Refund Request,Medium,31,10,Future
784,948,11057,2025-10-13,Late Delivery,Medium,56,6,Current
785,769,4358,2025-11-21,Late Delivery,Medium,26,5,Current
786,428,9554,2025-12-07,Order Status,Low,25,7,Future
787,241,24,2025-03-23,Refund Request,Medium,81,6,Current
788,139,11220,2025-10-08,Order Status,High,42,5,Current
789,471,10147,2025-06-18,Order Status,Low,8,8,Future
790,565,10280,2025-08-13,Order Status,Medium,72,5,Current
791,766,7430,2025-08-10,Stock Availability,High,92,6,Current
792,570,8268,2025-09-18,Stock Availability,Medium,12,10,Future
793,394,2837,2025-12-18,Late Delivery,High,41,3,Current
794,321,3077,2025-12-10,Stock Availability,Medium,22,10,Future
795,117,935,2025-07-29,Stock Availability,Critical,64,7,Current
796,495,2506,2024-07-25,Wrong Item,Critical,15,10,Future
797,73,1177,2025-03-18,Refund Request,Medium,19,7,Future
798,530,9256,2024-09-07,Late Delivery,Medium,38,6,Current
799,833,227,2025-10-13,Stock Availability,Medium,56,5,Current
800,767,1968,2025-02-08,Damaged Product,High,83,4,Current
801,542,350,2025-02-23,Stock Availability,Medium,18,7,Future
802,601,10343,2025-08-11,Refund Request,Low,20,9,Future
803,237,6854,2025-11-17,Damaged Product,High,21,5,Current
804,970,10716,2025-12-18,Wrong Item,Medium,19,8,Future
805,251,11096,2025-12-15,Late Delivery,Low,96,7,Current
806,244,3089,2025-04-12,Stock Availability,Medium,33,6,Current
807,751,7764,2024-03-18,Refund Request,High,51,7,Current
808,995,1344,2025-06-26,Late Delivery,Critical,24,6,Current
809,262,1978,2025-08-26,Damaged Product,Low,31,10,Future
810,873,9456,2025-12-23,Order Status,Medium,70,6,Current
811,79,1041,2025-11-23,Refund Request,Low,68,5,Current
812,680,734,2025-10-18,Order Status,Low,30,4,Current
813,639,2203,2024-02-14,Late Delivery,Medium,23,6,Current
814,304,6902,2025-08-11,Late Delivery,Medium,89,6,Current
815,19,10685,2025-09-23,Order Status,Medium,19,7,Future
816,520,10456,2025-06-23,Late Delivery,High,32,7,Current
817,490,6732,2025-09-25,Late Delivery,Critical,42,5,Current
818,5,5185,2025-08-28,Late Delivery,Medium,77,7,Current
819,593,7610,2025-04-10,Refund Request,High,29,5,Current
820,408,6133,2025-12-26,Refund Request,Low,12,8,Future
821,861,2353,2025-12-17,Refund Request,Medium,18,4,Current
822,499,6260,2024-11-19,Late Delivery,High,78,5,Current
823,908,5341,2025-08-01,Order Status,Medium,90,5,Current
824,895,3043,2025-09-23,Late Delivery,High,63,3,Current
825,554,63,2025-06-10,Refund Request,High,46,4,Current
826,242,2505,2025-10-07,Refund Request,Low,34,6,Current
827,356,4304,2025-05-03,Late Delivery,High,46,6,Current
828,61,8299,2024-03-12,Order Status,Critical,11,7,Future
829,336,2722,2024-09-13,Stock Availability,Medium,20,7,Current
830,783,7201,2024-10-06,Late Delivery,Medium,62,5,Current
831,116,10977,2025-07-04,Order Status,Medium,21,7,Future
832,852,2370,2025-09-08,Refund Request,Critical,80,7,Current
833,676,1204,2025-07-09,Late Delivery,High,18,4,Current
834,744,5954,2025-07-24,Order Status,Low,35,8,Future
835,279,11830,2025-07-23,Order Status,Medium,17,9,Future
836,457,6855,2025-06-23,Damaged Product,Critical,30,7,Current
837,815,6552,2025-11-02,Stock Availability,Medium,83,6,Current
838,902,419,2025-12-24,Late Delivery,Medium,21,6,Current
839,985,3492,2025-01-12,Stock Availability,Medium,79,6,Current
840,623,8183,2025-11-03,Refund Request,Critical,8,7,Future
841,796,1189,2024-11-06,Damaged Product,High,42,4,Current
842,546,8647,2025-08-18,Stock Availability,Low,27,8,Future
843,837,9822,2025-11-05,Stock Availability,Medium,93,5,Current
844,108,6575,2025-11-04,Late Delivery,Medium,46,6,Current
845,179,8671,2025-09-01,Order Status,Medium,24,7,Future
846,42,4128,2025-12-20,Late Delivery,Low,85,3,Current
847,652,3723,2024-03-08,Refund Request,Low,81,3,Current
848,62,2322,2025-08-22,Order Status,Critical,18,3,Current
849,205,415,2024-09-20,Wrong Item,High,40,5,Current
850,551,6595,2025-07-11,Order Status,Critical,10,10,Future
851,16,5070,2025-09-23,Late Delivery,High,93,7,Current
852,419,17,2025-04-28,Damaged Product,Medium,18,9,Future
853,120,8743,2025-06-17,Stock Availability,Medium,24,7,Future
854,181,11148,2024-09-20,Stock Availability,High,49,5,Current
855,998,8540,2025-08-21,Damaged Product,High,39,5,Current
856,317,4978,2025-11-13,Order Status,Low,20,9,Future
857,602,7636,2025-11-06,Late Delivery,Low,13,9,Future
858,206,11132,2025-10-14,Stock Availability,High,80,3,Current
859,429,7985,2025-12-21,Stock Availability,High,33,3,Current
860,260,9867,2025-11-17,Order Status,Medium,61,3,Current
861,845,2094,2025-03-11,Refund Request,Medium,30,3,Current
862,766,8583,2025-01-27,Damaged Product,Medium,54,5,Current
863,622,766,2025-10-30,Damaged Product,Medium,93,6,Current
864,9,2660,2025-11-21,Refund Request,Medium,75,5,Current
865,514,169,2025-06-26,Order Status,High,52,5,Current
866,154,5260,2025-10-09,Late Delivery,Medium,74,5,Current
867,184,8566,2025-06-16,Stock Availability,Medium,44,4,Current
868,602,761,2025-04-25,Order Status,Low,13,9,Future
869,524,631,2025-07-01,Late Delivery,Low,28,5,Current
870,189,11946,2025-01-26,Late Delivery,High,65,3,Current
871,984,11525,2025-11-19,Order Status,High,32,4,Current
872,716,11570,2025-11-23,Order Status,Low,11,10,Future
873,746,3456,2025-12-01,Late Delivery,High,73,7,Current
874,954,5305,2025-11-26,Refund Request,High,73,7,Current
875,704,5444,2025-07-07,Late Delivery,Low,63,6,Current
876,586,153,2025-04-11,Wrong Item,Low,40,6,Current
877,754,6228,2024-03-04,Late Delivery,High,87,4,Current
878,950,4489,2025-11-23,Late Delivery,High,20,9,Future
879,573,627,2025-06-10,Stock Availability,Medium,70,5,Current
880,711,4159,2025-03-25,Wrong Item,Low,24,10,Future
881,729,1658,2025-07-19,Order Status,High,26,7,Future
882,863,7931,2025-04-27,Wrong Item,High,56,3,Current
883,689,9876,2025-09-04,Late Delivery,High,48,3,Current
884,583,4439,2025-09-28,Late Delivery,Medium,88,4,Current
885,601,10343,2025-12-18,Order Status,Low,27,7,Future
886,595,7123,2025-10-16,Late Delivery,Critical,26,7,Current
887,684,8621,2025-03-01,Order Status,Low,18,10,Future
888,869,1720,2025-10-16,Damaged Product,Medium,24,10,Future
889,52,3292,2025-11-21,Wrong Item,Critical,71,7,Current
890,646,11680,2025-07-20,Late Delivery,High,18,3,Current
891,290,2605,2025-05-31,Late Delivery,High,89,7,Current
892,351,7099,2024-11-11,Order Status,Low,26,8,Future
893,557,6174,2024-12-15,Order Status,Medium,36,10,Future
894,411,5340,2025-07-17,Refund Request,Medium,13,8,Future
895,207,1295,2024-06-23,Refund Request,Low,33,7,Current
896,63,1430,2025-11-10,Late Delivery,Critical,37,3,Current
897,509,2236,2025-10-13,Order Status,Medium,25,7,Future
898,654,5135,2025-10-23,Damaged Product,Critical,50,6,Current
899,65,833,2024-11-23,Refund Request,Medium,20,6,Current
900,149,5694,2025-10-29,Late Delivery,Medium,88,7,Current
901,594,2242,2025-12-30,Order Status,Critical,74,5,Current
902,926,7072,2025-03-11,Damaged Product,High,55,5,Current
903,374,4546,2025-10-19,Late Delivery,Critical,89,7,Current
904,310,11436,2025-03-17,Late Delivery,Low,12,8,Future
905,916,1383,2025-11-30,Order Status,Medium,17,8,Future
906,539,1597,2024-12-30,Stock Availability,High,13,8,Future
907,458,1522,2024-10-01,Refund Request,Medium,60,7,Current
908,940,7179,2025-11-03,Wrong Item,Medium,21,7,Future
909,907,5053,2025-01-11,Stock Availability,High,47,7,Current
910,210,6158,2024-09-17,Late Delivery,Medium,37,6,Current
911,767,4853,2025-01-26,Damaged Product,Low,57,6,Current
912,17,9378,2025-12-24,Stock Availability,Medium,30,7,Current
913,131,10607,2025-07-03,Order Status,Medium,9,10,Future
914,318,5051,2025-11-30,Stock Availability,High,56,7,Current
915,759,2921,2025-10-06,Late Delivery,High,42,7,Current
916,413,4840,2025-10-08,Damaged Product,High,20,7,Current
917,446,10392,2025-10-05,Stock Availability,Critical,55,4,Current
918,952,5054,2024-09-12,Late Delivery,Medium,32,8,Future
919,817,8214,2025-06-16,Wrong Item,Critical,21,4,Current
920,910,7762,2025-01-08,Stock Availability,Medium,43,3,Current
921,72,4446,2025-12-30,Refund Request,Medium,34,10,Future
922,11,7481,2025-12-26,Refund Request,Low,73,5,Current
923,715,80,2025-12-15,Refund Request,High,25,6,Current
924,597,8598,2024-08-08,Late Delivery,Medium,31,5,Current
925,861,6534,2025-10-14,Refund Request,Critical,59,3,Current
926,371,7144,2025-10-04,Damaged Product,High,36,3,Current
927,822,86,2025-08-25,Order Status,Low,24,9,Future
928,875,6295,2025-08-09,Refund Request,Critical,41,5,Current
929,197,8951,2025-12-03,Stock Availability,Low,82,3,Current
930,670,9804,2025-08-15,Order Status,Medium,54,3,Current
931,726,7309,2025-08-27,Order Status,Low,36,7,Future
932,21,6464,2025-05-20,Damaged Product,Critical,67,4,Current
933,373,1291,2025-01-03,Late Delivery,Medium,32,9,Future
934,860,11699,2025-07-14,Refund Request,Low,37,5,Current
935,930,1235,2025-03-02,Damaged Product,Low,33,9,Future
936,974,7790,2025-12-09,Refund Request,Medium,24,7,Current
937,21,2430,2024-12-09,Order Status,Medium,21,7,Current
938,410,7122,2025-03-19,Refund Request,Medium,70,6,Current
939,593,6542,2024-04-08,Refund Request,Low,7,9,Future
940,464,668,2025-01-16,Order Status,Low,36,6,Current
941,98,3068,2025-06-12,Wrong Item,Medium,49,6,Current
942,67,9270,2025-11-19,Order Status,High,68,7,Current
943,428,1358,2025-12-24,Order Status,Medium,8,9,Future
944,559,3838,2025-08-31,Refund Request,Medium,88,5,Current
945,402,9094,2025-07-18,Stock Availability,Medium,63,5,Current
946,880,7262,2024-11-29,Stock Availability,High,59,7,Current
947,101,3189,2025-04-23,Stock Availability,Medium,91,5,Current
948,70,1224,2025-01-21,Order Status,Medium,11,8,Future
949,133,9148,2025-08-31,Late Delivery,Medium,56,5,Current
950,60,7686,2025-08-25,Refund Request,High,49,6,Current
951,991,9195,2025-10-12,Wrong Item,Low,24,8,Future
952,677,3681,2025-05-16,Refund Request,Medium,36,6,Current
953,397,2499,2025-05-11,Refund Request,Medium,54,3,Current
954,854,10032,2025-04-03,Late Delivery,Medium,32,8,Future
955,189,2547,2025-10-31,Order Status,Medium,32,9,Future
956,260,11163,2025-07-03,Order Status,Low,59,6,Current
957,720,1113,2024-07-28,Late Delivery,Critical,96,7,Current
958,313,11254,2025-09-09,Late Delivery,Medium,44,5,Current
959,244,5886,2025-03-21,Order Status,Low,12,9,Future
960,29,8288,2025-11-03,Late Delivery,Medium,62,7,Current
961,132,9373,2025-10-21,Order Status,Low,27,10,Future
962,171,4074,2025-09-25,Order Status,Medium,6,7,Future
963,147,5958,2025-09-09,Refund Request,Critical,32,7,Future
964,411,1879,2025-10-14,Stock Availability,Low,86,5,Current
965,190,7177,2025-10-23,Stock Availability,High,39,6,Current
966,477,10612,2025-11-06,Late Delivery,High,21,3,Current
967,391,11043,2025-01-28,Refund Request,Critical,23,7,Current
968,56,9071,2024-10-04,Late Delivery,Medium,28,7,Current
969,454,4380,2025-05-26,Order Status,High,91,7,Current
970,867,2721,2025-05-28,Stock Availability,Low,22,7,Future
971,452,11621,2025-03-16,Refund Request,Low,25,5,Current
972,153,7411,2025-10-28,Late Delivery,Medium,55,5,Current
973,206,3620,2025-08-23,Refund Request,Medium,49,5,Current
974,779,4774,2025-03-15,Wrong Item,High,28,9,Future
975,37,10873,2025-11-12,Refund Request,Medium,11,10,Future
976,739,10953,2024-08-26,Order Status,Medium,75,3,Current
977,186,5984,2025-12-26,Order Status,High,78,4,Current
978,527,7853,2025-10-25,Stock Availability,Low,22,3,Current
979,915,9657,2024-09-09,Refund Request,High,50,4,Current
980,1,11321,2024-07-06,Late Delivery,Low,33,7,Future
981,594,2391,2025-12-30,Order Status,Low,21,7,Future
982,995,8324,2025-09-09,Late Delivery,Medium,25,6,Current
983,925,1961,2025-10-04,Refund Request,Critical,29,4,Current
984,559,2019,2025-12-05,Damaged Product,High,26,6,Current
985,80,2345,2025-08-26,Stock Availability,High,80,6,Current
986,458,3532,2024-11-27,Late Delivery,Medium,76,4,Current
987,98,11936,2025-03-30,Refund Request,High,91,7,Current
988,638,9273,2025-05-26,Wrong Item,Low,32,10,Future
989,980,8189,2025-04-19,Late Delivery,Medium,17,10,Future
990,428,8983,2025-09-17,Late Delivery,High,71,3,Current
991,585,6961,2025-06-04,Refund Request,Medium,35,7,Future
992,720,224,2025-05-14,Order Status,Medium,22,10,Future
993,279,10175,2025-08-03,Late Delivery,Medium,30,3,Current
994,180,1475,2025-11-17,Stock Availability,High,86,6,Current
995,789,4154,2025-10-03,Stock Availability,Critical,16,9,Future
996,114,176,2025-09-21,Refund Request,Low,18,9,Future
997,811,9158,2025-12-26,Damaged Product,Medium,55,4,Current
998,327,4259,2025-09-03,Late Delivery,Low,23,6,Current
999,918,6106,2024-11-20,Order Status,Medium,34,9,Future
1000,556,2539,2025-03-01,Order Status,Low,25,5,Current
1001,687,6138,2024-02-27,Late Delivery,High,40,6,Current
1002,536,5910,2025-11-09,Refund Request,Medium,33,7,Current
1003,200,3419,2025-02-14,Refund Request,Critical,60,4,Current
1004,158,6632,2025-01-21,Refund Request,Critical,51,4,Current
1005,221,6947,2025-11-02,Refund Request,High,33,9,Future
1006,45,7409,2025-12-24,Late Delivery,Medium,87,6,Current
1007,664,10603,2025-04-09,Stock Availability,High,25,5,Current
1008,185,7026,2025-06-28,Late Delivery,Medium,69,3,Current
1009,187,3764,2025-05-14,Stock Availability,Medium,18,4,Current
1010,73,11811,2025-06-03,Damaged Product,Medium,61,7,Current
1011,509,5136,2025-05-16,Order Status,Medium,62,7,Current
1012,35,11944,2025-10-02,Late Delivery,Critical,41,7,Current
1013,207,1295,2025-12-13,Stock Availability,High,62,7,Current
1014,537,4138,2025-01-12,Damaged Product,High,24,5,Current
1015,27,6017,2025-09-29,Stock Availability,Low,63,3,Current
1016,81,1848,2025-12-03,Refund Request,High,22,6,Current
1017,938,2886,2025-07-30,Damaged Product,Medium,21,6,Current
1018,138,11787,2025-03-06,Order Status,Low,27,7,Current
1019,374,9638,2025-07-07,Damaged Product,Critical,14,8,Future
1020,8,11579,2025-10-27,Damaged Product,High,81,5,Current
1021,818,11602,2025-11-23,Stock Availability,High,91,7,Current
1022,34,1242,2025-12-17,Wrong Item,Critical,27,3,Current
1023,718,6765,2025-06-08,Wrong Item,Critical,79,5,Current
1024,513,9099,2025-05-23,Wrong Item,Medium,18,8,Future
1025,410,7672,2025-11-06,Stock Availability,High,91,5,Current
1026,258,5007,2025-12-07,Late Delivery,High,60,3,Current
1027,978,2425,2025-12-16,Order Status,High,27,7,Current
1028,33,2465,2025-11-29,Late Delivery,High,30,7,Current
1029,713,6699,2025-09-10,Late Delivery,High,38,5,Current
1030,645,9961,2025-06-15,Late Delivery,Medium,23,8,Future
1031,138,6949,2025-11-07,Wrong Item,Low,11,7,Future
1032,247,2348,2025-06-25,Late Delivery,High,96,6,Current
1033,235,9484,2025-11-05,Refund Request,High,31,4,Current
1034,652,784,2025-12-17,Stock Availability,Medium,64,7,Current
1035,734,10621,2024-09-12,Refund Request,Medium,89,7,Current
1036,355,10622,2025-02-15,Order Status,Low,23,7,Future
1037,227,7837,2025-10-26,Refund Request,High,68,7,Current
1038,627,9942,2025-08-16,Order Status,Low,7,8,Future
1039,881,8701,2025-05-13,Order Status,Medium,15,7,Future
1040,609,9443,2025-08-22,Stock Availability,Medium,11,8,Future
1041,73,5576,2024-10-31,Late Delivery,Critical,93,3,Current
1042,266,4001,2025-05-13,Late Delivery,High,90,3,Current
1043,310,6622,2025-04-18,Order Status,Low,30,10,Future
1044,437,5119,2025-08-06,Late Delivery,High,20,9,Future
1045,925,11771,2025-10-23,Stock Availability,Critical,81,4,Current
1046,464,2536,2025-10-18,Refund Request,High,26,3,Current
1047,842,2618,2025-03-28,Order Status,Low,36,9,Future
1048,580,5160,2024-07-29,Order Status,Medium,6,8,Future
1049,203,8565,2025-11-03,Order Status,Medium,36,3,Current
1050,671,7681,2025-12-22,Refund Request,Critical,91,4,Current
1051,970,8534,2025-10-20,Order Status,Medium,8,8,Future
1052,314,2038,2025-12-23,Stock Availability,Low,22,4,Current
1053,761,7723,2024-12-28,Stock Availability,High,19,4,Current
1054,922,11395,2025-11-28,Order Status,Low,33,8,Future
1055,152,8171,2025-12-19,Late Delivery,High,18,8,Future
1056,663,7899,2025-12-09,Order Status,Medium,21,3,Current
1057,580,7470,2024-06-16,Stock Availability,Low,96,3,Current
1058,779,9070,2025-08-27,Refund Request,High,34,10,Future
1059,949,8641,2025-06-19,Late Delivery,High,74,4,Current
1060,79,4296,2025-03-07,Refund Request,Critical,73,6,Current
1061,915,6073,2025-07-13,Late Delivery,High,74,4,Current
1062,218,10521,2025-08-16,Wrong Item,Medium,82,4,Current
1063,625,1119,2025-04-06,Order Status,Low,31,7,Future
1064,410,7672,2025-09-24,Refund Request,Medium,79,5,Current
1065,212,6475,2025-11-15,Stock Availability,Medium,42,5,Current
1066,867,3878,2025-12-25,Refund Request,Critical,78,4,Current
1067,678,9913,2025-07-04,Refund Request,Medium,73,5,Current
1068,9,10440,2025-04-29,Order Status,Medium,14,7,Future
1069,675,7363,2025-08-30,Order Status,High,35,8,Future
1070,337,8097,2025-12-29,Late Delivery,Low,21,9,Future
1071,764,9179,2025-03-21,Late Delivery,High,73,6,Current
1072,464,4556,2025-09-14,Late Delivery,Medium,86,3,Current
1073,490,3722,2025-06-03,Damaged Product,Low,36,7,Future
1074,533,10469,2025-07-07,Late Delivery,High,6,10,Future
1075,871,10580,2025-09-10,Refund Request,Medium,82,7,Current
1076,10,10817,2025-08-30,Refund Request,Medium,70,3,Current
1077,858,536,2025-10-24,Late Delivery,Medium,14,7,Future
1078,841,10599,2025-08-18,Stock Availability,Critical,83,3,Current
1079,448,10141,2025-09-07,Order Status,High,75,3,Current
1080,987,5259,2025-06-21,Order Status,Medium,35,8,Future
1081,633,6914,2025-12-14,Damaged Product,High,64,3,Current
1082,186,1570,2025-09-20,Refund Request,Critical,53,7,Current
1083,998,8234,2025-10-31,Order Status,High,66,4,Current
1084,984,5063,2025-12-14,Stock Availability,Medium,22,8,Future
1085,58,1002,2025-07-02,Order Status,Low,18,9,Future
1086,522,5465,2025-09-03,Stock Availability,High,38,5,Current
1087,454,10047,2024-12-26,Order Status,Critical,91,7,Current
1088,828,10230,2025-10-31,Damaged Product,Medium,10,8,Future
1089,734,3217,2025-09-09,Order Status,Critical,23,9,Future
1090,518,9492,2025-12-10,Wrong Item,Low,48,6,Current
1091,713,10300,2025-07-28,Order Status,Low,46,5,Current
1092,865,5855,2024-09-27,Wrong Item,Critical,7,10,Future
1093,264,7018,2025-12-18,Late Delivery,High,68,7,Current
1094,302,1123,2025-06-09,Stock Availability,Critical,77,3,Current
1095,112,1356,2025-12-27,Order Status,Critical,60,3,Current
1096,597,6738,2025-11-24,Late Delivery,Low,26,7,Future
1097,8,3076,2025-12-16,Stock Availability,Medium,11,9,Future
1098,419,8891,2025-08-07,Damaged Product,High,67,4,Current
1099,137,7584,2024-09-29,Refund Request,Medium,88,4,Current
1100,15,9559,2025-07-12,Late Delivery,Critical,50,7,Current
1101,48,11040,2024-12-15,Late Delivery,High,56,6,Current
1102,383,2915,2025-04-13,Damaged Product,Medium,18,7,Current
1103,906,4350,2025-05-08,Late Delivery,Medium,14,9,Future
1104,572,4510,2025-01-31,Order Status,High,13,10,Future
1105,387,11908,2025-09-05,Late Delivery,Medium,87,5,Current
1106,784,3670,2025-11-03,Stock Availability,Critical,38,5,Current
1107,994,9128,2024-10-08,Order Status,Low,13,9,Future
1108,226,1646,2025-09-15,Order Status,Low,66,5,Current
1109,914,4389,2025-06-20,Late Delivery,Medium,22,9,Future
1110,413,420,2025-11-13,Late Delivery,Low,19,3,Current
1111,597,5,2025-12-27,Wrong Item,Medium,18,8,Future
1112,663,8382,2024-11-22,Refund Request,Medium,32,6,Current
1113,958,2764,2025-05-08,Late Delivery,High,30,6,Current
1114,648,4172,2025-03-23,Stock Availability,Medium,92,6,Current
1115,55,10474,2025-07-06,Damaged Product,Medium,90,5,Current
1116,604,5995,2025-11-27,Order Status,High,30,4,Current
1117,301,9303,2025-12-16,Order Status,High,77,4,Current
1118,914,6653,2025-07-19,Order Status,Low,29,8,Future
1119,589,6870,2025-12-22,Late Delivery,Medium,31,7,Current
1120,707,2572,2025-05-15,Damaged Product,Medium,30,7,Future
1121,448,1588,2025-08-27,Order Status,Low,33,8,Future
1122,535,10988,2024-11-09,Order Status,Medium,15,10,Future
1123,598,11069,2025-11-25,Late Delivery,Low,30,8,Future
1124,826,7500,2025-10-29,Damaged Product,Medium,82,3,Current
1125,427,1801,2025-01-08,Refund Request,Medium,11,9,Future
1126,854,3243,2024-08-04,Refund Request,Critical,19,6,Current
1127,936,2616,2025-07-27,Stock Availability,High,34,5,Current
1128,683,3048,2025-11-21,Late Delivery,High,58,3,Current
1129,171,9009,2025-12-11,Late Delivery,Medium,77,7,Current
1130,662,4156,2024-09-08,Stock Availability,Medium,37,7,Current
1131,610,5140,2025-12-27,Wrong Item,Medium,61,3,Current
1132,817,5566,2025-12-20,Stock Availability,Medium,22,4,Current
1133,583,10085,2025-11-04,Damaged Product,Medium,78,5,Current
1134,874,2522,2025-02-26,Late Delivery,Low,84,6,Current
1135,563,8175,2024-09-16,Late Delivery,Medium,62,3,Current
1136,976,1000,2025-10-14,Late Delivery,Medium,72,6,Current
1137,896,3550,2025-05-13,Damaged Product,Medium,43,5,Current
1138,811,9244,2025-07-29,Refund Request,Medium,26,7,Current
1139,19,10685,2025-05-31,Late Delivery,Medium,36,9,Future
1140,298,6449,2025-12-03,Stock Availability,High,57,5,Current
1141,694,11345,2025-10-20,Late Delivery,Medium,17,7,Future
1142,198,6978,2025-12-02,Damaged Product,Critical,45,6,Current
1143,962,1193,2025-03-07,Refund Request,Medium,71,5,Current
1144,396,9992,2025-02-04,Order Status,Medium,18,9,Future
1145,282,10186,2025-01-29,Refund Request,High,61,4,Current
1146,503,6999,2025-11-15,Refund Request,Medium,20,4,Current
1147,659,7393,2024-11-21,Order Status,Critical,32,7,Future
1148,828,225,2025-12-21,Order Status,Medium,36,10,Future
1149,120,1496,2025-07-07,Stock Availability,Low,21,4,Current
1150,79,6572,2025-06-25,Late Delivery,Critical,39,6,Current
1151,449,10356,2025-02-12,Order Status,High,28,7,Future
1152,985,3492,2024-12-04,Late Delivery,Medium,94,5,Current
1153,45,4027,2025-09-29,Order Status,Critical,7,8,Future
1154,87,1671,2025-12-25,Stock Availability,Medium,31,7,Current
1155,157,6779,2025-07-11,Late Delivery,High,22,3,Current
1156,373,11879,2025-02-26,Order Status,High,74,4,Current
1157,764,725,2025-10-08,Order Status,Medium,26,7,Future
1158,530,4263,2025-12-19,Late Delivery,Medium,26,7,Current
1159,504,410,2025-12-01,Late Delivery,Low,51,7,Current
1160,564,7934,2024-01-25,Late Delivery,High,94,3,Current
1161,21,7213,2025-04-12,Order Status,High,36,4,Current
1162,552,11657,2024-11-26,Damaged Product,Low,18,7,Future
1163,773,1387,2025-11-13,Refund Request,Medium,10,10,Future
1164,828,489,2025-02-24,Order Status,Low,30,7,Future
1165,203,6529,2024-04-30,Late Delivery,Low,27,5,Current
1166,351,152,2024-10-23,Order Status,Critical,87,6,Current
1167,804,4973,2025-07-31,Late Delivery,High,53,5,Current
1168,917,3839,2025-02-12,Order Status,Medium,43,6,Current
1169,521,4041,2025-02-23,Refund Request,Critical,6,7,Future
1170,376,1489,2025-12-13,Stock Availability,Critical,55,5,Current
1171,10,10817,2025-01-23,Stock Availability,Low,60,3,Current
1172,791,6165,2025-06-20,Late Delivery,High,21,10,Future
1173,225,1330,2025-08-02,Late Delivery,High,19,8,Future
1174,266,5078,2025-11-13,Late Delivery,Low,70,5,Current
1175,666,8665,2025-08-10,Stock Availability,High,39,3,Current
1176,449,3967,2025-12-29,Stock Availability,Critical,35,6,Current
1177,368,1811,2025-08-09,Refund Request,Low,75,6,Current
1178,441,5245,2024-10-30,Stock Availability,High,6,8,Future
1179,121,1936,2025-12-20,Stock Availability,Medium,75,6,Current
1180,787,3032,2025-03-26,Late Delivery,Low,13,10,Future
1181,406,8834,2025-11-12,Late Delivery,Critical,46,3,Current
1182,556,2959,2025-02-21,Order Status,High,31,10,Future
1183,362,5618,2025-11-17,Refund Request,Critical,58,4,Current
1184,640,11774,2025-04-03,Damaged Product,Critical,33,8,Future
1185,532,4805,2024-10-02,Wrong Item,Low,22,7,Future
1186,934,2677,2024-09-16,Stock Availability,High,41,3,Current
1187,386,5611,2025-12-17,Order Status,Medium,32,9,Future
1188,316,9649,2024-12-10,Stock Availability,High,20,3,Current
1189,355,2088,2025-01-26,Late Delivery,High,72,7,Current
1190,964,4772,2025-11-07,Order Status,Medium,39,6,Current
1191,434,124,2025-10-11,Stock Availability,Medium,91,3,Current
1192,131,10607,2025-10-24,Late Delivery,Medium,30,7,Future
1193,260,1916,2025-12-08,Wrong Item,High,43,4,Current
1194,280,756,2025-11-23,Refund Request,Medium,63,4,Current
1195,386,10404,2025-08-22,Stock Availability,High,28,5,Current
1196,926,4604,2025-05-04,Order Status,Medium,24,8,Future
1197,712,10414,2025-10-26,Order Status,Low,18,7,Future
1198,127,4114,2025-06-28,Stock Availability,Medium,29,7,Future
1199,826,2838,2025-10-11,Late Delivery,High,20,6,Current
1200,87,9805,2025-11-13,Damaged Product,High,36,4,Current
1201,308,8484,2025-07-29,Order Status,High,33,8,Future
1202,936,7706,2025-01-17,Late Delivery,High,56,6,Current
1203,228,3515,2025-12-24,Order Status,Low,33,10,Future
1204,259,11124,2025-12-08,Damaged Product,Medium,56,3,Current
1205,539,4944,2025-10-20,Stock Availability,Medium,29,5,Current
1206,443,8220,2025-12-18,Order Status,Critical,33,8,Future
1207,499,10815,2025-06-05,Order Status,High,68,4,Current
1208,848,9517,2025-09-20,Stock Availability,Critical,29,6,Current
1209,615,2525,2025-01-29,Refund Request,Medium,28,10,Future
1210,817,5952,2025-12-26,Late Delivery,Critical,49,5,Current
1211,361,5381,2025-12-22,Late Delivery,Medium,30,6,Current
1212,93,5580,2025-10-15,Late Delivery,High,45,5,Current
1213,388,1865,2025-12-07,Damaged Product,High,84,7,Current
1214,219,8546,2024-07-24,Stock Availability,High,8,10,Future
1215,595,2701,2025-02-09,Stock Availability,High,96,5,Current
1216,745,7223,2025-03-12,Wrong Item,High,71,3,Current
1217,603,3968,2025-09-10,Late Delivery,Critical,59,5,Current
1218,575,1210,2024-07-07,Damaged Product,Medium,93,6,Current
1219,878,4536,2024-07-11,Refund Request,Medium,66,3,Current
1220,90,1431,2025-03-02,Stock Availability,High,55,3,Current
1221,90,7742,2025-07-13,Order Status,Low,35,9,Future
1222,599,940,2025-10-31,Refund Request,Medium,70,7,Current
1223,183,11655,2025-02-01,Stock Availability,Medium,48,4,Current
1224,206,8567,2025-07-03,Stock Availability,High,55,5,Current
1225,754,8090,2025-01-04,Wrong Item,High,33,4,Current
1226,563,1315,2025-06-29,Refund Request,High,37,3,Current
1227,775,5049,2025-08-28,Late Delivery,Low,40,7,Current
1228,803,2139,2025-07-28,Late Delivery,Critical,50,4,Current
1229,152,6309,2025-05-05,Late Delivery,Critical,71,3,Current
1230,960,628,2024-10-22,Late Delivery,Medium,68,4,Current
1231,446,10675,2025-12-30,Order Status,Low,88,5,Current
1232,485,7127,2025-10-28,Wrong Item,Medium,92,5,Current
1233,951,5840,2024-12-12,Late Delivery,High,69,7,Current
1234,813,4976,2025-04-07,Damaged Product,Low,22,7,Current
1235,567,11575,2025-01-29,Damaged Product,Medium,31,4,Current
1236,398,11933,2024-09-04,Order Status,Critical,83,6,Current
1237,820,7660,2025-11-04,Late Delivery,High,44,6,Current
1238,415,4638,2025-12-15,Stock Availability,High,18,7,Future
1239,102,683,2025-07-08,Order Status,Low,21,10,Future
1240,886,9354,2025-10-07,Refund Request,High,9,9,Future
1241,989,10745,2025-09-21,Order Status,High,20,7,Current
1242,843,9518,2025-12-20,Late Delivery,Medium,24,7,Current
1243,654,6498,2025-05-23,Order Status,Low,7,7,Future
1244,523,2156,2025-11-28,Refund Request,High,26,3,Current
1245,958,1954,2025-01-24,Late Delivery,High,42,6,Current
1246,202,7869,2025-08-19,Late Delivery,Medium,81,5,Current
1247,171,9009,2025-11-12,Refund Request,Medium,65,7,Current
1248,515,8062,2025-11-27,Late Delivery,High,63,6,Current
1249,92,4474,2025-10-22,Order Status,High,25,10,Future
1250,159,4794,2025-05-09,Damaged Product,Medium,78,3,Current
1251,60,7413,2025-08-03,Refund Request,Critical,81,3,Current
1252,185,2214,2025-08-04,Refund Request,Medium,80,3,Current
1253,309,1907,2025-03-16,Stock Availability,Low,78,5,Current
1254,112,7139,2025-12-14,Late Delivery,Medium,22,6,Current
1255,102,8106,2025-08-23,Order Status,Medium,33,10,Future
1256,713,7345,2025-12-13,Wrong Item,Medium,61,4,Current
1257,904,2245,2025-08-31,Order Status,Medium,6,7,Future
1258,930,3203,2025-10-03,Damaged Product,High,76,7,Current
1259,499,26,2025-01-18,Late Delivery,Low,32,4,Current
1260,773,4821,2025-11-11,Late Delivery,Medium,30,7,Current
1261,812,8305,2025-03-11,Stock Availability,Medium,24,10,Future
1262,509,2329,2025-09-23,Late Delivery,Medium,85,4,Current
1263,227,10937,2024-08-09,Order Status,Medium,36,10,Future
1264,833,3875,2025-12-18,Late Delivery,Low,27,8,Future
1265,86,9360,2025-09-24,Late Delivery,High,75,6,Current
1266,767,1524,2025-11-21,Order Status,Low,10,8,Future
1267,683,1099,2024-06-17,Damaged Product,Medium,90,7,Current
1268,980,10551,2025-06-11,Order Status,Medium,17,10,Future
1269,772,11961,2025-07-02,Damaged Product,Low,55,3,Current
1270,274,7625,2024-09-05,Late Delivery,Medium,19,3,Current
1271,109,10462,2024-12-28,Refund Request,Medium,80,7,Current
1272,82,5961,2025-05-13,Refund Request,High,57,3,Current
1273,955,2603,2025-07-10,Late Delivery,Medium,37,6,Current
1274,247,5661,2025-12-12,Damaged Product,Medium,15,8,Future
1275,825,7678,2025-12-22,Refund Request,High,16,8,Future
1276,473,4055,2024-02-11,Late Delivery,High,29,7,Current
1277,41,3306,2025-07-05,Order Status,Medium,13,9,Future
1278,92,6122,2024-09-30,Refund Request,Low,51,7,Current
1279,472,9319,2025-11-26,Late Delivery,High,21,7,Current
1280,164,32,2025-12-19,Wrong Item,High,94,4,Current
1281,281,2882,2024-07-24,Late Delivery,High,93,5,Current
1282,963,5767,2025-07-15,Order Status,Low,27,10,Future
1283,37,786,2025-07-12,Damaged Product,High,93,3,Current
1284,560,3504,2024-03-25,Damaged Product,High,51,3,Current
1285,76,2630,2024-07-15,Refund Request,High,26,3,Current
1286,487,8695,2025-12-12,Stock Availability,High,28,7,Current
1287,400,9175,2025-10-31,Refund Request,High,19,7,Future
1288,219,4241,2024-03-12,Late Delivery,Critical,39,4,Current
1289,943,406,2025-10-14,Order Status,Low,31,10,Future
1290,427,10816,2025-03-07,Order Status,Medium,23,9,Future
1291,695,7755,2025-09-09,Refund Request,High,31,10,Future
1292,996,2122,2025-08-02,Late Delivery,Medium,41,6,Current
1293,856,9082,2024-10-18,Late Delivery,High,56,4,Current
1294,510,5447,2025-10-02,Late Delivery,Medium,87,3,Current
1295,646,880,2025-10-01,Late Delivery,High,27,8,Future
1296,51,6218,2025-12-18,Late Delivery,Medium,74,7,Current
1297,815,9681,2025-11-25,Order Status,Low,9,9,Future
1298,165,10211,2025-09-21,Stock Availability,Medium,57,5,Current
1299,986,11115,2025-10-09,Order Status,Critical,35,8,Future
1300,906,6282,2024-05-26,Refund Request,Medium,35,6,Current
1301,712,9287,2024-08-20,Wrong Item,High,18,7,Future
1302,464,3491,2024-07-19,Stock Availability,Critical,94,5,Current
1303,602,11020,2025-04-08,Order Status,High,39,3,Current
1304,729,2836,2025-03-26,Late Delivery,High,18,8,Future
1305,289,7842,2024-10-31,Late Delivery,Medium,11,7,Future
1306,286,4461,2025-09-10,Refund Request,Medium,33,7,Future
1307,804,4973,2025-08-25,Refund Request,Low,45,7,Current
1308,858,11447,2025-09-17,Order Status,Critical,30,5,Current
1309,417,5599,2025-12-15,Late Delivery,Medium,26,4,Current
1310,145,11474,2025-09-06,Late Delivery,Medium,22,3,Current
1311,680,3609,2025-12-08,Order Status,Medium,36,7,Future
1312,685,10499,2025-05-31,Stock Availability,Medium,64,3,Current
1313,8,9862,2025-11-17,Stock Availability,Low,20,4,Current
1314,272,1311,2025-04-25,Damaged Product,Medium,42,7,Current
1315,1,3075,2025-08-25,Damaged Product,Medium,20,7,Current
1316,12,9688,2025-11-27,Late Delivery,Medium,36,5,Current
1317,826,3828,2025-10-30,Refund Request,Medium,81,3,Current
1318,532,8144,2025-12-12,Late Delivery,Medium,93,4,Current
1319,537,10895,2025-11-27,Late Delivery,Medium,82,5,Current
1320,874,2522,2025-03-25,Late Delivery,Critical,55,7,Current
1321,605,263,2025-06-07,Damaged Product,High,17,9,Future
1322,152,6799,2025-11-25,Refund Request,High,37,4,Current
1323,929,7644,2025-09-06,Damaged Product,Low,35,10,Future
1324,274,1751,2025-02-02,Refund Request,Medium,60,6,Current
1325,976,9727,2024-11-10,Wrong Item,Medium,34,8,Future
1326,540,6770,2025-08-05,Late Delivery,Medium,77,6,Current
1327,443,11932,2025-02-24,Refund Request,Medium,84,3,Current
1328,296,5505,2025-12-26,Refund Request,Critical,40,5,Current
1329,290,9285,2025-12-23,Damaged Product,High,48,3,Current
1330,592,1796,2025-11-16,Order Status,Medium,10,7,Future
1331,568,414,2024-12-28,Refund Request,High,79,6,Current
1332,144,11312,2025-12-02,Stock Availability,Critical,67,6,Current
1333,876,7384,2024-04-04,Order Status,Medium,34,3,Current
1334,899,4929,2025-09-11,Stock Availability,High,75,6,Current
1335,429,5009,2025-09-20,Refund Request,Critical,77,5,Current
1336,336,10023,2025-06-14,Stock Availability,High,82,7,Current
1337,460,7905,2025-05-21,Wrong Item,Critical,28,5,Current
1338,836,9661,2025-04-08,Wrong Item,High,80,4,Current
1339,618,9981,2024-12-09,Late Delivery,Medium,77,7,Current
1340,826,10272,2024-09-11,Wrong Item,Low,29,8,Future
1341,734,6641,2024-04-21,Wrong Item,Medium,60,6,Current
1342,45,3909,2025-01-16,Wrong Item,High,72,6,Current
1343,109,8158,2025-11-27,Refund Request,Medium,12,9,Future
1344,362,9625,2024-12-30,Damaged Product,High,45,6,Current
1345,212,11601,2024-12-26,Refund Request,High,50,5,Current
1346,474,552,2025-12-01,Late Delivery,Medium,35,7,Future
1347,623,498,2025-07-15,Refund Request,Critical,71,5,Current
1348,587,3402,2024-12-17,Late Delivery,Medium,75,5,Current
1349,992,8218,2025-12-20,Order Status,Low,22,7,Future
1350,653,646,2025-07-09,Late Delivery,High,96,7,Current
1351,431,11205,2025-10-14,Order Status,Low,34,8,Future
1352,490,6732,2025-10-03,Late Delivery,Low,32,4,Current
1353,799,6769,2025-08-21,Wrong Item,High,28,5,Current
1354,799,8690,2025-12-28,Refund Request,Medium,82,5,Current
1355,611,11291,2025-10-28,Order Status,Medium,34,8,Future
1356,405,5092,2025-09-19,Damaged Product,Critical,40,6,Current
1357,98,3592,2025-03-23,Late Delivery,High,77,5,Current
1358,8,11031,2025-11-13,Stock Availability,Medium,21,4,Current
1359,209,9767,2025-12-30,Damaged Product,Medium,32,9,Future
1360,6,9279,2025-11-17,Stock Availability,Critical,79,6,Current
1361,787,11520,2025-08-20,Order Status,Medium,48,4,Current
1362,340,5725,2025-10-10,Refund Request,Critical,91,3,Current
1363,355,2088,2025-06-03,Stock Availability,Medium,91,4,Current
1364,498,6541,2025-12-25,Damaged Product,Critical,32,4,Current
1365,113,992,2025-10-20,Late Delivery,High,69,5,Current
1366,192,4803,2025-04-23,Late Delivery,Medium,49,3,Current
1367,202,1217,2024-11-09,Refund Request,Medium,10,8,Future
1368,232,249,2025-01-24,Stock Availability,Critical,87,6,Current
1369,40,10555,2024-11-23,Late Delivery,Low,24,9,Future
1370,965,10140,2025-12-22,Damaged Product,High,43,4,Current
1371,797,5310,2025-03-03,Late Delivery,High,58,6,Current
1372,590,7804,2025-12-11,Late Delivery,Low,86,7,Current
1373,720,72,2025-06-02,Wrong Item,High,88,6,Current
1374,387,9765,2025-08-28,Wrong Item,Critical,26,10,Future
1375,171,3126,2025-01-25,Damaged Product,High,36,8,Future
1376,739,6322,2025-12-25,Late Delivery,Medium,33,5,Current
1377,882,8165,2025-08-17,Order Status,Low,19,9,Future
1378,481,6810,2025-11-22,Refund Request,Medium,25,5,Current
1379,149,2469,2025-08-10,Wrong Item,Low,61,4,Current
1380,702,4319,2024-10-10,Wrong Item,Medium,19,8,Future
1381,419,6042,2024-10-02,Wrong Item,Medium,31,7,Future
1382,553,2765,2025-03-17,Order Status,High,66,3,Current
1383,473,5706,2025-11-11,Refund Request,Medium,7,8,Future
1384,118,6441,2025-12-08,Order Status,Medium,62,7,Current
1385,441,3461,2025-05-24,Late Delivery,Medium,39,6,Current
1386,642,522,2025-12-22,Damaged Product,Medium,73,6,Current
1387,65,9084,2024-05-09,Order Status,High,30,10,Future
1388,735,2925,2025-11-19,Late Delivery,High,91,6,Current
1389,475,9713,2025-04-29,Stock Availability,Medium,39,3,Current
1390,609,3369,2025-09-12,Late Delivery,High,52,5,Current
1391,142,11797,2025-12-15,Wrong Item,Medium,7,7,Future
1392,628,3743,2025-10-14,Order Status,Low,15,8,Future
1393,139,8406,2025-11-29,Order Status,Medium,27,3,Current
1394,988,9157,2025-10-28,Late Delivery,High,63,6,Current
1395,209,11568,2025-12-12,Late Delivery,Critical,21,3,Current
1396,797,10415,2025-08-17,Stock Availability,Critical,27,7,Current
1397,935,7713,2025-11-26,Stock Availability,High,19,7,Future
1398,592,7064,2025-10-30,Stock Availability,Low,7,10,Future
1399,587,3668,2025-08-28,Stock Availability,Medium,24,3,Current
1400,845,3785,2025-08-16,Late Delivery,Medium,28,3,Current
1401,728,894,2025-05-02,Stock Availability,Low,90,3,Current
1402,460,7905,2025-12-12,Late Delivery,High,20,4,Current
1403,615,4235,2025-09-20,Order Status,Medium,10,9,Future
1404,791,2407,2025-06-20,Refund Request,Medium,93,5,Current
1405,133,7902,2025-05-27,Stock Availability,Critical,87,3,Current
1406,371,5768,2025-07-05,Damaged Product,Medium,22,9,Future
1407,723,4170,2025-12-28,Stock Availability,Medium,24,9,Future
1408,935,1037,2025-12-29,Refund Request,High,18,10,Future
1409,492,9799,2025-10-13,Late Delivery,High,94,6,Current
1410,811,8260,2025-11-03,Stock Availability,High,86,6,Current
1411,637,5597,2025-05-21,Late Delivery,Critical,8,8,Future
1412,917,4082,2025-09-22,Late Delivery,High,26,8,Future
1413,197,6332,2025-08-26,Late Delivery,Medium,40,7,Current
1414,970,5570,2024-03-04,Refund Request,Medium,79,6,Current
1415,675,6139,2025-08-23,Order Status,Low,29,8,Future
1416,511,11495,2025-03-18,Late Delivery,Medium,37,7,Current
1417,651,8943,2025-06-15,Refund Request,Medium,28,9,Future
1418,664,5323,2025-07-14,Order Status,Medium,12,7,Future
1419,417,10178,2025-11-03,Order Status,High,58,5,Current
1420,123,9788,2025-10-12,Late Delivery,Medium,39,5,Current
1421,311,11613,2024-08-21,Refund Request,Medium,79,5,Current
1422,974,7269,2024-11-24,Order Status,Critical,28,3,Current
1423,654,5135,2025-08-15,Stock Availability,Medium,42,4,Current
1424,586,3156,2025-10-26,Damaged Product,Medium,76,7,Current
1425,846,6427,2025-02-22,Refund Request,High,31,10,Future
1426,627,11008,2024-12-13,Order Status,Medium,14,7,Future
1427,95,519,2025-12-19,Stock Availability,High,62,7,Current
1428,444,675,2025-11-08,Order Status,High,27,10,Future
1429,360,6823,2025-12-30,Order Status,High,28,7,Future
1430,33,7526,2025-09-22,Stock Availability,Low,19,8,Future
1431,971,10017,2025-07-12,Late Delivery,Medium,58,3,Current
1432,433,5156,2025-03-28,Refund Request,Low,92,7,Current
1433,948,6802,2025-05-09,Refund Request,High,94,3,Current
1434,360,1843,2025-12-23,Refund Request,Medium,6,8,Future
1435,302,6204,2025-09-22,Refund Request,High,38,7,Current
1436,801,2268,2024-10-14,Late Delivery,Medium,14,10,Future
1437,457,11185,2025-02-03,Order Status,Critical,11,7,Future
1438,750,3049,2025-04-21,Late Delivery,High,63,3,Current
1439,922,253,2025-07-13,Stock Availability,Low,82,6,Current
1440,168,5655,2025-04-25,Refund Request,Medium,92,6,Current
1441,880,2089,2025-10-27,Refund Request,Medium,30,4,Current
1442,863,4229,2025-12-13,Wrong Item,Medium,32,8,Future
1443,825,962,2025-12-05,Order Status,High,24,8,Future
1444,531,9709,2025-07-13,Wrong Item,High,45,7,Current
1445,343,2435,2024-08-05,Refund Request,Low,24,3,Current
1446,971,9234,2025-02-03,Order Status,High,18,10,Future
1447,881,291,2025-11-10,Order Status,High,9,10,Future
1448,531,7344,2025-12-13,Refund Request,Medium,62,3,Current
1449,161,4882,2024-05-19,Late Delivery,Low,22,5,Current
1450,452,68,2025-12-24,Order Status,High,17,7,Future
1451,164,3598,2024-08-15,Refund Request,Medium,38,7,Current
1452,542,5947,2025-09-29,Stock Availability,Critical,73,7,Current
1453,831,5552,2025-02-12,Damaged Product,Critical,85,7,Current
1454,222,6480,2025-12-06,Order Status,High,10,8,Future
1455,386,8262,2025-10-19,Wrong Item,High,16,7,Future
1456,622,11919,2025-10-27,Refund Request,Medium,20,5,Current
1457,635,11521,2025-02-23,Late Delivery,Medium,65,7,Current
1458,743,3004,2025-04-11,Late Delivery,Medium,12,8,Future
1459,909,4068,2024-03-21,Refund Request,Medium,12,10,Future
1460,268,10713,2025-07-23,Order Status,Medium,74,3,Current
1461,321,6694,2025-07-20,Order Status,Low,30,9,Future
1462,831,11134,2025-05-09,Refund Request,Critical,30,8,Future
1463,517,4120,2025-12-29,Damaged Product,Low,17,7,Future
1464,698,9892,2025-11-03,Order Status,Medium,12,7,Future
1465,895,1921,2025-09-30,Refund Request,High,19,4,Current
1466,593,3259,2025-05-05,Late Delivery,High,58,7,Current
1467,5,3647,2025-11-20,Late Delivery,High,61,3,Current
1468,512,7749,2025-02-24,Late Delivery,Critical,86,4,Current
1469,714,3752,2025-12-01,Late Delivery,Critical,81,7,Current
1470,215,4519,2024-11-18,Late Delivery,Medium,10,8,Future
1471,282,9918,2025-10-04,Stock Availability,Medium,18,7,Future
1472,113,6980,2025-12-26,Damaged Product,Low,34,10,Future
1473,523,7544,2024-09-02,Damaged Product,Low,79,7,Current
1474,4,1340,2025-05-20,Damaged Product,Medium,88,4,Current
1475,634,11622,2025-11-30,Stock Availability,Medium,53,4,Current
1476,651,11324,2025-11-05,Late Delivery,Medium,63,6,Current
1477,76,3110,2025-06-11,Damaged Product,Low,27,7,Future
1478,414,4564,2025-10-02,Late Delivery,Low,55,3,Current
1479,601,7289,2025-09-26,Order Status,Low,47,7,Current
1480,800,7274,2025-01-20,Order Status,Medium,89,7,Current
1481,351,886,2025-11-09,Late Delivery,Medium,30,5,Current
1482,23,321,2025-09-01,Late Delivery,High,87,4,Current
1483,718,313,2025-08-17,Stock Availability,High,70,7,Current
1484,387,3526,2025-12-28,Order Status,Low,26,8,Future
1485,992,9345,2025-04-30,Late Delivery,Medium,43,7,Current
1486,990,252,2024-12-21,Refund Request,High,95,7,Current
1487,417,3387,2025-08-30,Refund Request,Medium,20,5,Current
1488,934,3672,2024-10-02,Order Status,Low,19,10,Future
1489,716,7656,2025-12-30,Order Status,Low,27,10,Future
1490,653,2266,2025-12-15,Damaged Product,Medium,31,10,Future
1491,129,9010,2024-09-30,Refund Request,High,28,6,Current
1492,41,11715,2025-11-03,Late Delivery,Critical,75,7,Current
1493,973,8006,2025-10-19,Stock Availability,High,87,5,Current
1494,726,2552,2024-05-19,Order Status,High,9,9,Future
1495,955,5652,2024-08-19,Order Status,Medium,10,9,Future
1496,377,6002,2025-07-12,Damaged Product,Medium,85,3,Current
1497,705,7893,2025-10-12,Order Status,Medium,27,8,Future
1498,406,11963,2025-02-23,Late Delivery,Critical,85,7,Current
1499,744,4975,2025-07-19,Order Status,Critical,24,10,Future
1500,947,3446,2025-04-29,Stock Availability,Medium,32,4,Current
1501,375,9498,2025-11-13,Damaged Product,Medium,26,7,Current
1502,256,5409,2025-10-30,Stock Availability,High,39,6,Current
1503,748,8450,2024-09-10,Refund Request,High,79,3,Current
1504,254,10728,2024-12-13,Order Status,Medium,36,8,Future
1505,749,5041,2025-05-08,Late Delivery,Medium,27,6,Current
1506,766,1184,2025-10-27,Damaged Product,Low,48,4,Current
1507,368,7613,2025-07-27,Stock Availability,Critical,61,3,Current
1508,689,10214,2025-10-02,Late Delivery,Medium,28,6,Current
1509,693,3432,2025-10-19,Damaged Product,Medium,23,8,Future
1510,208,10865,2024-07-01,Order Status,Medium,42,3,Current
1511,816,11902,2025-12-24,Damaged Product,Low,9,10,Future
1512,921,3772,2025-04-30,Stock Availability,Medium,33,3,Current
1513,706,4852,2025-04-28,Order Status,Critical,20,7,Current
1514,265,1903,2025-12-19,Damaged Product,Medium,21,9,Future
1515,792,3950,2025-09-30,Stock Availability,Critical,50,3,Current
1516,340,7203,2024-10-25,Refund Request,Low,30,6,Current
1517,287,6375,2024-12-29,Order Status,High,33,5,Current
1518,674,11349,2024-07-28,Order Status,Medium,16,10,Future
1519,387,3821,2025-11-27,Refund Request,Low,75,6,Current
1520,491,9283,2025-06-03,Late Delivery,High,35,10,Future
1521,667,4739,2025-08-15,Order Status,High,86,7,Current
1522,416,9986,2025-09-27,Refund Request,Low,28,3,Current
1523,875,7915,2025-12-22,Order Status,Low,20,3,Current
1524,474,8654,2025-12-23,Wrong Item,Low,33,8,Future
1525,896,5217,2025-12-05,Stock Availability,High,21,5,Current
1526,719,5871,2025-07-27,Order Status,High,10,10,Future
1527,262,5796,2025-12-11,Wrong Item,Critical,27,8,Future
1528,940,9670,2025-11-30,Late Delivery,High,40,6,Current
1529,695,11046,2025-06-12,Late Delivery,Low,37,4,Current
1530,459,6912,2025-12-15,Late Delivery,Low,12,9,Future
1531,217,10645,2025-08-31,Late Delivery,High,17,10,Future
1532,500,8496,2025-12-29,Wrong Item,Critical,21,4,Current
1533,794,2253,2025-09-17,Late Delivery,Medium,48,7,Current
1534,554,11428,2025-12-15,Late Delivery,High,61,6,Current
1535,362,6796,2025-10-25,Order Status,Medium,65,6,Current
1536,434,2352,2025-02-13,Refund Request,High,62,5,Current
1537,144,8085,2025-11-21,Stock Availability,Critical,19,4,Current
1538,815,10639,2025-11-27,Stock Availability,High,81,6,Current
1539,713,11824,2025-12-27,Refund Request,Low,88,7,Current
1540,239,11316,2024-11-18,Order Status,Low,9,8,Future
1541,42,4128,2025-11-17,Damaged Product,Critical,71,3,Current
1542,316,323,2025-09-09,Late Delivery,High,31,3,Current
1543,795,3195,2025-06-29,Refund Request,Critical,59,6,Current
1544,742,6500,2024-01-16,Stock Availability,Critical,55,7,Current
1545,712,9287,2025-01-20,Order Status,Medium,34,9,Future
1546,422,4403,2024-10-18,Refund Request,High,20,7,Current
1547,218,2647,2024-08-31,Stock Availability,Medium,25,3,Current
1548,142,7947,2025-12-26,Order Status,Low,20,7,Future
1549,236,9255,2025-06-03,Order Status,Critical,16,8,Future
1550,74,1417,2025-05-19,Stock Availability,Medium,52,6,Current
1551,195,5376,2024-11-23,Damaged Product,Low,18,3,Current
1552,474,8654,2025-10-25,Late Delivery,Low,11,10,Future
1553,155,10380,2025-03-12,Refund Request,High,60,4,Current
1554,357,10155,2024-08-11,Late Delivery,Low,13,8,Future
1555,232,1012,2025-08-06,Late Delivery,Medium,28,7,Current
1556,176,9573,2025-11-15,Order Status,Medium,51,5,Current
1557,51,6218,2025-08-21,Refund Request,High,71,4,Current
1558,419,5167,2025-11-25,Wrong Item,High,51,3,Current
1559,353,619,2025-02-23,Order Status,High,14,7,Future
1560,873,8185,2025-01-26,Refund Request,Critical,20,5,Current
1561,995,4045,2025-05-28,Damaged Product,Low,39,6,Current
1562,702,1293,2025-01-18,Refund Request,Low,93,7,Current
1563,624,479,2024-12-11,Late Delivery,High,15,8,Future
1564,597,197,2025-11-24,Order Status,Medium,15,9,Future
1565,741,7816,2025-05-22,Refund Request,Medium,56,4,Current
1566,969,5931,2025-12-24,Stock Availability,Critical,69,5,Current
1567,634,8521,2025-05-14,Stock Availability,Medium,14,8,Future
1568,202,3301,2025-09-24,Order Status,Medium,31,9,Future
1569,216,10936,2025-05-06,Order Status,High,10,8,Future
1570,240,10286,2025-10-04,Late Delivery,Critical,92,5,Current
1571,115,8004,2025-10-12,Damaged Product,Low,6,8,Future
1572,603,7095,2025-08-11,Damaged Product,High,32,7,Current
1573,451,9146,2024-03-12,Damaged Product,Critical,35,9,Future
1574,665,11672,2025-05-29,Refund Request,Medium,72,7,Current
1575,88,598,2024-08-12,Refund Request,Critical,75,6,Current
1576,358,6983,2025-10-10,Wrong Item,Low,49,7,Current
1577,106,3393,2025-12-03,Stock Availability,Low,40,7,Current
1578,739,5407,2025-09-22,Stock Availability,Critical,18,5,Current
1579,865,1531,2025-05-09,Stock Availability,Medium,24,4,Current
1580,179,4970,2025-12-30,Stock Availability,High,25,7,Current
1581,403,4289,2025-10-13,Order Status,Medium,27,9,Future
1582,383,983,2025-01-04,Refund Request,Low,53,6,Current
1583,339,873,2025-11-19,Late Delivery,Low,57,6,Current
1584,254,11390,2025-08-08,Refund Request,Medium,36,6,Current
1585,771,5072,2025-02-14,Order Status,High,16,10,Future
1586,726,7309,2025-08-13,Stock Availability,High,25,9,Future
1587,804,7092,2025-09-10,Late Delivery,Medium,21,7,Future
1588,19,3646,2025-05-13,Wrong Item,Low,7,9,Future
1589,904,8832,2025-07-09,Late Delivery,High,38,3,Current
1590,967,11232,2025-03-27,Wrong Item,Critical,62,6,Current
1591,769,2164,2025-12-28,Damaged Product,Medium,22,8,Future
1592,593,4673,2025-10-17,Damaged Product,Medium,85,5,Current
1593,407,9436,2025-05-08,Refund Request,Medium,76,5,Current
1594,190,1944,2024-12-13,Refund Request,High,96,5,Current
1595,68,6191,2025-12-18,Stock Availability,Medium,26,7,Current
1596,806,3072,2025-10-20,Damaged Product,High,60,7,Current
1597,631,10962,2025-09-29,Late Delivery,High,73,5,Current
1598,347,3462,2025-05-16,Late Delivery,Medium,47,7,Current
1599,717,7071,2024-08-26,Late Delivery,Medium,26,3,Current
1600,744,11014,2024-04-27,Order Status,Low,26,10,Future
1601,130,7700,2025-10-16,Order Status,High,19,4,Current
1602,287,8741,2024-05-05,Late Delivery,Medium,32,10,Future
1603,761,776,2025-06-04,Damaged Product,High,25,9,Future
1604,678,4836,2024-12-23,Refund Request,High,16,10,Future
1605,749,7791,2025-01-26,Late Delivery,Critical,43,3,Current
1606,692,11407,2025-05-03,Order Status,Low,27,8,Future
1607,321,377,2024-08-06,Refund Request,Medium,22,8,Future
1608,234,11614,2025-09-22,Late Delivery,Low,18,9,Future
1609,330,1164,2025-02-17,Late Delivery,Medium,6,9,Future
1610,782,9196,2025-12-23,Late Delivery,Medium,53,4,Current
1611,385,4378,2025-06-05,Stock Availability,High,42,3,Current
1612,162,2020,2025-12-29,Damaged Product,High,59,4,Current
1613,304,8550,2025-03-28,Refund Request,Low,44,5,Current
1614,891,490,2025-09-07,Late Delivery,High,88,4,Current
1615,897,3377,2025-07-17,Refund Request,Medium,12,9,Future
1616,911,5527,2025-10-22,Order Status,High,17,7,Future
1617,822,272,2025-08-23,Refund Request,High,40,4,Current
1618,700,5914,2025-01-31,Late Delivery,High,77,3,Current
1619,975,11848,2025-07-31,Late Delivery,Low,82,7,Current
1620,155,8760,2024-08-09,Stock Availability,High,45,7,Current
1621,987,3093,2024-04-07,Stock Availability,High,60,6,Current
1622,93,11335,2025-09-20,Order Status,Low,31,9,Future
1623,874,2099,2025-11-30,Order Status,Low,33,9,Future
1624,861,656,2025-10-15,Late Delivery,High,44,7,Current
1625,88,598,2025-05-21,Late Delivery,Critical,34,3,Current
1626,678,10654,2025-11-23,Order Status,Low,8,10,Future
1627,802,8061,2025-02-08,Refund Request,Critical,19,7,Future
1628,58,5488,2025-12-09,Damaged Product,Medium,29,7,Future
1629,489,2385,2025-11-27,Wrong Item,Low,25,10,Future
1630,130,10213,2025-09-27,Late Delivery,High,79,6,Current
1631,485,7127,2025-11-21,Late Delivery,Medium,83,3,Current
1632,83,1370,2025-12-27,Order Status,High,95,3,Current
1633,982,6016,2025-01-09,Late Delivery,High,88,6,Current
1634,208,6429,2025-12-06,Refund Request,Critical,89,6,Current
1635,450,11733,2025-08-08,Refund Request,Medium,40,6,Current
1636,62,289,2025-01-06,Refund Request,High,63,6,Current
1637,171,4074,2025-01-21,Order Status,High,11,7,Future
1638,330,8140,2025-09-20,Stock Availability,High,23,4,Current
1639,661,5096,2025-07-06,Order Status,Critical,8,10,Future
1640,863,4229,2025-12-18,Late Delivery,Medium,21,7,Future
1641,560,3504,2025-01-11,Refund Request,Critical,39,4,Current
1642,819,1812,2024-07-15,Refund Request,Critical,51,6,Current
1643,80,11543,2025-09-21,Wrong Item,Medium,18,8,Future
1644,275,356,2025-12-12,Stock Availability,Medium,80,3,Current
1645,663,11696,2025-09-29,Damaged Product,Medium,77,4,Current
1646,362,6796,2025-04-05,Refund Request,High,48,4,Current
1647,97,7754,2025-02-06,Refund Request,Medium,28,6,Current
1648,167,6145,2025-11-08,Late Delivery,Medium,33,7,Current
1649,176,9062,2025-09-29,Order Status,Medium,58,4,Current
1650,77,5084,2025-10-19,Order Status,Medium,19,10,Future
1651,933,7942,2025-05-22,Damaged Product,Low,43,4,Current
1652,767,1524,2025-02-02,Refund Request,Medium,34,7,Future
1653,997,10258,2025-10-05,Late Delivery,Medium,33,5,Current
1654,733,3080,2025-11-16,Wrong Item,High,31,10,Future
1655,453,3320,2025-12-19,Late Delivery,Critical,36,5,Current
1656,794,11816,2025-12-17,Late Delivery,Medium,60,4,Current
1657,339,1765,2025-05-02,Stock Availability,Medium,42,5,Current
1658,459,11462,2024-11-01,Refund Request,Critical,50,4,Current
1659,191,2096,2025-12-30,Wrong Item,High,77,6,Current
1660,547,1738,2025-04-05,Order Status,Medium,22,8,Future
1661,376,5687,2025-12-13,Order Status,Medium,63,7,Current
1662,140,11314,2024-10-31,Late Delivery,High,79,7,Current
1663,216,5722,2025-01-23,Stock Availability,Medium,70,5,Current
1664,932,9281,2025-12-01,Late Delivery,High,48,4,Current
1665,807,1713,2025-10-19,Order Status,High,20,4,Current
1666,407,1225,2025-03-02,Order Status,Medium,36,10,Future
1667,514,169,2025-10-26,Late Delivery,Medium,96,3,Current
1668,21,7213,2025-12-22,Late Delivery,Critical,60,6,Current
1669,572,3599,2025-09-30,Wrong Item,Medium,63,3,Current
1670,450,8474,2025-05-13,Stock Availability,Low,9,9,Future
1671,175,4745,2025-10-28,Order Status,Medium,8,7,Future
1672,125,11406,2025-12-11,Stock Availability,Medium,45,5,Current
1673,268,3898,2024-08-03,Late Delivery,Critical,94,3,Current
1674,531,5024,2024-08-14,Late Delivery,Low,27,7,Current
1675,100,4606,2024-04-07,Late Delivery,High,72,4,Current
1676,280,1388,2024-10-31,Late Delivery,Medium,54,3,Current
1677,413,9240,2025-11-19,Damaged Product,Medium,25,8,Future
1678,741,4349,2025-05-10,Damaged Product,High,51,3,Current
1679,815,10639,2025-10-29,Refund Request,High,54,7,Current
1680,719,5139,2025-09-05,Late Delivery,High,80,6,Current
1681,248,901,2025-04-13,Refund Request,High,71,3,Current
1682,823,893,2025-08-23,Damaged Product,Medium,57,7,Current
1683,977,1825,2025-02-28,Damaged Product,Critical,73,5,Current
1684,386,6251,2025-03-16,Late Delivery,Low,53,4,Current
1685,750,9251,2024-12-13,Order Status,Low,23,7,Future
1686,493,5983,2025-09-17,Order Status,High,23,8,Future
1687,830,1109,2025-04-22,Damaged Product,Medium,31,10,Future
1688,718,2359,2025-12-07,Order Status,Critical,10,7,Future
1689,618,633,2025-02-08,Order Status,High,31,7,Future
1690,954,9332,2025-04-24,Damaged Product,High,84,6,Current
1691,277,11750,2025-11-15,Late Delivery,Critical,56,5,Current
1692,567,6279,2025-12-25,Wrong Item,Medium,43,4,Current
1693,525,1060,2025-12-24,Order Status,Low,28,9,Future
1694,489,18,2025-07-08,Late Delivery,High,75,7,Current
1695,482,9511,2025-05-17,Damaged Product,High,6,9,Future
1696,295,8977,2025-11-24,Refund Request,Medium,34,9,Future
1697,790,10665,2025-10-13,Refund Request,Medium,55,5,Current
1698,651,7520,2025-12-02,Late Delivery,Medium,64,4,Current
1699,901,7290,2025-04-23,Wrong Item,Low,14,7,Future
1700,615,3966,2025-09-22,Damaged Product,Low,31,5,Current
1701,617,1483,2025-02-13,Stock Availability,High,80,7,Current
1702,745,860,2025-11-13,Late Delivery,Low,62,3,Current
1703,567,10194,2025-02-17,Late Delivery,Medium,32,3,Current
1704,343,3551,2025-08-12,Late Delivery,Low,62,6,Current
1705,648,8758,2025-07-11,Order Status,Medium,29,7,Current
1706,469,6894,2025-12-25,Late Delivery,Medium,93,7,Current
1707,575,9181,2025-12-19,Late Delivery,Critical,47,6,Current
1708,827,8489,2025-12-16,Order Status,Medium,32,8,Future
1709,721,7335,2025-05-22,Late Delivery,High,34,6,Current
1710,299,9533,2025-08-11,Stock Availability,High,21,3,Current
1711,913,1444,2025-02-26,Late Delivery,High,86,3,Current
1712,661,258,2025-12-04,Order Status,Low,33,10,Future
1713,69,11239,2025-11-02,Refund Request,High,60,3,Current
1714,262,2270,2025-09-24,Late Delivery,Critical,25,3,Current
1715,925,11771,2025-12-04,Refund Request,High,61,7,Current
1716,768,2888,2025-07-03,Late Delivery,Low,53,5,Current
1717,423,4937,2025-01-13,Damaged Product,Medium,78,7,Current
1718,766,8703,2025-12-19,Late Delivery,High,48,6,Current
1719,757,10184,2025-11-01,Order Status,Medium,20,8,Future
1720,447,11905,2025-04-05,Stock Availability,Medium,20,4,Current
1721,898,494,2025-10-04,Stock Availability,Medium,93,4,Current
1722,257,8645,2025-11-18,Order Status,Medium,35,6,Current
1723,742,4717,2025-09-29,Late Delivery,High,60,4,Current
1724,70,491,2024-09-11,Damaged Product,Critical,72,3,Current
1725,811,7013,2025-01-24,Damaged Product,Medium,74,3,Current
1726,59,371,2025-07-02,Late Delivery,Low,54,4,Current
1727,866,7571,2025-12-21,Late Delivery,Medium,85,7,Current
1728,309,1133,2024-04-22,Order Status,Low,66,6,Current
1729,874,118,2024-10-13,Wrong Item,Medium,26,9,Future
1730,163,8424,2025-12-13,Late Delivery,High,34,4,Current
1731,727,5132,2025-12-03,Late Delivery,Medium,62,7,Current
1732,760,1561,2025-12-08,Late Delivery,Critical,91,7,Current
1733,991,9195,2025-10-16,Late Delivery,Low,28,9,Future
1734,150,727,2025-01-21,Refund Request,Medium,72,4,Current
1735,650,3506,2025-10-01,Late Delivery,Medium,21,6,Current
1736,501,7230,2024-12-08,Damaged Product,Medium,14,7,Future
1737,658,2081,2025-10-19,Order Status,Medium,12,8,Future
1738,286,7815,2025-11-03,Damaged Product,High,53,5,Current
1739,898,2225,2025-12-21,Stock Availability,Low,74,6,Current
1740,705,10516,2025-11-26,Refund Request,Medium,87,3,Current
1741,534,4670,2024-01-15,Order Status,High,34,10,Future
1742,324,1536,2025-08-29,Late Delivery,Medium,31,6,Current
1743,975,11848,2025-06-09,Damaged Product,High,34,6,Current
1744,132,6685,2025-11-26,Refund Request,Low,84,4,Current
1745,185,7282,2025-10-05,Refund Request,Medium,48,6,Current
1746,75,8960,2025-09-16,Refund Request,Critical,57,3,Current
1747,228,5129,2025-12-26,Wrong Item,High,63,3,Current
1748,294,4432,2025-06-30,Order Status,Low,35,8,Future
1749,703,8717,2025-09-20,Damaged Product,Low,48,3,Current
1750,372,5413,2024-08-03,Order Status,High,82,3,Current
1751,132,3154,2025-09-26,Late Delivery,High,26,6,Current
1752,816,7873,2024-05-21,Wrong Item,High,13,7,Future
1753,377,10217,2025-06-12,Late Delivery,Medium,22,4,Current
1754,88,2114,2025-11-29,Stock Availability,High,10,9,Future
1755,195,1542,2024-05-28,Stock Availability,High,59,5,Current
1756,581,11165,2024-11-03,Late Delivery,High,70,6,Current
1757,715,1608,2025-10-31,Order Status,High,12,9,Future
1758,203,883,2024-11-30,Refund Request,Critical,92,6,Current
1759,338,4594,2024-12-12,Order Status,High,32,10,Future
1760,950,6818,2025-07-08,Refund Request,Medium,70,5,Current
1761,34,5625,2025-01-18,Late Delivery,High,78,4,Current
1762,274,6969,2025-09-28,Order Status,Medium,9,7,Future
1763,302,6204,2025-09-04,Late Delivery,Critical,60,5,Current
1764,342,2981,2025-12-02,Late Delivery,Medium,29,7,Current
1765,30,6057,2025-12-10,Late Delivery,Medium,51,5,Current
1766,521,8246,2025-05-23,Wrong Item,Low,32,9,Future
1767,137,7584,2025-12-05,Refund Request,High,43,6,Current
1768,277,9890,2025-03-14,Wrong Item,Medium,46,5,Current
1769,274,10350,2025-01-24,Late Delivery,Medium,88,6,Current
1770,149,7325,2025-12-30,Late Delivery,Medium,61,6,Current
1771,185,7282,2025-07-09,Stock Availability,High,52,7,Current
1772,479,11897,2025-06-16,Wrong Item,Medium,22,7,Future
1773,592,6551,2025-09-08,Late Delivery,Medium,34,5,Current
1774,964,10591,2024-03-28,Order Status,Medium,16,7,Future
1775,807,822,2025-12-05,Late Delivery,High,79,3,Current
1776,755,8711,2024-07-26,Wrong Item,High,30,5,Current
1777,646,7442,2025-02-16,Damaged Product,Medium,83,6,Current
1778,672,9916,2024-07-06,Refund Request,Critical,48,3,Current
1779,344,145,2025-12-16,Late Delivery,Low,82,7,Current
1780,246,4397,2025-05-15,Stock Availability,High,27,3,Current
1781,129,9010,2025-06-04,Stock Availability,Low,67,3,Current
1782,10,10817,2025-08-07,Damaged Product,High,95,5,Current
1783,401,11739,2025-12-28,Order Status,Low,25,9,Future
1784,185,2874,2025-05-02,Refund Request,Medium,74,4,Current
1785,509,9134,2025-11-02,Order Status,Medium,10,9,Future
1786,977,2335,2025-11-15,Late Delivery,Medium,26,5,Current
1787,171,10241,2025-12-28,Order Status,High,11,8,Future
1788,19,7960,2025-01-23,Refund Request,Medium,22,7,Future
1789,812,8510,2025-02-23,Refund Request,Critical,77,4,Current
1790,759,3486,2025-04-07,Stock Availability,Medium,32,8,Future
1791,883,10832,2025-12-27,Stock Availability,Low,11,7,Future
1792,48,11389,2025-12-12,Wrong Item,Medium,27,10,Future
1793,354,8497,2025-09-17,Late Delivery,Low,16,8,Future
1794,750,4209,2025-05-21,Stock Availability,Medium,91,7,Current
1795,634,11238,2025-10-09,Stock Availability,Medium,19,7,Future
1796,684,3774,2025-03-21,Late Delivery,Medium,57,6,Current
1797,518,8135,2025-12-29,Order Status,Low,59,6,Current
1798,212,1341,2025-03-05,Order Status,Medium,9,10,Future
1799,871,2629,2025-09-06,Stock Availability,Medium,45,6,Current
1800,476,4881,2025-08-16,Late Delivery,High,84,5,Current
1801,140,6673,2025-06-29,Wrong Item,High,34,4,Current
1802,771,9199,2025-12-28,Stock Availability,Medium,78,5,Current
1803,950,2421,2025-11-19,Order Status,High,7,8,Future
1804,143,4524,2025-10-26,Stock Availability,High,67,6,Current
1805,978,7824,2025-06-28,Late Delivery,Medium,88,3,Current
1806,307,10363,2024-07-30,Stock Availability,Critical,23,7,Future
1807,98,1337,2024-09-26,Stock Availability,High,29,7,Future
1808,612,3424,2024-09-16,Wrong Item,Low,61,3,Current
1809,315,2638,2025-04-03,Stock Availability,High,77,4,Current
1810,346,11859,2025-12-26,Refund Request,High,22,5,Current
1811,390,647,2025-08-18,Order Status,Medium,32,10,Future
1812,199,9328,2025-11-28,Order Status,Medium,33,7,Future
1813,195,4544,2025-07-12,Refund Request,Low,75,7,Current
1814,804,8409,2025-11-14,Wrong Item,Medium,25,5,Current
1815,395,11561,2025-07-10,Refund Request,Critical,18,9,Future
1816,185,6281,2025-03-13,Stock Availability,Medium,33,4,Current
1817,903,5439,2025-05-04,Order Status,Medium,71,4,Current
1818,745,11073,2025-10-01,Late Delivery,Low,15,9,Future
1819,626,203,2025-09-09,Stock Availability,High,31,4,Current
1820,474,6603,2025-12-08,Late Delivery,Medium,21,9,Future
1821,653,4075,2025-11-21,Order Status,Medium,7,8,Future
1822,612,10707,2025-12-29,Refund Request,High,55,7,Current
1823,986,3867,2025-12-30,Wrong Item,Medium,6,9,Future
1824,508,3468,2025-12-08,Order Status,Low,32,4,Current
1825,501,6564,2025-11-29,Late Delivery,Medium,32,5,Current
1826,462,3974,2025-12-23,Refund Request,Medium,40,4,Current
1827,918,4014,2025-11-14,Late Delivery,Critical,80,3,Current
1828,95,1707,2025-08-30,Stock Availability,Medium,35,7,Current
1829,881,7795,2025-12-24,Damaged Product,High,18,3,Current
1830,506,6140,2025-09-11,Order Status,High,89,7,Current
1831,162,1050,2025-10-25,Order Status,Medium,52,7,Current
1832,894,8465,2025-12-17,Refund Request,Medium,65,5,Current
1833,223,1558,2025-02-22,Refund Request,High,75,6,Current
1834,656,11849,2025-10-21,Late Delivery,Medium,95,7,Current
1835,670,1199,2025-05-06,Late Delivery,Medium,27,7,Future
1836,259,2842,2025-11-19,Order Status,Low,9,7,Future
1837,81,143,2025-01-20,Stock Availability,High,92,6,Current
1838,168,4283,2025-01-03,Stock Availability,High,27,5,Current
1839,97,7835,2025-06-08,Damaged Product,High,85,3,Current
1840,87,1624,2024-09-21,Wrong Item,High,36,9,Future
1841,644,3656,2025-05-01,Late Delivery,Medium,27,5,Current
1842,808,1683,2025-12-28,Late Delivery,Medium,21,3,Current
1843,768,9756,2025-09-20,Late Delivery,High,64,3,Current
1844,547,3910,2025-12-20,Stock Availability,Critical,57,6,Current
1845,14,7433,2025-11-07,Stock Availability,High,15,10,Future
1846,852,11468,2024-10-03,Late Delivery,High,18,3,Current
1847,71,11920,2025-12-29,Refund Request,Medium,68,3,Current
1848,76,4491,2025-10-25,Order Status,Medium,81,3,Current
1849,872,2707,2025-12-19,Stock Availability,High,84,4,Current
1850,709,3232,2025-07-28,Order Status,Medium,72,3,Current
1851,977,8314,2025-11-02,Late Delivery,High,39,3,Current
1852,585,6014,2024-11-29,Late Delivery,Medium,43,3,Current
1853,608,2018,2025-10-30,Order Status,High,35,7,Future
1854,260,7957,2025-02-19,Order Status,Medium,27,9,Future
1855,133,375,2025-05-31,Damaged Product,Medium,63,5,Current
1856,556,6497,2025-07-12,Order Status,High,64,6,Current
1857,239,11316,2025-02-05,Wrong Item,Medium,24,8,Future
1858,211,516,2025-11-13,Refund Request,Medium,75,7,Current
1859,69,4298,2025-02-14,Wrong Item,Medium,14,10,Future
1860,509,314,2025-03-23,Damaged Product,Medium,81,6,Current
1861,98,1337,2025-06-19,Refund Request,Medium,26,10,Future
1862,971,9081,2024-03-18,Order Status,High,29,10,Future
1863,764,6382,2024-08-23,Late Delivery,Medium,36,7,Current
1864,362,5745,2025-09-13,Stock Availability,High,70,6,Current
1865,988,909,2025-12-08,Refund Request,Medium,35,7,Current
1866,122,5228,2024-12-03,Order Status,Critical,53,4,Current
1867,479,5609,2025-03-19,Late Delivery,High,35,9,Future
1868,438,7193,2024-06-21,Order Status,Medium,23,7,Future
1869,378,10843,2025-06-29,Late Delivery,Medium,59,6,Current
1870,905,2689,2025-09-23,Order Status,Medium,9,7,Future
1871,45,3909,2025-05-09,Refund Request,High,94,5,Current
1872,167,9878,2025-07-27,Late Delivery,Medium,18,6,Current
1873,388,2798,2025-02-10,Refund Request,Critical,57,5,Current
1874,788,6774,2024-04-26,Damaged Product,Medium,74,3,Current
1875,807,1713,2025-12-04,Order Status,High,79,4,Current
1876,94,4997,2024-12-16,Refund Request,Critical,34,4,Current
1877,765,7396,2025-01-10,Order Status,Low,37,6,Current
1878,724,2718,2025-12-10,Late Delivery,High,39,4,Current
1879,52,3292,2025-11-17,Stock Availability,Medium,77,5,Current
1880,993,3729,2025-07-26,Wrong Item,Medium,65,5,Current
1881,51,8341,2025-09-16,Refund Request,High,59,7,Current
1882,543,7890,2025-05-26,Stock Availability,Medium,44,5,Current
1883,659,8493,2025-12-27,Order Status,Medium,9,8,Future
1884,639,9321,2025-02-27,Late Delivery,High,10,8,Future
1885,398,11933,2024-10-20,Late Delivery,Medium,36,7,Current
1886,408,6133,2025-10-12,Order Status,Medium,10,8,Future
1887,878,2420,2025-04-13,Stock Availability,Medium,26,7,Future
1888,439,3084,2025-10-01,Order Status,Medium,28,7,Future
1889,398,11158,2025-10-02,Order Status,Critical,29,8,Future
1890,812,5076,2024-10-30,Wrong Item,Critical,17,7,Future
1891,451,5216,2025-05-23,Order Status,Critical,22,8,Future
1892,821,6130,2024-12-14,Refund Request,High,21,5,Current
1893,54,11451,2025-12-14,Refund Request,Critical,39,6,Current
1894,264,3893,2025-07-27,Damaged Product,High,23,7,Current
1895,19,3399,2024-07-12,Order Status,Medium,27,7,Future
1896,762,3840,2025-01-31,Order Status,Critical,21,5,Current
1897,151,11786,2025-12-25,Stock Availability,Low,28,9,Future
1898,3,2684,2025-04-03,Refund Request,High,41,7,Current
1899,825,8044,2025-08-27,Order Status,High,28,10,Future
1900,633,678,2025-10-13,Stock Availability,Low,25,7,Current
1901,49,7242,2025-07-30,Refund Request,High,7,10,Future
1902,563,8210,2025-10-29,Wrong Item,Medium,88,5,Current
1903,308,4323,2025-10-16,Wrong Item,Low,21,7,Future
1904,477,5061,2024-06-08,Damaged Product,Medium,53,4,Current
1905,702,9120,2025-01-09,Late Delivery,Low,51,6,Current
1906,209,3239,2025-08-03,Damaged Product,Medium,21,6,Current
1907,706,6620,2025-09-12,Order Status,Low,38,4,Current
1908,211,10260,2025-06-30,Damaged Product,High,26,7,Future
1909,714,273,2025-10-10,Order Status,Medium,34,8,Future
1910,192,5476,2025-11-08,Wrong Item,Medium,40,4,Current
1911,723,7317,2025-04-15,Refund Request,Critical,76,4,Current
1912,765,5361,2024-12-13,Stock Availability,High,28,5,Current
1913,932,6153,2025-03-02,Late Delivery,Medium,15,7,Future
1914,84,7286,2025-05-24,Order Status,High,83,7,Current
1915,154,521,2025-12-11,Stock Availability,Medium,77,5,Current
1916,322,8303,2025-03-02,Late Delivery,High,95,4,Current
1917,440,9216,2025-01-27,Order Status,Medium,31,5,Current
1918,716,6889,2025-12-05,Damaged Product,High,18,7,Current
1919,506,7406,2025-09-09,Refund Request,Critical,38,5,Current
1920,869,10119,2025-01-04,Late Delivery,Medium,19,5,Current
1921,759,7779,2025-10-30,Order Status,Medium,32,3,Current
1922,631,10962,2025-08-04,Late Delivery,High,38,4,Current
1923,185,7282,2025-03-10,Wrong Item,High,95,4,Current
1924,946,6357,2025-11-15,Wrong Item,High,25,10,Future
1925,435,4282,2025-12-30,Late Delivery,Low,45,4,Current
1926,3,4191,2025-07-05,Refund Request,Low,31,9,Future
1927,256,2295,2025-07-12,Order Status,Low,15,8,Future
1928,807,2275,2025-10-12,Refund Request,Medium,23,4,Current
1929,317,469,2025-09-14,Refund Request,Critical,36,5,Current
1930,460,8731,2025-04-12,Late Delivery,Critical,73,7,Current
1931,585,1640,2025-09-18,Late Delivery,Critical,76,4,Current
1932,476,7761,2025-07-13,Damaged Product,Low,68,3,Current
1933,179,7405,2025-12-19,Late Delivery,Medium,53,3,Current
1934,280,1388,2024-03-08,Late Delivery,Medium,60,7,Current
1935,514,9037,2025-02-05,Order Status,High,54,5,Current
1936,220,184,2025-11-04,Late Delivery,High,41,4,Current
1937,190,1944,2025-07-15,Late Delivery,Medium,75,4,Current
1938,413,9595,2025-11-24,Refund Request,Critical,89,6,Current
1939,794,3092,2025-12-18,Late Delivery,Low,26,6,Current
1940,396,4430,2025-06-04,Stock Availability,High,48,3,Current
1941,396,6431,2025-12-04,Order Status,Medium,16,7,Future
1942,487,6772,2025-06-07,Wrong Item,Medium,46,4,Current
1943,765,6925,2024-10-05,Late Delivery,Low,34,7,Current
1944,319,2998,2025-12-05,Late Delivery,Medium,63,7,Current
1945,24,4750,2025-07-15,Stock Availability,Low,36,5,Current
1946,919,268,2025-08-14,Refund Request,Medium,59,3,Current
1947,238,11128,2025-12-14,Damaged Product,High,29,3,Current
1948,620,9817,2025-10-23,Stock Availability,Medium,16,8,Future
1949,517,4120,2025-12-16,Order Status,High,18,7,Future
1950,63,1300,2025-09-19,Refund Request,Medium,61,5,Current
1951,520,7704,2025-07-01,Refund Request,Critical,71,7,Current
1952,56,8630,2025-09-07,Refund Request,High,30,5,Current
1953,661,1710,2025-10-23,Late Delivery,Low,67,6,Current
1954,742,10131,2025-12-21,Late Delivery,High,61,7,Current
1955,103,2585,2025-11-21,Damaged Product,Low,29,7,Future
1956,447,3289,2025-09-29,Order Status,High,35,7,Current
1957,861,8345,2025-08-23,Refund Request,Medium,30,10,Future
1958,774,5117,2024-05-08,Wrong Item,Critical,35,7,Current
1959,533,1111,2025-12-16,Stock Availability,High,64,5,Current
1960,294,5605,2025-11-23,Order Status,Medium,79,6,Current
1961,595,7123,2025-09-29,Refund Request,High,41,5,Current
1962,330,3169,2025-12-05,Late Delivery,Low,50,5,Current
1963,443,1625,2024-11-07,Order Status,High,36,10,Future
1964,749,5861,2025-11-16,Damaged Product,Medium,23,6,Current
1965,491,2012,2025-10-28,Stock Availability,Low,23,6,Current
1966,119,8616,2025-11-22,Damaged Product,Medium,84,7,Current
1967,8,3594,2025-06-28,Order Status,High,16,9,Future
1968,922,253,2025-09-04,Order Status,High,81,4,Current
1969,136,11529,2025-12-15,Order Status,Low,7,9,Future
1970,493,11617,2025-05-13,Order Status,Critical,16,8,Future
1971,868,429,2025-09-01,Order Status,High,10,9,Future
1972,543,7890,2024-10-19,Refund Request,High,94,6,Current
1973,638,9217,2025-12-27,Late Delivery,Medium,31,9,Future
1974,764,2418,2025-11-29,Order Status,Medium,6,9,Future
1975,785,7586,2025-11-19,Order Status,Low,31,9,Future
1976,832,10402,2025-08-29,Order Status,Medium,8,9,Future
1977,114,3149,2024-08-26,Wrong Item,Critical,70,7,Current
1978,676,762,2025-01-17,Refund Request,Medium,19,7,Current
1979,973,2808,2025-10-17,Stock Availability,Critical,84,6,Current
1980,461,8335,2025-10-20,Refund Request,Low,63,5,Current
1981,866,2926,2025-10-29,Order Status,Medium,16,9,Future
1982,95,11409,2025-11-26,Late Delivery,Medium,24,6,Current
1983,486,2196,2025-06-08,Order Status,High,19,8,Future
1984,111,1695,2025-07-12,Order Status,Medium,25,8,Future
1985,157,6779,2025-05-15,Stock Availability,Medium,73,3,Current
1986,735,10485,2025-08-31,Refund Request,Medium,77,5,Current
1987,295,1327,2025-12-22,Late Delivery,Medium,69,4,Current
1988,230,7926,2025-12-29,Stock Availability,High,52,5,Current
1989,402,929,2025-07-26,Refund Request,Medium,16,7,Future
1990,916,354,2025-08-28,Order Status,Low,18,9,Future
1991,760,1561,2025-12-20,Late Delivery,Medium,46,3,Current
1992,65,3514,2025-12-12,Late Delivery,High,39,7,Current
1993,167,4271,2025-10-06,Stock Availability,Critical,48,5,Current
1994,344,4730,2025-04-17,Order Status,Low,50,3,Current
1995,45,2125,2025-10-06,Refund Request,High,45,7,Current
1996,28,9317,2025-12-15,Order Status,Medium,25,4,Current
1997,916,774,2025-08-21,Late Delivery,Medium,29,6,Current
1998,454,9871,2025-10-22,Damaged Product,Critical,94,5,Current
1999,915,6073,2025-08-31,Stock Availability,Medium,83,6,Current
2000,221,6922,2025-01-17,Late Delivery,Critical,47,3,Current
2001,791,7354,2025-10-15,Late Delivery,High,49,6,Current
2002,533,7875,2025-06-10,Late Delivery,High,21,5,Current
2003,464,3435,2024-11-15,Late Delivery,High,53,3,Current
2004,801,11795,2024-11-27,Stock Availability,High,21,6,Current
2005,970,8534,2025-12-11,Order Status,Medium,16,9,Future
2006,743,3965,2025-08-20,Order Status,Medium,12,9,Future
2007,680,3079,2025-12-21,Stock Availability,High,56,3,Current
2008,955,5431,2024-12-07,Stock Availability,Medium,18,7,Future
2009,495,1564,2025-03-07,Late Delivery,Medium,19,7,Current
2010,137,9034,2025-06-14,Late Delivery,Medium,32,10,Future
2011,493,4672,2025-11-26,Late Delivery,High,41,4,Current
2012,466,11931,2025-08-23,Stock Availability,Medium,10,9,Future
2013,483,11300,2025-10-06,Damaged Product,Medium,70,6,Current
2014,535,9570,2025-11-19,Wrong Item,Critical,9,9,Future
2015,279,4819,2025-12-06,Late Delivery,Medium,84,4,Current
2016,858,8520,2025-12-27,Late Delivery,High,7,8,Future
2017,970,2680,2024-08-07,Stock Availability,Medium,89,3,Current
2018,943,5122,2025-07-21,Wrong Item,Critical,31,9,Future
2019,916,774,2025-09-16,Stock Availability,Low,27,6,Current
2020,167,1013,2025-09-05,Wrong Item,Low,20,8,Future
2021,746,11218,2024-11-20,Order Status,Low,35,7,Future
2022,443,10190,2025-03-12,Refund Request,Medium,82,5,Current
2023,183,6998,2025-08-25,Refund Request,Medium,26,7,Future
2024,998,4196,2025-12-29,Order Status,Critical,77,4,Current
2025,359,6482,2025-12-26,Refund Request,High,55,4,Current
2026,759,9646,2025-11-10,Order Status,High,24,10,Future
2027,995,243,2025-09-01,Order Status,High,75,5,Current
2028,376,11872,2025-12-03,Late Delivery,High,72,4,Current
2029,865,7183,2025-07-09,Late Delivery,High,36,7,Current
2030,733,6009,2025-12-15,Stock Availability,Low,67,4,Current
2031,370,8998,2025-11-22,Late Delivery,High,78,4,Current
2032,702,9120,2025-09-25,Late Delivery,Medium,62,6,Current
2033,336,10856,2025-03-18,Late Delivery,Critical,67,3,Current
2034,265,1903,2025-12-19,Order Status,Medium,22,10,Future
2035,728,5841,2025-08-17,Damaged Product,Low,18,3,Current
2036,912,465,2025-12-28,Wrong Item,Medium,31,10,Future
2037,876,11093,2025-06-05,Late Delivery,Medium,29,10,Future
2038,669,8361,2025-09-10,Stock Availability,High,54,4,Current
2039,351,10878,2025-03-22,Wrong Item,Low,65,6,Current
2040,304,9239,2024-09-02,Wrong Item,Medium,7,9,Future
2041,175,9425,2024-11-23,Stock Availability,Medium,81,3,Current
2042,824,282,2025-08-04,Stock Availability,High,46,6,Current
2043,882,6240,2024-06-29,Refund Request,Medium,34,4,Current
2044,742,4717,2025-12-07,Late Delivery,Medium,25,3,Current
2045,665,11672,2025-06-27,Late Delivery,Medium,68,5,Current
2046,40,8348,2025-09-26,Late Delivery,High,84,3,Current
2047,102,6633,2025-02-21,Late Delivery,Medium,94,5,Current
2048,869,1690,2024-10-10,Late Delivery,Low,59,6,Current
2049,509,11277,2025-11-05,Order Status,High,78,3,Current
2050,55,6562,2025-02-07,Damaged Product,Medium,41,4,Current
2051,786,4056,2025-06-09,Damaged Product,Medium,55,4,Current
2052,432,3916,2024-11-18,Order Status,Medium,46,6,Current
2053,904,1059,2025-08-31,Late Delivery,High,82,6,Current
2054,597,7866,2025-10-04,Late Delivery,Medium,31,10,Future
2055,311,2768,2025-05-24,Order Status,Medium,49,5,Current
2056,376,1114,2025-06-22,Late Delivery,Medium,63,4,Current
2057,548,1913,2025-01-21,Late Delivery,Medium,52,6,Current
2058,183,11655,2025-09-06,Refund Request,Critical,35,6,Current
2059,677,3681,2024-10-25,Damaged Product,High,91,6,Current
2060,302,3170,2025-06-06,Late Delivery,Medium,71,5,Current
2061,8,8176,2025-12-18,Refund Request,Medium,8,9,Future
2062,296,2470,2025-05-18,Order Status,Medium,24,5,Current
2063,164,2657,2025-06-14,Wrong Item,Medium,28,7,Future
2064,210,616,2025-11-02,Stock Availability,High,72,7,Current
2065,516,1275,2025-10-13,Refund Request,Medium,28,6,Current
2066,477,5621,2025-09-25,Order Status,Medium,34,7,Future
2067,350,2034,2025-06-14,Stock Availability,Low,21,3,Current
2068,294,4913,2025-12-30,Damaged Product,Medium,38,4,Current
2069,499,8359,2025-08-24,Damaged Product,Low,61,3,Current
2070,698,4419,2024-11-28,Late Delivery,High,96,5,Current
2071,777,11858,2025-11-14,Damaged Product,High,18,3,Current
2072,21,9564,2025-10-22,Stock Availability,Low,20,4,Current
2073,27,10460,2025-10-29,Stock Availability,Low,56,3,Current
2074,807,1713,2025-11-08,Late Delivery,Medium,25,7,Current
2075,911,2850,2025-12-18,Late Delivery,High,64,7,Current
2076,771,11727,2025-11-25,Stock Availability,Medium,27,8,Future
2077,936,7505,2024-11-01,Order Status,Critical,35,7,Future
2078,405,6422,2025-02-09,Late Delivery,Medium,24,3,Current
2079,660,6968,2025-09-07,Refund Request,Low,23,9,Future
2080,621,3333,2025-02-23,Refund Request,Medium,69,5,Current
2081,976,3768,2025-01-14,Order Status,Critical,36,9,Future
2082,627,9468,2025-10-15,Late Delivery,Medium,48,4,Current
2083,898,7205,2025-12-22,Damaged Product,High,91,6,Current
2084,804,1670,2024-10-23,Wrong Item,Medium,32,7,Future
2085,930,1235,2025-08-22,Wrong Item,Low,24,10,Future
2086,652,3723,2024-12-27,Refund Request,Low,25,4,Current
2087,829,3569,2025-08-03,Refund Request,Critical,79,6,Current
2088,761,776,2025-07-11,Refund Request,Low,12,7,Future
2089,335,8209,2025-11-17,Order Status,High,91,6,Current
2090,653,10070,2025-12-27,Refund Request,Medium,58,4,Current
2091,506,11591,2025-05-16,Order Status,Medium,55,4,Current
2092,482,399,2025-12-29,Wrong Item,Medium,62,3,Current
2093,775,8233,2025-12-30,Stock Availability,Medium,46,3,Current
2094,255,372,2024-04-02,Refund Request,Low,13,7,Future
2095,379,10689,2025-11-22,Stock Availability,Medium,76,3,Current
2096,396,5770,2025-12-16,Damaged Product,High,10,8,Future
2097,674,8869,2025-10-06,Late Delivery,High,42,3,Current
2098,744,4244,2025-06-29,Late Delivery,Medium,24,8,Future
2099,826,7500,2025-10-12,Refund Request,Critical,31,7,Current
2100,893,1257,2024-07-27,Late Delivery,Medium,58,6,Current
2101,994,5975,2025-04-09,Stock Availability,Low,19,10,Future
2102,646,880,2025-11-06,Order Status,Medium,13,8,Future
2103,546,6660,2025-09-06,Late Delivery,Medium,65,4,Current
2104,140,89,2025-12-26,Refund Request,High,70,4,Current
2105,425,10972,2025-09-23,Order Status,High,18,8,Future
2106,177,5907,2025-08-12,Order Status,Low,22,7,Future
2107,151,2659,2025-07-20,Order Status,Medium,85,4,Current
2108,560,3504,2024-05-07,Late Delivery,Medium,79,7,Current
2109,468,6785,2025-12-16,Order Status,Critical,7,8,Future
2110,181,11148,2025-09-17,Refund Request,Medium,85,6,Current
2111,759,3486,2025-05-21,Order Status,High,22,8,Future
2112,612,467,2025-01-21,Order Status,Low,23,8,Future
2113,566,8200,2025-10-07,Order Status,Medium,17,7,Future
2114,388,1115,2025-11-20,Order Status,Medium,14,10,Future
2115,783,1281,2025-09-09,Refund Request,Low,89,6,Current
2116,851,11340,2025-10-06,Late Delivery,Low,79,6,Current
2117,83,6344,2025-06-19,Order Status,High,18,3,Current
2118,187,6800,2025-02-17,Stock Availability,High,52,7,Current
2119,948,11388,2025-06-18,Wrong Item,Critical,33,9,Future
2120,606,9920,2024-08-17,Stock Availability,High,31,6,Current
2121,511,2953,2025-09-30,Refund Request,High,30,4,Current
2122,411,1879,2025-09-30,Late Delivery,Low,43,6,Current
2123,185,7282,2025-07-27,Late Delivery,High,66,5,Current
2124,915,6073,2024-07-31,Late Delivery,Critical,63,7,Current
2125,557,10488,2025-01-23,Order Status,Medium,21,8,Future
2126,53,5834,2025-08-17,Late Delivery,Medium,27,9,Future
2127,591,7760,2025-12-21,Refund Request,High,75,5,Current
2128,811,11707,2024-10-23,Wrong Item,High,32,6,Current
2129,33,5858,2025-07-24,Order Status,High,21,9,Future
2130,813,1637,2025-06-06,Late Delivery,Low,53,6,Current
2131,611,2632,2025-09-13,Late Delivery,High,54,3,Current
2132,207,2044,2025-03-20,Order Status,Critical,79,7,Current
2133,570,3977,2025-12-30,Late Delivery,Medium,10,7,Future
2134,642,11557,2025-08-14,Late Delivery,Critical,33,6,Current
2135,648,11951,2025-11-05,Refund Request,High,42,3,Current
2136,558,2062,2025-08-08,Damaged Product,High,54,4,Current
2137,335,4032,2025-09-22,Order Status,Medium,33,5,Current
2138,987,6084,2024-10-09,Late Delivery,High,86,3,Current
2139,474,128,2025-03-03,Order Status,High,7,8,Future
2140,309,3228,2025-12-10,Order Status,Critical,13,10,Future
2141,703,2532,2025-04-07,Late Delivery,High,65,6,Current
2142,347,2885,2025-06-01,Order Status,Critical,66,3,Current
2143,298,2529,2025-10-21,Late Delivery,Medium,31,4,Current
2144,160,1784,2024-12-21,Late Delivery,High,77,4,Current
2145,158,7860,2025-08-09,Stock Availability,Medium,80,4,Current
2146,625,9051,2025-12-13,Late Delivery,Low,71,6,Current
2147,714,5672,2025-01-31,Order Status,Medium,89,3,Current
2148,933,9994,2025-01-20,Order Status,Medium,21,9,Future
2149,237,6592,2025-10-31,Order Status,Low,28,9,Future
2150,810,2815,2025-01-01,Refund Request,Critical,79,4,Current
2151,805,6745,2025-10-29,Late Delivery,Low,24,3,Current
2152,637,3388,2025-05-05,Refund Request,Medium,71,7,Current
2153,200,9265,2025-04-28,Refund Request,High,93,7,Current
2154,630,6698,2025-11-13,Damaged Product,Low,80,5,Current
2155,791,7354,2025-05-27,Late Delivery,High,18,3,Current
2156,446,3165,2024-09-14,Order Status,Medium,34,7,Future
2157,649,11235,2024-10-12,Order Status,High,42,3,Current
2158,775,10167,2024-09-19,Damaged Product,High,29,7,Current
2159,506,7220,2025-10-10,Stock Availability,Medium,72,3,Current
2160,895,10669,2025-11-19,Stock Availability,Medium,48,5,Current
2161,402,2380,2025-12-27,Late Delivery,Low,24,8,Future
2162,464,4807,2025-11-11,Refund Request,High,30,10,Future
2163,86,9360,2025-12-15,Late Delivery,Critical,32,4,Current
2164,300,6358,2025-08-06,Late Delivery,Medium,64,6,Current
2165,577,3395,2025-10-22,Late Delivery,Medium,59,3,Current
2166,983,8402,2025-11-02,Refund Request,High,96,4,Current
2167,358,6983,2025-02-01,Refund Request,Critical,90,4,Current
2168,545,7685,2025-12-22,Stock Availability,Medium,47,4,Current
2169,888,8619,2025-04-01,Late Delivery,Critical,68,4,Current
2170,308,7465,2025-08-22,Refund Request,High,26,6,Current
2171,892,5518,2025-10-15,Stock Availability,High,24,9,Future
2172,90,9329,2025-11-07,Late Delivery,Critical,85,4,Current
2173,221,8075,2025-07-12,Refund Request,High,54,3,Current
2174,492,6055,2025-10-31,Refund Request,High,39,6,Current
2175,462,8113,2025-12-01,Refund Request,Critical,54,4,Current
2176,104,10261,2025-10-18,Order Status,Low,24,6,Current
2177,356,7998,2025-02-13,Late Delivery,High,65,3,Current
2178,85,1029,2025-10-12,Late Delivery,Medium,79,3,Current
2179,577,952,2025-12-19,Refund Request,Critical,56,6,Current
2180,717,9911,2024-06-20,Stock Availability,Medium,24,8,Future
2181,966,10532,2025-09-07,Late Delivery,Critical,59,5,Current
2182,814,3245,2025-09-12,Refund Request,Low,18,9,Future
2183,410,9759,2025-03-29,Order Status,Low,84,7,Current
2184,840,458,2025-11-11,Wrong Item,Critical,34,9,Future
2185,505,183,2025-12-21,Stock Availability,High,59,3,Current
2186,567,6279,2025-12-02,Stock Availability,High,35,5,Current
2187,902,10289,2025-08-09,Order Status,Critical,26,4,Current
2188,749,5041,2024-05-06,Damaged Product,Medium,57,6,Current
2189,658,7801,2025-09-27,Stock Availability,High,52,3,Current
2190,508,7917,2025-05-03,Order Status,Medium,24,6,Current
2191,484,11636,2025-06-30,Stock Availability,Medium,33,8,Future
2192,248,7765,2024-03-12,Order Status,Medium,42,6,Current
2193,422,4403,2025-11-07,Damaged Product,High,92,3,Current
2194,449,2065,2025-08-31,Stock Availability,Medium,45,6,Current
2195,117,935,2025-10-12,Late Delivery,Low,46,5,Current
2196,894,10998,2025-03-14,Late Delivery,Medium,57,4,Current
2197,435,965,2025-11-11,Refund Request,Medium,60,7,Current
2198,95,651,2025-07-27,Damaged Product,Medium,69,5,Current
2199,139,4914,2025-12-11,Damaged Product,Medium,83,4,Current
2200,780,9749,2025-12-08,Refund Request,Critical,38,7,Current
