shipment_id,supplier_id,product_id,store_id,planned_ship_date,planned_arrival_date,actual_arrival_date,shipment_quantity,shipment_cost,delay_days,shipment_status,scenario_phase
1,7,116,6,2024-12-28,2025-01-12,2025-01-20,383,6098.51,8,Delayed,Current
2,8,9,2,2024-11-03,2024-11-19,2024-11-29,637,8488.94,10,Delayed,Current
3,14,112,3,2025-06-20,2025-07-03,2025-07-03,246,5051.07,0,On Time,Current
4,12,80,3,2025-12-10,2025-12-22,2025-12-24,469,4895.45,2,Delayed,Future
5,15,113,5,2024-11-16,2024-11-25,2024-11-27,566,8106.75,2,Delayed,Future
6,4,109,1,2024-06-17,2024-06-24,2024-07-04,148,1979.47,10,Delayed,Current
7,1,65,2,2025-05-12,2025-05-29,2025-06-01,232,1532.89,3,Delayed,Current
8,13,86,3,2025-04-30,2025-05-13,2025-05-19,347,8167.62,6,Delayed,Current
9,11,92,3,2025-04-19,2025-05-02,2025-05-05,488,1956.79,3,Delayed,Current
10,6,19,6,2024-10-03,2024-10-12,2024-10-12,647,1838.94,0,On Time,Future
11,20,93,4,2024-10-28,2024-11-07,2024-11-08,298,4849.9,1,Delayed,Future
12,9,41,1,2025-08-07,2025-08-16,2025-08-16,491,3269.42,0,On Time,Current
13,11,58,5,2024-10-10,2024-10-17,2024-10-19,576,5761.79,2,Delayed,Future
14,13,23,6,2025-06-17,2025-06-29,2025-06-30,667,997.85,1,Delayed,Future
15,8,1,3,2025-03-23,2025-03-28,2025-03-29,679,3508.13,1,Delayed,Future
16,5,84,6,2025-11-03,2025-11-14,2025-11-14,661,801.06,0,On Time,Current
17,8,43,6,2025-04-03,2025-04-17,2025-04-23,279,6649.1,6,Delayed,Current
18,4,110,2,2025-08-01,2025-08-18,2025-08-26,413,4391.53,8,Delayed,Current
19,5,36,6,2024-04-09,2024-04-20,2024-04-28,655,5117.37,8,Delayed,Current
20,5,109,5,2024-05-16,2024-05-22,2024-05-26,329,5303.35,4,Delayed,Current
21,17,53,6,2025-08-26,2025-08-31,2025-09-10,636,1638.05,10,Delayed,Current
22,7,91,4,2025-10-24,2025-11-02,2025-11-02,467,4619.01,0,On Time,Current
23,14,92,6,2024-10-12,2024-10-25,2024-10-25,130,5905.74,0,On Time,Future
24,11,5,2,2024-12-07,2024-12-22,2024-12-25,124,4032.83,3,Delayed,Current
25,10,66,1,2024-11-03,2024-11-10,2024-11-11,610,8823.65,1,Delayed,Future
26,19,34,1,2024-08-22,2024-09-02,2024-09-12,132,3612.56,10,Delayed,Current
27,9,7,6,2024-04-08,2024-04-13,2024-04-23,514,2864.7,10,Delayed,Current
28,13,19,2,2025-11-13,2025-11-27,2025-12-06,197,7393.54,9,Delayed,Current
29,1,20,6,2024-11-10,2024-11-24,2024-11-29,670,5906.37,5,Delayed,Current
30,4,100,6,2025-07-27,2025-08-12,2025-08-14,587,954.58,2,Delayed,Future
31,2,77,1,2024-08-08,2024-08-18,2024-08-18,137,4690.63,0,On Time,Future
32,14,106,1,2024-02-27,2024-03-06,2024-03-13,481,7377.29,7,Delayed,Current
33,4,74,2,2025-03-26,2025-04-07,2025-04-10,251,5550.18,3,Delayed,Current
34,13,19,6,2024-04-30,2024-05-08,2024-05-17,443,7909.63,9,Delayed,Current
35,15,76,6,2024-10-08,2024-10-13,2024-10-14,621,8670.3,1,Delayed,Current
36,2,73,6,2024-12-21,2025-01-02,2025-01-02,599,5652.0,0,On Time,Future
37,7,73,2,2024-03-09,2024-03-24,2024-04-03,363,8467.38,10,Delayed,Current
38,2,15,6,2024-07-09,2024-07-22,2024-07-24,221,6382.14,2,Delayed,Current
39,15,15,6,2025-08-03,2025-08-08,2025-08-08,645,3326.78,0,On Time,Future
40,12,10,4,2025-05-20,2025-05-29,2025-05-30,530,2194.85,1,Delayed,Future
41,13,24,6,2024-07-14,2024-07-22,2024-07-24,77,4445.55,2,Delayed,Future
42,12,55,2,2024-09-23,2024-10-10,2024-10-12,289,7726.48,2,Delayed,Future
43,18,100,3,2024-01-16,2024-01-30,2024-02-08,360,1171.11,9,Delayed,Current
44,17,92,6,2025-01-29,2025-02-10,2025-02-10,243,3663.07,0,On Time,Future
45,6,68,2,2025-08-15,2025-08-28,2025-08-30,543,8830.1,2,Delayed,Future
46,18,62,1,2024-06-13,2024-06-27,2024-06-27,267,6916.45,0,On Time,Current
47,4,2,1,2024-10-24,2024-11-04,2024-11-04,551,1180.94,0,On Time,Future
48,4,74,6,2024-10-19,2024-10-25,2024-11-01,413,4520.01,7,Delayed,Current
49,7,81,3,2024-06-08,2024-06-17,2024-06-22,352,2560.19,5,Delayed,Current
50,1,2,6,2025-11-30,2025-12-11,2025-12-11,574,2901.84,0,On Time,Future
51,15,113,6,2024-07-23,2024-08-03,2024-08-10,217,5562.02,7,Delayed,Current
52,12,37,5,2024-01-12,2024-01-21,2024-01-22,130,4187.53,1,Delayed,Future
53,4,23,4,2024-02-12,2024-02-29,2024-02-29,500,1534.7,0,On Time,Future
54,13,37,6,2025-11-29,2025-12-09,2025-12-10,593,3909.78,1,Delayed,Future
55,1,35,1,2025-07-05,2025-07-20,2025-07-26,535,4877.64,6,Delayed,Current
56,5,83,6,2025-12-02,2025-12-18,2025-12-25,350,2543.2,7,Delayed,Current
57,17,37,6,2024-05-24,2024-05-29,2024-05-30,199,4053.47,1,Delayed,Future
58,11,106,6,2025-08-08,2025-08-24,2025-08-26,306,5700.33,2,Delayed,Current
59,3,51,1,2025-11-14,2025-11-28,2025-12-05,393,1517.85,7,Delayed,Current
60,5,51,5,2024-01-23,2024-02-09,2024-02-09,86,7941.08,0,On Time,Current
61,13,16,6,2025-09-16,2025-09-27,2025-09-28,64,4274.18,1,Delayed,Future
62,3,13,4,2024-07-08,2024-07-15,2024-07-22,368,2173.41,7,Delayed,Current
63,18,8,1,2025-04-14,2025-04-27,2025-04-28,405,3854.49,1,Delayed,Future
64,3,36,6,2024-12-01,2024-12-12,2024-12-13,237,7873.87,1,Delayed,Future
65,8,117,4,2025-09-07,2025-09-13,2025-09-15,472,5680.76,2,Delayed,Future
66,5,86,5,2025-11-18,2025-11-27,2025-11-30,338,1679.67,3,Delayed,Current
67,9,14,4,2025-06-26,2025-07-02,2025-07-03,261,8195.23,1,Delayed,Future
68,18,11,5,2024-10-14,2024-10-24,2024-10-24,200,2727.32,0,On Time,Future
69,11,108,6,2024-10-13,2024-10-21,2024-10-23,478,6368.46,2,Delayed,Current
70,6,111,6,2025-01-24,2025-02-10,2025-02-12,421,2514.51,2,Delayed,Future
71,5,55,2,2025-09-22,2025-10-03,2025-10-05,410,4430.91,2,Delayed,Current
72,6,56,2,2024-11-15,2024-11-23,2024-11-23,296,8295.19,0,On Time,Future
73,20,32,2,2024-05-28,2024-06-14,2024-06-15,294,5572.03,1,Delayed,Future
74,14,73,6,2025-06-03,2025-06-13,2025-06-14,501,3064.05,1,Delayed,Future
75,12,106,5,2025-08-23,2025-08-29,2025-08-29,110,4709.66,0,On Time,Future
76,5,76,6,2024-01-28,2024-02-04,2024-02-06,434,6951.77,2,Delayed,Future
77,17,36,4,2025-06-27,2025-07-03,2025-07-05,343,8657.25,2,Delayed,Future
78,10,35,6,2025-12-25,2025-12-31,2026-01-04,638,2434.54,4,Delayed,Current
79,8,50,6,2025-11-23,2025-11-29,2025-11-29,357,4704.92,0,On Time,Future
80,16,83,2,2025-03-20,2025-04-01,2025-04-02,237,1516.67,1,Delayed,Future
81,8,22,6,2025-09-06,2025-09-11,2025-09-15,268,5472.54,4,Delayed,Current
82,2,78,3,2024-10-11,2024-10-18,2024-10-18,581,6152.1,0,On Time,Future
83,13,6,1,2024-05-10,2024-05-17,2024-05-17,266,4803.0,0,On Time,Future
84,12,116,1,2025-04-18,2025-04-25,2025-05-01,529,1217.95,6,Delayed,Current
85,6,50,2,2025-03-13,2025-03-28,2025-03-28,115,8455.35,0,On Time,Future
86,11,81,6,2024-02-23,2024-03-03,2024-03-05,533,6277.42,2,Delayed,Future
87,14,104,6,2024-05-18,2024-05-25,2024-05-28,104,8292.84,3,Delayed,Current
88,1,9,6,2025-09-28,2025-10-09,2025-10-16,288,4948.35,7,Delayed,Current
89,8,59,6,2024-02-09,2024-02-20,2024-02-21,260,6638.03,1,Delayed,Current
90,1,75,2,2024-06-09,2024-06-19,2024-06-20,403,5406.28,1,Delayed,Current
91,8,17,6,2025-08-01,2025-08-17,2025-08-18,317,6626.67,1,Delayed,Future
92,18,77,5,2024-03-02,2024-03-14,2024-03-14,497,4760.71,0,On Time,Current
93,3,106,6,2024-10-31,2024-11-15,2024-11-24,542,5704.81,9,Delayed,Current
94,7,78,6,2024-02-14,2024-02-19,2024-02-21,218,1050.15,2,Delayed,Future
95,9,90,4,2024-10-23,2024-10-29,2024-10-31,510,8082.77,2,Delayed,Future
96,6,42,6,2025-11-24,2025-12-04,2025-12-06,152,4568.32,2,Delayed,Future
97,20,50,1,2025-05-23,2025-06-04,2025-06-04,266,5703.22,0,On Time,Future
98,8,1,1,2025-04-19,2025-05-04,2025-05-09,652,3574.6,5,Delayed,Current
99,9,33,6,2025-06-11,2025-06-18,2025-06-22,229,3949.43,4,Delayed,Current
100,4,8,3,2024-07-02,2024-07-16,2024-07-25,188,8529.6,9,Delayed,Current
101,2,73,6,2025-05-14,2025-05-19,2025-05-21,417,3497.13,2,Delayed,Current
102,15,90,3,2024-07-27,2024-08-03,2024-08-10,417,6037.12,7,Delayed,Current
103,11,76,2,2025-02-24,2025-03-13,2025-03-17,207,3975.93,4,Delayed,Current
104,2,106,6,2025-09-21,2025-10-03,2025-10-05,379,3051.59,2,Delayed,Future
105,2,97,3,2024-09-18,2024-10-03,2024-10-03,284,1248.09,0,On Time,Future
106,8,111,2,2025-02-19,2025-03-01,2025-03-06,328,8991.16,5,Delayed,Current
107,20,11,2,2025-04-19,2025-04-26,2025-05-06,153,8560.47,10,Delayed,Current
108,11,118,6,2024-06-11,2024-06-23,2024-06-28,425,6348.17,5,Delayed,Current
109,9,20,3,2024-08-08,2024-08-23,2024-08-24,90,1479.92,1,Delayed,Future
110,2,41,4,2024-12-21,2024-12-30,2024-12-31,282,4028.06,1,Delayed,Current
111,6,1,6,2024-06-04,2024-06-15,2024-06-18,367,6620.85,3,Delayed,Current
112,5,93,1,2024-09-10,2024-09-26,2024-10-01,73,2235.83,5,Delayed,Current
113,8,119,1,2025-07-31,2025-08-15,2025-08-24,641,6498.57,9,Delayed,Current
114,17,112,6,2024-02-27,2024-03-11,2024-03-11,385,1552.06,0,On Time,Current
115,11,46,4,2024-12-09,2024-12-16,2024-12-17,329,7978.79,1,Delayed,Future
116,4,40,1,2025-10-04,2025-10-18,2025-10-18,615,893.22,0,On Time,Future
117,14,20,6,2025-12-01,2025-12-12,2025-12-15,440,1166.33,3,Delayed,Current
118,14,17,4,2024-12-03,2024-12-15,2024-12-22,100,3562.59,7,Delayed,Current
119,11,61,6,2024-08-30,2024-09-16,2024-09-25,88,3721.98,9,Delayed,Current
120,7,55,6,2024-02-02,2024-02-10,2024-02-19,652,8581.86,9,Delayed,Current
121,14,31,1,2025-09-25,2025-10-02,2025-10-05,407,8722.66,3,Delayed,Current
122,14,105,4,2025-08-03,2025-08-09,2025-08-16,96,1096.8,7,Delayed,Current
123,6,11,2,2024-03-01,2024-03-16,2024-03-16,172,7078.01,0,On Time,Future
124,8,76,6,2024-09-20,2024-10-02,2024-10-02,567,2896.98,0,On Time,Current
125,3,97,6,2024-06-16,2024-06-22,2024-06-22,470,6594.73,0,On Time,Future
126,10,25,6,2025-07-07,2025-07-23,2025-07-24,281,4304.05,1,Delayed,Future
127,11,69,6,2025-10-07,2025-10-14,2025-10-20,307,4829.44,6,Delayed,Current
128,15,94,6,2024-07-23,2024-07-28,2024-08-04,289,5617.75,7,Delayed,Current
129,9,53,5,2025-11-16,2025-11-23,2025-11-27,282,2994.78,4,Delayed,Current
130,12,112,2,2025-09-29,2025-10-13,2025-10-13,309,3753.01,0,On Time,Future
131,10,33,5,2024-04-15,2024-04-23,2024-04-25,124,6768.32,2,Delayed,Current
132,14,52,2,2025-06-12,2025-06-22,2025-07-02,457,4253.47,10,Delayed,Current
133,11,82,2,2025-06-20,2025-06-28,2025-06-29,411,2578.94,1,Delayed,Future
134,14,47,6,2025-01-25,2025-02-01,2025-02-04,89,1752.05,3,Delayed,Current
135,9,106,6,2025-06-12,2025-06-23,2025-06-30,544,4435.61,7,Delayed,Current
136,1,81,3,2025-04-26,2025-05-09,2025-05-17,331,8009.35,8,Delayed,Current
137,7,5,6,2024-01-21,2024-02-02,2024-02-04,678,5864.93,2,Delayed,Future
138,18,69,6,2025-05-10,2025-05-19,2025-05-21,169,8941.06,2,Delayed,Current
139,1,115,6,2024-05-29,2024-06-11,2024-06-12,266,1987.0,1,Delayed,Future
140,15,113,3,2024-02-16,2024-02-25,2024-03-06,229,2223.23,10,Delayed,Current
141,20,20,6,2025-05-06,2025-05-13,2025-05-15,410,6982.63,2,Delayed,Future
142,12,108,2,2025-06-13,2025-06-22,2025-06-26,628,2116.41,4,Delayed,Current
143,13,93,6,2024-08-16,2024-08-24,2024-08-26,437,3221.75,2,Delayed,Current
144,19,51,6,2024-11-30,2024-12-15,2024-12-16,137,7924.06,1,Delayed,Future
145,20,3,3,2025-05-29,2025-06-10,2025-06-17,379,5847.79,7,Delayed,Current
146,8,73,1,2025-05-16,2025-05-24,2025-05-30,583,3129.13,6,Delayed,Current
147,8,92,3,2024-10-11,2024-10-26,2024-10-31,633,4972.01,5,Delayed,Current
148,14,19,6,2024-07-27,2024-08-01,2024-08-06,653,7538.52,5,Delayed,Current
149,18,45,5,2025-02-08,2025-02-25,2025-03-07,626,4023.36,10,Delayed,Current
150,2,108,1,2024-12-29,2025-01-14,2025-01-16,243,5274.45,2,Delayed,Future
151,19,113,2,2024-05-14,2024-05-26,2024-05-26,264,3981.84,0,On Time,Current
152,1,102,1,2025-07-04,2025-07-17,2025-07-18,189,7534.2,1,Delayed,Future
153,4,29,6,2024-04-24,2024-05-10,2024-05-16,408,5993.72,6,Delayed,Current
154,7,3,6,2025-12-16,2026-01-01,2026-01-01,462,7628.61,0,On Time,Future
155,5,31,6,2024-07-24,2024-07-30,2024-07-30,624,1161.07,0,On Time,Future
156,14,86,6,2024-02-09,2024-02-24,2024-02-25,402,1519.03,1,Delayed,Future
157,8,62,6,2025-02-23,2025-02-28,2025-03-01,96,6655.17,1,Delayed,Current
158,19,61,1,2024-12-03,2024-12-18,2024-12-27,258,2799.28,9,Delayed,Current
159,16,21,1,2025-02-21,2025-03-03,2025-03-07,85,7005.8,4,Delayed,Current
160,7,42,5,2025-11-16,2025-12-02,2025-12-02,123,7267.08,0,On Time,Current
161,14,105,6,2025-03-06,2025-03-13,2025-03-19,645,6517.77,6,Delayed,Current
162,12,52,6,2025-03-03,2025-03-20,2025-03-23,439,8637.69,3,Delayed,Current
163,18,58,6,2024-08-26,2024-09-04,2024-09-07,416,8698.45,3,Delayed,Current
164,20,77,6,2025-11-08,2025-11-17,2025-11-19,603,1124.36,2,Delayed,Future
165,13,29,1,2024-11-27,2024-12-07,2024-12-09,166,8210.62,2,Delayed,Future
166,6,48,1,2024-01-16,2024-01-30,2024-02-01,316,6776.18,2,Delayed,Future
167,20,69,6,2024-01-30,2024-02-10,2024-02-20,590,7709.94,10,Delayed,Current
168,18,12,6,2024-06-08,2024-06-15,2024-06-15,132,3444.06,0,On Time,Future
169,8,18,3,2024-01-18,2024-01-29,2024-01-30,336,4766.77,1,Delayed,Current
170,9,53,6,2024-05-31,2024-06-12,2024-06-20,321,1488.14,8,Delayed,Current
171,5,7,2,2025-11-20,2025-12-02,2025-12-04,369,5894.89,2,Delayed,Future
172,2,22,6,2024-11-14,2024-11-24,2024-11-25,308,2900.28,1,Delayed,Future
173,17,27,4,2024-10-01,2024-10-07,2024-10-14,283,8141.59,7,Delayed,Current
174,5,24,4,2025-03-18,2025-03-26,2025-03-28,168,1327.9,2,Delayed,Future
175,7,2,4,2025-06-10,2025-06-15,2025-06-17,272,4422.19,2,Delayed,Future
176,1,10,6,2024-02-15,2024-02-27,2024-02-28,589,1198.26,1,Delayed,Current
177,6,79,6,2025-05-15,2025-05-23,2025-06-01,499,3186.21,9,Delayed,Current
178,16,58,2,2025-10-17,2025-11-03,2025-11-05,353,8228.79,2,Delayed,Current
179,3,114,6,2025-01-07,2025-01-14,2025-01-20,517,4180.8,6,Delayed,Current
180,3,89,6,2025-10-06,2025-10-20,2025-10-30,415,2586.31,10,Delayed,Current
181,13,119,6,2025-12-24,2025-12-31,2026-01-07,477,1944.56,7,Delayed,Current
182,19,60,2,2024-07-25,2024-08-07,2024-08-12,457,2031.96,5,Delayed,Current
183,1,61,2,2025-05-02,2025-05-18,2025-05-18,337,5657.7,0,On Time,Current
184,13,84,6,2024-03-20,2024-03-26,2024-03-30,498,6599.54,4,Delayed,Current
185,12,1,3,2024-09-01,2024-09-07,2024-09-08,152,6499.87,1,Delayed,Future
186,16,27,2,2025-01-26,2025-02-10,2025-02-14,398,2708.69,4,Delayed,Current
187,15,41,1,2025-03-17,2025-03-28,2025-03-28,433,4991.53,0,On Time,Current
188,7,60,2,2024-10-10,2024-10-27,2024-11-06,417,6856.8,10,Delayed,Current
189,2,50,6,2025-09-29,2025-10-10,2025-10-13,585,6919.61,3,Delayed,Current
190,15,95,2,2024-06-18,2024-06-25,2024-07-05,365,3000.03,10,Delayed,Current
191,20,59,6,2024-02-07,2024-02-18,2024-02-21,401,6841.75,3,Delayed,Current
192,12,1,3,2024-04-07,2024-04-13,2024-04-14,629,3684.57,1,Delayed,Future
193,15,81,3,2025-08-04,2025-08-18,2025-08-27,429,7036.68,9,Delayed,Current
194,17,114,5,2025-11-17,2025-11-25,2025-11-27,161,3280.34,2,Delayed,Future
195,12,103,5,2024-02-04,2024-02-16,2024-02-18,96,8068.7,2,Delayed,Future
196,10,54,3,2025-07-17,2025-07-28,2025-07-30,514,5013.14,2,Delayed,Future
197,15,98,2,2024-08-12,2024-08-27,2024-08-28,639,8597.34,1,Delayed,Current
198,9,54,6,2024-01-11,2024-01-28,2024-02-01,408,6238.59,4,Delayed,Current
199,6,83,6,2024-03-28,2024-04-07,2024-04-09,580,8687.63,2,Delayed,Future
200,9,86,1,2025-12-23,2025-12-29,2025-12-29,452,5348.57,0,On Time,Current
201,10,115,6,2024-08-11,2024-08-18,2024-08-27,694,2194.29,9,Delayed,Current
202,7,11,4,2024-11-09,2024-11-26,2024-11-28,353,8021.16,2,Delayed,Future
203,12,48,6,2025-09-28,2025-10-15,2025-10-17,295,6538.06,2,Delayed,Future
204,18,41,6,2025-04-01,2025-04-12,2025-04-21,628,4894.13,9,Delayed,Current
205,11,94,5,2024-01-01,2024-01-11,2024-01-17,618,3048.18,6,Delayed,Current
206,10,14,1,2024-09-22,2024-10-06,2024-10-06,133,8910.95,0,On Time,Future
207,11,34,6,2025-01-14,2025-01-29,2025-02-07,556,5402.65,9,Delayed,Current
208,6,82,6,2024-06-20,2024-06-27,2024-06-27,170,3225.21,0,On Time,Current
209,16,52,2,2024-08-06,2024-08-18,2024-08-21,177,7863.85,3,Delayed,Current
210,12,61,3,2025-05-21,2025-06-07,2025-06-09,589,3042.49,2,Delayed,Future
211,11,76,1,2024-07-21,2024-07-28,2024-08-03,599,3048.86,6,Delayed,Current
212,18,105,4,2025-08-08,2025-08-14,2025-08-16,524,1773.24,2,Delayed,Future
213,12,15,4,2025-10-06,2025-10-20,2025-10-22,208,1198.57,2,Delayed,Future
214,14,24,4,2024-04-02,2024-04-15,2024-04-16,474,4101.44,1,Delayed,Current
215,4,67,6,2024-09-14,2024-09-28,2024-09-30,340,7044.5,2,Delayed,Future
216,20,49,4,2025-02-20,2025-03-06,2025-03-06,548,1132.78,0,On Time,Future
217,14,19,6,2025-01-21,2025-02-07,2025-02-08,362,8348.56,1,Delayed,Future
218,14,23,6,2025-04-15,2025-04-27,2025-04-27,699,7729.69,0,On Time,Current
219,13,28,1,2025-06-14,2025-06-25,2025-06-27,190,4017.42,2,Delayed,Current
220,18,44,2,2025-03-09,2025-03-17,2025-03-20,407,7559.98,3,Delayed,Current
221,3,38,4,2025-02-13,2025-02-22,2025-02-23,61,4525.36,1,Delayed,Current
222,1,110,6,2024-02-10,2024-02-21,2024-02-21,161,7187.23,0,On Time,Future
223,2,63,1,2024-03-24,2024-03-29,2024-03-31,691,1426.39,2,Delayed,Future
224,3,79,1,2024-12-21,2025-01-06,2025-01-07,605,5659.0,1,Delayed,Current
225,1,72,6,2025-08-22,2025-09-02,2025-09-08,88,6310.28,6,Delayed,Current
226,18,84,3,2024-08-05,2024-08-16,2024-08-21,81,6644.39,5,Delayed,Current
227,13,11,1,2024-01-24,2024-01-30,2024-01-31,583,6227.61,1,Delayed,Current
228,14,16,6,2025-11-13,2025-11-19,2025-11-21,314,1273.92,2,Delayed,Future
229,1,48,3,2024-09-20,2024-10-05,2024-10-14,61,6179.86,9,Delayed,Current
230,14,90,2,2024-03-01,2024-03-10,2024-03-12,234,1447.38,2,Delayed,Future
231,15,71,6,2024-05-15,2024-05-23,2024-05-31,667,5490.32,8,Delayed,Current
232,10,3,5,2025-09-15,2025-09-20,2025-09-22,162,4363.32,2,Delayed,Future
233,12,38,3,2024-09-13,2024-09-21,2024-09-22,272,7026.13,1,Delayed,Future
234,14,3,1,2024-03-17,2024-04-02,2024-04-03,207,7559.93,1,Delayed,Future
235,1,41,1,2024-11-16,2024-11-26,2024-11-26,387,3163.94,0,On Time,Future
236,3,106,6,2025-12-20,2025-12-25,2025-12-27,214,3223.95,2,Delayed,Future
237,8,8,5,2024-03-27,2024-04-10,2024-04-10,533,1106.54,0,On Time,Future
238,18,72,5,2025-07-09,2025-07-17,2025-07-18,689,1784.44,1,Delayed,Future
239,15,115,3,2025-05-15,2025-05-24,2025-05-29,520,3290.72,5,Delayed,Current
240,15,114,6,2024-08-14,2024-08-24,2024-08-24,565,3503.31,0,On Time,Future
241,13,41,6,2025-03-22,2025-04-06,2025-04-06,228,4982.49,0,On Time,Future
242,8,18,6,2024-11-30,2024-12-07,2024-12-07,417,8372.81,0,On Time,Future
243,13,111,5,2025-02-22,2025-03-10,2025-03-12,121,7115.28,2,Delayed,Future
244,9,114,6,2025-11-29,2025-12-13,2025-12-19,633,2027.01,6,Delayed,Current
245,14,39,1,2024-11-28,2024-12-10,2024-12-10,431,5979.99,0,On Time,Future
246,11,79,2,2025-11-28,2025-12-11,2025-12-20,64,8928.07,9,Delayed,Current
247,16,95,6,2024-08-18,2024-09-02,2024-09-02,603,7705.76,0,On Time,Future
248,2,27,6,2025-06-17,2025-06-30,2025-06-30,538,6628.12,0,On Time,Future
249,20,90,1,2025-11-15,2025-12-01,2025-12-03,688,7618.94,2,Delayed,Future
250,14,53,1,2024-09-28,2024-10-12,2024-10-14,265,6542.75,2,Delayed,Current
251,2,30,1,2024-04-18,2024-04-25,2024-04-30,434,7045.73,5,Delayed,Current
252,18,88,1,2025-06-11,2025-06-17,2025-06-21,599,5286.2,4,Delayed,Current
253,11,112,6,2024-04-12,2024-04-23,2024-05-01,624,8567.63,8,Delayed,Current
254,20,84,1,2024-12-05,2024-12-17,2024-12-25,130,6634.55,8,Delayed,Current
255,4,92,4,2024-01-04,2024-01-16,2024-01-17,524,8428.07,1,Delayed,Future
256,1,29,2,2025-04-30,2025-05-14,2025-05-23,238,5313.97,9,Delayed,Current
257,8,95,2,2025-11-15,2025-11-30,2025-12-04,132,8169.72,4,Delayed,Current
258,2,107,3,2025-09-10,2025-09-24,2025-09-26,430,2806.82,2,Delayed,Current
259,10,112,6,2025-12-05,2025-12-16,2025-12-17,198,2840.81,1,Delayed,Future
260,13,31,6,2025-04-26,2025-05-03,2025-05-10,108,5161.34,7,Delayed,Current
261,16,68,4,2024-05-07,2024-05-18,2024-05-19,363,3023.45,1,Delayed,Future
262,2,96,6,2024-04-08,2024-04-20,2024-04-26,575,2642.15,6,Delayed,Current
263,16,73,6,2025-01-01,2025-01-06,2025-01-11,453,1595.52,5,Delayed,Current
264,6,27,6,2025-07-24,2025-08-05,2025-08-06,187,5386.94,1,Delayed,Future
265,20,120,4,2024-07-06,2024-07-12,2024-07-21,109,1445.79,9,Delayed,Current
266,5,92,4,2024-07-25,2024-08-01,2024-08-03,368,2896.84,2,Delayed,Future
267,4,96,2,2024-01-25,2024-02-02,2024-02-03,241,2207.17,1,Delayed,Future
268,15,115,3,2024-05-21,2024-05-28,2024-05-31,397,7270.96,3,Delayed,Current
269,10,107,6,2025-09-19,2025-09-27,2025-09-30,244,5289.25,3,Delayed,Current
270,14,40,1,2024-07-14,2024-07-24,2024-07-24,418,4370.54,0,On Time,Current
271,19,59,2,2025-06-10,2025-06-27,2025-06-28,233,8784.15,1,Delayed,Current
272,10,66,4,2025-03-10,2025-03-15,2025-03-15,246,839.18,0,On Time,Current
273,20,22,6,2025-01-02,2025-01-14,2025-01-15,492,2757.76,1,Delayed,Future
274,5,68,1,2024-06-27,2024-07-11,2024-07-13,542,1120.88,2,Delayed,Future
275,20,90,2,2024-09-14,2024-09-30,2024-09-30,572,7546.52,0,On Time,Future
276,11,114,6,2024-07-11,2024-07-19,2024-07-20,84,4661.5,1,Delayed,Future
277,4,3,6,2024-04-09,2024-04-16,2024-04-24,229,8535.75,8,Delayed,Current
278,13,57,6,2025-08-22,2025-08-30,2025-09-09,613,7629.16,10,Delayed,Current
279,5,107,4,2024-06-26,2024-07-10,2024-07-10,422,6990.13,0,On Time,Future
280,20,42,1,2025-10-10,2025-10-16,2025-10-21,324,2709.15,5,Delayed,Current
281,4,61,3,2024-03-08,2024-03-13,2024-03-13,384,3034.1,0,On Time,Current
282,4,7,6,2025-02-21,2025-02-27,2025-03-01,110,6648.45,2,Delayed,Future
283,1,117,6,2025-03-27,2025-04-10,2025-04-12,463,4694.87,2,Delayed,Current
284,20,41,2,2025-09-14,2025-09-23,2025-10-03,273,5677.06,10,Delayed,Current
285,1,64,6,2024-07-03,2024-07-09,2024-07-12,489,6698.34,3,Delayed,Current
286,16,36,6,2024-12-02,2024-12-09,2024-12-09,276,1933.61,0,On Time,Current
287,1,48,6,2025-07-06,2025-07-14,2025-07-14,117,2222.5,0,On Time,Future
288,20,93,6,2025-09-12,2025-09-17,2025-09-20,657,1869.64,3,Delayed,Current
289,6,91,6,2024-01-21,2024-02-02,2024-02-12,237,4085.54,10,Delayed,Current
290,9,32,1,2024-06-01,2024-06-15,2024-06-19,223,1690.94,4,Delayed,Current
291,5,75,2,2024-09-16,2024-09-30,2024-10-01,327,5215.97,1,Delayed,Future
292,20,20,6,2025-05-18,2025-06-03,2025-06-10,530,8212.13,7,Delayed,Current
293,20,103,1,2025-01-22,2025-02-05,2025-02-07,478,3269.03,2,Delayed,Future
294,3,51,3,2025-03-10,2025-03-15,2025-03-17,297,1697.2,2,Delayed,Future
295,12,62,6,2025-12-03,2025-12-20,2025-12-25,133,3510.44,5,Delayed,Current
296,13,91,2,2025-04-14,2025-04-22,2025-04-22,675,4056.11,0,On Time,Current
297,16,3,1,2024-10-16,2024-10-30,2024-10-30,526,3704.8,0,On Time,Future
298,9,12,4,2024-02-06,2024-02-20,2024-02-23,487,6065.78,3,Delayed,Current
299,4,21,6,2024-09-03,2024-09-12,2024-09-21,85,2054.13,9,Delayed,Current
300,18,119,4,2024-04-04,2024-04-13,2024-04-13,267,3129.78,0,On Time,Future
301,14,55,4,2025-05-19,2025-06-03,2025-06-06,209,4107.28,3,Delayed,Current
302,15,35,2,2024-11-26,2024-12-13,2024-12-20,668,3679.13,7,Delayed,Current
303,16,77,1,2024-05-16,2024-05-28,2024-06-06,327,4448.39,9,Delayed,Current
304,17,50,3,2025-09-21,2025-09-30,2025-09-30,473,7667.06,0,On Time,Future
305,6,106,6,2024-05-04,2024-05-12,2024-05-12,136,5046.2,0,On Time,Current
306,4,8,3,2025-06-27,2025-07-13,2025-07-15,445,3353.51,2,Delayed,Future
307,7,3,5,2025-08-11,2025-08-20,2025-08-20,155,3305.28,0,On Time,Future
308,2,62,6,2025-07-15,2025-07-31,2025-08-01,199,6822.15,1,Delayed,Future
309,13,27,6,2024-07-02,2024-07-18,2024-07-20,424,2818.72,2,Delayed,Current
310,18,53,1,2025-06-03,2025-06-15,2025-06-15,677,2928.05,0,On Time,Current
311,16,7,1,2024-07-01,2024-07-08,2024-07-10,453,2474.14,2,Delayed,Future
312,5,19,6,2024-12-24,2025-01-09,2025-01-11,83,8074.22,2,Delayed,Future
313,1,86,4,2024-04-19,2024-05-03,2024-05-09,162,2837.08,6,Delayed,Current
314,16,9,4,2024-01-24,2024-02-07,2024-02-09,468,2661.28,2,Delayed,Future
315,13,78,3,2024-10-22,2024-11-01,2024-11-02,527,7834.74,1,Delayed,Future
316,8,14,6,2024-04-23,2024-05-01,2024-05-04,506,1892.9,3,Delayed,Current
317,11,51,6,2025-07-15,2025-07-20,2025-07-22,88,7683.23,2,Delayed,Future
318,9,37,2,2024-05-28,2024-06-13,2024-06-15,443,6811.21,2,Delayed,Future
319,17,26,3,2024-08-09,2024-08-25,2024-08-25,144,3409.88,0,On Time,Future
320,12,40,6,2024-06-18,2024-07-02,2024-07-02,265,8412.27,0,On Time,Current
321,5,95,4,2024-10-19,2024-11-04,2024-11-04,547,4363.17,0,On Time,Future
322,17,46,6,2025-09-12,2025-09-23,2025-09-26,182,1395.09,3,Delayed,Current
323,14,86,6,2025-10-26,2025-11-08,2025-11-09,616,6073.91,1,Delayed,Future
324,7,70,6,2024-08-22,2024-08-31,2024-09-10,341,4856.9,10,Delayed,Current
325,16,15,3,2024-05-06,2024-05-23,2024-05-31,685,5357.9,8,Delayed,Current
326,19,55,1,2024-05-22,2024-05-29,2024-05-29,259,5002.68,0,On Time,Future
327,4,70,2,2024-08-03,2024-08-13,2024-08-19,632,4422.96,6,Delayed,Current
328,14,58,6,2025-10-16,2025-10-22,2025-10-31,346,4301.21,9,Delayed,Current
329,11,37,4,2024-06-03,2024-06-19,2024-06-19,342,8461.45,0,On Time,Current
330,1,104,3,2024-12-09,2024-12-18,2024-12-28,422,5143.85,10,Delayed,Current
331,18,111,2,2024-05-10,2024-05-16,2024-05-18,435,2081.3,2,Delayed,Future
332,1,52,6,2025-01-27,2025-02-01,2025-02-03,366,7474.67,2,Delayed,Current
333,20,97,6,2025-01-24,2025-02-02,2025-02-08,700,3991.12,6,Delayed,Current
334,15,58,6,2025-11-23,2025-11-28,2025-11-28,622,3289.88,0,On Time,Future
335,18,33,3,2024-04-30,2024-05-08,2024-05-09,692,7746.7,1,Delayed,Current
336,16,103,6,2025-04-27,2025-05-03,2025-05-08,189,7276.55,5,Delayed,Current
337,15,14,1,2024-09-17,2024-09-29,2024-10-05,608,7384.68,6,Delayed,Current
338,2,37,6,2024-10-09,2024-10-25,2024-10-26,669,1399.29,1,Delayed,Current
339,12,33,6,2024-09-25,2024-09-30,2024-09-30,491,994.85,0,On Time,Future
340,10,101,6,2025-01-14,2025-01-31,2025-02-02,375,2791.35,2,Delayed,Current
341,14,5,2,2025-11-10,2025-11-17,2025-11-23,684,4437.94,6,Delayed,Current
342,14,68,6,2024-06-17,2024-06-26,2024-06-28,452,3144.09,2,Delayed,Current
343,13,82,6,2024-03-21,2024-03-28,2024-03-31,150,2672.87,3,Delayed,Current
344,15,12,4,2025-02-07,2025-02-14,2025-02-14,687,5517.47,0,On Time,Current
345,17,22,6,2024-09-04,2024-09-12,2024-09-20,428,1599.78,8,Delayed,Current
346,14,60,6,2025-05-17,2025-05-30,2025-06-07,517,4179.77,8,Delayed,Current
347,19,107,6,2024-12-19,2025-01-01,2025-01-02,453,5750.31,1,Delayed,Future
348,15,28,6,2024-09-21,2024-10-07,2024-10-07,642,5280.48,0,On Time,Future
349,2,33,5,2025-07-20,2025-08-01,2025-08-01,545,8247.97,0,On Time,Future
350,1,117,2,2025-11-29,2025-12-07,2025-12-10,435,6709.29,3,Delayed,Current
351,11,77,6,2025-06-21,2025-07-06,2025-07-14,534,1866.57,8,Delayed,Current
352,15,106,5,2025-01-15,2025-01-27,2025-01-31,245,5669.89,4,Delayed,Current
353,9,117,6,2025-09-17,2025-09-29,2025-09-30,434,1072.29,1,Delayed,Future
354,19,44,4,2024-01-28,2024-02-08,2024-02-08,98,1783.52,0,On Time,Current
355,11,24,1,2024-03-31,2024-04-05,2024-04-05,304,5400.8,0,On Time,Future
356,20,96,5,2025-04-09,2025-04-20,2025-04-20,131,8803.38,0,On Time,Current
357,2,54,3,2024-04-25,2024-05-03,2024-05-04,105,3017.24,1,Delayed,Future
358,16,55,6,2025-10-02,2025-10-17,2025-10-19,561,1436.27,2,Delayed,Future
359,8,90,6,2025-07-10,2025-07-16,2025-07-16,236,1425.41,0,On Time,Current
360,12,11,1,2024-01-12,2024-01-27,2024-02-02,650,4514.21,6,Delayed,Current
361,14,53,6,2025-12-23,2025-12-28,2026-01-04,669,4289.91,7,Delayed,Current
362,5,111,6,2025-04-25,2025-05-09,2025-05-10,307,1630.76,1,Delayed,Future
363,18,100,1,2025-08-27,2025-09-03,2025-09-06,660,852.96,3,Delayed,Current
364,11,47,6,2024-10-20,2024-10-28,2024-10-29,469,2135.63,1,Delayed,Current
365,7,82,4,2025-06-11,2025-06-23,2025-06-24,623,7340.97,1,Delayed,Future
366,14,98,1,2024-03-21,2024-03-29,2024-03-29,494,2973.77,0,On Time,Future
367,12,113,1,2025-02-19,2025-03-02,2025-03-04,232,5871.05,2,Delayed,Current
368,10,108,2,2025-08-01,2025-08-17,2025-08-18,612,4869.49,1,Delayed,Current
369,16,50,1,2025-12-15,2025-12-30,2025-12-30,397,4203.47,0,On Time,Future
370,12,116,1,2024-11-16,2024-11-29,2024-11-30,454,7260.66,1,Delayed,Future
371,4,51,1,2024-04-05,2024-04-19,2024-04-21,632,8301.96,2,Delayed,Future
372,15,88,6,2025-07-14,2025-07-19,2025-07-20,358,6204.38,1,Delayed,Future
373,14,57,5,2024-05-18,2024-05-27,2024-05-29,176,6435.48,2,Delayed,Future
374,20,71,1,2025-06-21,2025-07-04,2025-07-06,505,6766.78,2,Delayed,Future
375,9,19,6,2025-05-27,2025-06-05,2025-06-14,485,5639.16,9,Delayed,Current
376,15,11,6,2024-10-14,2024-10-19,2024-10-27,420,5160.97,8,Delayed,Current
377,7,49,1,2024-02-08,2024-02-19,2024-02-19,209,5671.03,0,On Time,Future
378,11,7,5,2025-09-06,2025-09-23,2025-09-23,226,4351.76,0,On Time,Future
379,2,90,3,2024-03-30,2024-04-16,2024-04-24,631,3335.06,8,Delayed,Current
380,4,68,1,2024-07-18,2024-08-01,2024-08-05,237,2034.06,4,Delayed,Current
381,17,95,6,2025-07-21,2025-07-26,2025-08-02,285,1967.05,7,Delayed,Current
382,17,69,4,2025-06-26,2025-07-13,2025-07-19,338,6622.8,6,Delayed,Current
383,1,51,6,2025-09-07,2025-09-13,2025-09-20,94,3135.84,7,Delayed,Current
384,16,36,6,2024-08-22,2024-09-08,2024-09-08,252,8293.11,0,On Time,Current
385,7,3,3,2024-06-23,2024-07-09,2024-07-09,75,2033.15,0,On Time,Current
386,3,36,6,2024-01-13,2024-01-25,2024-01-25,299,6777.42,0,On Time,Future
387,4,105,3,2025-10-09,2025-10-22,2025-10-24,391,2638.3,2,Delayed,Future
388,12,81,6,2024-05-24,2024-06-03,2024-06-04,422,4133.3,1,Delayed,Future
389,12,16,6,2024-12-31,2025-01-11,2025-01-20,217,6199.26,9,Delayed,Current
390,5,105,6,2025-08-25,2025-09-11,2025-09-19,516,4042.93,8,Delayed,Current
391,1,5,6,2024-11-19,2024-12-01,2024-12-11,167,6371.71,10,Delayed,Current
392,8,96,4,2024-09-09,2024-09-25,2024-10-02,281,5708.79,7,Delayed,Current
393,16,55,4,2024-07-22,2024-08-08,2024-08-08,171,1404.94,0,On Time,Current
394,6,2,6,2024-10-10,2024-10-22,2024-10-24,241,1350.45,2,Delayed,Current
395,12,67,6,2025-10-18,2025-10-31,2025-10-31,475,2848.35,0,On Time,Future
396,16,51,6,2025-10-22,2025-11-06,2025-11-08,327,2370.6,2,Delayed,Future
397,18,78,1,2025-03-19,2025-03-28,2025-04-01,293,3447.87,4,Delayed,Current
398,4,21,1,2025-12-30,2026-01-04,2026-01-04,412,4999.67,0,On Time,Future
399,2,108,1,2024-03-11,2024-03-24,2024-03-25,338,4359.36,1,Delayed,Future
400,5,51,1,2024-08-25,2024-09-10,2024-09-17,610,6766.38,7,Delayed,Current
401,10,109,5,2025-03-22,2025-04-08,2025-04-09,225,4989.32,1,Delayed,Future
402,6,6,6,2025-08-17,2025-08-27,2025-09-04,481,2973.92,8,Delayed,Current
403,4,55,2,2025-03-05,2025-03-21,2025-03-26,315,7857.93,5,Delayed,Current
404,18,64,6,2024-11-01,2024-11-08,2024-11-08,533,2960.97,0,On Time,Current
405,6,26,4,2025-08-08,2025-08-24,2025-08-28,196,2227.69,4,Delayed,Current
406,16,86,2,2024-02-06,2024-02-14,2024-02-14,361,3522.94,0,On Time,Future
407,20,50,4,2025-02-01,2025-02-12,2025-02-14,510,4579.76,2,Delayed,Future
408,18,109,5,2024-11-21,2024-12-06,2024-12-07,535,7652.95,1,Delayed,Future
409,19,9,2,2025-08-17,2025-08-29,2025-08-29,616,901.34,0,On Time,Future
410,18,104,1,2025-07-03,2025-07-15,2025-07-21,176,4861.15,6,Delayed,Current
411,7,95,4,2024-08-28,2024-09-09,2024-09-11,306,6305.75,2,Delayed,Future
412,19,4,6,2025-04-13,2025-04-21,2025-04-24,521,3432.51,3,Delayed,Current
413,20,30,2,2025-04-01,2025-04-07,2025-04-09,541,2396.63,2,Delayed,Future
414,1,38,5,2024-09-17,2024-09-30,2024-10-04,457,2748.25,4,Delayed,Current
415,2,19,1,2025-02-16,2025-02-23,2025-02-24,374,2083.91,1,Delayed,Current
416,10,111,6,2025-08-28,2025-09-08,2025-09-10,110,7609.7,2,Delayed,Current
417,3,59,3,2024-03-26,2024-04-09,2024-04-09,436,1306.81,0,On Time,Future
418,16,36,6,2025-10-04,2025-10-21,2025-10-29,427,7160.01,8,Delayed,Current
419,1,29,3,2025-02-14,2025-03-01,2025-03-01,674,7087.75,0,On Time,Future
420,1,34,2,2024-05-11,2024-05-27,2024-06-04,589,6966.24,8,Delayed,Current
421,13,66,6,2025-07-24,2025-07-30,2025-07-31,668,4234.35,1,Delayed,Future
422,9,85,6,2025-03-24,2025-04-10,2025-04-12,347,4053.06,2,Delayed,Current
423,1,47,2,2025-03-26,2025-04-09,2025-04-14,561,8680.35,5,Delayed,Current
424,8,11,4,2025-10-25,2025-11-09,2025-11-11,254,1616.56,2,Delayed,Future
425,11,77,1,2025-02-19,2025-02-26,2025-03-07,575,1313.38,9,Delayed,Current
426,9,77,1,2024-10-08,2024-10-14,2024-10-14,636,2880.59,0,On Time,Future
427,20,48,6,2024-06-20,2024-07-03,2024-07-04,532,2886.01,1,Delayed,Future
428,5,49,6,2025-09-01,2025-09-07,2025-09-13,130,8103.14,6,Delayed,Current
429,11,24,6,2025-04-28,2025-05-11,2025-05-11,594,7435.02,0,On Time,Current
430,2,44,6,2024-03-28,2024-04-10,2024-04-20,117,2346.61,10,Delayed,Current
431,5,34,6,2025-04-30,2025-05-12,2025-05-13,179,6336.06,1,Delayed,Future
432,20,44,4,2024-02-09,2024-02-15,2024-02-23,235,2810.91,8,Delayed,Current
433,12,87,1,2025-03-14,2025-03-21,2025-03-28,673,6655.74,7,Delayed,Current
434,5,19,6,2024-08-31,2024-09-06,2024-09-06,542,5599.44,0,On Time,Future
435,5,61,2,2024-02-04,2024-02-19,2024-02-21,653,5654.43,2,Delayed,Future
436,2,84,5,2025-08-21,2025-09-05,2025-09-06,601,2929.61,1,Delayed,Future
437,20,79,5,2025-08-11,2025-08-27,2025-09-05,112,3465.9,9,Delayed,Current
438,7,4,4,2024-08-29,2024-09-07,2024-09-09,83,1228.79,2,Delayed,Future
439,18,117,1,2025-08-26,2025-09-04,2025-09-05,287,6980.38,1,Delayed,Current
440,18,19,6,2025-05-13,2025-05-23,2025-05-28,121,5544.28,5,Delayed,Current
441,9,99,1,2024-12-17,2024-12-26,2024-12-28,223,8097.75,2,Delayed,Future
442,12,67,6,2025-10-14,2025-10-19,2025-10-29,487,8395.61,10,Delayed,Current
443,19,89,2,2024-09-13,2024-09-20,2024-09-27,333,7816.66,7,Delayed,Current
444,13,33,1,2024-02-17,2024-03-01,2024-03-10,653,7930.27,9,Delayed,Current
445,6,99,1,2024-09-02,2024-09-08,2024-09-08,617,910.34,0,On Time,Future
446,10,82,3,2024-02-17,2024-02-22,2024-02-22,131,938.91,0,On Time,Future
447,11,104,1,2025-10-11,2025-10-18,2025-10-19,421,2283.68,1,Delayed,Future
448,20,24,1,2024-05-08,2024-05-15,2024-05-18,510,5042.29,3,Delayed,Current
449,19,11,1,2025-08-23,2025-08-29,2025-08-29,597,2413.15,0,On Time,Future
450,10,89,6,2025-07-09,2025-07-15,2025-07-22,689,4407.01,7,Delayed,Current
451,6,45,6,2024-05-25,2024-06-10,2024-06-11,126,7662.03,1,Delayed,Current
452,9,113,1,2024-01-02,2024-01-17,2024-01-19,639,4262.3,2,Delayed,Future
453,18,66,4,2025-08-11,2025-08-27,2025-09-04,521,3491.77,8,Delayed,Current
454,16,111,5,2025-12-18,2025-12-23,2025-12-29,64,2651.1,6,Delayed,Current
455,11,85,5,2024-01-17,2024-01-26,2024-01-26,440,7776.83,0,On Time,Future
456,17,73,6,2024-04-16,2024-04-24,2024-05-02,277,6515.01,8,Delayed,Current
457,18,85,5,2024-08-20,2024-09-05,2024-09-07,202,1161.8,2,Delayed,Future
458,19,104,6,2024-12-24,2025-01-02,2025-01-03,507,1880.1,1,Delayed,Future
459,17,10,1,2025-03-22,2025-04-02,2025-04-02,172,6056.47,0,On Time,Future
460,11,27,2,2025-12-19,2026-01-05,2026-01-07,458,8541.29,2,Delayed,Future
461,3,12,6,2024-05-04,2024-05-09,2024-05-09,281,1959.36,0,On Time,Current
462,8,32,6,2025-04-13,2025-04-28,2025-05-07,116,3876.84,9,Delayed,Current
463,19,60,6,2025-07-24,2025-07-31,2025-08-06,520,5741.76,6,Delayed,Current
464,12,91,6,2024-05-27,2024-06-02,2024-06-09,479,2189.87,7,Delayed,Current
465,6,115,4,2024-11-17,2024-11-28,2024-12-02,458,3501.07,4,Delayed,Current
466,6,22,6,2024-07-26,2024-08-08,2024-08-18,504,7804.09,10,Delayed,Current
467,17,78,2,2025-04-11,2025-04-16,2025-04-24,293,6867.61,8,Delayed,Current
468,12,93,1,2025-02-04,2025-02-13,2025-02-22,317,4941.54,9,Delayed,Current
469,18,16,5,2024-03-05,2024-03-20,2024-03-26,275,7951.67,6,Delayed,Current
470,1,11,6,2024-11-24,2024-12-03,2024-12-03,626,8300.47,0,On Time,Future
471,19,10,6,2024-12-19,2024-12-28,2024-12-29,504,7264.84,1,Delayed,Current
472,8,44,2,2024-03-22,2024-03-27,2024-04-05,578,3405.83,9,Delayed,Current
473,10,55,6,2024-03-07,2024-03-24,2024-04-03,696,6874.12,10,Delayed,Current
474,7,61,1,2025-11-13,2025-11-23,2025-11-26,449,4352.17,3,Delayed,Current
475,18,101,6,2024-06-01,2024-06-18,2024-06-25,276,2324.9,7,Delayed,Current
476,8,66,2,2024-03-21,2024-04-04,2024-04-05,679,1771.25,1,Delayed,Future
477,15,26,4,2025-11-24,2025-12-06,2025-12-16,548,4985.65,10,Delayed,Current
478,20,113,1,2024-11-08,2024-11-13,2024-11-18,199,3140.94,5,Delayed,Current
479,18,48,6,2024-01-24,2024-02-08,2024-02-09,416,3561.61,1,Delayed,Future
480,3,120,6,2025-07-12,2025-07-23,2025-07-23,550,7622.9,0,On Time,Future
481,17,65,1,2024-04-12,2024-04-18,2024-04-23,675,1207.53,5,Delayed,Current
482,7,21,5,2025-10-03,2025-10-09,2025-10-09,206,3070.32,0,On Time,Current
483,14,56,6,2024-04-08,2024-04-15,2024-04-25,644,3034.06,10,Delayed,Current
484,15,9,1,2024-09-11,2024-09-20,2024-09-21,535,2528.72,1,Delayed,Future
485,18,69,6,2024-03-10,2024-03-23,2024-04-01,624,7181.28,9,Delayed,Current
486,8,9,6,2025-04-06,2025-04-17,2025-04-21,686,7342.32,4,Delayed,Current
487,9,46,3,2024-07-25,2024-08-08,2024-08-09,75,5585.47,1,Delayed,Future
488,6,62,4,2025-01-26,2025-02-04,2025-02-06,607,5549.5,2,Delayed,Current
489,15,52,6,2025-09-11,2025-09-18,2025-09-19,695,3006.51,1,Delayed,Future
490,10,75,3,2025-07-17,2025-07-22,2025-07-23,99,7443.69,1,Delayed,Current
491,8,21,6,2024-06-04,2024-06-11,2024-06-12,672,5419.85,1,Delayed,Future
492,11,56,2,2024-02-02,2024-02-17,2024-02-26,171,4872.69,9,Delayed,Current
493,6,76,6,2025-06-08,2025-06-25,2025-07-03,340,2644.03,8,Delayed,Current
494,6,115,1,2025-07-10,2025-07-21,2025-07-28,441,1392.43,7,Delayed,Current
495,10,46,2,2025-11-21,2025-11-27,2025-11-28,647,7553.51,1,Delayed,Current
496,11,11,2,2025-09-09,2025-09-14,2025-09-16,599,2001.02,2,Delayed,Future
497,5,45,6,2025-06-02,2025-06-12,2025-06-22,609,1042.84,10,Delayed,Current
498,4,2,6,2025-03-06,2025-03-23,2025-03-23,521,3978.14,0,On Time,Current
499,14,41,6,2025-12-30,2026-01-06,2026-01-06,435,5772.24,0,On Time,Future
500,7,31,6,2024-03-12,2024-03-24,2024-03-31,283,3246.01,7,Delayed,Current
501,14,100,1,2025-12-21,2025-12-30,2025-12-31,222,6260.37,1,Delayed,Current
502,1,76,6,2025-11-03,2025-11-10,2025-11-18,129,7530.61,8,Delayed,Current
503,8,14,2,2025-08-06,2025-08-11,2025-08-11,149,8733.89,0,On Time,Current
504,10,70,6,2025-03-02,2025-03-09,2025-03-17,106,5185.43,8,Delayed,Current
505,11,25,6,2024-07-23,2024-08-04,2024-08-14,402,4106.99,10,Delayed,Current
506,4,76,6,2025-02-14,2025-02-23,2025-02-27,112,6752.97,4,Delayed,Current
507,10,6,4,2024-07-14,2024-07-23,2024-07-25,671,2736.37,2,Delayed,Current
508,15,87,6,2024-01-05,2024-01-15,2024-01-22,342,8439.71,7,Delayed,Current
509,14,41,5,2025-01-16,2025-01-29,2025-02-05,290,5448.3,7,Delayed,Current
510,18,35,1,2024-01-17,2024-01-22,2024-01-24,178,4771.5,2,Delayed,Future
511,16,94,6,2025-04-13,2025-04-21,2025-04-22,304,6675.52,1,Delayed,Future
512,16,33,6,2025-10-09,2025-10-25,2025-10-27,117,4987.34,2,Delayed,Current
513,1,104,3,2025-02-20,2025-03-07,2025-03-16,287,3762.25,9,Delayed,Current
514,15,67,5,2025-08-18,2025-08-29,2025-08-31,286,6800.71,2,Delayed,Future
515,19,108,6,2025-09-18,2025-09-29,2025-10-02,321,1220.85,3,Delayed,Current
516,16,74,5,2025-02-05,2025-02-11,2025-02-21,523,7097.08,10,Delayed,Current
517,14,6,1,2025-08-26,2025-09-04,2025-09-05,137,7288.02,1,Delayed,Current
518,2,78,6,2024-04-02,2024-04-18,2024-04-20,607,7657.87,2,Delayed,Future
519,20,7,3,2024-11-20,2024-12-06,2024-12-09,91,5117.47,3,Delayed,Current
520,2,85,6,2024-06-23,2024-07-03,2024-07-05,635,8592.94,2,Delayed,Future
521,20,97,6,2024-11-13,2024-11-21,2024-11-23,602,1611.29,2,Delayed,Current
522,11,16,4,2025-11-27,2025-12-10,2025-12-12,690,5424.2,2,Delayed,Future
523,8,19,3,2024-05-29,2024-06-07,2024-06-10,297,1672.88,3,Delayed,Current
524,1,95,2,2024-12-03,2024-12-20,2024-12-29,287,4599.6,9,Delayed,Current
525,11,116,6,2024-05-31,2024-06-06,2024-06-06,189,4664.9,0,On Time,Future
526,14,18,3,2024-04-09,2024-04-18,2024-04-18,525,3712.49,0,On Time,Future
527,13,64,6,2024-06-22,2024-07-06,2024-07-06,570,3195.29,0,On Time,Current
528,1,65,5,2025-07-16,2025-08-01,2025-08-05,210,3268.57,4,Delayed,Current
529,17,4,1,2024-02-04,2024-02-20,2024-02-21,431,5747.77,1,Delayed,Future
530,17,59,6,2025-10-26,2025-11-05,2025-11-06,650,1475.42,1,Delayed,Future
531,1,103,1,2024-06-15,2024-06-24,2024-06-24,563,2726.95,0,On Time,Current
532,10,41,6,2025-11-12,2025-11-21,2025-11-30,115,8855.99,9,Delayed,Current
533,12,7,2,2025-06-17,2025-06-28,2025-07-04,584,1354.03,6,Delayed,Current
534,16,92,2,2025-05-15,2025-05-27,2025-06-03,110,6293.72,7,Delayed,Current
535,7,24,3,2024-03-18,2024-04-03,2024-04-04,537,7822.04,1,Delayed,Current
536,9,15,3,2025-01-02,2025-01-07,2025-01-09,321,3615.21,2,Delayed,Future
537,5,40,3,2024-03-03,2024-03-08,2024-03-14,552,989.86,6,Delayed,Current
538,3,79,6,2024-09-12,2024-09-21,2024-09-30,250,3392.76,9,Delayed,Current
539,8,56,4,2025-10-11,2025-10-24,2025-10-24,120,7168.77,0,On Time,Current
540,12,56,2,2025-07-09,2025-07-18,2025-07-20,648,6213.48,2,Delayed,Future
541,17,88,6,2024-01-06,2024-01-14,2024-01-14,129,1609.55,0,On Time,Future
542,9,2,6,2025-11-10,2025-11-21,2025-11-29,532,1789.41,8,Delayed,Current
543,6,110,1,2024-06-05,2024-06-15,2024-06-18,319,6200.94,3,Delayed,Current
544,16,25,6,2025-11-25,2025-12-06,2025-12-16,408,6330.92,10,Delayed,Current
545,6,108,6,2025-12-08,2025-12-21,2025-12-29,221,2061.37,8,Delayed,Current
546,1,87,6,2024-01-30,2024-02-14,2024-02-16,486,8814.9,2,Delayed,Future
547,13,111,2,2025-04-04,2025-04-16,2025-04-17,698,7434.83,1,Delayed,Future
548,15,59,6,2024-01-04,2024-01-09,2024-01-10,641,3670.65,1,Delayed,Future
549,17,108,6,2024-11-02,2024-11-14,2024-11-14,102,3548.74,0,On Time,Future
550,8,91,5,2025-06-15,2025-06-30,2025-07-10,680,4023.18,10,Delayed,Current
551,20,74,6,2024-07-05,2024-07-19,2024-07-19,519,7303.79,0,On Time,Future
552,11,96,5,2024-10-29,2024-11-10,2024-11-14,253,7500.24,4,Delayed,Current
553,9,80,4,2024-11-10,2024-11-19,2024-11-22,100,7465.65,3,Delayed,Current
554,7,47,1,2025-05-28,2025-06-07,2025-06-07,544,4468.25,0,On Time,Future
555,17,84,6,2025-07-23,2025-07-31,2025-08-06,649,5887.56,6,Delayed,Current
556,13,120,1,2025-12-09,2025-12-16,2025-12-17,223,3406.18,1,Delayed,Future
557,2,11,6,2025-04-23,2025-05-04,2025-05-06,609,2871.52,2,Delayed,Current
558,18,31,1,2025-02-23,2025-03-12,2025-03-12,355,3854.5,0,On Time,Future
559,11,2,4,2024-03-05,2024-03-19,2024-03-21,339,2783.41,2,Delayed,Future
560,20,95,4,2025-07-25,2025-08-09,2025-08-11,344,8995.21,2,Delayed,Current
561,14,28,5,2024-07-11,2024-07-23,2024-07-25,444,5180.26,2,Delayed,Future
562,6,115,3,2024-01-10,2024-01-18,2024-01-25,699,7331.04,7,Delayed,Current
563,16,70,6,2024-02-18,2024-03-05,2024-03-07,598,6405.29,2,Delayed,Future
564,20,79,2,2025-04-28,2025-05-04,2025-05-04,425,4170.09,0,On Time,Current
565,20,2,6,2024-05-04,2024-05-09,2024-05-15,694,8161.81,6,Delayed,Current
566,19,68,6,2024-06-27,2024-07-07,2024-07-16,600,4911.52,9,Delayed,Current
567,6,46,5,2025-07-11,2025-07-24,2025-07-24,644,6932.07,0,On Time,Current
568,2,70,2,2024-07-16,2024-07-27,2024-07-27,170,8232.99,0,On Time,Current
569,4,5,5,2025-09-05,2025-09-21,2025-09-22,669,2276.01,1,Delayed,Future
570,16,98,2,2025-05-22,2025-06-01,2025-06-03,297,1662.8,2,Delayed,Current
571,3,103,6,2024-11-23,2024-11-28,2024-11-30,534,3762.16,2,Delayed,Future
572,11,87,4,2025-03-12,2025-03-20,2025-03-20,450,1488.36,0,On Time,Future
573,17,78,1,2025-07-22,2025-08-05,2025-08-11,637,1077.81,6,Delayed,Current
574,16,43,6,2024-02-24,2024-03-12,2024-03-21,186,3062.28,9,Delayed,Current
575,2,92,6,2025-10-09,2025-10-26,2025-10-30,269,1319.69,4,Delayed,Current
576,4,41,1,2024-08-24,2024-09-04,2024-09-05,518,8937.82,1,Delayed,Future
577,19,4,6,2025-01-02,2025-01-09,2025-01-19,358,8156.99,10,Delayed,Current
578,13,65,3,2025-01-11,2025-01-28,2025-01-28,613,880.62,0,On Time,Current
579,16,20,1,2025-09-12,2025-09-25,2025-10-04,442,3999.6,9,Delayed,Current
580,14,6,1,2025-04-29,2025-05-15,2025-05-15,351,3991.27,0,On Time,Future
581,9,67,1,2024-02-01,2024-02-08,2024-02-13,137,2670.52,5,Delayed,Current
582,2,54,6,2024-05-28,2024-06-08,2024-06-08,597,2643.27,0,On Time,Current
583,10,109,3,2024-10-10,2024-10-26,2024-11-04,298,4461.12,9,Delayed,Current
584,6,65,2,2024-11-14,2024-11-22,2024-11-23,461,8262.64,1,Delayed,Future
585,9,111,5,2025-07-12,2025-07-23,2025-07-25,335,3537.42,2,Delayed,Future
586,14,105,4,2025-06-01,2025-06-14,2025-06-20,365,1326.94,6,Delayed,Current
587,15,3,6,2024-01-13,2024-01-24,2024-01-26,573,4866.95,2,Delayed,Future
588,5,75,1,2025-03-25,2025-04-06,2025-04-13,375,3888.53,7,Delayed,Current
589,5,7,6,2024-08-30,2024-09-06,2024-09-08,696,8822.59,2,Delayed,Future
590,1,76,1,2025-12-09,2025-12-17,2025-12-19,433,7891.8,2,Delayed,Current
591,9,105,3,2024-11-02,2024-11-15,2024-11-20,387,5407.52,5,Delayed,Current
592,6,117,2,2025-05-18,2025-05-28,2025-05-29,146,6549.37,1,Delayed,Future
593,10,110,1,2025-02-04,2025-02-15,2025-02-15,607,6869.14,0,On Time,Future
594,13,34,2,2024-02-27,2024-03-12,2024-03-14,598,5023.57,2,Delayed,Future
595,13,76,1,2025-05-30,2025-06-16,2025-06-18,339,3832.46,2,Delayed,Current
596,14,46,3,2025-01-01,2025-01-08,2025-01-10,448,7428.39,2,Delayed,Future
597,14,113,6,2024-07-16,2024-08-01,2024-08-04,232,8087.93,3,Delayed,Current
598,1,40,6,2024-06-02,2024-06-07,2024-06-09,230,1019.73,2,Delayed,Future
599,11,14,2,2024-09-23,2024-09-30,2024-10-04,336,4104.01,4,Delayed,Current
600,6,68,6,2025-03-17,2025-03-30,2025-04-01,533,7067.61,2,Delayed,Future
601,17,5,6,2024-08-22,2024-09-08,2024-09-08,539,2083.23,0,On Time,Future
602,2,91,6,2025-01-04,2025-01-18,2025-01-19,137,5685.73,1,Delayed,Future
603,13,86,6,2024-08-20,2024-09-03,2024-09-12,551,2809.4,9,Delayed,Current
604,14,45,5,2025-05-16,2025-05-23,2025-05-27,330,6317.34,4,Delayed,Current
605,9,34,1,2025-05-05,2025-05-16,2025-05-20,435,3704.97,4,Delayed,Current
606,2,107,2,2025-11-10,2025-11-17,2025-11-20,666,2524.12,3,Delayed,Current
607,5,44,1,2025-02-18,2025-03-06,2025-03-11,162,5942.92,5,Delayed,Current
608,3,64,3,2024-07-09,2024-07-17,2024-07-23,625,6887.5,6,Delayed,Current
609,7,99,3,2025-04-03,2025-04-16,2025-04-18,330,2607.72,2,Delayed,Current
610,14,27,5,2025-09-23,2025-10-10,2025-10-12,392,4831.01,2,Delayed,Future
611,2,4,5,2024-04-24,2024-05-11,2024-05-11,316,5972.31,0,On Time,Future
612,3,97,6,2024-06-09,2024-06-24,2024-07-01,60,1281.41,7,Delayed,Current
613,11,11,2,2025-09-22,2025-09-30,2025-10-02,274,4576.27,2,Delayed,Current
614,5,70,1,2025-07-14,2025-07-21,2025-07-31,190,4051.23,10,Delayed,Current
615,9,111,6,2024-01-10,2024-01-20,2024-01-22,696,3013.92,2,Delayed,Current
616,12,61,5,2024-05-21,2024-05-29,2024-05-31,503,5558.61,2,Delayed,Current
617,13,72,3,2024-04-10,2024-04-24,2024-04-26,624,6100.9,2,Delayed,Future
618,19,3,6,2025-02-24,2025-03-03,2025-03-06,610,7080.38,3,Delayed,Current
619,10,107,2,2025-12-12,2025-12-17,2025-12-18,159,4624.13,1,Delayed,Current
620,1,90,6,2025-10-02,2025-10-18,2025-10-19,596,5244.95,1,Delayed,Future
621,19,105,4,2024-11-28,2024-12-14,2024-12-18,591,7985.76,4,Delayed,Current
622,13,95,3,2025-06-26,2025-07-02,2025-07-03,400,2081.79,1,Delayed,Current
623,2,82,1,2024-06-21,2024-07-02,2024-07-09,116,5702.25,7,Delayed,Current
624,1,9,6,2025-06-10,2025-06-26,2025-06-28,525,2827.6,2,Delayed,Future
625,19,86,6,2024-09-16,2024-10-02,2024-10-10,479,8846.2,8,Delayed,Current
626,9,46,6,2024-11-21,2024-12-02,2024-12-08,681,1666.02,6,Delayed,Current
627,8,10,3,2025-06-10,2025-06-19,2025-06-22,153,7302.5,3,Delayed,Current
628,6,64,4,2024-08-14,2024-08-29,2024-08-29,312,1676.47,0,On Time,Current
629,4,69,1,2025-08-04,2025-08-19,2025-08-19,656,7312.48,0,On Time,Current
630,11,4,3,2024-09-24,2024-10-04,2024-10-09,373,7964.41,5,Delayed,Current
631,3,58,6,2025-07-09,2025-07-19,2025-07-25,464,8221.61,6,Delayed,Current
632,3,12,6,2025-02-27,2025-03-04,2025-03-14,599,3388.69,10,Delayed,Current
633,4,4,6,2024-11-27,2024-12-13,2024-12-13,595,1114.99,0,On Time,Future
634,11,60,5,2024-08-06,2024-08-23,2024-08-24,698,8094.62,1,Delayed,Current
635,19,31,2,2025-10-15,2025-10-25,2025-11-02,473,3928.06,8,Delayed,Current
636,13,48,6,2024-08-29,2024-09-03,2024-09-07,479,8767.41,4,Delayed,Current
637,7,80,1,2025-05-18,2025-06-03,2025-06-03,387,4425.87,0,On Time,Future
638,4,111,1,2025-08-25,2025-08-30,2025-08-31,153,3520.26,1,Delayed,Future
639,14,37,2,2024-10-07,2024-10-20,2024-10-29,192,1888.96,9,Delayed,Current
640,6,114,6,2024-06-02,2024-06-10,2024-06-12,277,1050.01,2,Delayed,Future
641,17,21,4,2025-04-01,2025-04-07,2025-04-09,523,6449.83,2,Delayed,Future
642,2,38,2,2024-01-07,2024-01-12,2024-01-22,441,4492.69,10,Delayed,Current
643,18,59,2,2025-07-09,2025-07-21,2025-07-23,143,4183.7,2,Delayed,Future
644,5,107,6,2024-07-22,2024-08-03,2024-08-06,683,3647.98,3,Delayed,Current
645,6,29,3,2025-07-30,2025-08-15,2025-08-22,675,5823.24,7,Delayed,Current
646,1,58,3,2024-03-12,2024-03-27,2024-03-28,546,1925.26,1,Delayed,Future
647,1,110,5,2025-12-12,2025-12-20,2025-12-22,207,6957.52,2,Delayed,Future
648,20,9,3,2025-09-10,2025-09-27,2025-09-30,404,6099.52,3,Delayed,Current
649,14,7,6,2025-08-23,2025-08-31,2025-09-03,243,2625.46,3,Delayed,Current
650,11,87,6,2024-06-16,2024-06-29,2024-06-30,361,3514.32,1,Delayed,Future
651,7,20,1,2025-01-18,2025-01-26,2025-01-27,341,4586.38,1,Delayed,Current
652,19,64,6,2025-03-01,2025-03-16,2025-03-22,428,8692.84,6,Delayed,Current
653,4,103,2,2025-05-17,2025-05-31,2025-06-09,221,8976.88,9,Delayed,Current
654,6,75,1,2025-07-15,2025-07-23,2025-07-27,377,3359.84,4,Delayed,Current
655,17,37,1,2024-01-02,2024-01-09,2024-01-13,572,4692.14,4,Delayed,Current
656,11,58,3,2024-02-19,2024-03-07,2024-03-13,429,6097.1,6,Delayed,Current
657,15,64,6,2024-10-04,2024-10-13,2024-10-21,553,8944.69,8,Delayed,Current
658,6,110,6,2025-06-14,2025-06-27,2025-07-07,592,8363.44,10,Delayed,Current
659,12,27,4,2025-09-24,2025-10-07,2025-10-17,462,7910.73,10,Delayed,Current
660,8,74,1,2025-09-28,2025-10-10,2025-10-11,316,2067.56,1,Delayed,Future
661,17,72,1,2024-11-18,2024-11-25,2024-11-26,693,3613.86,1,Delayed,Current
662,17,97,6,2025-09-14,2025-09-23,2025-10-01,451,7826.26,8,Delayed,Current
663,8,102,6,2025-05-26,2025-06-06,2025-06-06,257,6574.82,0,On Time,Current
664,3,38,1,2025-03-28,2025-04-02,2025-04-10,195,2150.21,8,Delayed,Current
665,18,94,6,2025-08-31,2025-09-17,2025-09-27,525,1965.42,10,Delayed,Current
666,5,80,3,2024-02-22,2024-03-08,2024-03-09,193,8433.14,1,Delayed,Current
667,11,38,3,2024-04-14,2024-04-23,2024-04-25,692,2431.19,2,Delayed,Current
668,17,117,5,2024-07-04,2024-07-21,2024-07-23,484,7642.18,2,Delayed,Future
669,17,118,4,2025-11-21,2025-12-01,2025-12-06,136,8186.74,5,Delayed,Current
670,2,3,3,2025-02-06,2025-02-15,2025-02-15,319,5159.12,0,On Time,Future
671,13,81,6,2024-02-14,2024-03-01,2024-03-02,351,3447.59,1,Delayed,Current
672,2,100,5,2024-07-24,2024-08-09,2024-08-10,491,1015.33,1,Delayed,Future
673,19,116,3,2025-01-15,2025-01-30,2025-02-04,229,4756.36,5,Delayed,Current
674,15,57,3,2024-10-02,2024-10-07,2024-10-11,367,3794.9,4,Delayed,Current
675,20,33,2,2024-05-21,2024-05-27,2024-05-31,571,7128.08,4,Delayed,Current
676,17,87,6,2024-10-15,2024-10-31,2024-11-07,238,8019.77,7,Delayed,Current
677,1,52,2,2024-06-19,2024-07-01,2024-07-01,647,8317.49,0,On Time,Future
678,8,36,4,2025-08-18,2025-09-01,2025-09-07,167,5341.55,6,Delayed,Current
679,15,40,6,2025-09-23,2025-10-02,2025-10-02,308,8099.0,0,On Time,Current
680,4,3,6,2024-05-16,2024-05-26,2024-05-27,530,6726.11,1,Delayed,Future
681,15,109,4,2025-10-08,2025-10-21,2025-10-21,488,4188.79,0,On Time,Future
682,4,56,6,2025-06-21,2025-07-05,2025-07-05,352,7207.6,0,On Time,Future
683,13,33,2,2024-03-13,2024-03-19,2024-03-28,664,8447.84,9,Delayed,Current
684,8,117,3,2025-08-22,2025-09-02,2025-09-02,241,6628.12,0,On Time,Future
685,5,40,4,2024-11-16,2024-11-25,2024-11-26,190,7942.93,1,Delayed,Future
686,6,100,6,2024-03-05,2024-03-17,2024-03-23,471,1236.44,6,Delayed,Current
687,5,70,6,2025-09-22,2025-10-05,2025-10-07,218,3582.18,2,Delayed,Future
688,1,115,6,2024-12-27,2025-01-08,2025-01-08,554,1944.18,0,On Time,Current
689,7,97,1,2024-07-23,2024-08-06,2024-08-15,103,7587.24,9,Delayed,Current
690,11,13,6,2024-05-04,2024-05-09,2024-05-14,655,2220.23,5,Delayed,Current
691,15,66,6,2024-05-25,2024-05-31,2024-06-05,286,5261.75,5,Delayed,Current
692,3,28,3,2025-11-11,2025-11-16,2025-11-18,643,4375.47,2,Delayed,Future
693,17,100,1,2025-03-24,2025-04-05,2025-04-12,62,6469.53,7,Delayed,Current
694,7,5,6,2024-03-13,2024-03-23,2024-03-25,486,6137.17,2,Delayed,Future
695,1,65,2,2024-07-13,2024-07-24,2024-07-24,90,8834.01,0,On Time,Future
696,14,52,3,2024-12-27,2025-01-09,2025-01-11,406,7992.56,2,Delayed,Future
697,7,83,2,2024-05-19,2024-05-25,2024-05-31,155,7413.91,6,Delayed,Current
698,7,29,5,2025-11-05,2025-11-14,2025-11-20,91,5053.3,6,Delayed,Current
699,15,13,4,2024-01-10,2024-01-21,2024-01-21,513,4232.3,0,On Time,Future
700,12,31,5,2024-10-15,2024-10-22,2024-10-22,295,3618.49,0,On Time,Current
701,10,52,2,2024-12-25,2025-01-06,2025-01-07,599,4421.85,1,Delayed,Future
702,2,36,2,2024-04-19,2024-05-06,2024-05-09,312,3942.73,3,Delayed,Current
703,11,9,3,2024-11-28,2024-12-06,2024-12-09,640,8245.77,3,Delayed,Current
704,13,108,2,2025-08-03,2025-08-14,2025-08-23,618,8703.23,9,Delayed,Current
705,15,24,6,2024-08-02,2024-08-14,2024-08-15,411,8248.67,1,Delayed,Future
706,15,33,6,2024-06-05,2024-06-18,2024-06-19,242,4663.69,1,Delayed,Future
707,3,120,6,2024-06-28,2024-07-10,2024-07-15,228,4777.43,5,Delayed,Current
708,15,108,3,2024-11-19,2024-11-24,2024-12-01,168,1863.2,7,Delayed,Current
709,3,105,3,2024-03-30,2024-04-05,2024-04-05,384,3793.17,0,On Time,Current
710,14,98,4,2025-06-03,2025-06-09,2025-06-16,88,7934.19,7,Delayed,Current
711,4,109,1,2025-08-14,2025-08-19,2025-08-29,644,6387.62,10,Delayed,Current
712,17,103,3,2025-04-18,2025-04-27,2025-04-27,408,8907.85,0,On Time,Future
713,15,14,3,2024-07-16,2024-07-30,2024-08-01,382,7097.75,2,Delayed,Current
714,13,116,3,2024-12-03,2024-12-16,2024-12-18,650,2204.95,2,Delayed,Current
715,11,27,6,2025-12-14,2025-12-20,2025-12-20,101,5063.4,0,On Time,Current
716,1,29,6,2025-06-03,2025-06-12,2025-06-14,412,3113.96,2,Delayed,Future
717,12,68,3,2025-06-16,2025-06-26,2025-06-29,370,6242.03,3,Delayed,Current
718,9,81,2,2024-07-17,2024-07-27,2024-07-31,597,8828.28,4,Delayed,Current
719,18,68,4,2024-07-21,2024-08-04,2024-08-06,301,1128.99,2,Delayed,Future
720,9,77,2,2024-09-05,2024-09-22,2024-09-24,208,3560.92,2,Delayed,Current
721,6,55,6,2024-02-08,2024-02-15,2024-02-16,370,5394.17,1,Delayed,Future
722,9,89,6,2025-09-13,2025-09-27,2025-10-02,145,1610.32,5,Delayed,Current
723,14,36,6,2024-05-01,2024-05-16,2024-05-16,696,4077.78,0,On Time,Current
724,15,66,6,2025-04-13,2025-04-23,2025-04-27,205,6247.61,4,Delayed,Current
725,18,2,1,2024-01-09,2024-01-24,2024-02-01,87,4540.7,8,Delayed,Current
726,5,94,6,2024-10-28,2024-11-10,2024-11-20,63,978.18,10,Delayed,Current
727,18,24,6,2024-03-11,2024-03-16,2024-03-19,625,1073.67,3,Delayed,Current
728,12,6,6,2024-11-30,2024-12-17,2024-12-19,439,2554.56,2,Delayed,Future
729,15,109,5,2024-12-26,2025-01-01,2025-01-03,144,1379.4,2,Delayed,Current
730,4,19,5,2024-09-22,2024-10-01,2024-10-05,244,8871.65,4,Delayed,Current
731,3,112,6,2025-08-07,2025-08-17,2025-08-23,116,1118.52,6,Delayed,Current
732,3,84,2,2025-10-08,2025-10-13,2025-10-22,677,6626.62,9,Delayed,Current
733,15,69,2,2024-03-11,2024-03-19,2024-03-21,434,3360.4,2,Delayed,Future
734,14,10,6,2025-12-18,2026-01-02,2026-01-09,292,1388.44,7,Delayed,Current
735,17,105,5,2024-11-02,2024-11-17,2024-11-17,467,1364.08,0,On Time,Future
736,2,111,3,2025-09-11,2025-09-28,2025-09-29,483,1579.06,1,Delayed,Future
737,13,10,6,2025-11-14,2025-11-20,2025-11-22,557,1553.93,2,Delayed,Future
738,10,120,2,2024-11-01,2024-11-10,2024-11-12,428,5445.46,2,Delayed,Future
739,3,4,4,2025-03-21,2025-04-06,2025-04-11,163,3028.84,5,Delayed,Current
740,3,12,2,2024-06-02,2024-06-16,2024-06-24,219,6928.31,8,Delayed,Current
741,10,64,6,2024-09-27,2024-10-07,2024-10-15,665,2413.43,8,Delayed,Current
742,5,94,2,2024-10-22,2024-10-27,2024-10-30,489,6070.1,3,Delayed,Current
743,13,77,1,2025-04-14,2025-04-22,2025-04-28,330,3068.61,6,Delayed,Current
744,8,10,4,2024-02-24,2024-03-11,2024-03-13,439,7260.29,2,Delayed,Future
745,18,1,6,2024-05-22,2024-06-02,2024-06-04,218,1123.21,2,Delayed,Future
746,17,30,6,2024-02-19,2024-03-05,2024-03-05,374,1055.74,0,On Time,Current
747,10,29,1,2024-09-04,2024-09-09,2024-09-10,655,5520.06,1,Delayed,Future
748,20,117,3,2025-01-01,2025-01-11,2025-01-17,161,6178.07,6,Delayed,Current
749,16,81,1,2025-05-10,2025-05-20,2025-05-25,515,4530.67,5,Delayed,Current
750,1,91,6,2025-01-06,2025-01-15,2025-01-24,174,7823.93,9,Delayed,Current
751,8,96,4,2025-11-09,2025-11-16,2025-11-16,198,8620.15,0,On Time,Future
752,12,119,1,2024-06-10,2024-06-16,2024-06-20,272,7442.37,4,Delayed,Current
753,15,15,2,2024-11-15,2024-12-01,2024-12-07,659,1076.09,6,Delayed,Current
754,7,2,6,2024-03-09,2024-03-18,2024-03-28,371,8380.58,10,Delayed,Current
755,6,59,1,2024-12-14,2024-12-20,2024-12-22,536,8824.66,2,Delayed,Future
756,3,56,1,2025-01-18,2025-02-03,2025-02-03,220,2082.16,0,On Time,Future
757,20,4,6,2024-10-02,2024-10-16,2024-10-16,491,8962.8,0,On Time,Future
758,8,73,3,2025-11-13,2025-11-21,2025-11-21,301,4549.63,0,On Time,Future
759,18,63,5,2025-11-07,2025-11-17,2025-11-26,283,8765.96,9,Delayed,Current
760,12,33,6,2024-12-18,2024-12-23,2024-12-28,212,8254.41,5,Delayed,Current
761,15,76,1,2025-10-18,2025-10-24,2025-10-24,463,938.94,0,On Time,Current
762,9,16,2,2025-06-18,2025-06-25,2025-07-03,621,7466.34,8,Delayed,Current
763,17,32,2,2024-02-22,2024-03-10,2024-03-16,567,6909.81,6,Delayed,Current
764,6,24,1,2024-10-25,2024-11-02,2024-11-03,659,4441.63,1,Delayed,Future
765,20,45,6,2025-05-25,2025-06-10,2025-06-10,654,1947.62,0,On Time,Future
766,5,10,3,2024-05-19,2024-05-24,2024-05-28,392,8359.11,4,Delayed,Current
767,18,103,5,2024-03-13,2024-03-20,2024-03-25,168,6274.42,5,Delayed,Current
768,11,42,1,2024-03-30,2024-04-12,2024-04-22,285,8505.63,10,Delayed,Current
769,9,91,1,2025-08-14,2025-08-29,2025-08-31,140,5304.37,2,Delayed,Current
770,1,105,1,2025-09-01,2025-09-14,2025-09-15,679,8911.12,1,Delayed,Future
771,8,67,6,2024-01-12,2024-01-25,2024-01-25,320,8253.08,0,On Time,Current
772,1,16,6,2025-03-12,2025-03-24,2025-03-26,454,3437.69,2,Delayed,Current
773,18,12,2,2025-10-23,2025-10-29,2025-11-03,227,4799.22,5,Delayed,Current
774,3,87,4,2024-01-23,2024-01-28,2024-01-30,117,7758.47,2,Delayed,Future
775,11,63,1,2024-02-16,2024-03-04,2024-03-05,541,4374.16,1,Delayed,Future
776,10,97,3,2024-11-09,2024-11-15,2024-11-18,406,8767.75,3,Delayed,Current
777,6,118,2,2024-08-22,2024-08-31,2024-09-04,261,2086.1,4,Delayed,Current
778,2,81,6,2024-10-22,2024-10-27,2024-10-28,631,1503.05,1,Delayed,Future
779,5,87,4,2025-08-03,2025-08-20,2025-08-21,504,4981.43,1,Delayed,Current
780,12,61,3,2025-08-14,2025-08-25,2025-08-27,161,7113.16,2,Delayed,Future
781,8,70,6,2024-12-04,2024-12-12,2024-12-13,75,1530.68,1,Delayed,Current
782,14,65,4,2025-05-07,2025-05-20,2025-05-21,233,8514.76,1,Delayed,Future
783,5,61,6,2024-04-18,2024-04-26,2024-04-28,476,5098.18,2,Delayed,Future
784,5,78,6,2024-04-26,2024-05-02,2024-05-03,261,7043.79,1,Delayed,Current
785,5,33,1,2024-09-24,2024-10-09,2024-10-11,380,930.59,2,Delayed,Future
786,13,105,4,2024-01-29,2024-02-11,2024-02-13,416,5539.03,2,Delayed,Current
787,10,46,1,2025-03-13,2025-03-21,2025-03-25,179,7928.16,4,Delayed,Current
788,8,5,6,2024-08-28,2024-09-05,2024-09-06,696,7140.19,1,Delayed,Future
789,18,119,6,2025-08-31,2025-09-16,2025-09-26,428,7552.52,10,Delayed,Current
790,8,35,6,2025-11-27,2025-12-13,2025-12-13,84,1088.74,0,On Time,Future
791,16,100,2,2025-09-01,2025-09-06,2025-09-06,490,8662.16,0,On Time,Future
792,12,41,6,2024-01-31,2024-02-14,2024-02-23,391,1587.46,9,Delayed,Current
793,6,28,1,2025-04-04,2025-04-19,2025-04-20,579,8018.13,1,Delayed,Future
794,11,4,1,2024-03-20,2024-03-29,2024-04-04,406,1154.12,6,Delayed,Current
795,5,109,4,2024-12-05,2024-12-16,2024-12-17,73,5074.28,1,Delayed,Current
796,20,87,2,2024-05-29,2024-06-03,2024-06-03,673,8592.02,0,On Time,Future
797,2,16,6,2025-07-14,2025-07-31,2025-08-01,582,1855.23,1,Delayed,Future
798,12,101,6,2025-09-14,2025-09-22,2025-09-24,279,1515.92,2,Delayed,Future
799,6,75,6,2024-09-22,2024-10-07,2024-10-08,653,5504.27,1,Delayed,Current
800,10,103,3,2025-11-04,2025-11-12,2025-11-13,373,5570.75,1,Delayed,Current
801,12,70,1,2024-09-08,2024-09-17,2024-09-24,576,2700.1,7,Delayed,Current
802,12,75,6,2024-07-19,2024-08-01,2024-08-03,323,8194.45,2,Delayed,Future
803,16,60,6,2025-11-10,2025-11-26,2025-11-28,662,6644.21,2,Delayed,Future
804,13,29,1,2025-07-06,2025-07-18,2025-07-25,181,3981.72,7,Delayed,Current
805,13,12,2,2025-08-10,2025-08-27,2025-08-29,613,2764.1,2,Delayed,Current
806,6,80,6,2024-02-08,2024-02-22,2024-02-22,601,2407.33,0,On Time,Future
807,13,97,5,2024-06-29,2024-07-04,2024-07-05,233,7364.58,1,Delayed,Future
808,3,37,6,2024-11-20,2024-12-01,2024-12-01,322,5393.38,0,On Time,Future
809,3,66,1,2025-11-15,2025-11-22,2025-11-29,458,7056.77,7,Delayed,Current
810,12,69,4,2024-10-05,2024-10-16,2024-10-17,201,5977.37,1,Delayed,Future
811,16,115,3,2025-05-11,2025-05-18,2025-05-20,453,8164.58,2,Delayed,Future
812,19,28,3,2024-09-09,2024-09-19,2024-09-20,442,6769.08,1,Delayed,Future
813,11,87,2,2025-01-31,2025-02-10,2025-02-10,394,7693.04,0,On Time,Future
814,3,44,6,2025-03-23,2025-04-01,2025-04-03,137,5864.78,2,Delayed,Current
815,7,58,6,2024-06-07,2024-06-12,2024-06-13,391,6989.4,1,Delayed,Future
816,14,42,2,2024-01-20,2024-02-06,2024-02-13,231,965.94,7,Delayed,Current
817,4,97,3,2024-01-26,2024-02-04,2024-02-04,682,835.51,0,On Time,Future
818,14,70,5,2024-09-17,2024-10-02,2024-10-06,526,4437.13,4,Delayed,Current
819,4,52,4,2024-06-13,2024-06-25,2024-06-25,498,5888.02,0,On Time,Future
820,5,113,1,2025-10-27,2025-11-03,2025-11-05,579,6547.88,2,Delayed,Future
821,9,79,6,2024-12-22,2025-01-04,2025-01-05,257,5074.64,1,Delayed,Future
822,11,114,5,2024-09-17,2024-09-29,2024-10-09,200,1813.4,10,Delayed,Current
823,20,94,4,2024-10-05,2024-10-13,2024-10-15,575,7525.89,2,Delayed,Current
824,9,105,6,2024-03-16,2024-03-29,2024-03-31,227,7518.97,2,Delayed,Future
825,1,36,3,2024-12-20,2025-01-06,2025-01-12,402,2328.23,6,Delayed,Current
826,7,85,2,2024-12-07,2024-12-23,2024-12-25,497,2980.47,2,Delayed,Future
827,18,6,2,2024-03-20,2024-03-26,2024-04-02,695,1398.12,7,Delayed,Current
828,8,90,2,2025-08-12,2025-08-23,2025-08-23,156,5777.81,0,On Time,Future
829,11,111,2,2024-06-26,2024-07-11,2024-07-13,609,1410.12,2,Delayed,Future
830,19,15,1,2024-09-10,2024-09-21,2024-09-21,439,8904.27,0,On Time,Future
831,14,77,6,2025-09-15,2025-09-26,2025-09-26,593,7805.75,0,On Time,Future
832,15,43,3,2024-02-04,2024-02-17,2024-02-19,571,6842.13,2,Delayed,Current
833,4,35,6,2025-05-14,2025-05-25,2025-06-01,595,1291.5,7,Delayed,Current
834,17,97,6,2025-05-16,2025-05-29,2025-05-30,187,3473.22,1,Delayed,Current
835,18,119,3,2024-10-13,2024-10-21,2024-10-22,167,841.55,1,Delayed,Current
836,7,14,3,2024-01-09,2024-01-17,2024-01-18,359,3533.0,1,Delayed,Current
837,14,110,6,2024-08-19,2024-08-30,2024-08-31,361,3350.8,1,Delayed,Current
838,8,86,1,2025-11-06,2025-11-22,2025-11-29,167,3249.09,7,Delayed,Current
839,13,42,6,2025-10-13,2025-10-20,2025-10-27,658,8435.21,7,Delayed,Current
840,1,51,1,2025-06-28,2025-07-14,2025-07-20,85,3803.7,6,Delayed,Current
841,17,109,6,2025-04-15,2025-05-01,2025-05-05,248,7593.02,4,Delayed,Current
842,14,61,1,2024-12-27,2025-01-03,2025-01-04,617,2970.7,1,Delayed,Future
843,10,109,1,2025-11-04,2025-11-20,2025-11-21,647,5456.56,1,Delayed,Future
844,3,33,3,2024-06-10,2024-06-27,2024-06-28,286,5325.74,1,Delayed,Future
845,17,6,6,2025-08-21,2025-09-07,2025-09-09,159,1382.84,2,Delayed,Future
846,4,104,1,2025-04-01,2025-04-13,2025-04-15,648,7333.91,2,Delayed,Future
847,12,11,6,2025-04-15,2025-04-30,2025-05-10,296,7632.56,10,Delayed,Current
848,3,67,2,2024-02-08,2024-02-23,2024-02-25,579,8109.8,2,Delayed,Future
849,19,22,6,2025-06-29,2025-07-14,2025-07-20,669,5135.89,6,Delayed,Current
850,17,3,2,2024-05-07,2024-05-13,2024-05-13,495,1175.19,0,On Time,Future
851,2,58,6,2024-12-22,2025-01-01,2025-01-11,676,3482.35,10,Delayed,Current
852,18,7,6,2024-06-05,2024-06-22,2024-07-02,270,5465.32,10,Delayed,Current
853,16,57,6,2024-03-03,2024-03-09,2024-03-11,664,5128.65,2,Delayed,Current
854,5,61,3,2025-12-20,2026-01-04,2026-01-06,181,1688.03,2,Delayed,Future
855,5,48,6,2025-09-26,2025-10-11,2025-10-14,243,2722.64,3,Delayed,Current
856,9,31,6,2025-05-20,2025-06-02,2025-06-02,314,1486.56,0,On Time,Current
857,14,11,3,2024-03-15,2024-03-22,2024-03-23,114,6680.85,1,Delayed,Future
858,9,47,1,2025-07-20,2025-08-05,2025-08-11,466,983.13,6,Delayed,Current
859,10,85,3,2025-05-08,2025-05-14,2025-05-15,227,2826.84,1,Delayed,Current
860,11,111,6,2024-10-23,2024-10-30,2024-11-08,603,2950.54,9,Delayed,Current
861,1,97,6,2024-06-30,2024-07-11,2024-07-13,364,4430.57,2,Delayed,Future
862,16,9,6,2025-01-03,2025-01-16,2025-01-16,170,8343.08,0,On Time,Current
863,6,12,6,2025-06-03,2025-06-10,2025-06-10,284,4564.69,0,On Time,Current
864,3,16,2,2024-05-11,2024-05-26,2024-06-03,235,7680.05,8,Delayed,Current
865,19,97,6,2025-01-15,2025-01-28,2025-01-28,216,2706.0,0,On Time,Current
866,20,119,6,2024-12-30,2025-01-07,2025-01-08,295,4216.93,1,Delayed,Current
867,16,87,6,2025-06-21,2025-07-07,2025-07-07,620,6272.82,0,On Time,Future
868,5,37,1,2025-03-11,2025-03-25,2025-03-27,155,3810.24,2,Delayed,Future
869,7,12,6,2025-09-11,2025-09-19,2025-09-20,334,4507.04,1,Delayed,Future
870,3,97,1,2025-03-11,2025-03-23,2025-03-26,463,2199.95,3,Delayed,Current
871,7,110,6,2025-03-25,2025-04-09,2025-04-16,496,2262.64,7,Delayed,Current
872,8,73,1,2024-01-22,2024-02-02,2024-02-02,661,7541.47,0,On Time,Current
873,13,94,6,2025-11-17,2025-11-28,2025-11-30,502,7284.64,2,Delayed,Future
874,9,11,6,2024-10-01,2024-10-06,2024-10-07,574,1374.16,1,Delayed,Future
875,12,66,6,2025-08-23,2025-08-31,2025-08-31,180,6404.07,0,On Time,Future
876,18,40,2,2024-02-23,2024-02-29,2024-03-08,641,4973.2,8,Delayed,Current
877,10,16,6,2025-07-04,2025-07-13,2025-07-23,75,1489.23,10,Delayed,Current
878,16,117,6,2024-06-06,2024-06-19,2024-06-19,672,2740.01,0,On Time,Future
879,20,4,2,2024-01-31,2024-02-12,2024-02-15,159,7552.67,3,Delayed,Current
880,14,96,3,2025-10-26,2025-11-01,2025-11-04,603,3212.79,3,Delayed,Current
881,20,13,6,2024-12-28,2025-01-10,2025-01-10,184,3005.52,0,On Time,Future
882,20,46,4,2025-06-26,2025-07-02,2025-07-05,623,3702.4,3,Delayed,Current
883,11,49,6,2024-03-14,2024-03-27,2024-04-04,340,2386.65,8,Delayed,Current
884,2,9,1,2024-11-06,2024-11-15,2024-11-16,420,6889.53,1,Delayed,Future
885,16,74,6,2024-12-26,2025-01-08,2025-01-10,123,2794.18,2,Delayed,Future
886,15,106,5,2024-01-15,2024-01-28,2024-02-03,531,1216.41,6,Delayed,Current
887,6,79,2,2025-12-20,2026-01-06,2026-01-07,615,7179.85,1,Delayed,Future
888,10,118,6,2024-07-09,2024-07-19,2024-07-22,581,4518.03,3,Delayed,Current
889,6,110,2,2025-12-12,2025-12-29,2026-01-02,247,4753.7,4,Delayed,Current
890,15,40,1,2024-10-31,2024-11-12,2024-11-17,497,1890.53,5,Delayed,Current
891,10,53,1,2025-09-24,2025-10-08,2025-10-08,632,899.41,0,On Time,Future
892,13,67,6,2025-06-16,2025-07-03,2025-07-13,469,2659.55,10,Delayed,Current
893,14,13,6,2024-01-26,2024-02-11,2024-02-14,389,3274.26,3,Delayed,Current
894,20,111,6,2024-05-17,2024-05-23,2024-05-25,152,2779.63,2,Delayed,Future
895,9,20,4,2024-08-26,2024-09-12,2024-09-13,407,2931.61,1,Delayed,Future
896,20,98,2,2025-10-01,2025-10-11,2025-10-21,358,8092.03,10,Delayed,Current
897,18,6,6,2025-04-08,2025-04-15,2025-04-15,238,6976.64,0,On Time,Future
898,4,88,1,2024-04-23,2024-05-07,2024-05-17,373,1288.07,10,Delayed,Current
899,3,101,3,2024-01-24,2024-02-02,2024-02-02,556,3294.76,0,On Time,Current
900,9,41,6,2025-01-27,2025-02-11,2025-02-19,455,4473.32,8,Delayed,Current
901,14,38,4,2025-10-18,2025-10-27,2025-11-03,489,1961.33,7,Delayed,Current
902,2,102,6,2024-07-02,2024-07-07,2024-07-11,638,6597.26,4,Delayed,Current
903,19,14,3,2024-07-22,2024-08-04,2024-08-09,497,2501.55,5,Delayed,Current
904,19,36,2,2024-06-07,2024-06-17,2024-06-17,255,1627.36,0,On Time,Future
905,4,117,6,2025-01-24,2025-02-02,2025-02-09,386,8324.14,7,Delayed,Current
906,18,37,1,2024-11-18,2024-11-29,2024-11-30,433,1363.03,1,Delayed,Future
907,20,30,4,2025-06-28,2025-07-05,2025-07-06,139,2374.16,1,Delayed,Future
908,11,2,6,2024-12-26,2025-01-05,2025-01-06,68,1045.81,1,Delayed,Future
909,15,94,6,2025-03-01,2025-03-13,2025-03-14,667,6631.16,1,Delayed,Current
910,14,105,4,2025-06-18,2025-06-23,2025-06-24,219,6558.84,1,Delayed,Future
911,7,76,5,2025-07-24,2025-08-03,2025-08-04,350,1151.67,1,Delayed,Future
912,5,107,6,2025-02-26,2025-03-12,2025-03-13,174,7983.1,1,Delayed,Future
913,14,93,4,2024-04-12,2024-04-22,2024-04-22,153,2996.96,0,On Time,Future
914,4,86,4,2025-06-03,2025-06-09,2025-06-10,240,7923.65,1,Delayed,Future
915,16,14,2,2024-06-18,2024-06-25,2024-06-27,481,5585.67,2,Delayed,Future
916,18,2,6,2024-10-19,2024-11-04,2024-11-04,408,3999.87,0,On Time,Future
917,11,104,2,2025-02-23,2025-03-08,2025-03-10,90,3981.45,2,Delayed,Future
918,12,114,2,2024-12-29,2025-01-11,2025-01-17,436,2560.87,6,Delayed,Current
919,14,27,6,2025-03-14,2025-03-23,2025-03-29,103,5001.57,6,Delayed,Current
920,20,4,1,2025-07-09,2025-07-14,2025-07-17,304,3358.98,3,Delayed,Current
921,16,107,6,2025-08-01,2025-08-16,2025-08-20,664,1871.48,4,Delayed,Current
922,16,11,6,2025-09-28,2025-10-11,2025-10-12,66,7303.32,1,Delayed,Future
923,9,77,4,2024-02-25,2024-03-02,2024-03-12,530,4049.71,10,Delayed,Current
924,13,43,6,2024-08-29,2024-09-09,2024-09-09,556,3274.45,0,On Time,Future
925,1,69,6,2025-02-10,2025-02-23,2025-03-02,154,3725.68,7,Delayed,Current
926,12,99,1,2025-09-03,2025-09-20,2025-09-22,143,4363.21,2,Delayed,Future
927,4,17,5,2024-01-30,2024-02-05,2024-02-12,491,7217.7,7,Delayed,Current
928,10,23,6,2024-04-01,2024-04-14,2024-04-14,248,4642.95,0,On Time,Future
929,7,49,6,2025-02-18,2025-03-02,2025-03-02,505,5427.48,0,On Time,Current
930,19,9,2,2024-04-27,2024-05-08,2024-05-09,144,5101.15,1,Delayed,Future
931,20,47,6,2024-10-20,2024-10-28,2024-10-28,496,6962.61,0,On Time,Future
932,4,114,6,2025-04-29,2025-05-09,2025-05-19,568,2626.66,10,Delayed,Current
933,11,81,1,2025-08-07,2025-08-22,2025-08-29,449,2243.39,7,Delayed,Current
934,1,84,5,2025-12-17,2025-12-25,2026-01-01,304,7901.45,7,Delayed,Current
935,2,48,6,2024-07-21,2024-08-07,2024-08-14,134,5177.06,7,Delayed,Current
936,16,110,3,2025-03-14,2025-03-26,2025-03-26,655,3756.62,0,On Time,Future
937,15,59,4,2025-05-26,2025-06-04,2025-06-08,580,4360.3,4,Delayed,Current
938,10,48,6,2024-12-14,2024-12-20,2024-12-21,301,859.62,1,Delayed,Future
939,10,108,6,2024-07-07,2024-07-12,2024-07-17,363,6718.48,5,Delayed,Current
940,5,67,6,2025-01-06,2025-01-20,2025-01-21,76,5484.91,1,Delayed,Future
941,17,44,1,2024-04-17,2024-04-27,2024-04-28,629,1020.97,1,Delayed,Future
942,15,87,3,2024-11-26,2024-12-04,2024-12-05,436,1944.62,1,Delayed,Future
943,11,110,2,2024-05-02,2024-05-12,2024-05-17,683,4302.82,5,Delayed,Current
944,14,111,6,2024-11-26,2024-12-11,2024-12-17,293,7218.35,6,Delayed,Current
945,9,21,6,2025-05-27,2025-06-04,2025-06-06,221,8173.92,2,Delayed,Future
946,12,84,6,2024-08-29,2024-09-03,2024-09-04,293,5891.06,1,Delayed,Current
947,13,113,1,2024-05-23,2024-06-09,2024-06-16,201,1750.82,7,Delayed,Current
948,17,33,1,2025-12-14,2025-12-19,2025-12-26,100,1360.29,7,Delayed,Current
949,13,8,1,2024-01-31,2024-02-16,2024-02-22,522,8000.86,6,Delayed,Current
950,3,12,1,2024-07-20,2024-07-25,2024-07-25,694,7362.37,0,On Time,Current
951,12,17,1,2024-02-26,2024-03-09,2024-03-11,522,3569.21,2,Delayed,Current
952,16,43,6,2024-07-24,2024-08-07,2024-08-13,125,8554.0,6,Delayed,Current
953,2,79,3,2024-01-13,2024-01-30,2024-02-01,530,2746.24,2,Delayed,Future
954,5,88,4,2024-03-10,2024-03-21,2024-03-29,233,6212.27,8,Delayed,Current
955,20,42,6,2024-11-29,2024-12-12,2024-12-13,132,4925.85,1,Delayed,Future
956,14,118,5,2024-02-25,2024-03-13,2024-03-13,238,877.26,0,On Time,Current
957,7,89,5,2024-04-23,2024-04-29,2024-04-30,350,4853.79,1,Delayed,Future
958,16,51,1,2024-01-11,2024-01-28,2024-02-01,84,7075.33,4,Delayed,Current
959,17,115,2,2025-11-07,2025-11-22,2025-11-30,203,7593.29,8,Delayed,Current
960,15,86,4,2025-11-14,2025-11-27,2025-12-02,254,8147.53,5,Delayed,Current
961,19,3,1,2024-11-01,2024-11-18,2024-11-25,116,8205.73,7,Delayed,Current
962,20,109,1,2025-06-22,2025-07-04,2025-07-05,469,4072.01,1,Delayed,Future
963,12,66,6,2025-10-19,2025-11-03,2025-11-13,198,8375.72,10,Delayed,Current
964,12,8,3,2025-08-16,2025-09-01,2025-09-01,182,2911.48,0,On Time,Future
965,14,77,5,2025-01-06,2025-01-11,2025-01-13,320,7552.37,2,Delayed,Current
966,14,101,1,2024-05-02,2024-05-10,2024-05-12,85,1700.61,2,Delayed,Future
967,16,98,1,2024-07-20,2024-07-31,2024-08-02,626,7138.84,2,Delayed,Current
968,20,80,1,2024-05-19,2024-05-31,2024-06-01,469,5725.68,1,Delayed,Future
969,13,101,6,2025-03-02,2025-03-10,2025-03-15,81,2377.51,5,Delayed,Current
970,3,20,6,2024-08-07,2024-08-12,2024-08-15,257,5438.17,3,Delayed,Current
971,16,25,2,2024-05-18,2024-05-24,2024-05-29,548,4636.15,5,Delayed,Current
972,5,79,5,2024-07-19,2024-07-30,2024-08-04,626,7543.8,5,Delayed,Current
973,5,32,2,2025-12-16,2026-01-01,2026-01-03,351,3358.03,2,Delayed,Future
974,18,95,6,2024-11-08,2024-11-19,2024-11-25,397,7908.63,6,Delayed,Current
975,15,26,6,2024-11-20,2024-12-05,2024-12-07,177,5308.52,2,Delayed,Future
976,8,117,6,2024-05-03,2024-05-16,2024-05-17,550,1040.82,1,Delayed,Future
977,1,3,6,2025-07-05,2025-07-16,2025-07-26,74,4829.87,10,Delayed,Current
978,13,32,6,2025-07-07,2025-07-16,2025-07-24,560,1289.15,8,Delayed,Current
979,9,92,6,2024-04-29,2024-05-04,2024-05-05,149,5741.04,1,Delayed,Future
980,14,115,3,2024-12-14,2024-12-29,2024-12-29,554,4770.04,0,On Time,Current
981,2,15,2,2024-11-25,2024-12-09,2024-12-11,224,8894.26,2,Delayed,Future
982,1,70,3,2024-05-25,2024-06-07,2024-06-10,527,1807.96,3,Delayed,Current
983,2,66,6,2025-03-19,2025-03-25,2025-03-27,534,3179.7,2,Delayed,Future
984,12,14,1,2025-05-01,2025-05-13,2025-05-23,662,2661.43,10,Delayed,Current
985,3,41,3,2025-12-21,2025-12-28,2025-12-30,604,5564.34,2,Delayed,Future
986,17,71,1,2025-12-04,2025-12-10,2025-12-11,364,7028.17,1,Delayed,Future
987,13,44,5,2025-04-07,2025-04-21,2025-04-21,295,8675.39,0,On Time,Future
988,7,79,6,2024-03-08,2024-03-18,2024-03-18,610,1111.19,0,On Time,Future
989,16,71,3,2025-04-19,2025-04-26,2025-04-26,317,5342.84,0,On Time,Future
990,18,60,6,2024-11-13,2024-11-29,2024-12-03,478,8858.96,4,Delayed,Current
991,14,44,3,2024-08-06,2024-08-18,2024-08-19,264,1394.27,1,Delayed,Future
992,17,36,6,2024-08-20,2024-08-31,2024-09-07,461,5938.67,7,Delayed,Current
993,18,64,6,2025-01-20,2025-02-03,2025-02-06,478,5420.02,3,Delayed,Current
994,16,35,5,2025-01-17,2025-02-02,2025-02-05,682,4254.63,3,Delayed,Current
995,8,88,4,2024-09-18,2024-09-26,2024-10-02,357,3210.59,6,Delayed,Current
996,6,44,5,2024-12-27,2025-01-02,2025-01-04,133,8200.77,2,Delayed,Current
997,8,27,1,2025-10-13,2025-10-21,2025-10-25,240,5484.01,4,Delayed,Current
998,8,35,6,2024-08-31,2024-09-09,2024-09-16,120,6684.69,7,Delayed,Current
999,16,15,2,2024-02-13,2024-02-25,2024-03-04,121,1297.16,8,Delayed,Current
1000,16,91,2,2024-11-16,2024-11-29,2024-11-30,122,5628.89,1,Delayed,Current
1001,18,118,3,2024-09-20,2024-09-30,2024-10-02,280,973.71,2,Delayed,Future
1002,15,9,2,2025-01-22,2025-02-06,2025-02-09,357,5305.29,3,Delayed,Current
1003,17,13,6,2025-06-02,2025-06-09,2025-06-18,373,1232.63,9,Delayed,Current
1004,13,85,4,2024-05-02,2024-05-10,2024-05-17,400,7909.58,7,Delayed,Current
1005,9,28,1,2024-03-23,2024-04-02,2024-04-03,686,5931.82,1,Delayed,Future
1006,15,23,6,2024-12-30,2025-01-11,2025-01-13,157,8468.2,2,Delayed,Current
1007,10,114,6,2025-10-11,2025-10-17,2025-10-23,530,7856.55,6,Delayed,Current
1008,11,65,3,2024-12-06,2024-12-22,2024-12-24,607,5819.32,2,Delayed,Future
1009,14,69,6,2024-04-23,2024-05-05,2024-05-06,437,1154.06,1,Delayed,Current
1010,4,26,6,2024-01-22,2024-02-08,2024-02-09,397,8555.3,1,Delayed,Future
1011,11,88,1,2024-05-04,2024-05-21,2024-05-29,587,7373.7,8,Delayed,Current
1012,3,12,3,2024-05-19,2024-05-27,2024-05-28,548,8021.86,1,Delayed,Current
1013,8,120,6,2025-07-10,2025-07-17,2025-07-18,658,4991.2,1,Delayed,Future
1014,15,99,6,2025-11-16,2025-11-27,2025-11-29,350,1610.23,2,Delayed,Current
1015,2,34,3,2024-11-11,2024-11-18,2024-11-19,359,6584.43,1,Delayed,Current
1016,15,13,2,2025-05-28,2025-06-11,2025-06-14,143,8898.44,3,Delayed,Current
1017,19,119,5,2024-12-14,2024-12-20,2024-12-29,396,3632.48,9,Delayed,Current
1018,20,67,6,2024-09-04,2024-09-18,2024-09-20,591,5915.07,2,Delayed,Future
1019,19,62,4,2025-04-22,2025-05-04,2025-05-04,624,5563.58,0,On Time,Future
1020,20,25,6,2024-01-08,2024-01-15,2024-01-19,227,4042.11,4,Delayed,Current
1021,10,99,6,2024-01-11,2024-01-26,2024-02-03,571,1765.98,8,Delayed,Current
1022,15,18,2,2024-03-03,2024-03-13,2024-03-18,673,5635.86,5,Delayed,Current
1023,14,117,6,2025-05-07,2025-05-12,2025-05-22,429,7542.17,10,Delayed,Current
1024,20,8,6,2024-04-12,2024-04-26,2024-05-01,598,6450.33,5,Delayed,Current
1025,18,90,4,2024-04-22,2024-04-30,2024-05-06,188,4021.15,6,Delayed,Current
1026,9,9,2,2024-12-17,2024-12-26,2025-01-05,105,6930.45,10,Delayed,Current
1027,13,59,6,2025-07-28,2025-08-12,2025-08-13,448,8471.15,1,Delayed,Future
1028,2,35,6,2024-11-06,2024-11-17,2024-11-20,635,3442.55,3,Delayed,Current
1029,5,24,1,2025-12-18,2025-12-31,2026-01-04,308,5754.53,4,Delayed,Current
1030,8,61,2,2024-11-13,2024-11-26,2024-11-26,150,8202.52,0,On Time,Current
1031,15,115,3,2025-03-17,2025-03-30,2025-03-31,615,6758.34,1,Delayed,Future
1032,4,5,6,2024-05-25,2024-06-05,2024-06-05,401,1268.72,0,On Time,Future
1033,11,12,1,2024-08-21,2024-08-30,2024-09-01,262,8073.54,2,Delayed,Future
1034,4,43,2,2025-02-05,2025-02-14,2025-02-15,569,2563.67,1,Delayed,Future
1035,14,100,6,2024-04-21,2024-05-07,2024-05-07,99,4339.93,0,On Time,Current
1036,14,89,3,2025-03-21,2025-03-29,2025-03-30,525,6787.28,1,Delayed,Future
1037,2,105,1,2025-02-26,2025-03-15,2025-03-15,498,3020.38,0,On Time,Future
1038,8,85,6,2025-01-25,2025-01-31,2025-01-31,472,7950.74,0,On Time,Future
1039,15,40,1,2025-02-18,2025-02-26,2025-02-28,570,3807.05,2,Delayed,Future
1040,10,9,4,2024-04-23,2024-05-04,2024-05-06,483,1040.03,2,Delayed,Future
1041,5,60,1,2025-10-12,2025-10-29,2025-10-31,484,3624.51,2,Delayed,Future
1042,8,30,5,2025-02-01,2025-02-09,2025-02-17,228,2008.85,8,Delayed,Current
1043,13,84,6,2025-11-29,2025-12-04,2025-12-04,662,7292.73,0,On Time,Future
1044,8,103,1,2025-12-05,2025-12-21,2025-12-23,215,5251.56,2,Delayed,Future
1045,8,101,6,2024-08-30,2024-09-16,2024-09-26,300,8494.53,10,Delayed,Current
1046,9,116,6,2024-06-30,2024-07-10,2024-07-11,597,7745.62,1,Delayed,Current
1047,1,62,6,2025-09-02,2025-09-12,2025-09-14,181,3858.75,2,Delayed,Future
1048,18,102,6,2025-01-18,2025-01-26,2025-02-04,651,4514.36,9,Delayed,Current
1049,13,100,6,2024-01-11,2024-01-19,2024-01-19,169,1330.13,0,On Time,Current
1050,1,50,6,2025-05-03,2025-05-14,2025-05-15,210,2804.22,1,Delayed,Current
1051,16,77,2,2024-08-02,2024-08-16,2024-08-16,480,1906.12,0,On Time,Future
1052,19,4,5,2024-12-06,2024-12-23,2024-12-23,248,3863.42,0,On Time,Future
1053,13,75,2,2024-02-06,2024-02-21,2024-02-21,253,3392.24,0,On Time,Future
1054,6,13,1,2025-01-14,2025-01-24,2025-02-03,356,6996.76,10,Delayed,Current
1055,16,34,4,2025-09-05,2025-09-20,2025-09-29,383,7470.67,9,Delayed,Current
1056,2,97,4,2025-12-24,2026-01-10,2026-01-12,536,8775.4,2,Delayed,Future
1057,12,61,2,2024-04-06,2024-04-22,2024-04-30,193,3850.75,8,Delayed,Current
1058,8,44,2,2025-09-01,2025-09-17,2025-09-23,284,6908.26,6,Delayed,Current
1059,6,102,6,2025-09-08,2025-09-14,2025-09-23,93,5493.49,9,Delayed,Current
1060,19,73,6,2024-03-16,2024-03-27,2024-03-27,168,5315.91,0,On Time,Future
1061,6,14,6,2024-11-25,2024-12-07,2024-12-17,252,6870.93,10,Delayed,Current
1062,17,46,1,2025-02-25,2025-03-12,2025-03-18,547,2035.48,6,Delayed,Current
1063,6,30,6,2024-03-19,2024-04-04,2024-04-06,675,6708.97,2,Delayed,Future
1064,1,48,2,2025-02-18,2025-03-06,2025-03-06,683,7534.76,0,On Time,Future
1065,19,21,3,2024-07-31,2024-08-16,2024-08-25,320,2433.14,9,Delayed,Current
1066,17,81,6,2024-03-24,2024-04-07,2024-04-14,483,8948.59,7,Delayed,Current
1067,6,51,6,2025-12-22,2026-01-01,2026-01-03,518,4528.04,2,Delayed,Current
1068,7,69,6,2025-03-28,2025-04-10,2025-04-12,306,4739.3,2,Delayed,Future
1069,9,75,6,2024-09-28,2024-10-07,2024-10-07,389,1791.5,0,On Time,Future
1070,3,49,3,2025-10-22,2025-11-04,2025-11-06,314,5380.02,2,Delayed,Future
1071,12,66,3,2024-01-22,2024-02-04,2024-02-13,405,5920.55,9,Delayed,Current
1072,13,18,6,2025-11-10,2025-11-27,2025-11-27,279,8165.79,0,On Time,Future
1073,3,118,6,2025-06-11,2025-06-28,2025-07-03,486,2232.88,5,Delayed,Current
1074,9,57,3,2024-11-02,2024-11-11,2024-11-12,359,4293.51,1,Delayed,Future
1075,19,34,6,2024-07-26,2024-08-03,2024-08-03,198,8631.37,0,On Time,Current
1076,6,103,6,2024-08-17,2024-08-27,2024-08-29,175,7804.65,2,Delayed,Current
1077,15,101,5,2025-11-09,2025-11-23,2025-11-26,337,5879.5,3,Delayed,Current
1078,7,1,6,2024-07-25,2024-07-31,2024-08-09,662,8601.52,9,Delayed,Current
1079,13,15,1,2025-01-04,2025-01-16,2025-01-19,102,1171.29,3,Delayed,Current
1080,13,99,2,2024-10-12,2024-10-28,2024-10-30,248,1441.12,2,Delayed,Future
1081,9,24,5,2025-09-09,2025-09-26,2025-09-30,335,3001.59,4,Delayed,Current
1082,6,102,4,2025-08-09,2025-08-24,2025-08-26,364,3761.36,2,Delayed,Future
1083,11,101,6,2025-05-28,2025-06-12,2025-06-13,191,2046.08,1,Delayed,Current
1084,2,74,6,2025-10-28,2025-11-02,2025-11-06,387,1819.01,4,Delayed,Current
1085,5,81,3,2024-05-12,2024-05-27,2024-05-29,237,8617.79,2,Delayed,Future
1086,7,112,1,2025-03-12,2025-03-29,2025-03-30,304,3776.76,1,Delayed,Future
1087,12,62,5,2025-09-28,2025-10-08,2025-10-10,471,1061.63,2,Delayed,Current
1088,18,98,2,2025-06-29,2025-07-08,2025-07-11,287,7449.7,3,Delayed,Current
1089,19,11,4,2024-07-18,2024-07-25,2024-07-30,117,5686.89,5,Delayed,Current
1090,11,68,2,2024-01-24,2024-01-29,2024-01-30,268,5438.04,1,Delayed,Future
1091,1,24,2,2025-06-03,2025-06-16,2025-06-24,475,3941.07,8,Delayed,Current
1092,12,1,5,2024-03-22,2024-03-31,2024-04-01,574,3997.63,1,Delayed,Future
1093,18,76,6,2024-04-17,2024-04-28,2024-04-28,124,6328.91,0,On Time,Current
1094,11,109,1,2024-04-29,2024-05-05,2024-05-14,106,1675.73,9,Delayed,Current
1095,15,30,4,2025-05-01,2025-05-10,2025-05-11,682,5807.17,1,Delayed,Future
1096,18,3,5,2025-02-17,2025-02-28,2025-03-09,131,8995.72,9,Delayed,Current
1097,7,4,6,2024-11-07,2024-11-12,2024-11-20,262,3829.86,8,Delayed,Current
1098,10,113,6,2024-09-10,2024-09-17,2024-09-17,488,7483.34,0,On Time,Future
1099,18,107,5,2024-07-21,2024-07-26,2024-07-27,192,7852.46,1,Delayed,Future
1100,7,74,6,2025-01-28,2025-02-11,2025-02-13,628,6640.45,2,Delayed,Future
1101,4,16,6,2025-08-07,2025-08-12,2025-08-14,346,6400.48,2,Delayed,Current
1102,8,62,2,2025-08-23,2025-08-29,2025-09-02,516,1428.27,4,Delayed,Current
1103,18,47,3,2024-04-21,2024-04-30,2024-05-09,86,5886.45,9,Delayed,Current
1104,10,78,1,2025-11-10,2025-11-25,2025-11-30,521,4234.76,5,Delayed,Current
1105,13,56,1,2024-09-26,2024-10-07,2024-10-09,234,7709.56,2,Delayed,Future
1106,5,11,6,2025-03-08,2025-03-23,2025-04-02,627,7113.68,10,Delayed,Current
1107,4,73,6,2025-12-04,2025-12-10,2025-12-10,696,8988.73,0,On Time,Current
1108,10,116,6,2025-03-17,2025-03-24,2025-04-03,316,4271.24,10,Delayed,Current
1109,13,91,5,2024-04-08,2024-04-25,2024-04-30,156,8880.93,5,Delayed,Current
1110,11,14,6,2024-02-04,2024-02-18,2024-02-25,650,6698.1,7,Delayed,Current
1111,9,59,6,2025-12-17,2025-12-24,2025-12-26,129,2189.68,2,Delayed,Future
1112,5,8,3,2024-12-24,2025-01-03,2025-01-11,92,3148.99,8,Delayed,Current
1113,12,12,2,2025-10-01,2025-10-10,2025-10-15,584,1435.65,5,Delayed,Current
1114,17,74,6,2024-12-15,2024-12-26,2024-12-26,540,4990.94,0,On Time,Future
1115,18,78,2,2025-06-11,2025-06-25,2025-07-02,380,1199.88,7,Delayed,Current
1116,13,3,6,2024-11-24,2024-11-29,2024-12-01,111,6928.48,2,Delayed,Current
1117,15,52,2,2024-12-02,2024-12-10,2024-12-11,475,3879.61,1,Delayed,Future
1118,6,10,6,2024-12-01,2024-12-17,2024-12-18,435,3965.01,1,Delayed,Future
1119,3,3,1,2025-09-07,2025-09-16,2025-09-23,234,1785.55,7,Delayed,Current
1120,6,20,3,2024-01-21,2024-01-29,2024-01-30,700,2830.66,1,Delayed,Future
1121,5,118,1,2024-01-26,2024-02-11,2024-02-14,279,4678.95,3,Delayed,Current
1122,14,47,6,2025-03-17,2025-03-27,2025-03-27,92,1965.81,0,On Time,Future
1123,16,64,1,2024-07-24,2024-07-30,2024-08-07,344,8803.89,8,Delayed,Current
1124,17,80,5,2024-05-15,2024-05-25,2024-06-04,162,4765.6,10,Delayed,Current
1125,18,107,2,2025-01-03,2025-01-19,2025-01-23,185,8811.1,4,Delayed,Current
1126,17,45,6,2025-04-01,2025-04-12,2025-04-17,656,7237.13,5,Delayed,Current
1127,7,66,5,2025-10-03,2025-10-14,2025-10-21,397,3388.51,7,Delayed,Current
1128,5,17,1,2025-06-07,2025-06-20,2025-06-20,303,7895.99,0,On Time,Future
1129,14,36,5,2024-12-18,2024-12-25,2024-12-26,332,4503.52,1,Delayed,Current
1130,15,92,6,2024-05-26,2024-06-02,2024-06-05,222,5889.52,3,Delayed,Current
1131,6,115,6,2025-03-24,2025-04-10,2025-04-19,684,8285.31,9,Delayed,Current
1132,13,48,1,2025-02-04,2025-02-11,2025-02-20,489,5080.61,9,Delayed,Current
1133,9,22,6,2025-07-29,2025-08-07,2025-08-07,249,6924.24,0,On Time,Future
1134,19,104,2,2025-01-14,2025-01-25,2025-02-01,378,4906.89,7,Delayed,Current
1135,5,68,6,2025-11-13,2025-11-28,2025-11-28,180,1143.79,0,On Time,Future
1136,13,25,6,2024-08-03,2024-08-08,2024-08-15,654,6890.94,7,Delayed,Current
1137,3,53,6,2025-07-17,2025-08-01,2025-08-02,443,5155.31,1,Delayed,Current
1138,17,60,6,2024-03-30,2024-04-14,2024-04-14,563,8121.53,0,On Time,Future
1139,12,108,6,2025-06-15,2025-06-20,2025-06-30,68,8418.17,10,Delayed,Current
1140,3,52,6,2025-05-10,2025-05-17,2025-05-17,215,5924.55,0,On Time,Future
1141,5,20,6,2024-11-07,2024-11-24,2024-11-25,313,2854.6,1,Delayed,Current
1142,10,104,6,2025-05-17,2025-05-25,2025-05-27,139,6488.55,2,Delayed,Future
1143,15,86,5,2025-10-21,2025-11-04,2025-11-14,645,1908.11,10,Delayed,Current
1144,4,111,6,2024-10-31,2024-11-07,2024-11-08,357,5856.7,1,Delayed,Future
1145,2,84,5,2024-05-24,2024-06-02,2024-06-06,92,2346.09,4,Delayed,Current
1146,17,78,4,2024-12-27,2025-01-03,2025-01-03,624,7677.2,0,On Time,Future
1147,10,66,2,2024-07-12,2024-07-26,2024-08-05,534,4135.2,10,Delayed,Current
1148,3,58,4,2024-04-03,2024-04-12,2024-04-19,641,5558.66,7,Delayed,Current
1149,7,75,1,2024-03-14,2024-03-22,2024-03-24,97,2634.58,2,Delayed,Future
1150,10,57,4,2025-04-24,2025-04-30,2025-05-07,355,1718.1,7,Delayed,Current
1151,20,2,6,2024-05-16,2024-05-27,2024-05-27,228,7352.33,0,On Time,Current
1152,8,51,4,2024-05-19,2024-06-02,2024-06-03,82,2129.51,1,Delayed,Current
1153,8,27,6,2025-06-12,2025-06-29,2025-07-08,442,5040.05,9,Delayed,Current
1154,15,91,1,2025-11-25,2025-12-09,2025-12-16,511,5832.32,7,Delayed,Current
1155,12,93,6,2025-07-18,2025-07-26,2025-08-03,429,1019.91,8,Delayed,Current
1156,18,90,1,2024-05-12,2024-05-20,2024-05-22,172,3758.38,2,Delayed,Future
1157,17,54,5,2024-10-17,2024-10-31,2024-11-07,660,5847.03,7,Delayed,Current
1158,16,100,6,2025-07-18,2025-07-29,2025-07-31,688,8267.19,2,Delayed,Future
1159,10,73,4,2025-06-25,2025-07-04,2025-07-04,254,2567.7,0,On Time,Future
1160,7,43,1,2025-06-03,2025-06-18,2025-06-19,302,2616.5,1,Delayed,Future
1161,7,88,2,2025-04-01,2025-04-09,2025-04-17,593,8356.97,8,Delayed,Current
1162,4,96,1,2024-04-18,2024-05-01,2024-05-01,145,2657.2,0,On Time,Future
1163,9,68,4,2025-10-08,2025-10-17,2025-10-18,204,5411.41,1,Delayed,Current
1164,4,60,3,2025-05-08,2025-05-18,2025-05-19,623,4685.06,1,Delayed,Current
1165,6,91,4,2024-03-30,2024-04-07,2024-04-13,623,8486.71,6,Delayed,Current
1166,13,51,6,2025-02-16,2025-03-04,2025-03-06,70,4370.25,2,Delayed,Current
1167,15,45,6,2025-05-29,2025-06-09,2025-06-11,288,8353.04,2,Delayed,Future
1168,10,119,6,2024-08-18,2024-08-30,2024-09-06,572,3716.83,7,Delayed,Current
1169,10,90,5,2025-11-07,2025-11-22,2025-11-30,586,1192.6,8,Delayed,Current
1170,13,66,1,2024-06-18,2024-06-28,2024-06-29,400,3972.06,1,Delayed,Current
1171,11,113,6,2024-05-23,2024-06-05,2024-06-06,627,3696.68,1,Delayed,Current
1172,12,71,3,2024-10-25,2024-11-08,2024-11-09,175,7901.94,1,Delayed,Future
1173,8,103,6,2024-04-09,2024-04-15,2024-04-16,219,2670.34,1,Delayed,Future
1174,11,46,1,2024-12-09,2024-12-26,2025-01-03,70,8551.47,8,Delayed,Current
1175,3,33,1,2025-08-11,2025-08-24,2025-08-24,454,3633.66,0,On Time,Future
1176,2,50,6,2024-05-22,2024-05-30,2024-05-31,484,4530.03,1,Delayed,Current
1177,15,8,3,2025-05-29,2025-06-03,2025-06-11,277,6937.31,8,Delayed,Current
1178,1,14,2,2024-03-18,2024-03-31,2024-04-02,110,5291.91,2,Delayed,Future
1179,4,53,1,2024-10-08,2024-10-20,2024-10-28,449,3142.95,8,Delayed,Current
1180,4,41,3,2024-04-19,2024-05-06,2024-05-06,425,8510.99,0,On Time,Future
1181,12,23,3,2025-06-21,2025-07-04,2025-07-09,178,5110.82,5,Delayed,Current
1182,1,27,2,2025-03-05,2025-03-16,2025-03-16,475,2760.95,0,On Time,Future
1183,6,49,6,2025-09-06,2025-09-19,2025-09-19,243,7066.03,0,On Time,Future
1184,5,41,6,2024-01-14,2024-01-22,2024-01-24,526,5126.8,2,Delayed,Future
1185,20,14,4,2025-12-27,2026-01-12,2026-01-13,601,7224.63,1,Delayed,Current
1186,3,7,6,2025-04-11,2025-04-16,2025-04-18,138,1691.4,2,Delayed,Future
1187,20,84,2,2024-10-23,2024-11-08,2024-11-09,672,3421.29,1,Delayed,Current
1188,11,6,6,2025-06-13,2025-06-25,2025-06-25,345,8700.62,0,On Time,Current
1189,15,17,6,2024-06-07,2024-06-20,2024-06-29,277,7711.08,9,Delayed,Current
1190,20,78,6,2025-01-10,2025-01-18,2025-01-26,435,5012.48,8,Delayed,Current
1191,7,12,2,2024-10-19,2024-10-27,2024-10-27,494,4503.72,0,On Time,Current
1192,18,59,5,2024-05-08,2024-05-16,2024-05-24,543,4587.08,8,Delayed,Current
1193,20,25,2,2024-11-14,2024-11-29,2024-12-01,625,5312.63,2,Delayed,Future
1194,11,12,1,2024-12-09,2024-12-21,2024-12-29,359,8913.97,8,Delayed,Current
1195,13,116,2,2024-01-29,2024-02-13,2024-02-15,461,3834.1,2,Delayed,Future
1196,7,105,3,2025-06-08,2025-06-22,2025-06-29,438,4434.95,7,Delayed,Current
1197,18,20,6,2025-11-12,2025-11-26,2025-12-04,182,1225.26,8,Delayed,Current
1198,6,28,5,2025-05-31,2025-06-06,2025-06-06,677,3966.48,0,On Time,Future
1199,7,26,6,2025-08-17,2025-09-02,2025-09-03,591,8060.77,1,Delayed,Future
1200,2,65,5,2024-02-03,2024-02-18,2024-02-20,254,2872.31,2,Delayed,Future
1201,19,98,6,2025-06-02,2025-06-07,2025-06-15,330,5877.26,8,Delayed,Current
1202,3,50,6,2025-08-01,2025-08-11,2025-08-14,299,5534.62,3,Delayed,Current
1203,20,113,5,2024-10-21,2024-11-04,2024-11-12,518,8351.16,8,Delayed,Current
1204,11,58,4,2024-01-02,2024-01-14,2024-01-22,372,8188.72,8,Delayed,Current
1205,20,28,1,2025-11-01,2025-11-12,2025-11-21,393,4666.82,9,Delayed,Current
1206,7,57,3,2025-05-15,2025-05-29,2025-05-31,140,4530.98,2,Delayed,Current
1207,20,34,6,2025-08-12,2025-08-17,2025-08-24,458,7689.98,7,Delayed,Current
1208,15,6,1,2025-10-22,2025-11-04,2025-11-05,282,3552.89,1,Delayed,Future
1209,8,24,2,2025-06-20,2025-07-06,2025-07-12,278,974.08,6,Delayed,Current
1210,5,12,2,2025-09-09,2025-09-21,2025-09-23,468,1496.08,2,Delayed,Future
1211,17,75,1,2025-11-06,2025-11-11,2025-11-16,450,7224.38,5,Delayed,Current
1212,8,1,5,2024-11-29,2024-12-15,2024-12-17,81,1015.66,2,Delayed,Future
1213,3,1,6,2024-01-12,2024-01-19,2024-01-21,76,4701.71,2,Delayed,Current
1214,13,52,1,2025-12-27,2026-01-08,2026-01-10,446,7596.51,2,Delayed,Future
1215,12,66,4,2024-07-10,2024-07-21,2024-07-26,420,1261.16,5,Delayed,Current
1216,13,94,1,2024-03-30,2024-04-10,2024-04-10,315,5364.27,0,On Time,Future
1217,15,27,5,2025-01-13,2025-01-27,2025-01-28,441,7051.27,1,Delayed,Future
1218,17,59,6,2025-01-07,2025-01-21,2025-01-22,685,8356.92,1,Delayed,Future
1219,2,1,6,2024-02-17,2024-02-29,2024-03-02,167,4969.49,2,Delayed,Future
1220,18,46,6,2025-07-26,2025-08-07,2025-08-08,247,8967.43,1,Delayed,Future
1221,1,95,1,2025-03-26,2025-04-02,2025-04-03,162,846.4,1,Delayed,Future
1222,15,63,1,2025-02-18,2025-02-28,2025-03-01,128,5073.47,1,Delayed,Current
1223,17,115,4,2024-04-25,2024-05-04,2024-05-11,211,919.96,7,Delayed,Current
1224,9,59,6,2024-04-29,2024-05-10,2024-05-12,145,4311.54,2,Delayed,Future
1225,11,53,2,2024-04-07,2024-04-20,2024-04-20,184,8128.96,0,On Time,Future
1226,11,96,6,2025-08-22,2025-08-27,2025-08-31,460,6002.09,4,Delayed,Current
1227,10,69,2,2024-09-15,2024-09-23,2024-09-28,387,1112.37,5,Delayed,Current
1228,4,14,6,2025-10-14,2025-10-27,2025-10-29,456,7571.29,2,Delayed,Current
1229,18,67,6,2024-03-21,2024-04-06,2024-04-14,419,1657.18,8,Delayed,Current
1230,3,69,6,2025-10-04,2025-10-17,2025-10-23,155,3638.61,6,Delayed,Current
1231,3,68,4,2025-09-18,2025-10-05,2025-10-05,670,4721.12,0,On Time,Current
1232,12,111,2,2024-04-25,2024-05-04,2024-05-05,362,2931.97,1,Delayed,Current
1233,7,112,6,2024-03-13,2024-03-18,2024-03-20,486,5508.76,2,Delayed,Future
1234,12,37,1,2024-06-01,2024-06-18,2024-06-25,647,8312.55,7,Delayed,Current
1235,3,91,2,2024-07-27,2024-08-04,2024-08-04,77,4133.41,0,On Time,Current
1236,5,15,1,2024-05-09,2024-05-19,2024-05-27,632,5475.76,8,Delayed,Current
1237,10,46,6,2025-09-24,2025-10-04,2025-10-04,359,5536.65,0,On Time,Future
1238,18,31,2,2024-01-14,2024-01-21,2024-01-21,276,1417.57,0,On Time,Current
1239,15,110,3,2024-10-21,2024-11-03,2024-11-05,567,6636.08,2,Delayed,Future
1240,20,111,6,2024-03-22,2024-04-08,2024-04-13,480,4214.04,5,Delayed,Current
1241,16,78,6,2025-11-16,2025-11-29,2025-11-29,351,5025.57,0,On Time,Future
1242,7,116,4,2025-06-25,2025-07-11,2025-07-12,121,8248.98,1,Delayed,Future
1243,18,35,2,2024-04-02,2024-04-16,2024-04-26,317,4062.99,10,Delayed,Current
1244,7,28,1,2024-09-20,2024-09-26,2024-10-06,270,8280.79,10,Delayed,Current
1245,6,49,4,2025-05-05,2025-05-22,2025-05-29,697,6310.6,7,Delayed,Current
1246,7,14,1,2025-12-20,2026-01-01,2026-01-04,560,5431.09,3,Delayed,Current
1247,18,92,6,2025-04-30,2025-05-09,2025-05-12,466,7761.89,3,Delayed,Current
1248,9,6,1,2024-02-12,2024-02-24,2024-03-04,580,8121.83,9,Delayed,Current
1249,6,76,4,2024-10-19,2024-10-26,2024-11-02,343,7655.34,7,Delayed,Current
1250,11,73,5,2025-02-26,2025-03-13,2025-03-13,234,2215.34,0,On Time,Future
1251,1,15,6,2024-01-22,2024-02-02,2024-02-09,573,4394.73,7,Delayed,Current
1252,4,9,6,2024-08-26,2024-09-09,2024-09-09,241,1848.88,0,On Time,Current
1253,8,50,6,2024-02-14,2024-02-27,2024-02-29,654,6110.18,2,Delayed,Current
1254,6,5,6,2025-09-11,2025-09-24,2025-09-25,599,2677.27,1,Delayed,Future
1255,14,83,6,2024-03-08,2024-03-18,2024-03-19,306,7747.01,1,Delayed,Future
1256,14,86,6,2025-11-12,2025-11-27,2025-12-05,580,4196.52,8,Delayed,Current
1257,14,93,4,2024-10-30,2024-11-08,2024-11-08,413,7292.49,0,On Time,Current
1258,18,93,6,2025-07-15,2025-07-20,2025-07-22,113,2924.58,2,Delayed,Future
1259,15,95,6,2025-08-03,2025-08-19,2025-08-28,177,1803.88,9,Delayed,Current
1260,6,34,6,2024-03-17,2024-04-02,2024-04-05,383,2238.79,3,Delayed,Current
1261,16,35,3,2025-09-22,2025-10-09,2025-10-10,697,8140.32,1,Delayed,Current
1262,17,4,1,2024-07-25,2024-08-04,2024-08-04,495,2665.09,0,On Time,Future
1263,7,17,6,2024-07-03,2024-07-18,2024-07-18,692,5425.5,0,On Time,Future
1264,20,20,4,2024-04-22,2024-04-29,2024-05-01,280,1364.76,2,Delayed,Current
1265,3,42,2,2025-07-16,2025-07-25,2025-07-27,600,5198.7,2,Delayed,Future
1266,15,11,6,2024-08-19,2024-09-05,2024-09-15,226,2387.92,10,Delayed,Current
1267,8,85,1,2024-10-04,2024-10-21,2024-10-22,289,4188.6,1,Delayed,Future
1268,3,8,6,2024-09-28,2024-10-05,2024-10-11,626,1914.56,6,Delayed,Current
1269,16,11,1,2024-05-19,2024-06-01,2024-06-10,215,6870.15,9,Delayed,Current
1270,14,114,4,2025-01-13,2025-01-24,2025-01-29,626,1883.24,5,Delayed,Current
1271,1,77,2,2024-08-09,2024-08-21,2024-08-28,573,3230.87,7,Delayed,Current
1272,7,19,3,2025-05-30,2025-06-07,2025-06-10,190,4620.27,3,Delayed,Current
1273,4,19,1,2025-04-13,2025-04-23,2025-04-23,499,6413.76,0,On Time,Future
1274,2,13,6,2025-12-07,2025-12-23,2025-12-26,165,5572.71,3,Delayed,Current
1275,11,33,2,2025-04-16,2025-04-24,2025-05-04,121,5966.84,10,Delayed,Current
1276,7,79,5,2024-02-20,2024-02-29,2024-02-29,379,2825.58,0,On Time,Future
1277,12,51,1,2025-03-21,2025-04-07,2025-04-07,516,7931.89,0,On Time,Current
1278,5,53,2,2025-04-22,2025-05-05,2025-05-06,273,5176.26,1,Delayed,Current
1279,17,93,6,2024-03-16,2024-03-23,2024-03-25,332,4405.56,2,Delayed,Future
1280,6,58,4,2024-10-11,2024-10-19,2024-10-20,358,4816.96,1,Delayed,Future
1281,14,77,6,2025-09-02,2025-09-07,2025-09-07,170,6139.31,0,On Time,Current
1282,5,100,6,2025-03-20,2025-04-06,2025-04-08,693,4324.83,2,Delayed,Future
1283,4,97,4,2024-06-14,2024-06-25,2024-06-27,661,4681.65,2,Delayed,Future
1284,3,12,3,2025-04-14,2025-04-19,2025-04-21,482,6831.27,2,Delayed,Future
1285,12,41,1,2025-09-03,2025-09-11,2025-09-11,106,8281.53,0,On Time,Future
1286,6,50,3,2024-07-28,2024-08-05,2024-08-13,450,8643.28,8,Delayed,Current
1287,16,70,3,2025-04-24,2025-05-11,2025-05-13,682,4299.72,2,Delayed,Current
1288,8,20,2,2025-01-07,2025-01-17,2025-01-18,157,6213.01,1,Delayed,Future
1289,5,98,3,2025-05-23,2025-05-31,2025-06-10,551,3050.38,10,Delayed,Current
1290,6,105,6,2024-07-14,2024-07-21,2024-07-21,385,1493.3,0,On Time,Future
1291,19,76,1,2024-10-29,2024-11-07,2024-11-09,494,4593.68,2,Delayed,Current
1292,9,91,6,2025-06-27,2025-07-10,2025-07-12,99,1514.78,2,Delayed,Current
1293,16,83,3,2024-01-11,2024-01-21,2024-01-22,501,8442.96,1,Delayed,Future
1294,12,53,5,2025-04-20,2025-04-28,2025-05-03,200,4211.06,5,Delayed,Current
1295,17,75,5,2025-02-10,2025-02-17,2025-02-18,486,4415.11,1,Delayed,Future
1296,15,86,6,2024-05-16,2024-05-28,2024-05-30,270,2851.39,2,Delayed,Future
1297,6,35,2,2024-10-01,2024-10-06,2024-10-07,142,4052.18,1,Delayed,Current
1298,18,66,4,2024-11-14,2024-11-30,2024-12-08,410,8435.6,8,Delayed,Current
1299,8,9,1,2025-10-22,2025-10-30,2025-10-30,462,7337.36,0,On Time,Future
1300,1,101,3,2025-02-25,2025-03-06,2025-03-15,630,1398.75,9,Delayed,Current
1301,3,17,6,2025-12-27,2026-01-07,2026-01-08,130,6220.57,1,Delayed,Future
1302,10,4,1,2024-05-15,2024-05-22,2024-05-23,201,4486.88,1,Delayed,Current
1303,19,80,6,2025-05-08,2025-05-17,2025-05-24,150,6158.99,7,Delayed,Current
1304,14,30,4,2025-10-13,2025-10-18,2025-10-23,243,5614.47,5,Delayed,Current
1305,4,50,5,2024-06-17,2024-06-30,2024-07-02,390,2226.05,2,Delayed,Current
1306,7,1,5,2025-09-04,2025-09-10,2025-09-16,387,4275.59,6,Delayed,Current
1307,14,115,1,2025-07-09,2025-07-16,2025-07-18,643,7711.32,2,Delayed,Future
1308,15,61,4,2024-02-20,2024-03-02,2024-03-03,72,4546.28,1,Delayed,Future
1309,2,109,3,2025-11-08,2025-11-20,2025-11-22,423,6466.2,2,Delayed,Current
1310,12,65,5,2024-01-05,2024-01-17,2024-01-18,395,2533.58,1,Delayed,Future
1311,14,8,6,2025-07-14,2025-07-23,2025-07-26,682,7301.6,3,Delayed,Current
1312,17,12,2,2024-05-06,2024-05-12,2024-05-16,347,4304.22,4,Delayed,Current
1313,15,28,2,2024-01-27,2024-02-13,2024-02-20,90,8806.25,7,Delayed,Current
1314,5,102,4,2024-10-08,2024-10-17,2024-10-18,670,1824.59,1,Delayed,Future
1315,10,45,6,2024-08-07,2024-08-12,2024-08-12,463,2223.38,0,On Time,Current
1316,15,42,6,2024-03-13,2024-03-21,2024-03-30,353,2770.74,9,Delayed,Current
1317,6,15,4,2025-09-23,2025-10-10,2025-10-10,331,2320.19,0,On Time,Future
1318,2,85,3,2024-11-28,2024-12-08,2024-12-13,650,1798.45,5,Delayed,Current
1319,11,89,6,2024-11-15,2024-11-22,2024-11-22,103,2928.8,0,On Time,Future
1320,11,59,1,2024-10-07,2024-10-18,2024-10-19,277,3288.86,1,Delayed,Future
1321,8,107,6,2025-09-24,2025-10-01,2025-10-03,699,2847.24,2,Delayed,Current
1322,20,88,5,2025-10-10,2025-10-25,2025-10-30,479,3615.45,5,Delayed,Current
1323,19,91,1,2025-09-21,2025-09-27,2025-10-04,349,4493.97,7,Delayed,Current
1324,16,72,1,2025-09-05,2025-09-10,2025-09-11,94,4526.67,1,Delayed,Current
1325,15,113,6,2024-12-11,2024-12-22,2024-12-26,291,8240.25,4,Delayed,Current
1326,19,10,2,2024-04-02,2024-04-19,2024-04-21,614,5927.81,2,Delayed,Future
1327,8,115,4,2025-11-15,2025-11-21,2025-11-21,210,4895.44,0,On Time,Future
1328,5,89,6,2024-06-02,2024-06-18,2024-06-20,227,3012.1,2,Delayed,Future
1329,5,65,1,2024-07-17,2024-07-30,2024-08-01,417,7645.56,2,Delayed,Future
1330,2,111,6,2024-04-15,2024-05-02,2024-05-03,563,8860.97,1,Delayed,Future
1331,12,87,1,2024-04-10,2024-04-21,2024-04-28,573,1075.52,7,Delayed,Current
1332,12,34,3,2024-09-15,2024-10-01,2024-10-02,65,8766.91,1,Delayed,Future
1333,10,85,1,2024-10-17,2024-10-31,2024-11-02,457,6014.83,2,Delayed,Future
1334,14,76,6,2025-05-19,2025-05-26,2025-06-02,356,3653.54,7,Delayed,Current
1335,6,2,6,2024-12-26,2025-01-12,2025-01-14,658,8895.27,2,Delayed,Current
1336,3,60,3,2025-06-19,2025-07-05,2025-07-07,319,6458.09,2,Delayed,Current
1337,1,53,4,2024-12-16,2024-12-24,2024-12-24,397,843.29,0,On Time,Future
1338,2,61,6,2024-05-13,2024-05-25,2024-06-03,618,1353.33,9,Delayed,Current
1339,14,15,1,2025-07-18,2025-07-24,2025-07-27,231,1555.38,3,Delayed,Current
1340,14,48,1,2024-03-02,2024-03-15,2024-03-21,89,5366.39,6,Delayed,Current
1341,12,53,6,2025-04-15,2025-04-28,2025-04-29,143,4073.73,1,Delayed,Future
1342,5,118,1,2024-12-15,2024-12-27,2024-12-27,85,6086.08,0,On Time,Future
1343,11,8,2,2024-07-13,2024-07-18,2024-07-28,293,3431.05,10,Delayed,Current
1344,20,81,1,2025-08-16,2025-08-28,2025-08-28,671,2833.31,0,On Time,Current
1345,10,95,2,2025-05-26,2025-06-12,2025-06-12,462,8100.28,0,On Time,Future
1346,12,104,6,2025-08-15,2025-08-20,2025-08-21,534,4618.38,1,Delayed,Future
1347,18,26,6,2025-01-09,2025-01-21,2025-01-31,193,8009.08,10,Delayed,Current
1348,14,104,1,2025-02-06,2025-02-20,2025-02-22,382,8854.76,2,Delayed,Future
1349,14,32,1,2025-05-22,2025-05-31,2025-05-31,338,8675.83,0,On Time,Current
1350,5,65,6,2024-04-03,2024-04-09,2024-04-10,262,4439.55,1,Delayed,Current
1351,12,82,6,2024-06-12,2024-06-27,2024-07-07,486,1258.5,10,Delayed,Current
1352,14,58,6,2025-08-19,2025-09-05,2025-09-09,398,1933.79,4,Delayed,Current
1353,9,35,1,2024-08-05,2024-08-18,2024-08-19,322,1640.75,1,Delayed,Future
1354,19,55,5,2025-09-04,2025-09-09,2025-09-19,298,2618.48,10,Delayed,Current
1355,16,105,2,2024-10-11,2024-10-20,2024-10-21,86,7724.33,1,Delayed,Future
1356,4,67,6,2024-05-06,2024-05-11,2024-05-13,138,5347.91,2,Delayed,Future
1357,1,42,6,2024-02-04,2024-02-17,2024-02-19,472,6026.5,2,Delayed,Current
1358,3,106,6,2024-07-18,2024-07-23,2024-07-23,193,8731.19,0,On Time,Future
1359,5,81,1,2025-10-07,2025-10-13,2025-10-14,136,6052.7,1,Delayed,Current
1360,5,56,6,2024-09-18,2024-09-23,2024-09-24,467,3536.0,1,Delayed,Future
1361,2,41,3,2025-05-28,2025-06-10,2025-06-12,361,3163.11,2,Delayed,Future
1362,2,8,3,2024-04-13,2024-04-26,2024-05-05,90,4801.56,9,Delayed,Current
1363,20,54,6,2025-04-03,2025-04-19,2025-04-24,200,7512.1,5,Delayed,Current
1364,9,120,6,2025-11-14,2025-12-01,2025-12-06,322,8846.14,5,Delayed,Current
1365,17,58,3,2024-08-31,2024-09-08,2024-09-08,620,5409.31,0,On Time,Future
1366,12,101,1,2024-10-22,2024-11-05,2024-11-06,506,7449.83,1,Delayed,Future
1367,1,22,6,2024-03-18,2024-03-27,2024-04-05,196,3247.51,9,Delayed,Current
1368,10,97,6,2025-09-05,2025-09-17,2025-09-18,696,4418.73,1,Delayed,Future
1369,2,94,1,2025-07-01,2025-07-09,2025-07-09,687,4387.83,0,On Time,Future
1370,12,57,6,2024-08-20,2024-09-01,2024-09-05,529,6493.75,4,Delayed,Current
1371,1,69,6,2024-02-28,2024-03-09,2024-03-17,423,7072.22,8,Delayed,Current
1372,7,89,4,2025-02-02,2025-02-14,2025-02-23,234,5865.85,9,Delayed,Current
1373,14,89,4,2024-08-09,2024-08-20,2024-08-21,349,5368.15,1,Delayed,Future
1374,20,116,1,2025-11-20,2025-12-07,2025-12-09,388,815.29,2,Delayed,Current
1375,14,83,6,2025-12-15,2025-12-27,2026-01-03,340,7416.81,7,Delayed,Current
1376,9,90,6,2025-01-20,2025-02-06,2025-02-08,632,3545.64,2,Delayed,Future
1377,9,21,2,2024-04-17,2024-05-02,2024-05-02,344,5240.53,0,On Time,Future
1378,14,113,1,2025-08-19,2025-09-04,2025-09-06,228,6465.33,2,Delayed,Future
1379,19,114,3,2025-08-29,2025-09-13,2025-09-19,400,3351.29,6,Delayed,Current
1380,4,68,6,2025-07-26,2025-08-03,2025-08-12,71,8846.6,9,Delayed,Current
1381,14,98,6,2025-01-22,2025-02-03,2025-02-04,331,7720.1,1,Delayed,Current
1382,4,98,6,2024-04-28,2024-05-12,2024-05-20,262,7434.87,8,Delayed,Current
1383,5,96,6,2024-01-12,2024-01-29,2024-02-02,228,2648.33,4,Delayed,Current
1384,15,87,1,2024-08-04,2024-08-11,2024-08-14,381,1860.36,3,Delayed,Current
1385,14,77,5,2024-08-09,2024-08-25,2024-09-01,237,2977.73,7,Delayed,Current
1386,15,78,1,2025-10-09,2025-10-22,2025-10-23,143,8323.56,1,Delayed,Future
1387,20,119,2,2025-09-04,2025-09-15,2025-09-20,541,7615.86,5,Delayed,Current
1388,19,3,5,2024-12-10,2024-12-23,2024-12-29,484,8211.01,6,Delayed,Current
1389,19,19,1,2025-06-24,2025-07-11,2025-07-18,683,2680.54,7,Delayed,Current
1390,10,110,2,2024-06-21,2024-06-29,2024-07-04,83,6449.3,5,Delayed,Current
1391,17,52,5,2025-10-18,2025-10-29,2025-10-30,625,7311.31,1,Delayed,Future
1392,12,45,4,2024-09-23,2024-10-01,2024-10-05,319,3599.2,4,Delayed,Current
1393,8,4,2,2025-07-22,2025-08-03,2025-08-11,177,7951.39,8,Delayed,Current
1394,17,80,6,2025-03-06,2025-03-16,2025-03-17,345,1288.27,1,Delayed,Future
1395,10,25,6,2024-09-09,2024-09-26,2024-10-01,95,3141.98,5,Delayed,Current
1396,2,68,6,2025-12-16,2025-12-31,2026-01-06,129,2604.13,6,Delayed,Current
1397,12,61,2,2025-04-22,2025-05-07,2025-05-14,296,2838.53,7,Delayed,Current
1398,14,36,6,2024-02-13,2024-02-27,2024-03-04,431,3025.48,6,Delayed,Current
1399,4,79,5,2025-09-11,2025-09-21,2025-09-23,291,8799.73,2,Delayed,Future
1400,6,89,6,2025-08-21,2025-09-04,2025-09-09,118,4671.99,5,Delayed,Current
1401,7,72,6,2024-10-19,2024-10-27,2024-10-28,484,7974.6,1,Delayed,Future
1402,17,9,1,2024-07-27,2024-08-07,2024-08-07,629,6233.28,0,On Time,Future
1403,7,15,2,2025-10-12,2025-10-28,2025-11-01,212,1621.24,4,Delayed,Current
1404,15,11,6,2024-01-03,2024-01-08,2024-01-14,69,4995.07,6,Delayed,Current
1405,16,106,3,2025-02-26,2025-03-05,2025-03-05,356,8227.2,0,On Time,Current
1406,20,38,4,2024-11-06,2024-11-21,2024-11-27,114,8199.72,6,Delayed,Current
1407,20,11,5,2024-11-24,2024-12-11,2024-12-13,84,5570.22,2,Delayed,Future
1408,4,19,3,2025-11-20,2025-11-28,2025-11-29,217,4719.33,1,Delayed,Future
1409,10,40,1,2025-03-26,2025-04-01,2025-04-01,464,5789.09,0,On Time,Future
1410,13,24,3,2025-12-28,2026-01-03,2026-01-05,648,1477.14,2,Delayed,Future
1411,16,20,1,2025-03-30,2025-04-13,2025-04-13,474,7075.55,0,On Time,Current
1412,5,4,6,2025-06-24,2025-07-05,2025-07-06,693,2300.5,1,Delayed,Current
1413,9,80,3,2024-05-12,2024-05-20,2024-05-26,619,2302.72,6,Delayed,Current
1414,2,82,4,2024-04-24,2024-05-04,2024-05-04,564,5762.01,0,On Time,Current
1415,20,119,1,2024-04-02,2024-04-13,2024-04-23,77,1009.42,10,Delayed,Current
1416,19,83,2,2025-12-22,2025-12-31,2025-12-31,344,8566.71,0,On Time,Future
1417,12,32,2,2024-05-30,2024-06-05,2024-06-06,475,6106.55,1,Delayed,Future
1418,12,119,6,2025-05-03,2025-05-16,2025-05-17,83,4951.58,1,Delayed,Future
1419,1,74,2,2024-12-24,2025-01-10,2025-01-12,648,3798.07,2,Delayed,Future
1420,17,120,6,2025-12-20,2025-12-26,2025-12-28,550,8692.3,2,Delayed,Future
1421,16,81,3,2025-08-04,2025-08-14,2025-08-15,206,4459.4,1,Delayed,Future
1422,1,26,6,2024-12-19,2024-12-27,2024-12-29,669,5808.21,2,Delayed,Future
1423,16,119,5,2024-04-03,2024-04-17,2024-04-19,646,8382.34,2,Delayed,Future
1424,8,14,6,2024-06-12,2024-06-29,2024-07-01,684,8461.57,2,Delayed,Current
1425,14,22,3,2025-10-13,2025-10-26,2025-11-04,476,3690.15,9,Delayed,Current
1426,18,73,6,2025-07-14,2025-07-19,2025-07-28,380,3191.94,9,Delayed,Current
1427,8,64,1,2025-05-26,2025-06-07,2025-06-09,431,3455.83,2,Delayed,Current
1428,8,42,1,2024-01-03,2024-01-11,2024-01-11,460,6229.93,0,On Time,Future
1429,19,54,6,2025-01-24,2025-02-02,2025-02-03,261,5749.03,1,Delayed,Future
1430,1,23,6,2024-02-11,2024-02-19,2024-02-20,319,6199.25,1,Delayed,Future
1431,6,44,5,2025-08-25,2025-09-06,2025-09-07,82,1614.11,1,Delayed,Current
1432,18,93,1,2024-03-15,2024-03-28,2024-03-29,330,8872.83,1,Delayed,Future
1433,1,119,3,2025-10-23,2025-11-09,2025-11-09,147,8848.41,0,On Time,Future
1434,1,52,6,2024-12-30,2025-01-06,2025-01-15,460,2930.96,9,Delayed,Current
1435,7,46,6,2025-12-01,2025-12-09,2025-12-12,377,5969.91,3,Delayed,Current
1436,18,53,5,2024-12-06,2024-12-11,2024-12-14,436,1532.32,3,Delayed,Current
1437,6,64,2,2025-02-01,2025-02-17,2025-02-24,70,3619.67,7,Delayed,Current
1438,14,86,6,2024-09-13,2024-09-22,2024-09-28,420,7400.89,6,Delayed,Current
1439,4,69,6,2025-04-25,2025-05-09,2025-05-14,363,7631.56,5,Delayed,Current
1440,10,62,6,2025-05-30,2025-06-08,2025-06-10,691,8266.46,2,Delayed,Current
1441,8,3,1,2024-05-13,2024-05-29,2024-05-29,515,7272.88,0,On Time,Current
1442,9,56,2,2024-01-25,2024-01-31,2024-01-31,683,1389.68,0,On Time,Future
1443,14,112,2,2024-10-10,2024-10-23,2024-10-26,614,1739.28,3,Delayed,Current
1444,7,110,1,2025-10-28,2025-11-11,2025-11-12,488,4901.33,1,Delayed,Future
1445,16,14,2,2024-05-10,2024-05-24,2024-05-24,186,2269.28,0,On Time,Current
1446,2,4,4,2024-09-23,2024-10-09,2024-10-10,614,6161.33,1,Delayed,Future
1447,3,97,6,2024-07-13,2024-07-25,2024-07-31,569,5361.65,6,Delayed,Current
1448,12,49,2,2025-06-23,2025-06-30,2025-07-01,338,4889.83,1,Delayed,Future
1449,15,51,6,2025-12-07,2025-12-12,2025-12-20,700,4442.26,8,Delayed,Current
1450,4,25,3,2025-04-08,2025-04-23,2025-04-24,360,899.89,1,Delayed,Current
1451,17,26,6,2025-12-05,2025-12-21,2025-12-28,504,6804.07,7,Delayed,Current
1452,13,68,2,2024-02-11,2024-02-26,2024-02-29,576,1867.51,3,Delayed,Current
1453,13,37,6,2025-08-11,2025-08-21,2025-08-31,261,7977.03,10,Delayed,Current
1454,2,112,3,2024-01-06,2024-01-13,2024-01-20,60,6461.1,7,Delayed,Current
1455,19,34,1,2025-01-18,2025-01-31,2025-02-07,648,8528.03,7,Delayed,Current
1456,7,81,4,2024-10-02,2024-10-14,2024-10-16,244,2798.25,2,Delayed,Future
1457,8,1,2,2025-11-30,2025-12-15,2025-12-15,394,4596.1,0,On Time,Future
1458,17,27,6,2025-09-17,2025-10-01,2025-10-06,99,3886.64,5,Delayed,Current
1459,14,87,3,2025-03-19,2025-03-28,2025-04-02,305,5833.98,5,Delayed,Current
1460,3,53,6,2025-05-22,2025-06-06,2025-06-07,522,6665.16,1,Delayed,Future
1461,8,120,2,2024-07-19,2024-07-28,2024-07-29,542,6743.19,1,Delayed,Future
1462,2,13,1,2024-07-19,2024-07-28,2024-07-30,604,7390.05,2,Delayed,Current
1463,7,28,3,2024-04-14,2024-04-29,2024-05-08,164,6104.57,9,Delayed,Current
1464,5,117,5,2025-04-02,2025-04-18,2025-04-19,648,6063.56,1,Delayed,Future
1465,5,112,4,2024-07-02,2024-07-14,2024-07-19,467,3112.82,5,Delayed,Current
1466,7,47,2,2024-07-19,2024-07-29,2024-07-30,347,3385.92,1,Delayed,Current
1467,2,43,6,2024-02-19,2024-02-25,2024-03-01,479,7566.33,5,Delayed,Current
1468,15,95,6,2025-12-28,2026-01-09,2026-01-12,103,2133.97,3,Delayed,Current
1469,9,55,6,2025-02-23,2025-03-09,2025-03-15,292,6619.09,6,Delayed,Current
1470,17,19,6,2025-10-23,2025-11-07,2025-11-11,136,8687.86,4,Delayed,Current
1471,5,20,5,2024-10-09,2024-10-18,2024-10-28,294,2381.08,10,Delayed,Current
1472,18,59,6,2024-03-10,2024-03-19,2024-03-20,287,2420.43,1,Delayed,Current
1473,13,97,6,2024-08-22,2024-09-07,2024-09-13,298,7151.42,6,Delayed,Current
1474,17,40,6,2025-05-20,2025-06-06,2025-06-16,62,6620.92,10,Delayed,Current
1475,5,98,6,2025-02-23,2025-03-01,2025-03-02,637,3790.02,1,Delayed,Future
1476,6,4,6,2024-11-13,2024-11-19,2024-11-24,296,3174.03,5,Delayed,Current
1477,1,98,2,2025-04-17,2025-04-25,2025-04-25,399,6026.74,0,On Time,Future
1478,6,102,6,2025-04-22,2025-05-09,2025-05-10,111,2399.14,1,Delayed,Future
1479,15,37,3,2025-12-17,2025-12-22,2026-01-01,341,5927.48,10,Delayed,Current
1480,15,61,5,2025-09-13,2025-09-26,2025-09-27,284,7224.72,1,Delayed,Future
1481,3,66,6,2024-09-25,2024-10-02,2024-10-02,159,8538.06,0,On Time,Current
1482,13,76,1,2025-02-17,2025-03-06,2025-03-08,234,8350.32,2,Delayed,Future
1483,1,59,5,2024-11-04,2024-11-13,2024-11-16,472,4227.01,3,Delayed,Current
1484,11,91,3,2024-11-29,2024-12-12,2024-12-13,336,3929.89,1,Delayed,Future
1485,12,106,6,2025-03-28,2025-04-05,2025-04-11,582,7313.33,6,Delayed,Current
1486,13,52,5,2024-02-26,2024-03-06,2024-03-06,347,3315.96,0,On Time,Future
1487,1,59,5,2025-09-26,2025-10-11,2025-10-20,182,1325.9,9,Delayed,Current
1488,15,52,1,2024-07-01,2024-07-16,2024-07-17,474,5849.89,1,Delayed,Current
1489,14,94,3,2025-05-02,2025-05-07,2025-05-09,376,2240.42,2,Delayed,Future
1490,18,20,3,2024-08-02,2024-08-12,2024-08-12,184,3135.77,0,On Time,Future
1491,12,33,1,2025-01-15,2025-01-24,2025-01-28,381,6005.3,4,Delayed,Current
1492,3,111,6,2024-02-19,2024-02-29,2024-03-01,69,3858.69,1,Delayed,Future
1493,3,87,6,2024-10-12,2024-10-22,2024-10-22,466,1972.15,0,On Time,Current
1494,17,72,2,2025-05-27,2025-06-11,2025-06-13,204,8143.18,2,Delayed,Future
1495,6,11,1,2025-01-08,2025-01-16,2025-01-24,643,5575.68,8,Delayed,Current
1496,8,32,6,2025-02-17,2025-02-24,2025-03-04,561,8611.52,8,Delayed,Current
1497,17,65,1,2024-05-24,2024-06-04,2024-06-13,610,5223.3,9,Delayed,Current
1498,12,17,3,2025-12-08,2025-12-14,2025-12-20,410,7387.97,6,Delayed,Current
1499,11,76,2,2024-05-19,2024-05-25,2024-05-25,73,1540.13,0,On Time,Future
1500,15,101,6,2025-07-15,2025-07-24,2025-07-24,694,5211.29,0,On Time,Current
1501,5,57,6,2024-09-27,2024-10-13,2024-10-17,542,3057.07,4,Delayed,Current
1502,11,89,1,2025-06-22,2025-07-01,2025-07-10,371,7487.38,9,Delayed,Current
1503,10,83,2,2024-04-02,2024-04-19,2024-04-19,138,7777.66,0,On Time,Future
1504,20,50,6,2025-10-05,2025-10-19,2025-10-23,548,1810.85,4,Delayed,Current
1505,1,101,2,2025-01-15,2025-01-25,2025-01-31,98,7629.35,6,Delayed,Current
1506,2,45,4,2025-05-15,2025-05-29,2025-05-29,340,5689.31,0,On Time,Future
1507,6,64,6,2025-01-10,2025-01-25,2025-02-04,529,2189.89,10,Delayed,Current
1508,6,31,1,2024-12-04,2024-12-09,2024-12-14,74,2020.8,5,Delayed,Current
1509,1,43,1,2025-11-29,2025-12-16,2025-12-16,697,846.14,0,On Time,Future
1510,20,35,6,2024-05-04,2024-05-10,2024-05-11,526,6565.4,1,Delayed,Future
1511,18,64,4,2025-10-27,2025-11-01,2025-11-01,448,7833.48,0,On Time,Future
1512,13,81,6,2025-05-10,2025-05-22,2025-05-25,574,5665.18,3,Delayed,Current
1513,8,25,3,2025-07-17,2025-07-22,2025-07-23,534,1100.77,1,Delayed,Future
1514,5,118,3,2025-10-14,2025-10-20,2025-10-30,352,1126.37,10,Delayed,Current
1515,18,40,2,2024-05-03,2024-05-20,2024-05-27,85,3775.86,7,Delayed,Current
1516,11,8,6,2025-03-27,2025-04-05,2025-04-07,201,8681.38,2,Delayed,Current
1517,16,95,3,2024-11-11,2024-11-18,2024-11-18,226,4070.82,0,On Time,Current
1518,5,64,6,2025-10-16,2025-10-25,2025-11-01,635,1107.37,7,Delayed,Current
1519,18,12,1,2025-07-10,2025-07-26,2025-08-02,525,2224.61,7,Delayed,Current
1520,3,103,6,2024-04-02,2024-04-17,2024-04-24,279,1706.25,7,Delayed,Current
1521,17,80,5,2025-05-07,2025-05-24,2025-06-02,88,8827.66,9,Delayed,Current
1522,11,11,6,2024-09-19,2024-10-03,2024-10-06,118,5140.99,3,Delayed,Current
1523,14,35,6,2025-10-18,2025-10-23,2025-10-25,544,3845.58,2,Delayed,Future
1524,17,21,6,2024-11-09,2024-11-22,2024-12-01,146,2382.39,9,Delayed,Current
1525,3,46,6,2024-10-31,2024-11-05,2024-11-07,184,2003.28,2,Delayed,Current
1526,14,88,3,2024-01-21,2024-02-03,2024-02-07,360,6293.16,4,Delayed,Current
1527,18,63,1,2025-03-20,2025-04-05,2025-04-06,91,7115.18,1,Delayed,Future
1528,17,58,2,2024-02-05,2024-02-18,2024-02-20,574,1740.38,2,Delayed,Future
1529,19,68,6,2024-12-28,2025-01-03,2025-01-13,308,4394.17,10,Delayed,Current
1530,5,98,6,2025-04-12,2025-04-28,2025-05-04,205,814.46,6,Delayed,Current
1531,1,83,6,2024-02-24,2024-03-03,2024-03-04,687,1418.27,1,Delayed,Future
1532,7,96,1,2025-01-24,2025-02-07,2025-02-09,578,5189.79,2,Delayed,Current
1533,12,62,6,2024-01-12,2024-01-23,2024-01-23,433,5988.6,0,On Time,Future
1534,18,80,1,2024-02-29,2024-03-08,2024-03-14,230,8339.79,6,Delayed,Current
1535,14,89,2,2024-04-18,2024-05-01,2024-05-02,124,944.96,1,Delayed,Future
1536,6,109,3,2024-06-14,2024-06-30,2024-06-30,513,4656.58,0,On Time,Future
1537,5,99,2,2025-05-05,2025-05-19,2025-05-20,602,6104.21,1,Delayed,Future
1538,1,59,2,2025-05-05,2025-05-19,2025-05-19,101,2788.29,0,On Time,Current
1539,14,82,6,2024-08-26,2024-09-10,2024-09-10,143,3953.29,0,On Time,Current
1540,1,31,5,2025-01-24,2025-02-02,2025-02-04,672,2029.96,2,Delayed,Future
1541,20,60,2,2025-05-13,2025-05-24,2025-05-24,677,5029.25,0,On Time,Future
1542,12,23,1,2025-05-21,2025-05-30,2025-05-30,606,1272.58,0,On Time,Future
1543,20,47,4,2025-10-25,2025-11-06,2025-11-10,327,1888.37,4,Delayed,Current
1544,6,93,1,2025-02-21,2025-03-07,2025-03-08,222,5741.86,1,Delayed,Future
1545,19,50,2,2025-06-04,2025-06-17,2025-06-23,447,3508.95,6,Delayed,Current
1546,2,117,6,2024-05-11,2024-05-17,2024-05-22,65,8405.98,5,Delayed,Current
1547,9,74,6,2024-12-18,2024-12-24,2024-12-30,428,8593.51,6,Delayed,Current
1548,13,67,5,2024-11-16,2024-12-01,2024-12-01,252,6235.83,0,On Time,Current
1549,9,86,3,2024-06-05,2024-06-11,2024-06-12,496,3707.15,1,Delayed,Future
1550,18,12,1,2025-04-25,2025-05-10,2025-05-12,242,3396.82,2,Delayed,Future
1551,2,117,6,2024-12-09,2024-12-21,2024-12-22,626,4836.58,1,Delayed,Current
1552,8,66,1,2024-06-17,2024-06-27,2024-07-04,650,2344.86,7,Delayed,Current
1553,15,5,6,2024-04-24,2024-04-29,2024-04-30,133,8032.11,1,Delayed,Current
1554,6,112,6,2024-12-21,2024-12-31,2025-01-06,520,4296.94,6,Delayed,Current
1555,14,33,3,2024-01-09,2024-01-22,2024-01-25,621,1866.2,3,Delayed,Current
1556,18,111,1,2024-10-08,2024-10-21,2024-10-21,338,8265.59,0,On Time,Future
1557,20,97,4,2025-08-09,2025-08-19,2025-08-21,131,5513.04,2,Delayed,Current
1558,11,84,1,2024-10-27,2024-11-10,2024-11-12,209,2183.64,2,Delayed,Current
1559,14,76,6,2025-03-12,2025-03-23,2025-03-24,236,3637.19,1,Delayed,Future
1560,19,119,6,2025-08-16,2025-08-21,2025-08-24,493,6975.16,3,Delayed,Current
1561,6,83,6,2024-05-09,2024-05-16,2024-05-16,123,3823.33,0,On Time,Future
1562,7,84,1,2025-08-27,2025-09-01,2025-09-02,310,1260.2,1,Delayed,Future
1563,10,110,3,2024-03-16,2024-03-29,2024-03-29,355,2078.77,0,On Time,Current
1564,10,82,1,2025-07-15,2025-07-23,2025-07-23,610,1220.41,0,On Time,Future
1565,6,77,2,2025-11-22,2025-11-29,2025-12-04,105,6476.93,5,Delayed,Current
1566,15,93,6,2024-02-14,2024-02-28,2024-02-29,680,4964.32,1,Delayed,Current
1567,15,81,5,2025-07-03,2025-07-15,2025-07-23,617,3287.32,8,Delayed,Current
1568,4,59,6,2025-09-19,2025-09-25,2025-09-25,489,8663.83,0,On Time,Current
1569,7,65,6,2024-06-07,2024-06-19,2024-06-19,672,5427.53,0,On Time,Current
1570,6,120,6,2024-02-06,2024-02-17,2024-02-19,140,7597.6,2,Delayed,Future
1571,10,109,1,2024-06-18,2024-07-04,2024-07-04,361,7523.8,0,On Time,Future
1572,12,112,6,2024-07-14,2024-07-26,2024-07-29,471,1045.87,3,Delayed,Current
1573,8,34,3,2024-05-12,2024-05-27,2024-05-29,572,8265.84,2,Delayed,Future
1574,4,2,2,2025-06-15,2025-06-28,2025-07-08,256,8030.14,10,Delayed,Current
1575,3,4,2,2025-11-05,2025-11-21,2025-11-23,429,6248.26,2,Delayed,Future
1576,13,120,6,2024-10-25,2024-11-10,2024-11-14,692,4436.42,4,Delayed,Current
1577,5,8,6,2025-02-08,2025-02-21,2025-02-22,688,2563.68,1,Delayed,Future
1578,11,84,3,2024-04-07,2024-04-17,2024-04-19,286,6987.07,2,Delayed,Future
1579,11,102,6,2025-10-15,2025-11-01,2025-11-01,62,5193.68,0,On Time,Future
1580,20,34,1,2024-01-13,2024-01-27,2024-01-28,188,5269.12,1,Delayed,Current
1581,6,73,5,2025-03-12,2025-03-18,2025-03-19,395,8600.12,1,Delayed,Current
1582,2,52,2,2024-07-05,2024-07-14,2024-07-22,571,8271.15,8,Delayed,Current
1583,14,88,6,2025-01-13,2025-01-28,2025-02-04,449,8058.73,7,Delayed,Current
1584,8,80,4,2024-10-22,2024-10-30,2024-11-01,406,1522.09,2,Delayed,Future
1585,6,18,6,2024-06-05,2024-06-10,2024-06-12,590,1315.31,2,Delayed,Future
1586,6,41,6,2025-08-03,2025-08-09,2025-08-10,519,7333.39,1,Delayed,Future
1587,18,87,5,2025-04-19,2025-05-01,2025-05-01,202,6326.18,0,On Time,Future
1588,18,51,6,2024-11-01,2024-11-14,2024-11-21,176,8331.65,7,Delayed,Current
1589,3,15,1,2025-06-03,2025-06-17,2025-06-27,675,3374.19,10,Delayed,Current
1590,1,81,6,2024-04-25,2024-05-06,2024-05-10,138,1391.21,4,Delayed,Current
1591,12,16,1,2025-03-17,2025-03-31,2025-04-05,178,8078.73,5,Delayed,Current
1592,7,21,6,2025-08-14,2025-08-28,2025-08-30,143,1735.65,2,Delayed,Future
1593,14,6,6,2024-12-20,2024-12-26,2024-12-26,658,7515.21,0,On Time,Future
1594,14,57,4,2025-08-09,2025-08-26,2025-08-29,436,1640.33,3,Delayed,Current
1595,20,8,2,2024-12-30,2025-01-07,2025-01-08,636,4770.31,1,Delayed,Future
1596,10,61,3,2024-06-18,2024-06-24,2024-06-26,149,5960.69,2,Delayed,Current
1597,8,13,6,2024-03-17,2024-03-25,2024-03-31,675,2302.22,6,Delayed,Current
1598,12,69,6,2024-12-15,2024-12-29,2025-01-04,657,6601.12,6,Delayed,Current
1599,12,11,1,2025-09-21,2025-10-06,2025-10-08,258,4604.71,2,Delayed,Future
1600,10,24,6,2024-04-24,2024-05-11,2024-05-12,578,3817.98,1,Delayed,Future
1601,3,22,3,2025-12-30,2026-01-07,2026-01-08,656,4268.31,1,Delayed,Current
1602,3,55,6,2025-01-05,2025-01-19,2025-01-23,198,1811.87,4,Delayed,Current
1603,3,27,6,2024-09-05,2024-09-16,2024-09-16,90,8537.07,0,On Time,Future
1604,8,28,4,2024-04-23,2024-05-05,2024-05-07,181,1705.76,2,Delayed,Current
1605,3,45,3,2024-12-31,2025-01-06,2025-01-06,141,7877.11,0,On Time,Future
1606,8,97,2,2025-05-02,2025-05-16,2025-05-21,610,1701.48,5,Delayed,Current
1607,4,57,6,2024-01-05,2024-01-13,2024-01-23,584,6772.25,10,Delayed,Current
1608,9,11,2,2025-03-10,2025-03-25,2025-03-30,592,5626.97,5,Delayed,Current
1609,7,45,4,2024-12-10,2024-12-21,2024-12-23,249,6724.69,2,Delayed,Current
1610,20,12,6,2025-08-02,2025-08-19,2025-08-21,672,2705.58,2,Delayed,Current
1611,19,53,3,2025-02-02,2025-02-13,2025-02-13,595,5543.4,0,On Time,Future
1612,19,13,1,2024-02-04,2024-02-18,2024-02-19,534,3572.22,1,Delayed,Current
1613,1,68,2,2025-07-17,2025-07-31,2025-08-01,436,3075.01,1,Delayed,Current
1614,12,66,4,2024-02-07,2024-02-23,2024-02-23,299,6691.02,0,On Time,Future
1615,6,32,2,2024-03-25,2024-04-04,2024-04-05,496,2488.02,1,Delayed,Future
1616,2,66,2,2024-02-22,2024-03-01,2024-03-01,168,3293.24,0,On Time,Future
1617,20,10,3,2024-12-26,2025-01-01,2025-01-02,678,5412.42,1,Delayed,Future
1618,1,40,6,2024-03-26,2024-04-10,2024-04-16,583,1238.05,6,Delayed,Current
1619,13,48,6,2024-03-29,2024-04-13,2024-04-13,435,2544.6,0,On Time,Future
1620,9,88,6,2024-11-10,2024-11-22,2024-11-22,333,2586.97,0,On Time,Future
1621,14,74,6,2025-07-14,2025-07-29,2025-07-29,487,6633.73,0,On Time,Future
1622,5,94,3,2024-06-13,2024-06-18,2024-06-25,663,7109.99,7,Delayed,Current
1623,1,45,2,2025-07-21,2025-08-04,2025-08-11,158,5999.84,7,Delayed,Current
1624,18,24,2,2025-04-26,2025-05-02,2025-05-03,431,5868.9,1,Delayed,Future
1625,18,114,2,2025-03-19,2025-03-31,2025-04-01,99,1321.93,1,Delayed,Future
1626,4,21,3,2024-01-29,2024-02-12,2024-02-19,653,5053.6,7,Delayed,Current
1627,13,66,6,2025-05-02,2025-05-19,2025-05-26,329,4780.92,7,Delayed,Current
1628,15,45,6,2025-11-12,2025-11-20,2025-11-23,645,8192.14,3,Delayed,Current
1629,14,8,2,2025-02-09,2025-02-14,2025-02-16,645,5404.9,2,Delayed,Future
1630,5,20,4,2024-04-19,2024-05-05,2024-05-09,470,6505.69,4,Delayed,Current
1631,1,18,6,2025-04-20,2025-04-25,2025-05-03,549,6357.55,8,Delayed,Current
1632,1,103,6,2025-08-02,2025-08-11,2025-08-13,617,8943.19,2,Delayed,Future
1633,3,56,6,2024-03-02,2024-03-10,2024-03-12,360,4041.74,2,Delayed,Current
1634,20,115,6,2024-02-04,2024-02-19,2024-02-20,597,6619.52,1,Delayed,Future
1635,1,30,6,2024-03-25,2024-04-11,2024-04-13,289,6625.27,2,Delayed,Future
1636,6,71,6,2024-07-06,2024-07-23,2024-07-26,114,6283.43,3,Delayed,Current
1637,16,99,5,2025-06-07,2025-06-19,2025-06-21,674,1149.09,2,Delayed,Future
1638,20,72,4,2025-12-14,2025-12-28,2025-12-28,692,6806.45,0,On Time,Future
1639,7,106,6,2025-10-23,2025-11-07,2025-11-07,60,2593.17,0,On Time,Current
1640,9,83,1,2025-02-08,2025-02-19,2025-02-25,276,5884.29,6,Delayed,Current
1641,20,36,2,2025-01-24,2025-02-09,2025-02-11,440,4617.35,2,Delayed,Future
1642,10,118,5,2025-05-14,2025-05-25,2025-05-27,193,4964.38,2,Delayed,Future
1643,15,3,1,2024-04-04,2024-04-10,2024-04-13,656,1062.57,3,Delayed,Current
1644,8,119,6,2024-09-04,2024-09-11,2024-09-11,386,3800.64,0,On Time,Current
1645,18,70,2,2024-07-10,2024-07-24,2024-07-25,606,3617.51,1,Delayed,Current
1646,11,46,1,2025-05-04,2025-05-10,2025-05-11,236,7562.85,1,Delayed,Current
1647,18,16,4,2025-06-13,2025-06-28,2025-07-08,517,7171.11,10,Delayed,Current
1648,3,35,6,2025-12-03,2025-12-12,2025-12-20,516,6700.31,8,Delayed,Current
1649,13,53,6,2024-10-22,2024-10-27,2024-11-03,456,4497.76,7,Delayed,Current
1650,16,29,1,2025-04-20,2025-05-01,2025-05-03,122,4416.17,2,Delayed,Future
1651,14,46,6,2025-02-11,2025-02-20,2025-02-21,538,2813.75,1,Delayed,Future
1652,13,45,1,2024-01-02,2024-01-12,2024-01-13,92,2856.46,1,Delayed,Current
1653,8,85,6,2024-04-29,2024-05-09,2024-05-14,513,1950.98,5,Delayed,Current
1654,2,101,6,2025-08-01,2025-08-11,2025-08-20,619,3171.56,9,Delayed,Current
1655,16,79,2,2024-10-27,2024-11-05,2024-11-05,427,1564.76,0,On Time,Future
1656,20,108,6,2024-02-17,2024-02-26,2024-02-26,482,8417.83,0,On Time,Future
1657,15,23,4,2025-06-13,2025-06-30,2025-07-08,223,2011.5,8,Delayed,Current
1658,20,79,6,2025-02-25,2025-03-13,2025-03-17,449,2663.5,4,Delayed,Current
1659,15,103,2,2025-08-19,2025-08-26,2025-08-31,597,7368.05,5,Delayed,Current
1660,2,47,6,2025-03-29,2025-04-04,2025-04-08,597,6959.78,4,Delayed,Current
1661,13,53,1,2024-07-08,2024-07-25,2024-07-31,125,7584.21,6,Delayed,Current
1662,20,67,6,2024-08-16,2024-08-24,2024-08-29,438,5086.03,5,Delayed,Current
1663,10,65,3,2025-03-26,2025-04-09,2025-04-15,139,6912.77,6,Delayed,Current
1664,9,97,1,2025-04-07,2025-04-16,2025-04-17,360,4755.97,1,Delayed,Future
1665,12,90,5,2024-12-01,2024-12-14,2024-12-16,603,2392.62,2,Delayed,Future
1666,9,68,3,2024-01-27,2024-02-06,2024-02-06,488,3379.25,0,On Time,Future
1667,2,113,4,2025-05-04,2025-05-12,2025-05-22,205,8917.11,10,Delayed,Current
1668,8,89,6,2024-07-01,2024-07-18,2024-07-18,369,4161.58,0,On Time,Current
1669,1,90,6,2024-11-23,2024-12-07,2024-12-08,90,2380.43,1,Delayed,Current
1670,5,8,6,2024-12-17,2024-12-22,2024-12-27,376,1044.24,5,Delayed,Current
1671,11,44,5,2024-03-30,2024-04-07,2024-04-16,574,5561.57,9,Delayed,Current
1672,7,35,4,2025-11-23,2025-12-10,2025-12-14,457,1239.45,4,Delayed,Current
1673,10,7,6,2025-01-01,2025-01-18,2025-01-18,239,7008.0,0,On Time,Future
1674,13,2,6,2025-07-11,2025-07-25,2025-07-25,543,3417.39,0,On Time,Current
1675,13,48,6,2025-09-21,2025-09-27,2025-09-27,486,8722.09,0,On Time,Future
1676,19,108,6,2025-09-01,2025-09-13,2025-09-13,404,4250.2,0,On Time,Future
1677,14,99,6,2025-08-25,2025-08-30,2025-08-30,75,2024.17,0,On Time,Future
1678,5,28,6,2025-05-07,2025-05-15,2025-05-18,126,3841.36,3,Delayed,Current
1679,20,67,6,2024-12-19,2024-12-24,2024-12-28,621,7438.79,4,Delayed,Current
1680,12,12,6,2025-02-07,2025-02-23,2025-02-25,461,1146.67,2,Delayed,Current
1681,15,17,2,2025-08-11,2025-08-25,2025-08-28,671,1633.41,3,Delayed,Current
1682,6,79,1,2025-02-14,2025-03-03,2025-03-05,271,8661.28,2,Delayed,Current
1683,1,99,1,2024-03-25,2024-03-30,2024-04-08,598,5791.7,9,Delayed,Current
1684,19,9,5,2024-11-18,2024-11-29,2024-12-01,280,4768.79,2,Delayed,Future
1685,14,98,2,2025-09-01,2025-09-15,2025-09-19,693,8498.47,4,Delayed,Current
1686,19,5,6,2025-11-29,2025-12-14,2025-12-14,540,3172.04,0,On Time,Current
1687,19,110,4,2025-05-18,2025-05-25,2025-06-04,468,6907.22,10,Delayed,Current
1688,13,1,1,2025-10-03,2025-10-14,2025-10-14,284,1075.47,0,On Time,Current
1689,6,31,6,2025-09-17,2025-10-03,2025-10-11,663,8538.18,8,Delayed,Current
1690,16,96,2,2025-07-25,2025-08-09,2025-08-11,373,6186.81,2,Delayed,Future
1691,2,109,4,2025-01-02,2025-01-10,2025-01-11,346,8553.88,1,Delayed,Future
1692,15,27,6,2024-09-21,2024-10-03,2024-10-03,409,2610.65,0,On Time,Current
1693,17,40,6,2024-03-26,2024-04-02,2024-04-03,229,2082.4,1,Delayed,Current
1694,9,43,3,2024-06-11,2024-06-23,2024-06-25,408,8144.97,2,Delayed,Current
1695,17,2,6,2024-03-23,2024-04-06,2024-04-06,510,3214.33,0,On Time,Current
1696,10,40,3,2025-09-03,2025-09-14,2025-09-24,171,8190.4,10,Delayed,Current
1697,14,96,2,2024-11-27,2024-12-03,2024-12-08,363,7037.15,5,Delayed,Current
1698,14,39,6,2024-02-10,2024-02-27,2024-03-05,520,8344.57,7,Delayed,Current
1699,1,113,1,2024-04-05,2024-04-14,2024-04-18,370,5954.07,4,Delayed,Current
1700,11,27,6,2024-05-28,2024-06-02,2024-06-06,493,8578.87,4,Delayed,Current
1701,11,94,1,2024-11-02,2024-11-10,2024-11-10,657,7367.45,0,On Time,Current
1702,7,97,2,2024-07-24,2024-07-29,2024-08-06,549,6149.26,8,Delayed,Current
1703,4,68,6,2024-12-14,2024-12-27,2024-12-27,485,7200.43,0,On Time,Current
1704,20,113,6,2025-11-15,2025-11-22,2025-11-28,254,7291.38,6,Delayed,Current
1705,12,54,1,2024-10-25,2024-11-05,2024-11-07,603,6897.72,2,Delayed,Future
1706,15,63,2,2024-01-19,2024-01-28,2024-01-31,527,8745.7,3,Delayed,Current
1707,6,7,6,2024-02-08,2024-02-16,2024-02-17,594,1954.25,1,Delayed,Future
1708,11,94,6,2025-06-06,2025-06-13,2025-06-15,494,5734.82,2,Delayed,Future
1709,9,13,1,2025-07-11,2025-07-22,2025-07-22,590,7526.42,0,On Time,Future
1710,13,62,6,2024-08-09,2024-08-16,2024-08-18,122,5231.33,2,Delayed,Future
1711,8,56,1,2024-12-27,2025-01-12,2025-01-13,321,7861.78,1,Delayed,Future
1712,11,64,6,2025-09-03,2025-09-13,2025-09-14,550,2400.2,1,Delayed,Current
1713,3,54,6,2024-08-18,2024-08-26,2024-08-27,521,2564.84,1,Delayed,Current
1714,20,80,1,2024-09-30,2024-10-07,2024-10-12,446,5912.3,5,Delayed,Current
1715,3,51,6,2025-08-16,2025-08-23,2025-08-24,530,5502.13,1,Delayed,Future
1716,16,107,6,2025-08-04,2025-08-13,2025-08-14,573,2614.43,1,Delayed,Future
1717,18,70,2,2024-09-26,2024-10-13,2024-10-20,453,8404.37,7,Delayed,Current
1718,3,82,6,2024-02-12,2024-02-25,2024-02-25,234,8020.88,0,On Time,Future
1719,15,14,1,2025-11-25,2025-12-08,2025-12-09,352,3572.26,1,Delayed,Future
1720,12,58,6,2025-05-18,2025-06-02,2025-06-04,321,4519.29,2,Delayed,Future
1721,13,114,2,2024-06-17,2024-06-23,2024-06-23,670,7451.59,0,On Time,Future
1722,9,117,6,2025-07-22,2025-07-31,2025-07-31,646,7291.42,0,On Time,Future
1723,5,5,6,2025-12-11,2025-12-27,2025-12-29,178,2904.34,2,Delayed,Current
1724,3,29,6,2025-01-30,2025-02-06,2025-02-13,224,2186.56,7,Delayed,Current
1725,13,106,6,2024-09-03,2024-09-17,2024-09-19,240,8288.15,2,Delayed,Future
1726,16,97,6,2024-05-01,2024-05-09,2024-05-13,479,1223.75,4,Delayed,Current
1727,12,70,6,2024-08-22,2024-08-27,2024-08-28,147,6497.38,1,Delayed,Future
1728,9,42,6,2024-06-08,2024-06-25,2024-07-03,489,1291.29,8,Delayed,Current
1729,20,114,6,2024-04-23,2024-04-28,2024-04-29,105,7837.22,1,Delayed,Future
1730,7,91,1,2025-07-19,2025-08-02,2025-08-03,197,8331.78,1,Delayed,Current
1731,4,104,6,2024-04-14,2024-04-21,2024-04-26,153,7215.48,5,Delayed,Current
1732,3,4,6,2025-11-29,2025-12-14,2025-12-22,230,8652.76,8,Delayed,Current
1733,15,81,6,2025-05-14,2025-05-25,2025-05-25,687,7584.31,0,On Time,Current
1734,2,26,4,2024-06-06,2024-06-21,2024-06-23,505,6793.86,2,Delayed,Future
1735,9,104,4,2025-10-04,2025-10-20,2025-10-20,398,6442.83,0,On Time,Current
1736,5,39,6,2024-08-25,2024-09-06,2024-09-08,636,4692.44,2,Delayed,Future
1737,13,26,6,2024-05-07,2024-05-12,2024-05-19,522,7615.91,7,Delayed,Current
1738,19,50,1,2024-02-29,2024-03-10,2024-03-12,562,5364.53,2,Delayed,Future
1739,4,20,5,2024-09-19,2024-09-26,2024-09-28,278,5122.47,2,Delayed,Current
1740,10,36,4,2025-02-03,2025-02-12,2025-02-12,420,6822.74,0,On Time,Future
1741,15,53,2,2025-04-14,2025-04-24,2025-04-27,303,2081.61,3,Delayed,Current
1742,6,63,2,2025-07-02,2025-07-08,2025-07-13,98,5834.39,5,Delayed,Current
1743,9,27,6,2025-05-30,2025-06-15,2025-06-24,279,8387.08,9,Delayed,Current
1744,17,94,3,2025-12-04,2025-12-15,2025-12-15,506,5833.44,0,On Time,Current
1745,4,41,6,2025-06-19,2025-07-03,2025-07-05,409,1010.53,2,Delayed,Future
1746,5,95,3,2025-05-10,2025-05-15,2025-05-17,639,1385.96,2,Delayed,Future
1747,17,69,4,2025-07-13,2025-07-20,2025-07-20,145,3060.15,0,On Time,Future
1748,1,107,4,2024-02-28,2024-03-15,2024-03-25,330,3812.55,10,Delayed,Current
1749,16,99,6,2024-04-08,2024-04-18,2024-04-19,333,4706.12,1,Delayed,Current
1750,3,7,4,2025-09-30,2025-10-09,2025-10-09,87,4483.58,0,On Time,Future
1751,9,109,1,2024-06-26,2024-07-02,2024-07-02,376,6598.51,0,On Time,Future
1752,4,16,4,2024-10-23,2024-10-31,2024-10-31,232,1589.54,0,On Time,Future
1753,3,39,6,2025-07-02,2025-07-11,2025-07-13,640,6079.4,2,Delayed,Future
1754,10,6,6,2024-08-26,2024-09-08,2024-09-10,481,3447.15,2,Delayed,Future
1755,13,110,6,2024-06-27,2024-07-10,2024-07-12,347,7911.32,2,Delayed,Current
1756,19,11,5,2024-04-05,2024-04-22,2024-05-02,682,5999.96,10,Delayed,Current
1757,19,106,4,2025-10-15,2025-10-25,2025-10-26,564,3156.27,1,Delayed,Future
1758,3,13,2,2024-08-23,2024-09-03,2024-09-04,190,1600.68,1,Delayed,Future
1759,14,29,6,2025-12-09,2025-12-20,2025-12-22,127,5707.72,2,Delayed,Future
1760,3,59,3,2025-03-05,2025-03-16,2025-03-17,75,8769.39,1,Delayed,Future
1761,15,114,5,2024-02-07,2024-02-12,2024-02-21,282,1085.0,9,Delayed,Current
1762,14,39,3,2024-07-06,2024-07-12,2024-07-15,239,4041.23,3,Delayed,Current
1763,19,89,1,2024-07-03,2024-07-09,2024-07-10,498,8893.68,1,Delayed,Future
1764,9,52,6,2025-11-11,2025-11-19,2025-11-29,677,3736.07,10,Delayed,Current
1765,16,54,6,2025-11-30,2025-12-11,2025-12-11,370,6489.93,0,On Time,Future
1766,10,68,5,2024-09-07,2024-09-21,2024-09-26,681,963.33,5,Delayed,Current
1767,11,51,6,2024-07-11,2024-07-19,2024-07-20,609,1076.32,1,Delayed,Current
1768,5,72,6,2024-05-02,2024-05-10,2024-05-13,598,4536.73,3,Delayed,Current
1769,14,48,6,2025-03-18,2025-03-27,2025-03-27,84,3486.82,0,On Time,Future
1770,11,27,6,2024-09-21,2024-09-28,2024-09-28,632,1211.88,0,On Time,Current
1771,20,80,3,2024-10-03,2024-10-14,2024-10-20,260,2226.6,6,Delayed,Current
1772,18,72,6,2024-12-14,2024-12-28,2024-12-30,551,5295.54,2,Delayed,Future
1773,5,20,6,2025-03-15,2025-03-28,2025-04-05,457,2732.33,8,Delayed,Current
1774,6,3,3,2025-10-06,2025-10-19,2025-10-19,375,4965.4,0,On Time,Future
1775,14,67,6,2024-05-29,2024-06-09,2024-06-11,140,6299.29,2,Delayed,Current
1776,20,74,2,2025-03-16,2025-03-25,2025-03-25,565,5311.79,0,On Time,Future
1777,8,10,6,2024-12-06,2024-12-13,2024-12-15,485,7398.21,2,Delayed,Current
1778,14,90,6,2024-01-01,2024-01-09,2024-01-09,373,3570.69,0,On Time,Future
1779,7,118,1,2024-01-01,2024-01-15,2024-01-24,437,2525.74,9,Delayed,Current
1780,14,107,6,2024-04-19,2024-05-01,2024-05-02,521,5741.15,1,Delayed,Future
1781,16,21,6,2025-05-04,2025-05-19,2025-05-25,122,8303.32,6,Delayed,Current
1782,10,99,6,2025-11-20,2025-12-06,2025-12-14,229,967.83,8,Delayed,Current
1783,4,115,3,2024-09-18,2024-10-04,2024-10-04,235,3077.48,0,On Time,Current
1784,7,116,6,2025-08-24,2025-09-04,2025-09-12,482,4140.31,8,Delayed,Current
1785,11,43,1,2025-10-09,2025-10-19,2025-10-21,519,7847.0,2,Delayed,Future
1786,7,99,6,2024-01-20,2024-01-28,2024-01-30,317,6494.49,2,Delayed,Future
1787,4,95,3,2025-01-11,2025-01-20,2025-01-20,664,7874.65,0,On Time,Future
1788,3,109,2,2024-04-25,2024-05-11,2024-05-11,648,3690.49,0,On Time,Future
1789,12,38,6,2024-09-28,2024-10-15,2024-10-15,489,7413.1,0,On Time,Future
1790,16,106,6,2024-12-17,2025-01-03,2025-01-04,510,6999.14,1,Delayed,Future
1791,16,60,2,2024-01-16,2024-01-28,2024-01-30,545,7957.76,2,Delayed,Future
1792,11,69,1,2025-06-22,2025-07-04,2025-07-04,492,1113.96,0,On Time,Future
1793,12,45,3,2025-05-26,2025-06-03,2025-06-03,692,8587.21,0,On Time,Current
1794,11,116,1,2024-12-21,2025-01-05,2025-01-06,622,6846.27,1,Delayed,Future
1795,4,35,5,2024-09-02,2024-09-17,2024-09-21,152,6152.92,4,Delayed,Current
1796,13,71,6,2025-07-17,2025-07-26,2025-08-01,217,6628.01,6,Delayed,Current
1797,15,65,2,2025-11-21,2025-12-04,2025-12-09,520,6485.86,5,Delayed,Current
1798,12,49,5,2025-05-07,2025-05-20,2025-05-26,320,6507.93,6,Delayed,Current
1799,20,7,1,2025-06-24,2025-07-09,2025-07-09,305,5788.59,0,On Time,Future
1800,17,104,6,2025-06-01,2025-06-18,2025-06-22,97,4889.22,4,Delayed,Current
1801,2,64,2,2024-01-06,2024-01-22,2024-01-31,139,2340.21,9,Delayed,Current
1802,3,91,6,2025-01-31,2025-02-15,2025-02-15,221,2805.42,0,On Time,Future
1803,3,110,6,2025-11-05,2025-11-15,2025-11-18,288,8505.31,3,Delayed,Current
1804,4,70,4,2024-07-18,2024-07-23,2024-07-30,639,5488.5,7,Delayed,Current
1805,14,36,1,2024-05-12,2024-05-29,2024-05-30,261,2495.47,1,Delayed,Current
1806,5,62,1,2024-05-20,2024-05-27,2024-05-28,79,1547.46,1,Delayed,Future
1807,17,88,1,2025-12-07,2025-12-14,2025-12-17,288,6442.03,3,Delayed,Current
1808,16,2,2,2024-04-20,2024-04-30,2024-05-04,519,3349.79,4,Delayed,Current
1809,4,97,3,2024-07-04,2024-07-09,2024-07-15,230,8431.59,6,Delayed,Current
1810,18,67,6,2024-12-08,2024-12-21,2024-12-26,598,888.79,5,Delayed,Current
1811,11,46,6,2025-02-20,2025-03-07,2025-03-17,497,8985.54,10,Delayed,Current
1812,9,72,4,2024-06-22,2024-07-05,2024-07-05,500,801.88,0,On Time,Future
1813,4,63,4,2025-03-21,2025-04-02,2025-04-09,674,5247.28,7,Delayed,Current
1814,14,85,6,2025-10-22,2025-11-03,2025-11-12,361,4019.67,9,Delayed,Current
1815,18,13,6,2025-06-21,2025-07-08,2025-07-08,427,4042.18,0,On Time,Future
1816,4,23,6,2025-01-09,2025-01-16,2025-01-18,487,1428.66,2,Delayed,Future
1817,10,49,1,2025-08-21,2025-08-31,2025-09-07,530,7444.62,7,Delayed,Current
1818,5,119,6,2024-10-27,2024-11-02,2024-11-09,529,7238.0,7,Delayed,Current
1819,16,113,6,2025-03-19,2025-03-26,2025-04-01,626,3576.47,6,Delayed,Current
1820,15,21,6,2024-12-23,2025-01-07,2025-01-07,548,2126.36,0,On Time,Future
1821,11,25,2,2024-02-23,2024-03-05,2024-03-06,625,1655.99,1,Delayed,Future
1822,1,100,6,2024-09-03,2024-09-12,2024-09-18,176,8155.23,6,Delayed,Current
1823,8,27,3,2025-05-02,2025-05-19,2025-05-20,152,8795.39,1,Delayed,Future
1824,7,11,6,2024-12-30,2025-01-07,2025-01-16,259,843.61,9,Delayed,Current
1825,6,6,2,2025-01-07,2025-01-19,2025-01-26,151,8881.91,7,Delayed,Current
1826,10,100,6,2025-12-12,2025-12-18,2025-12-18,433,3169.3,0,On Time,Future
1827,12,97,3,2024-06-05,2024-06-18,2024-06-28,258,4860.77,10,Delayed,Current
1828,12,113,2,2024-07-29,2024-08-11,2024-08-11,554,2405.73,0,On Time,Future
1829,7,115,5,2025-06-21,2025-06-29,2025-07-02,647,2337.17,3,Delayed,Current
1830,3,28,3,2024-01-31,2024-02-17,2024-02-19,442,4535.99,2,Delayed,Future
1831,8,76,6,2024-02-09,2024-02-17,2024-02-17,599,7942.56,0,On Time,Future
1832,2,53,6,2025-10-21,2025-11-07,2025-11-07,459,7671.98,0,On Time,Future
1833,19,58,6,2025-04-22,2025-05-03,2025-05-04,174,7593.62,1,Delayed,Current
1834,9,79,6,2025-10-05,2025-10-21,2025-10-26,250,5507.56,5,Delayed,Current
1835,18,6,4,2025-11-15,2025-11-21,2025-11-23,595,2266.22,2,Delayed,Future
1836,14,68,3,2025-12-03,2025-12-12,2025-12-13,544,1883.03,1,Delayed,Future
1837,12,52,1,2024-10-02,2024-10-08,2024-10-14,436,7317.62,6,Delayed,Current
1838,8,35,5,2024-10-07,2024-10-23,2024-10-25,292,8843.44,2,Delayed,Future
1839,6,67,6,2024-11-05,2024-11-13,2024-11-22,463,3431.52,9,Delayed,Current
1840,16,98,6,2024-08-15,2024-09-01,2024-09-04,554,922.84,3,Delayed,Current
1841,17,81,4,2025-04-09,2025-04-26,2025-04-26,281,4026.85,0,On Time,Future
1842,3,110,2,2024-03-19,2024-04-02,2024-04-07,464,5217.49,5,Delayed,Current
1843,17,34,6,2025-08-25,2025-08-31,2025-09-02,533,1695.0,2,Delayed,Current
1844,9,86,6,2025-03-25,2025-04-10,2025-04-20,522,2182.98,10,Delayed,Current
1845,18,73,5,2025-08-12,2025-08-27,2025-08-28,487,8514.29,1,Delayed,Current
1846,11,16,6,2025-12-25,2025-12-31,2026-01-02,664,5881.64,2,Delayed,Future
1847,17,68,6,2024-04-16,2024-04-24,2024-05-01,685,8925.08,7,Delayed,Current
1848,1,79,6,2024-09-30,2024-10-14,2024-10-21,647,6971.56,7,Delayed,Current
1849,14,44,6,2025-04-07,2025-04-13,2025-04-14,71,3501.77,1,Delayed,Future
1850,10,53,6,2025-10-22,2025-11-02,2025-11-04,325,3427.72,2,Delayed,Future
1851,6,73,6,2024-02-24,2024-03-01,2024-03-02,519,6070.62,1,Delayed,Future
1852,14,85,6,2024-05-21,2024-06-03,2024-06-06,270,1366.09,3,Delayed,Current
1853,11,88,5,2025-08-23,2025-09-07,2025-09-13,385,2233.2,6,Delayed,Current
1854,15,17,6,2024-09-19,2024-09-29,2024-10-05,565,3494.1,6,Delayed,Current
1855,3,41,3,2024-01-09,2024-01-26,2024-01-29,384,3733.79,3,Delayed,Current
1856,18,27,6,2024-10-24,2024-11-10,2024-11-12,273,6292.69,2,Delayed,Future
1857,9,28,6,2025-07-24,2025-08-06,2025-08-06,676,2685.27,0,On Time,Future
1858,17,62,6,2025-05-04,2025-05-13,2025-05-15,159,1862.64,2,Delayed,Current
1859,15,39,4,2025-07-13,2025-07-20,2025-07-29,383,2537.12,9,Delayed,Current
1860,17,18,3,2025-10-17,2025-10-26,2025-11-01,550,3912.83,6,Delayed,Current
1861,11,27,2,2024-03-19,2024-04-02,2024-04-04,96,1076.04,2,Delayed,Future
1862,5,33,6,2025-05-09,2025-05-23,2025-05-29,372,7853.09,6,Delayed,Current
1863,14,28,1,2025-09-16,2025-09-27,2025-10-05,586,4461.48,8,Delayed,Current
1864,5,4,4,2024-02-04,2024-02-10,2024-02-18,255,7592.56,8,Delayed,Current
1865,13,97,6,2024-12-11,2024-12-18,2024-12-24,219,4297.51,6,Delayed,Current
1866,17,120,4,2024-09-05,2024-09-18,2024-09-18,175,1798.53,0,On Time,Future
1867,19,109,2,2025-01-24,2025-01-30,2025-02-04,615,1268.32,5,Delayed,Current
1868,2,16,3,2024-03-17,2024-04-01,2024-04-04,517,6544.87,3,Delayed,Current
1869,13,95,6,2024-07-18,2024-07-23,2024-07-27,212,2069.1,4,Delayed,Current
1870,8,18,6,2024-09-28,2024-10-15,2024-10-17,479,3263.03,2,Delayed,Future
1871,16,102,1,2025-08-05,2025-08-16,2025-08-19,156,7437.55,3,Delayed,Current
1872,15,1,1,2024-02-13,2024-02-22,2024-02-23,531,2382.49,1,Delayed,Future
1873,16,58,1,2025-06-15,2025-06-20,2025-06-21,525,4158.44,1,Delayed,Current
1874,12,16,6,2025-06-26,2025-07-01,2025-07-01,204,6231.21,0,On Time,Future
1875,19,109,1,2024-01-19,2024-01-27,2024-02-06,425,7401.74,10,Delayed,Current
1876,15,91,2,2025-04-17,2025-04-29,2025-05-04,449,8871.17,5,Delayed,Current
1877,20,24,3,2024-03-23,2024-03-31,2024-04-10,572,4788.37,10,Delayed,Current
1878,2,66,6,2024-06-25,2024-07-12,2024-07-22,646,2194.9,10,Delayed,Current
1879,13,27,6,2025-12-16,2025-12-24,2026-01-01,70,3854.49,8,Delayed,Current
1880,5,85,6,2024-12-04,2024-12-13,2024-12-13,200,8446.85,0,On Time,Future
1881,20,42,1,2025-12-19,2025-12-28,2025-12-30,320,4076.69,2,Delayed,Future
1882,2,104,4,2025-01-27,2025-02-08,2025-02-11,193,8630.09,3,Delayed,Current
1883,2,105,3,2025-04-20,2025-04-29,2025-05-06,367,3066.66,7,Delayed,Current
1884,17,40,3,2025-08-21,2025-08-27,2025-08-28,146,1828.18,1,Delayed,Future
1885,12,52,1,2024-01-31,2024-02-14,2024-02-15,240,3448.21,1,Delayed,Future
1886,12,72,6,2025-06-12,2025-06-21,2025-06-21,636,7102.57,0,On Time,Current
1887,10,20,5,2024-11-14,2024-11-19,2024-11-27,112,8728.7,8,Delayed,Current
1888,18,10,1,2024-11-28,2024-12-06,2024-12-07,534,8545.09,1,Delayed,Future
1889,7,53,3,2025-02-04,2025-02-21,2025-02-21,192,4204.43,0,On Time,Future
1890,6,28,3,2025-12-22,2025-12-30,2026-01-04,537,1692.87,5,Delayed,Current
1891,14,115,6,2024-07-11,2024-07-27,2024-08-06,119,7057.03,10,Delayed,Current
1892,16,24,6,2024-06-29,2024-07-05,2024-07-06,555,7248.56,1,Delayed,Future
1893,19,59,1,2025-10-01,2025-10-13,2025-10-15,319,1214.56,2,Delayed,Future
1894,4,64,6,2025-07-25,2025-08-08,2025-08-16,131,6730.69,8,Delayed,Current
1895,12,43,5,2024-10-28,2024-11-13,2024-11-21,543,4296.93,8,Delayed,Current
1896,7,15,6,2025-08-09,2025-08-14,2025-08-15,152,2008.18,1,Delayed,Future
1897,17,60,6,2025-05-01,2025-05-12,2025-05-15,363,3491.17,3,Delayed,Current
1898,10,45,6,2024-11-10,2024-11-17,2024-11-19,367,3816.8,2,Delayed,Future
1899,8,26,2,2025-09-09,2025-09-18,2025-09-27,607,8903.73,9,Delayed,Current
1900,8,26,2,2025-09-06,2025-09-22,2025-09-29,430,6403.97,7,Delayed,Current
1901,4,67,6,2025-01-09,2025-01-17,2025-01-18,109,5357.44,1,Delayed,Current
1902,7,8,4,2024-07-18,2024-07-30,2024-08-07,655,5295.67,8,Delayed,Current
1903,15,32,6,2025-03-20,2025-04-05,2025-04-15,69,8790.75,10,Delayed,Current
1904,16,90,2,2024-01-02,2024-01-12,2024-01-18,104,1613.89,6,Delayed,Current
1905,4,9,5,2025-12-22,2026-01-07,2026-01-09,252,6688.22,2,Delayed,Future
1906,18,111,3,2025-01-08,2025-01-16,2025-01-17,484,8006.08,1,Delayed,Future
1907,5,18,4,2024-10-21,2024-11-06,2024-11-06,587,2290.59,0,On Time,Current
1908,1,45,6,2025-07-29,2025-08-07,2025-08-08,185,6047.96,1,Delayed,Current
1909,8,82,2,2024-03-14,2024-03-20,2024-03-22,554,847.56,2,Delayed,Future
1910,18,89,1,2024-05-26,2024-06-09,2024-06-17,527,7235.38,8,Delayed,Current
1911,20,55,6,2024-05-30,2024-06-13,2024-06-18,161,6846.51,5,Delayed,Current
1912,7,30,3,2025-06-25,2025-07-06,2025-07-06,240,4705.88,0,On Time,Future
1913,1,104,6,2024-04-20,2024-05-01,2024-05-03,364,1288.36,2,Delayed,Future
1914,6,119,1,2024-02-06,2024-02-12,2024-02-21,564,2777.51,9,Delayed,Current
1915,12,81,1,2025-01-11,2025-01-25,2025-01-25,348,6855.28,0,On Time,Current
1916,15,14,6,2024-06-16,2024-07-01,2024-07-03,424,3472.05,2,Delayed,Future
1917,5,2,1,2024-05-28,2024-06-09,2024-06-11,272,8028.45,2,Delayed,Future
1918,8,70,6,2025-06-12,2025-06-21,2025-06-28,418,6009.58,7,Delayed,Current
1919,7,37,2,2024-07-03,2024-07-20,2024-07-22,293,5792.13,2,Delayed,Current
1920,8,64,6,2025-09-21,2025-09-30,2025-09-30,426,2039.67,0,On Time,Future
1921,15,35,2,2025-07-10,2025-07-19,2025-07-21,169,5101.66,2,Delayed,Future
1922,12,106,5,2025-08-23,2025-09-01,2025-09-07,159,6374.58,6,Delayed,Current
1923,1,112,6,2024-10-19,2024-10-25,2024-11-03,669,6654.13,9,Delayed,Current
1924,18,27,6,2024-11-25,2024-12-10,2024-12-10,561,8577.0,0,On Time,Future
1925,1,57,3,2024-10-17,2024-10-28,2024-10-29,642,8584.78,1,Delayed,Future
1926,19,116,6,2025-09-19,2025-09-30,2025-10-01,398,1659.69,1,Delayed,Future
1927,1,38,2,2024-11-28,2024-12-04,2024-12-04,627,5151.61,0,On Time,Future
1928,17,78,5,2025-07-08,2025-07-19,2025-07-28,564,8368.1,9,Delayed,Current
1929,18,55,3,2025-03-27,2025-04-05,2025-04-12,207,8416.73,7,Delayed,Current
1930,14,38,3,2025-06-25,2025-07-09,2025-07-15,89,8196.35,6,Delayed,Current
1931,17,108,2,2024-06-18,2024-06-30,2024-07-03,631,7557.69,3,Delayed,Current
1932,6,63,6,2024-12-11,2024-12-18,2024-12-20,193,2880.59,2,Delayed,Future
1933,20,101,5,2024-11-11,2024-11-21,2024-11-24,272,4431.83,3,Delayed,Current
1934,2,102,4,2024-02-26,2024-03-14,2024-03-14,513,6936.86,0,On Time,Current
1935,1,98,5,2025-04-09,2025-04-21,2025-04-23,213,1625.93,2,Delayed,Current
1936,4,104,3,2025-10-07,2025-10-16,2025-10-16,244,878.86,0,On Time,Future
1937,18,109,3,2024-11-25,2024-12-08,2024-12-08,546,8718.0,0,On Time,Future
1938,18,96,6,2024-04-16,2024-05-03,2024-05-09,417,7535.65,6,Delayed,Current
1939,17,98,6,2025-12-18,2025-12-30,2025-12-31,681,1254.79,1,Delayed,Current
1940,16,80,3,2024-10-10,2024-10-20,2024-10-23,147,6755.5,3,Delayed,Current
1941,11,99,6,2024-08-05,2024-08-14,2024-08-19,564,2357.83,5,Delayed,Current
1942,12,95,3,2024-10-03,2024-10-12,2024-10-14,449,4674.42,2,Delayed,Future
1943,5,54,6,2025-06-03,2025-06-19,2025-06-20,591,2672.93,1,Delayed,Future
1944,12,51,2,2024-08-24,2024-08-31,2024-08-31,124,7079.03,0,On Time,Current
1945,1,90,3,2024-12-19,2025-01-05,2025-01-08,645,2447.48,3,Delayed,Current
1946,13,34,6,2025-02-13,2025-02-18,2025-02-20,505,8718.82,2,Delayed,Future
1947,14,105,2,2024-03-20,2024-04-02,2024-04-09,266,868.64,7,Delayed,Current
1948,4,70,5,2024-10-27,2024-11-04,2024-11-05,549,1124.85,1,Delayed,Future
1949,5,100,2,2025-08-15,2025-08-29,2025-09-08,647,1728.88,10,Delayed,Current
1950,1,90,6,2025-02-13,2025-03-01,2025-03-03,313,815.17,2,Delayed,Future
1951,5,113,6,2025-03-02,2025-03-12,2025-03-20,277,4466.85,8,Delayed,Current
1952,4,61,3,2024-12-04,2024-12-16,2024-12-18,672,5944.05,2,Delayed,Future
1953,2,71,1,2025-07-18,2025-08-01,2025-08-05,542,2468.95,4,Delayed,Current
1954,5,109,1,2025-08-04,2025-08-21,2025-08-23,231,6091.06,2,Delayed,Future
1955,2,104,3,2025-10-25,2025-11-07,2025-11-08,346,6200.55,1,Delayed,Future
1956,9,87,5,2024-12-04,2024-12-16,2024-12-18,367,5831.94,2,Delayed,Future
1957,11,85,3,2024-05-28,2024-06-04,2024-06-13,287,2117.32,9,Delayed,Current
1958,9,55,6,2024-05-08,2024-05-13,2024-05-14,643,4547.71,1,Delayed,Future
1959,6,71,5,2025-03-26,2025-04-09,2025-04-11,270,808.76,2,Delayed,Future
1960,10,28,3,2024-02-02,2024-02-07,2024-02-15,303,1336.28,8,Delayed,Current
1961,2,89,3,2024-08-19,2024-08-28,2024-09-01,629,7138.37,4,Delayed,Current
1962,15,9,3,2025-09-15,2025-09-27,2025-09-27,153,2154.45,0,On Time,Future
1963,18,81,3,2025-02-17,2025-03-03,2025-03-06,315,4917.13,3,Delayed,Current
1964,10,14,1,2024-04-30,2024-05-13,2024-05-13,113,841.75,0,On Time,Current
1965,19,66,6,2024-10-30,2024-11-11,2024-11-12,90,2254.8,1,Delayed,Future
1966,7,67,6,2024-07-14,2024-07-21,2024-07-31,252,3391.77,10,Delayed,Current
1967,1,72,4,2024-07-18,2024-08-03,2024-08-03,120,7128.29,0,On Time,Current
1968,1,93,3,2025-07-26,2025-08-10,2025-08-12,540,8093.66,2,Delayed,Current
1969,1,29,6,2024-09-04,2024-09-14,2024-09-18,222,4696.08,4,Delayed,Current
1970,16,48,6,2024-06-18,2024-06-24,2024-06-25,366,5210.77,1,Delayed,Future
1971,18,64,4,2024-10-06,2024-10-23,2024-11-01,486,6204.02,9,Delayed,Current
1972,5,70,4,2025-02-07,2025-02-20,2025-02-20,353,1707.22,0,On Time,Future
1973,13,35,4,2025-05-16,2025-05-21,2025-05-24,123,8655.98,3,Delayed,Current
1974,5,27,3,2025-05-25,2025-06-08,2025-06-13,497,2125.59,5,Delayed,Current
1975,4,94,6,2024-05-30,2024-06-16,2024-06-21,508,5658.77,5,Delayed,Current
1976,8,55,6,2025-10-10,2025-10-27,2025-10-31,462,876.52,4,Delayed,Current
1977,11,5,3,2024-05-27,2024-06-09,2024-06-11,515,2036.77,2,Delayed,Future
1978,14,59,1,2025-09-27,2025-10-09,2025-10-12,164,3414.15,3,Delayed,Current
1979,18,21,2,2024-07-19,2024-07-25,2024-07-25,464,2671.98,0,On Time,Future
1980,2,74,1,2025-04-02,2025-04-17,2025-04-24,380,3789.13,7,Delayed,Current
1981,11,120,6,2024-10-05,2024-10-16,2024-10-19,298,4298.4,3,Delayed,Current
1982,3,109,6,2024-05-31,2024-06-08,2024-06-09,549,881.11,1,Delayed,Future
1983,19,1,1,2025-01-29,2025-02-04,2025-02-04,163,2409.61,0,On Time,Future
1984,10,24,6,2025-05-15,2025-05-26,2025-05-28,665,6648.42,2,Delayed,Future
1985,7,64,6,2024-06-22,2024-07-01,2024-07-02,488,2958.82,1,Delayed,Future
1986,16,14,1,2025-03-30,2025-04-09,2025-04-19,661,6294.73,10,Delayed,Current
1987,14,116,6,2025-03-20,2025-03-30,2025-04-04,608,7269.36,5,Delayed,Current
1988,13,4,4,2024-01-01,2024-01-16,2024-01-23,588,7067.45,7,Delayed,Current
1989,4,107,6,2024-05-19,2024-05-30,2024-05-31,626,6430.63,1,Delayed,Future
1990,10,93,1,2025-09-21,2025-10-06,2025-10-08,206,8221.91,2,Delayed,Future
1991,7,118,2,2024-05-30,2024-06-08,2024-06-18,226,7929.46,10,Delayed,Current
1992,9,72,1,2025-11-10,2025-11-22,2025-11-23,486,3216.49,1,Delayed,Future
1993,1,33,1,2024-09-01,2024-09-12,2024-09-17,348,3080.7,5,Delayed,Current
1994,18,118,6,2024-12-13,2024-12-29,2024-12-30,181,3094.43,1,Delayed,Future
1995,15,31,1,2025-01-30,2025-02-14,2025-02-16,653,1311.74,2,Delayed,Future
1996,5,48,6,2024-07-06,2024-07-21,2024-07-26,335,3801.97,5,Delayed,Current
1997,5,96,1,2024-09-29,2024-10-05,2024-10-05,169,7220.93,0,On Time,Future
1998,8,109,1,2025-07-01,2025-07-18,2025-07-18,553,4778.58,0,On Time,Future
1999,8,19,6,2025-06-15,2025-06-29,2025-07-02,393,6861.06,3,Delayed,Current
2000,13,108,1,2024-11-25,2024-12-01,2024-12-01,358,7847.62,0,On Time,Current
2001,19,77,5,2025-09-18,2025-09-25,2025-09-28,602,5476.2,3,Delayed,Current
2002,12,42,2,2024-06-06,2024-06-21,2024-06-22,356,5283.27,1,Delayed,Future
2003,4,115,2,2025-12-19,2025-12-24,2025-12-26,694,5911.18,2,Delayed,Future
2004,1,3,6,2024-05-21,2024-05-30,2024-06-02,234,4171.43,3,Delayed,Current
2005,9,55,6,2024-07-20,2024-07-27,2024-07-30,638,1480.83,3,Delayed,Current
2006,16,52,6,2024-02-06,2024-02-23,2024-02-23,205,3592.79,0,On Time,Current
2007,16,29,2,2024-08-19,2024-08-31,2024-09-09,75,2590.72,9,Delayed,Current
2008,11,19,2,2024-08-04,2024-08-13,2024-08-23,669,3345.12,10,Delayed,Current
2009,16,119,5,2024-06-05,2024-06-22,2024-06-22,530,5754.19,0,On Time,Current
2010,20,39,1,2025-11-03,2025-11-16,2025-11-25,439,8517.0,9,Delayed,Current
2011,3,24,1,2024-05-23,2024-05-28,2024-05-30,139,7380.22,2,Delayed,Current
2012,16,119,1,2024-02-18,2024-03-03,2024-03-12,623,3548.33,9,Delayed,Current
2013,7,105,6,2025-09-19,2025-09-29,2025-09-30,204,1606.53,1,Delayed,Future
2014,14,105,6,2024-04-11,2024-04-17,2024-04-21,315,7898.78,4,Delayed,Current
2015,7,35,6,2025-07-25,2025-08-05,2025-08-05,293,2834.52,0,On Time,Current
2016,18,103,6,2024-04-11,2024-04-20,2024-04-26,100,2107.79,6,Delayed,Current
2017,8,76,6,2024-08-16,2024-08-25,2024-09-03,520,3556.23,9,Delayed,Current
2018,9,60,4,2024-05-18,2024-05-25,2024-05-25,215,7842.46,0,On Time,Current
2019,6,3,6,2025-08-31,2025-09-15,2025-09-17,681,5727.9,2,Delayed,Future
2020,8,32,2,2025-12-20,2025-12-30,2025-12-31,561,4470.42,1,Delayed,Future
2021,14,43,6,2024-12-27,2025-01-01,2025-01-03,198,5789.41,2,Delayed,Future
2022,13,36,6,2024-07-26,2024-08-01,2024-08-03,284,7139.06,2,Delayed,Future
2023,19,1,1,2025-03-23,2025-03-31,2025-03-31,527,4654.52,0,On Time,Current
2024,15,102,6,2024-06-07,2024-06-16,2024-06-16,410,1672.39,0,On Time,Current
2025,19,11,2,2024-07-24,2024-08-05,2024-08-06,468,5975.22,1,Delayed,Future
2026,5,119,4,2025-04-21,2025-05-06,2025-05-10,276,8582.38,4,Delayed,Current
2027,19,28,1,2024-02-04,2024-02-18,2024-02-21,531,1019.43,3,Delayed,Current
2028,13,8,6,2024-10-12,2024-10-25,2024-11-01,637,7736.21,7,Delayed,Current
2029,5,46,6,2025-01-01,2025-01-15,2025-01-16,639,3720.18,1,Delayed,Future
2030,8,82,6,2024-07-20,2024-08-03,2024-08-06,559,1503.31,3,Delayed,Current
2031,10,14,6,2024-03-15,2024-03-22,2024-03-27,80,837.43,5,Delayed,Current
2032,3,117,3,2025-09-01,2025-09-08,2025-09-09,261,5282.66,1,Delayed,Current
2033,1,6,6,2024-09-03,2024-09-09,2024-09-09,431,6318.87,0,On Time,Future
2034,19,36,6,2024-11-14,2024-11-27,2024-12-07,149,4589.6,10,Delayed,Current
2035,20,65,2,2025-12-27,2026-01-08,2026-01-10,309,3093.12,2,Delayed,Future
2036,3,102,3,2024-08-17,2024-08-22,2024-08-26,80,2222.39,4,Delayed,Current
2037,2,65,6,2025-04-10,2025-04-17,2025-04-21,246,3033.53,4,Delayed,Current
2038,2,63,3,2025-06-23,2025-06-30,2025-07-05,544,7723.56,5,Delayed,Current
2039,19,24,1,2025-05-02,2025-05-09,2025-05-10,349,3913.76,1,Delayed,Future
2040,13,79,1,2025-11-30,2025-12-06,2025-12-13,659,1025.42,7,Delayed,Current
2041,7,54,6,2025-03-21,2025-03-28,2025-04-04,507,4111.51,7,Delayed,Current
2042,17,112,2,2024-07-31,2024-08-11,2024-08-11,212,6599.89,0,On Time,Future
2043,9,4,6,2024-05-01,2024-05-14,2024-05-22,172,2354.17,8,Delayed,Current
2044,16,4,6,2025-12-22,2025-12-31,2025-12-31,241,7874.03,0,On Time,Future
2045,15,46,3,2024-04-24,2024-05-09,2024-05-16,498,6395.77,7,Delayed,Current
2046,19,29,4,2024-06-24,2024-07-04,2024-07-06,377,5493.95,2,Delayed,Current
2047,13,101,2,2024-08-07,2024-08-17,2024-08-20,511,5265.31,3,Delayed,Current
2048,1,3,6,2024-05-16,2024-05-25,2024-05-25,571,7152.33,0,On Time,Current
2049,6,101,1,2025-03-11,2025-03-24,2025-03-25,224,7178.56,1,Delayed,Future
2050,17,22,4,2025-03-06,2025-03-13,2025-03-22,332,8133.72,9,Delayed,Current
2051,1,115,6,2024-05-17,2024-05-27,2024-06-01,332,2327.35,5,Delayed,Current
2052,18,33,6,2024-05-18,2024-05-31,2024-06-02,262,1926.34,2,Delayed,Future
2053,11,68,6,2024-02-08,2024-02-14,2024-02-15,116,1086.9,1,Delayed,Future
2054,11,58,1,2024-07-30,2024-08-05,2024-08-06,636,2520.7,1,Delayed,Current
2055,18,48,6,2024-03-21,2024-04-05,2024-04-06,368,5360.79,1,Delayed,Future
2056,1,43,6,2025-07-01,2025-07-11,2025-07-11,211,6228.33,0,On Time,Future
2057,6,100,6,2024-01-13,2024-01-24,2024-02-02,85,7592.09,9,Delayed,Current
2058,18,111,2,2025-04-02,2025-04-14,2025-04-15,194,4314.84,1,Delayed,Current
2059,7,100,6,2025-07-20,2025-07-26,2025-08-04,376,3743.49,9,Delayed,Current
2060,8,104,4,2024-01-07,2024-01-15,2024-01-15,377,2925.1,0,On Time,Future
2061,16,91,2,2025-02-05,2025-02-17,2025-02-18,657,6973.84,1,Delayed,Future
2062,14,79,3,2024-02-06,2024-02-13,2024-02-14,401,1383.18,1,Delayed,Future
2063,3,115,5,2025-12-21,2025-12-30,2026-01-06,684,3566.47,7,Delayed,Current
2064,15,2,6,2025-02-16,2025-02-24,2025-02-25,69,2752.13,1,Delayed,Current
2065,15,22,1,2025-10-07,2025-10-23,2025-10-25,485,1815.53,2,Delayed,Current
2066,5,73,3,2024-03-08,2024-03-18,2024-03-24,314,4454.01,6,Delayed,Current
2067,6,68,6,2024-06-01,2024-06-18,2024-06-18,302,8641.63,0,On Time,Future
2068,15,18,1,2024-03-18,2024-04-03,2024-04-05,343,6350.13,2,Delayed,Future
2069,7,82,6,2025-11-21,2025-12-03,2025-12-05,573,3505.86,2,Delayed,Future
2070,1,37,2,2024-03-18,2024-03-29,2024-04-07,226,1619.46,9,Delayed,Current
2071,15,81,6,2025-10-09,2025-10-16,2025-10-21,479,8433.16,5,Delayed,Current
2072,15,108,1,2024-12-01,2024-12-17,2024-12-24,533,8636.12,7,Delayed,Current
2073,18,5,4,2025-04-13,2025-04-26,2025-04-26,493,5385.71,0,On Time,Future
2074,5,15,3,2025-01-02,2025-01-09,2025-01-10,340,6415.6,1,Delayed,Future
2075,6,47,4,2024-04-03,2024-04-13,2024-04-14,308,5470.49,1,Delayed,Future
2076,20,118,6,2024-09-01,2024-09-09,2024-09-09,369,6095.14,0,On Time,Future
2077,15,19,6,2025-10-29,2025-11-09,2025-11-11,627,4785.45,2,Delayed,Future
2078,19,47,6,2025-04-30,2025-05-09,2025-05-11,340,4609.06,2,Delayed,Current
2079,12,47,6,2024-10-19,2024-11-02,2024-11-03,184,6996.22,1,Delayed,Current
2080,18,39,5,2024-03-02,2024-03-12,2024-03-14,459,8282.97,2,Delayed,Future
2081,18,108,6,2025-07-27,2025-08-08,2025-08-08,357,5126.04,0,On Time,Future
2082,17,82,6,2024-10-05,2024-10-15,2024-10-17,302,2121.25,2,Delayed,Future
2083,7,108,1,2024-07-28,2024-08-07,2024-08-10,64,5789.48,3,Delayed,Current
2084,19,80,6,2025-03-08,2025-03-20,2025-03-20,90,1582.03,0,On Time,Future
2085,8,66,3,2025-10-28,2025-11-14,2025-11-19,346,4461.27,5,Delayed,Current
2086,20,69,3,2025-08-07,2025-08-13,2025-08-19,259,3432.4,6,Delayed,Current
2087,12,12,2,2025-10-01,2025-10-13,2025-10-19,682,894.33,6,Delayed,Current
2088,19,47,1,2024-01-11,2024-01-18,2024-01-20,200,7534.52,2,Delayed,Future
2089,9,67,1,2025-05-22,2025-06-06,2025-06-11,685,2886.52,5,Delayed,Current
2090,16,66,1,2025-08-24,2025-09-05,2025-09-06,207,7635.18,1,Delayed,Future
2091,19,80,6,2025-05-15,2025-05-29,2025-06-06,516,984.64,8,Delayed,Current
2092,11,74,3,2025-08-04,2025-08-21,2025-08-25,178,8241.49,4,Delayed,Current
2093,2,54,6,2025-01-05,2025-01-17,2025-01-19,600,3665.91,2,Delayed,Future
2094,13,117,1,2025-07-03,2025-07-13,2025-07-21,396,3916.49,8,Delayed,Current
2095,9,6,6,2024-07-25,2024-08-01,2024-08-04,458,4772.64,3,Delayed,Current
2096,3,93,6,2024-04-21,2024-05-05,2024-05-07,162,2598.7,2,Delayed,Future
2097,6,93,2,2025-12-14,2025-12-30,2026-01-02,484,7284.36,3,Delayed,Current
2098,4,82,3,2024-12-12,2024-12-20,2024-12-20,544,6010.19,0,On Time,Future
2099,6,56,6,2024-11-21,2024-12-08,2024-12-09,139,2075.87,1,Delayed,Future
2100,9,100,1,2024-05-17,2024-06-01,2024-06-04,685,4592.75,3,Delayed,Current
2101,12,45,6,2024-05-29,2024-06-07,2024-06-09,249,3015.74,2,Delayed,Current
2102,11,19,2,2024-07-01,2024-07-06,2024-07-11,277,8205.74,5,Delayed,Current
2103,6,101,3,2025-01-02,2025-01-14,2025-01-24,407,4576.72,10,Delayed,Current
2104,2,32,6,2024-01-20,2024-02-01,2024-02-02,273,3796.3,1,Delayed,Current
2105,11,65,6,2025-04-12,2025-04-23,2025-04-27,109,4598.3,4,Delayed,Current
2106,2,113,1,2024-09-07,2024-09-22,2024-09-22,683,4132.76,0,On Time,Current
2107,1,60,3,2025-05-01,2025-05-13,2025-05-17,276,7484.15,4,Delayed,Current
2108,1,35,2,2025-01-25,2025-02-01,2025-02-02,555,8552.62,1,Delayed,Future
2109,14,40,6,2025-10-02,2025-10-18,2025-10-20,297,1295.96,2,Delayed,Future
2110,1,44,3,2024-02-04,2024-02-10,2024-02-19,658,2121.04,9,Delayed,Current
2111,15,20,6,2024-03-30,2024-04-04,2024-04-08,244,5793.34,4,Delayed,Current
2112,2,50,6,2025-08-31,2025-09-06,2025-09-11,282,1451.23,5,Delayed,Current
2113,15,37,2,2025-11-19,2025-12-02,2025-12-09,264,2586.96,7,Delayed,Current
2114,12,54,5,2025-02-04,2025-02-09,2025-02-11,471,7062.45,2,Delayed,Current
2115,11,13,4,2025-10-24,2025-11-01,2025-11-08,500,1229.76,7,Delayed,Current
2116,3,35,1,2025-12-05,2025-12-21,2025-12-31,131,6795.0,10,Delayed,Current
2117,11,65,6,2025-01-19,2025-02-04,2025-02-04,607,8840.91,0,On Time,Current
2118,4,108,6,2024-02-08,2024-02-17,2024-02-20,152,5818.72,3,Delayed,Current
2119,2,59,2,2024-05-04,2024-05-16,2024-05-18,584,1119.23,2,Delayed,Current
2120,13,106,2,2025-10-28,2025-11-09,2025-11-12,504,3306.32,3,Delayed,Current
2121,2,56,3,2024-10-24,2024-11-08,2024-11-08,443,4039.23,0,On Time,Future
2122,18,27,1,2025-12-26,2026-01-10,2026-01-11,84,854.1,1,Delayed,Current
2123,13,65,2,2024-05-07,2024-05-16,2024-05-17,202,818.21,1,Delayed,Current
2124,11,8,6,2025-02-18,2025-03-02,2025-03-02,556,6600.16,0,On Time,Current
2125,17,73,1,2024-08-15,2024-08-30,2024-08-30,605,3605.64,0,On Time,Future
2126,2,59,6,2024-04-23,2024-05-06,2024-05-06,358,4542.14,0,On Time,Future
2127,14,66,2,2025-07-14,2025-07-20,2025-07-22,463,1739.32,2,Delayed,Future
2128,3,57,6,2024-12-08,2024-12-23,2024-12-30,431,7253.46,7,Delayed,Current
2129,19,74,2,2024-08-05,2024-08-12,2024-08-13,142,4529.17,1,Delayed,Future
2130,2,86,4,2024-01-25,2024-01-30,2024-02-01,446,7067.12,2,Delayed,Future
2131,2,47,6,2025-07-05,2025-07-19,2025-07-21,453,4279.3,2,Delayed,Future
2132,2,101,6,2024-08-11,2024-08-24,2024-08-27,158,2569.65,3,Delayed,Current
2133,10,78,1,2025-07-02,2025-07-11,2025-07-21,624,7136.46,10,Delayed,Current
2134,9,11,6,2024-08-09,2024-08-15,2024-08-15,464,4350.79,0,On Time,Current
2135,12,41,3,2025-01-26,2025-02-06,2025-02-08,231,7884.8,2,Delayed,Future
2136,3,113,2,2025-12-27,2026-01-07,2026-01-13,643,1255.16,6,Delayed,Current
2137,8,21,6,2024-07-23,2024-08-07,2024-08-09,248,4044.58,2,Delayed,Future
2138,8,106,6,2025-12-17,2025-12-26,2025-12-27,216,1040.42,1,Delayed,Current
2139,16,63,2,2025-04-12,2025-04-17,2025-04-17,185,5693.13,0,On Time,Current
2140,20,72,3,2024-10-14,2024-10-21,2024-10-29,65,1209.9,8,Delayed,Current
2141,5,104,5,2024-09-02,2024-09-17,2024-09-20,441,8631.64,3,Delayed,Current
2142,1,6,6,2024-12-24,2025-01-06,2025-01-07,583,5887.89,1,Delayed,Future
2143,8,34,2,2024-01-30,2024-02-07,2024-02-08,226,3797.76,1,Delayed,Future
2144,15,34,2,2024-11-02,2024-11-17,2024-11-18,339,6554.51,1,Delayed,Current
2145,19,32,1,2025-07-04,2025-07-09,2025-07-09,295,1337.56,0,On Time,Future
2146,1,88,5,2025-11-28,2025-12-03,2025-12-06,497,8654.9,3,Delayed,Current
2147,6,75,5,2024-02-21,2024-02-29,2024-03-10,573,1922.23,10,Delayed,Current
2148,15,46,3,2024-02-23,2024-02-29,2024-02-29,133,6373.1,0,On Time,Future
2149,17,39,3,2024-11-02,2024-11-13,2024-11-18,380,3109.02,5,Delayed,Current
2150,3,65,3,2025-04-25,2025-05-10,2025-05-11,608,3321.5,1,Delayed,Future
2151,16,29,6,2024-10-25,2024-11-10,2024-11-14,431,4637.13,4,Delayed,Current
2152,5,10,2,2025-08-31,2025-09-07,2025-09-07,417,8824.48,0,On Time,Current
2153,2,96,3,2024-01-10,2024-01-24,2024-01-29,441,8153.47,5,Delayed,Current
2154,18,84,5,2025-08-11,2025-08-17,2025-08-18,63,2776.1,1,Delayed,Future
2155,10,95,2,2025-01-27,2025-02-11,2025-02-11,137,2201.2,0,On Time,Future
2156,16,26,6,2024-11-08,2024-11-21,2024-11-30,584,8418.03,9,Delayed,Current
2157,12,59,3,2025-06-05,2025-06-11,2025-06-13,182,6666.89,2,Delayed,Current
2158,18,41,3,2025-12-25,2026-01-06,2026-01-08,418,7300.9,2,Delayed,Future
2159,15,68,1,2024-08-20,2024-08-26,2024-09-03,437,7103.28,8,Delayed,Current
2160,4,108,1,2025-10-30,2025-11-15,2025-11-15,550,3036.12,0,On Time,Future
2161,8,107,5,2024-01-09,2024-01-15,2024-01-17,700,7681.66,2,Delayed,Future
2162,2,120,1,2024-06-21,2024-07-03,2024-07-13,291,1254.1,10,Delayed,Current
2163,10,43,6,2024-10-13,2024-10-22,2024-10-24,670,5329.98,2,Delayed,Future
2164,9,117,5,2024-01-16,2024-01-30,2024-02-04,289,3580.49,5,Delayed,Current
2165,7,84,3,2025-06-01,2025-06-17,2025-06-18,531,4862.53,1,Delayed,Future
2166,8,44,6,2025-07-11,2025-07-22,2025-07-22,639,2581.83,0,On Time,Future
2167,18,37,1,2025-03-05,2025-03-19,2025-03-20,350,2428.26,1,Delayed,Future
2168,11,63,6,2024-01-30,2024-02-07,2024-02-13,412,8998.16,6,Delayed,Current
2169,6,104,6,2024-01-06,2024-01-17,2024-01-19,411,7278.87,2,Delayed,Current
2170,10,39,4,2025-04-09,2025-04-15,2025-04-17,90,7301.91,2,Delayed,Future
2171,2,111,2,2024-09-30,2024-10-05,2024-10-13,550,6517.69,8,Delayed,Current
2172,3,13,6,2024-02-23,2024-02-29,2024-03-10,348,4092.77,10,Delayed,Current
2173,7,46,6,2025-08-21,2025-08-26,2025-08-27,188,2608.31,1,Delayed,Future
2174,18,105,1,2024-01-04,2024-01-16,2024-01-17,175,4499.97,1,Delayed,Future
2175,10,67,2,2024-06-05,2024-06-11,2024-06-12,622,2759.15,1,Delayed,Future
2176,16,61,4,2024-12-10,2024-12-20,2024-12-22,498,2731.91,2,Delayed,Current
2177,4,53,2,2024-04-20,2024-04-27,2024-04-28,686,8661.33,1,Delayed,Current
2178,20,98,1,2025-06-30,2025-07-06,2025-07-06,490,5711.41,0,On Time,Current
2179,6,112,2,2025-11-06,2025-11-14,2025-11-15,588,1142.8,1,Delayed,Future
2180,15,113,2,2025-07-14,2025-07-19,2025-07-21,259,4028.64,2,Delayed,Future
2181,10,23,3,2025-11-09,2025-11-21,2025-11-21,462,4981.19,0,On Time,Current
2182,17,75,2,2025-05-23,2025-06-08,2025-06-11,239,1700.59,3,Delayed,Current
2183,16,84,6,2024-07-28,2024-08-05,2024-08-05,146,2655.02,0,On Time,Future
2184,6,65,6,2024-05-09,2024-05-23,2024-06-01,62,2614.75,9,Delayed,Current
2185,9,98,6,2025-05-30,2025-06-05,2025-06-10,210,8821.53,5,Delayed,Current
2186,3,105,6,2024-06-14,2024-06-23,2024-06-24,455,4485.36,1,Delayed,Future
2187,2,86,2,2024-03-14,2024-03-27,2024-03-28,127,6377.4,1,Delayed,Future
2188,3,39,6,2025-03-04,2025-03-09,2025-03-16,407,5792.14,7,Delayed,Current
2189,1,99,5,2025-07-06,2025-07-15,2025-07-15,460,5130.2,0,On Time,Future
2190,11,19,1,2025-11-25,2025-12-01,2025-12-06,143,3371.89,5,Delayed,Current
2191,20,62,3,2024-03-22,2024-03-28,2024-03-28,465,8948.21,0,On Time,Future
2192,9,73,4,2025-03-02,2025-03-07,2025-03-07,548,6979.69,0,On Time,Future
2193,18,39,6,2025-06-17,2025-06-22,2025-06-22,617,4483.47,0,On Time,Current
2194,16,62,3,2025-11-08,2025-11-18,2025-11-25,191,4371.31,7,Delayed,Current
2195,5,38,5,2025-03-02,2025-03-18,2025-03-20,426,3968.43,2,Delayed,Future
2196,16,114,2,2025-10-08,2025-10-14,2025-10-21,686,4668.59,7,Delayed,Current
2197,8,87,3,2024-09-13,2024-09-20,2024-09-22,438,6360.87,2,Delayed,Future
2198,9,73,6,2024-09-28,2024-10-13,2024-10-18,637,8093.84,5,Delayed,Current
2199,11,120,3,2024-03-01,2024-03-06,2024-03-14,531,8287.09,8,Delayed,Current
2200,7,108,6,2024-04-20,2024-04-30,2024-05-08,683,2576.2,8,Delayed,Current
2201,1,82,2,2025-10-31,2025-11-11,2025-11-11,587,3927.2,0,On Time,Future
2202,6,67,6,2025-05-04,2025-05-20,2025-05-22,516,2258.17,2,Delayed,Future
2203,4,66,1,2024-11-20,2024-11-30,2024-12-03,672,4029.68,3,Delayed,Current
2204,1,39,6,2024-05-02,2024-05-13,2024-05-15,192,6863.64,2,Delayed,Future
2205,5,111,6,2025-12-12,2025-12-26,2025-12-29,65,3192.53,3,Delayed,Current
2206,14,109,2,2025-09-07,2025-09-24,2025-09-24,183,1299.57,0,On Time,Future
2207,16,11,3,2025-08-21,2025-08-29,2025-09-07,353,5135.65,9,Delayed,Current
2208,1,95,3,2025-11-14,2025-11-23,2025-11-25,161,6940.96,2,Delayed,Future
2209,10,9,6,2025-03-19,2025-03-28,2025-03-29,335,6340.76,1,Delayed,Future
2210,9,44,6,2025-02-20,2025-02-27,2025-03-08,215,1034.48,9,Delayed,Current
2211,13,83,1,2025-04-19,2025-05-05,2025-05-07,72,6837.12,2,Delayed,Future
2212,14,73,3,2024-10-19,2024-10-26,2024-10-26,239,8044.49,0,On Time,Future
2213,17,17,3,2025-06-03,2025-06-10,2025-06-11,623,6420.46,1,Delayed,Future
2214,6,15,3,2024-10-21,2024-10-27,2024-11-01,516,7591.02,5,Delayed,Current
2215,9,21,3,2025-06-10,2025-06-22,2025-06-28,541,5989.05,6,Delayed,Current
2216,2,76,1,2025-05-26,2025-06-06,2025-06-14,613,7686.56,8,Delayed,Current
2217,16,74,1,2024-06-21,2024-07-03,2024-07-04,463,7130.59,1,Delayed,Current
2218,4,103,1,2024-02-21,2024-03-09,2024-03-17,381,4938.82,8,Delayed,Current
2219,10,117,3,2024-03-22,2024-04-08,2024-04-08,406,7588.46,0,On Time,Future
2220,18,104,6,2024-03-12,2024-03-23,2024-03-23,321,8342.32,0,On Time,Future
2221,17,105,6,2025-09-05,2025-09-19,2025-09-21,270,8571.94,2,Delayed,Future
2222,20,113,5,2024-11-11,2024-11-17,2024-11-18,314,2556.4,1,Delayed,Current
2223,13,34,6,2024-12-02,2024-12-17,2024-12-19,118,897.19,2,Delayed,Current
2224,5,16,1,2025-08-21,2025-08-30,2025-09-01,317,8147.17,2,Delayed,Future
2225,18,73,1,2024-02-12,2024-02-29,2024-03-01,473,967.92,1,Delayed,Future
2226,13,60,6,2025-06-21,2025-07-01,2025-07-01,331,3405.76,0,On Time,Current
2227,12,1,4,2024-05-24,2024-06-10,2024-06-14,301,5392.21,4,Delayed,Current
2228,12,11,6,2024-08-11,2024-08-24,2024-08-26,155,5089.99,2,Delayed,Future
2229,6,16,6,2024-12-12,2024-12-20,2024-12-20,627,4101.56,0,On Time,Current
2230,11,93,2,2025-09-24,2025-10-01,2025-10-06,462,3121.91,5,Delayed,Current
2231,5,74,3,2025-02-03,2025-02-16,2025-02-16,555,4188.88,0,On Time,Future
2232,15,73,6,2025-05-22,2025-06-01,2025-06-03,477,7839.43,2,Delayed,Future
2233,20,58,6,2024-10-08,2024-10-23,2024-10-31,249,6730.9,8,Delayed,Current
2234,2,71,2,2025-01-16,2025-01-24,2025-01-24,144,6249.83,0,On Time,Future
2235,13,36,6,2024-09-30,2024-10-09,2024-10-17,643,8568.7,8,Delayed,Current
2236,14,17,3,2025-08-02,2025-08-16,2025-08-18,466,2670.38,2,Delayed,Future
2237,10,29,6,2025-06-02,2025-06-14,2025-06-23,82,1993.07,9,Delayed,Current
2238,17,98,6,2025-05-06,2025-05-20,2025-05-22,186,5628.07,2,Delayed,Future
2239,9,103,6,2024-04-28,2024-05-09,2024-05-10,581,3630.81,1,Delayed,Future
2240,20,76,2,2024-01-15,2024-01-26,2024-02-02,503,1366.52,7,Delayed,Current
2241,18,35,3,2024-01-29,2024-02-06,2024-02-12,216,4174.28,6,Delayed,Current
2242,11,72,6,2024-07-26,2024-08-11,2024-08-18,333,4857.91,7,Delayed,Current
2243,13,112,6,2025-05-14,2025-05-22,2025-05-24,341,5508.59,2,Delayed,Future
2244,8,35,6,2024-02-25,2024-03-09,2024-03-09,581,2871.22,0,On Time,Current
2245,17,11,1,2025-06-14,2025-06-28,2025-06-28,474,6563.88,0,On Time,Current
2246,11,114,1,2025-12-30,2026-01-14,2026-01-14,99,3044.31,0,On Time,Future
2247,14,10,2,2024-06-25,2024-07-06,2024-07-07,405,3337.26,1,Delayed,Future
2248,15,43,1,2024-01-15,2024-01-29,2024-01-31,102,4074.12,2,Delayed,Future
2249,6,28,5,2025-09-17,2025-09-29,2025-10-07,280,2212.79,8,Delayed,Current
2250,18,12,1,2025-11-25,2025-12-07,2025-12-17,130,2599.64,10,Delayed,Current
2251,1,27,6,2025-02-01,2025-02-12,2025-02-13,175,2846.31,1,Delayed,Future
2252,15,66,1,2025-11-15,2025-12-01,2025-12-03,594,3603.77,2,Delayed,Future
2253,17,58,3,2024-12-19,2025-01-02,2025-01-02,632,4666.99,0,On Time,Future
2254,3,17,6,2024-03-23,2024-03-28,2024-03-29,385,2743.04,1,Delayed,Current
2255,8,93,6,2024-08-26,2024-09-03,2024-09-05,61,3264.46,2,Delayed,Future
2256,8,65,6,2024-04-05,2024-04-14,2024-04-22,694,6969.06,8,Delayed,Current
2257,11,88,6,2024-05-18,2024-05-23,2024-05-24,532,3829.41,1,Delayed,Future
2258,13,59,5,2024-03-16,2024-03-23,2024-03-23,163,2915.16,0,On Time,Future
2259,13,6,6,2024-09-18,2024-10-04,2024-10-10,584,5271.63,6,Delayed,Current
2260,12,9,6,2025-01-04,2025-01-13,2025-01-14,179,872.76,1,Delayed,Future
2261,8,23,2,2025-10-24,2025-11-04,2025-11-05,659,3875.9,1,Delayed,Current
2262,9,104,5,2025-01-08,2025-01-22,2025-01-24,69,3865.92,2,Delayed,Current
2263,7,86,5,2025-04-23,2025-05-01,2025-05-03,78,7141.48,2,Delayed,Future
2264,16,41,6,2025-07-07,2025-07-16,2025-07-16,421,3888.02,0,On Time,Current
2265,6,106,3,2025-01-18,2025-01-24,2025-01-24,247,2164.51,0,On Time,Future
2266,18,61,6,2024-04-17,2024-05-01,2024-05-03,207,7817.83,2,Delayed,Future
2267,17,17,2,2025-03-03,2025-03-15,2025-03-15,368,8196.58,0,On Time,Current
2268,3,32,4,2024-04-16,2024-05-03,2024-05-06,372,6252.83,3,Delayed,Current
2269,10,31,2,2025-04-22,2025-05-04,2025-05-04,449,1236.06,0,On Time,Current
2270,20,65,3,2024-05-21,2024-05-31,2024-06-06,114,8268.7,6,Delayed,Current
2271,6,97,1,2025-11-04,2025-11-19,2025-11-28,302,4180.91,9,Delayed,Current
2272,19,36,1,2024-08-20,2024-08-29,2024-09-08,653,5282.58,10,Delayed,Current
2273,10,43,2,2024-02-03,2024-02-19,2024-02-19,111,4476.84,0,On Time,Future
2274,14,80,6,2025-06-28,2025-07-06,2025-07-06,113,7867.27,0,On Time,Future
2275,6,42,3,2025-01-17,2025-01-22,2025-01-22,520,3263.39,0,On Time,Future
2276,14,47,6,2025-10-30,2025-11-15,2025-11-15,233,3356.14,0,On Time,Current
2277,8,4,1,2025-09-22,2025-10-09,2025-10-10,327,1497.0,1,Delayed,Current
2278,19,111,2,2024-02-25,2024-03-05,2024-03-10,162,7574.1,5,Delayed,Current
2279,1,58,6,2024-01-14,2024-01-28,2024-02-05,259,4842.74,8,Delayed,Current
2280,16,7,6,2025-11-19,2025-12-02,2025-12-02,640,3752.42,0,On Time,Current
2281,20,106,1,2024-08-02,2024-08-13,2024-08-22,499,1234.34,9,Delayed,Current
2282,7,95,3,2025-07-31,2025-08-17,2025-08-18,683,5312.9,1,Delayed,Future
2283,10,33,6,2025-10-05,2025-10-19,2025-10-20,649,3442.32,1,Delayed,Future
2284,16,89,1,2025-01-18,2025-02-02,2025-02-03,438,2457.15,1,Delayed,Future
2285,1,77,6,2024-08-19,2024-08-27,2024-08-29,470,7884.42,2,Delayed,Future
2286,3,2,5,2025-01-16,2025-01-24,2025-01-26,660,7172.81,2,Delayed,Future
2287,12,29,6,2025-07-09,2025-07-24,2025-07-28,298,8053.12,4,Delayed,Current
2288,4,98,5,2025-01-25,2025-02-08,2025-02-09,555,6688.67,1,Delayed,Current
2289,5,117,2,2025-10-06,2025-10-13,2025-10-23,498,1392.52,10,Delayed,Current
2290,4,70,6,2024-11-28,2024-12-15,2024-12-17,584,5680.06,2,Delayed,Future
2291,2,107,5,2025-09-24,2025-10-09,2025-10-11,636,7923.32,2,Delayed,Future
2292,7,85,6,2025-04-27,2025-05-04,2025-05-11,581,3927.91,7,Delayed,Current
2293,9,60,6,2024-10-01,2024-10-13,2024-10-20,460,7651.55,7,Delayed,Current
2294,13,5,2,2025-09-27,2025-10-14,2025-10-24,642,4150.62,10,Delayed,Current
2295,12,29,4,2024-07-04,2024-07-21,2024-07-28,486,8294.34,7,Delayed,Current
2296,4,55,6,2025-04-17,2025-04-25,2025-04-25,527,1500.59,0,On Time,Future
2297,6,53,6,2024-09-20,2024-09-28,2024-10-08,177,6569.65,10,Delayed,Current
2298,13,74,2,2025-05-03,2025-05-20,2025-05-24,202,8948.08,4,Delayed,Current
2299,17,75,1,2025-06-03,2025-06-17,2025-06-21,367,6219.98,4,Delayed,Current
2300,18,108,6,2024-06-18,2024-07-01,2024-07-04,500,7822.1,3,Delayed,Current
2301,15,68,6,2025-02-05,2025-02-21,2025-02-23,341,2848.06,2,Delayed,Current
2302,15,84,6,2025-05-05,2025-05-16,2025-05-18,136,2303.93,2,Delayed,Future
2303,7,53,6,2025-04-26,2025-05-09,2025-05-12,95,6649.37,3,Delayed,Current
2304,4,114,2,2025-06-24,2025-07-06,2025-07-16,369,899.48,10,Delayed,Current
2305,18,111,3,2025-05-30,2025-06-16,2025-06-22,79,5625.16,6,Delayed,Current
2306,14,97,3,2024-05-16,2024-05-26,2024-05-31,161,1513.8,5,Delayed,Current
2307,1,16,6,2025-08-18,2025-08-31,2025-09-03,678,2707.96,3,Delayed,Current
2308,13,78,1,2024-12-21,2025-01-01,2025-01-04,320,3471.99,3,Delayed,Current
2309,1,19,4,2024-07-11,2024-07-17,2024-07-17,267,6161.12,0,On Time,Future
2310,17,58,2,2025-03-03,2025-03-13,2025-03-14,627,1732.97,1,Delayed,Future
2311,12,39,6,2025-03-10,2025-03-27,2025-03-27,330,8895.01,0,On Time,Future
2312,15,99,6,2024-07-21,2024-08-04,2024-08-06,218,7415.57,2,Delayed,Future
2313,9,77,3,2025-01-17,2025-01-30,2025-02-06,148,4543.53,7,Delayed,Current
2314,9,29,4,2025-03-25,2025-04-11,2025-04-16,323,4988.14,5,Delayed,Current
2315,17,31,2,2025-02-17,2025-02-27,2025-02-28,558,1902.28,1,Delayed,Future
2316,1,105,2,2024-08-10,2024-08-19,2024-08-20,196,5538.8,1,Delayed,Future
2317,18,105,6,2025-03-11,2025-03-27,2025-04-02,542,1121.6,6,Delayed,Current
2318,18,8,2,2024-09-07,2024-09-18,2024-09-20,557,6798.96,2,Delayed,Current
2319,9,105,4,2024-02-26,2024-03-03,2024-03-05,312,8018.97,2,Delayed,Future
2320,17,4,3,2025-12-03,2025-12-09,2025-12-10,352,6914.24,1,Delayed,Future
2321,4,71,6,2024-07-30,2024-08-12,2024-08-17,168,5179.07,5,Delayed,Current
2322,2,56,2,2024-03-10,2024-03-20,2024-03-22,135,5576.76,2,Delayed,Future
2323,8,75,6,2024-12-24,2024-12-30,2025-01-09,694,7043.42,10,Delayed,Current
2324,20,8,1,2024-03-18,2024-03-29,2024-04-01,318,5827.95,3,Delayed,Current
2325,15,34,1,2024-06-28,2024-07-12,2024-07-16,484,887.96,4,Delayed,Current
2326,3,40,1,2024-08-31,2024-09-12,2024-09-12,133,7970.23,0,On Time,Future
2327,17,99,5,2025-02-15,2025-03-01,2025-03-03,582,8002.25,2,Delayed,Future
2328,19,43,6,2025-11-03,2025-11-13,2025-11-13,396,2627.2,0,On Time,Future
2329,8,87,6,2024-05-03,2024-05-17,2024-05-26,142,1756.42,9,Delayed,Current
2330,1,108,5,2025-12-25,2026-01-10,2026-01-13,461,7944.66,3,Delayed,Current
2331,16,28,6,2024-12-22,2025-01-07,2025-01-07,311,3114.43,0,On Time,Future
2332,5,21,6,2025-11-16,2025-12-02,2025-12-04,342,2865.25,2,Delayed,Current
2333,2,75,4,2025-03-02,2025-03-10,2025-03-16,285,3381.72,6,Delayed,Current
2334,1,97,1,2024-09-12,2024-09-29,2024-10-01,583,4282.75,2,Delayed,Future
2335,18,25,2,2024-06-10,2024-06-25,2024-06-26,214,2843.44,1,Delayed,Future
2336,3,38,1,2025-07-05,2025-07-14,2025-07-15,183,6414.12,1,Delayed,Future
2337,5,49,6,2024-04-02,2024-04-08,2024-04-14,690,964.15,6,Delayed,Current
2338,12,58,2,2024-10-16,2024-10-26,2024-10-27,275,6674.36,1,Delayed,Future
2339,5,46,3,2025-11-23,2025-12-02,2025-12-12,195,2766.14,10,Delayed,Current
2340,19,110,6,2024-09-30,2024-10-06,2024-10-07,290,8044.45,1,Delayed,Future
2341,15,32,6,2024-05-26,2024-06-03,2024-06-05,71,3767.91,2,Delayed,Current
2342,14,15,1,2025-10-01,2025-10-09,2025-10-10,102,3462.93,1,Delayed,Future
2343,17,93,4,2024-10-31,2024-11-06,2024-11-08,638,860.84,2,Delayed,Future
2344,13,76,3,2024-10-29,2024-11-13,2024-11-15,406,4653.08,2,Delayed,Future
2345,20,44,3,2024-06-28,2024-07-04,2024-07-04,412,1367.46,0,On Time,Current
2346,10,64,1,2024-09-14,2024-09-25,2024-09-26,384,2672.33,1,Delayed,Future
2347,2,103,3,2024-10-09,2024-10-19,2024-10-19,345,4393.11,0,On Time,Future
2348,2,71,6,2024-03-31,2024-04-05,2024-04-10,193,6390.56,5,Delayed,Current
2349,19,6,3,2024-11-28,2024-12-11,2024-12-19,305,5673.55,8,Delayed,Current
2350,18,109,5,2025-11-06,2025-11-13,2025-11-15,404,5386.49,2,Delayed,Future
2351,17,77,6,2025-07-05,2025-07-17,2025-07-19,425,2586.92,2,Delayed,Current
2352,5,73,6,2025-04-29,2025-05-09,2025-05-09,66,3583.87,0,On Time,Future
2353,1,51,6,2025-04-21,2025-04-27,2025-04-27,133,6343.24,0,On Time,Current
2354,7,107,4,2025-08-10,2025-08-19,2025-08-23,466,5054.21,4,Delayed,Current
2355,20,19,3,2024-05-05,2024-05-15,2024-05-24,589,5624.59,9,Delayed,Current
2356,7,34,1,2024-03-18,2024-04-01,2024-04-01,510,6736.33,0,On Time,Current
2357,3,53,3,2024-12-26,2025-01-03,2025-01-04,465,4825.35,1,Delayed,Future
2358,3,110,3,2024-09-05,2024-09-15,2024-09-21,516,4031.47,6,Delayed,Current
2359,10,91,6,2025-02-28,2025-03-15,2025-03-16,643,1375.49,1,Delayed,Future
2360,14,11,1,2024-05-13,2024-05-27,2024-06-05,538,8911.19,9,Delayed,Current
2361,19,39,1,2025-10-31,2025-11-15,2025-11-16,262,7383.87,1,Delayed,Current
2362,10,64,3,2024-05-04,2024-05-14,2024-05-16,313,4346.04,2,Delayed,Current
2363,14,48,6,2024-01-02,2024-01-10,2024-01-14,638,7842.75,4,Delayed,Current
2364,3,26,6,2025-04-30,2025-05-17,2025-05-18,325,8811.48,1,Delayed,Future
2365,3,102,6,2025-05-23,2025-06-05,2025-06-07,126,7606.75,2,Delayed,Future
2366,16,25,3,2024-01-17,2024-02-01,2024-02-02,115,8677.87,1,Delayed,Future
2367,19,83,6,2024-06-18,2024-06-30,2024-07-01,499,4224.14,1,Delayed,Future
2368,14,114,2,2024-06-11,2024-06-27,2024-07-06,231,6639.4,9,Delayed,Current
2369,11,112,6,2025-03-06,2025-03-23,2025-03-25,483,3765.27,2,Delayed,Current
2370,18,82,3,2024-06-18,2024-06-30,2024-07-02,95,4529.43,2,Delayed,Future
2371,16,83,6,2025-10-25,2025-10-30,2025-11-06,580,6725.74,7,Delayed,Current
2372,16,45,1,2025-05-08,2025-05-19,2025-05-26,458,4253.47,7,Delayed,Current
2373,2,97,5,2025-08-04,2025-08-17,2025-08-24,562,3692.38,7,Delayed,Current
2374,18,94,1,2025-05-12,2025-05-29,2025-05-31,568,7007.45,2,Delayed,Current
2375,20,22,3,2025-02-13,2025-02-21,2025-03-02,202,7749.74,9,Delayed,Current
2376,12,42,6,2024-03-25,2024-04-10,2024-04-11,63,2103.83,1,Delayed,Future
2377,4,35,2,2024-07-28,2024-08-14,2024-08-15,221,2557.31,1,Delayed,Current
2378,4,120,4,2025-10-12,2025-10-19,2025-10-20,530,8891.6,1,Delayed,Future
2379,5,58,6,2025-02-12,2025-02-19,2025-02-22,446,7975.5,3,Delayed,Current
2380,11,26,4,2025-12-13,2025-12-18,2025-12-18,588,5496.64,0,On Time,Future
2381,17,103,2,2024-08-07,2024-08-18,2024-08-28,676,2393.51,10,Delayed,Current
2382,18,44,6,2024-02-17,2024-02-22,2024-02-24,288,2492.09,2,Delayed,Future
2383,2,100,6,2024-11-10,2024-11-17,2024-11-19,446,8820.95,2,Delayed,Future
2384,17,116,6,2024-05-29,2024-06-07,2024-06-13,186,829.41,6,Delayed,Current
2385,2,32,4,2024-07-05,2024-07-17,2024-07-23,585,8557.62,6,Delayed,Current
2386,8,44,6,2025-04-12,2025-04-26,2025-04-29,175,5228.32,3,Delayed,Current
2387,9,73,2,2025-07-27,2025-08-01,2025-08-02,386,5943.87,1,Delayed,Current
2388,7,78,2,2025-01-28,2025-02-02,2025-02-10,591,7352.87,8,Delayed,Current
2389,14,13,4,2024-01-03,2024-01-08,2024-01-09,309,4515.53,1,Delayed,Future
2390,7,22,6,2025-11-21,2025-12-05,2025-12-10,188,3344.48,5,Delayed,Current
2391,15,99,6,2024-04-22,2024-04-29,2024-05-01,587,2516.41,2,Delayed,Current
2392,4,18,1,2025-05-29,2025-06-11,2025-06-11,66,2502.23,0,On Time,Future
2393,20,74,1,2025-10-22,2025-10-27,2025-10-28,93,8042.88,1,Delayed,Future
2394,9,50,6,2025-12-08,2025-12-23,2025-12-23,498,4272.0,0,On Time,Future
2395,9,66,3,2024-12-06,2024-12-21,2024-12-29,687,5766.8,8,Delayed,Current
2396,7,14,2,2025-04-06,2025-04-14,2025-04-20,525,1421.97,6,Delayed,Current
2397,20,27,6,2024-10-19,2024-10-31,2024-10-31,266,3752.69,0,On Time,Future
2398,20,93,5,2025-09-15,2025-09-30,2025-10-04,568,982.39,4,Delayed,Current
2399,12,113,6,2024-02-17,2024-02-23,2024-03-04,124,3945.88,10,Delayed,Current
2400,12,103,6,2025-09-27,2025-10-06,2025-10-07,230,8795.48,1,Delayed,Future
2401,6,36,1,2025-08-07,2025-08-13,2025-08-14,482,4471.07,1,Delayed,Future
2402,9,34,3,2025-12-25,2026-01-04,2026-01-05,145,7596.91,1,Delayed,Future
2403,16,111,3,2024-07-12,2024-07-18,2024-07-20,662,8426.95,2,Delayed,Future
2404,17,108,6,2024-12-18,2024-12-26,2024-12-26,118,4829.69,0,On Time,Future
2405,6,104,2,2024-01-02,2024-01-10,2024-01-11,300,8764.58,1,Delayed,Future
2406,9,32,6,2024-11-04,2024-11-17,2024-11-19,651,6385.41,2,Delayed,Current
2407,16,113,2,2024-02-16,2024-02-26,2024-03-04,649,6289.04,7,Delayed,Current
2408,5,27,2,2025-01-24,2025-02-04,2025-02-05,133,2463.73,1,Delayed,Future
2409,8,51,2,2025-06-10,2025-06-22,2025-06-23,158,8383.32,1,Delayed,Future
2410,20,96,4,2025-04-28,2025-05-08,2025-05-09,438,3863.34,1,Delayed,Future
2411,1,88,2,2024-02-05,2024-02-21,2024-02-28,695,8938.63,7,Delayed,Current
2412,20,76,3,2024-01-17,2024-01-27,2024-01-28,465,7507.15,1,Delayed,Current
2413,5,33,4,2025-01-08,2025-01-13,2025-01-19,99,3269.84,6,Delayed,Current
2414,10,110,3,2024-11-05,2024-11-11,2024-11-12,526,2186.96,1,Delayed,Future
2415,18,110,2,2024-07-21,2024-07-28,2024-07-28,551,1690.99,0,On Time,Future
2416,2,68,3,2024-07-11,2024-07-25,2024-07-25,358,3642.44,0,On Time,Future
2417,4,15,6,2025-02-26,2025-03-13,2025-03-23,73,1275.6,10,Delayed,Current
2418,14,79,1,2025-11-16,2025-12-01,2025-12-11,124,8236.79,10,Delayed,Current
2419,7,32,1,2024-02-23,2024-02-29,2024-03-02,661,1575.94,2,Delayed,Current
2420,8,22,6,2024-09-18,2024-10-05,2024-10-05,316,7781.77,0,On Time,Current
2421,18,32,2,2024-01-29,2024-02-09,2024-02-15,425,7485.15,6,Delayed,Current
2422,4,57,1,2024-09-15,2024-09-26,2024-09-28,500,1901.18,2,Delayed,Current
2423,7,80,3,2024-03-27,2024-04-05,2024-04-14,397,7554.58,9,Delayed,Current
2424,13,65,6,2024-02-14,2024-02-27,2024-02-29,87,1735.02,2,Delayed,Current
2425,14,61,4,2025-08-24,2025-09-10,2025-09-10,272,3369.61,0,On Time,Future
2426,1,43,1,2025-01-29,2025-02-13,2025-02-15,76,5952.42,2,Delayed,Future
2427,3,4,3,2024-03-26,2024-04-10,2024-04-19,383,5145.05,9,Delayed,Current
2428,1,59,1,2025-10-31,2025-11-13,2025-11-14,349,1176.27,1,Delayed,Current
2429,4,53,3,2024-06-20,2024-07-07,2024-07-07,149,3346.05,0,On Time,Future
2430,13,85,6,2025-08-16,2025-08-23,2025-08-24,198,2825.25,1,Delayed,Future
2431,7,99,4,2025-09-14,2025-09-24,2025-09-24,188,1359.25,0,On Time,Future
2432,13,22,6,2025-01-13,2025-01-22,2025-01-23,260,5080.88,1,Delayed,Future
2433,1,86,4,2025-11-16,2025-12-03,2025-12-04,228,3681.49,1,Delayed,Future
2434,3,55,5,2024-04-16,2024-04-27,2024-04-28,654,1401.39,1,Delayed,Future
2435,13,84,5,2024-09-26,2024-10-09,2024-10-10,380,7603.57,1,Delayed,Future
2436,6,73,4,2024-06-19,2024-06-29,2024-07-01,87,6235.81,2,Delayed,Current
2437,20,114,1,2024-11-11,2024-11-24,2024-11-26,689,6281.72,2,Delayed,Future
2438,15,112,3,2024-12-15,2024-12-25,2024-12-25,363,3823.96,0,On Time,Future
2439,3,80,6,2025-10-07,2025-10-21,2025-10-25,548,4140.28,4,Delayed,Current
2440,8,58,6,2025-08-21,2025-08-30,2025-08-31,170,7610.85,1,Delayed,Future
2441,1,70,5,2024-06-04,2024-06-13,2024-06-14,194,2988.44,1,Delayed,Future
2442,1,91,6,2025-12-15,2025-12-21,2025-12-26,335,2362.06,5,Delayed,Current
2443,9,67,2,2024-07-26,2024-08-04,2024-08-09,266,8766.96,5,Delayed,Current
2444,6,81,3,2025-05-24,2025-05-30,2025-06-03,573,8453.53,4,Delayed,Current
2445,8,74,2,2025-12-07,2025-12-19,2025-12-22,99,7611.31,3,Delayed,Current
2446,20,116,1,2024-10-19,2024-11-04,2024-11-05,492,6078.11,1,Delayed,Future
2447,16,106,6,2025-08-05,2025-08-11,2025-08-11,445,6475.62,0,On Time,Future
2448,1,54,4,2024-10-25,2024-11-06,2024-11-06,361,5776.02,0,On Time,Future
2449,16,27,6,2024-09-23,2024-10-06,2024-10-08,448,4493.53,2,Delayed,Future
2450,13,89,1,2024-06-21,2024-07-08,2024-07-08,616,7703.72,0,On Time,Future
2451,4,44,5,2024-01-14,2024-01-21,2024-01-23,355,4740.75,2,Delayed,Future
2452,8,6,6,2025-11-22,2025-12-09,2025-12-19,103,5312.56,10,Delayed,Current
2453,3,66,2,2025-05-27,2025-06-01,2025-06-09,547,6225.86,8,Delayed,Current
2454,3,101,6,2025-01-24,2025-01-29,2025-01-30,288,8082.91,1,Delayed,Future
2455,20,99,3,2025-05-13,2025-05-24,2025-05-28,319,3028.46,4,Delayed,Current
2456,4,40,4,2024-06-24,2024-07-11,2024-07-17,440,7116.09,6,Delayed,Current
2457,20,55,4,2025-05-10,2025-05-16,2025-05-17,261,4934.47,1,Delayed,Future
2458,14,53,4,2024-09-25,2024-10-07,2024-10-14,477,7433.66,7,Delayed,Current
2459,2,77,5,2025-08-29,2025-09-07,2025-09-09,275,7377.42,2,Delayed,Future
2460,4,36,5,2025-04-18,2025-05-04,2025-05-05,189,5764.87,1,Delayed,Future
2461,14,107,4,2024-01-18,2024-01-31,2024-02-02,81,4087.76,2,Delayed,Future
2462,6,29,2,2025-11-08,2025-11-14,2025-11-21,502,960.4,7,Delayed,Current
2463,15,25,1,2025-07-23,2025-07-30,2025-07-30,298,5840.5,0,On Time,Current
2464,10,91,6,2025-01-19,2025-01-28,2025-01-28,465,5768.1,0,On Time,Future
2465,15,93,6,2024-07-26,2024-08-12,2024-08-12,142,8967.55,0,On Time,Future
2466,9,19,2,2024-07-13,2024-07-21,2024-07-22,514,5401.87,1,Delayed,Current
2467,6,44,5,2024-11-10,2024-11-18,2024-11-24,473,5314.08,6,Delayed,Current
2468,11,30,1,2025-08-28,2025-09-12,2025-09-20,240,6282.25,8,Delayed,Current
2469,10,103,1,2025-04-06,2025-04-21,2025-05-01,231,7162.25,10,Delayed,Current
2470,11,3,3,2024-10-30,2024-11-06,2024-11-08,595,3891.08,2,Delayed,Future
2471,11,13,1,2024-07-01,2024-07-06,2024-07-06,601,7591.54,0,On Time,Current
2472,4,84,6,2024-07-05,2024-07-15,2024-07-17,134,3723.14,2,Delayed,Future
2473,15,68,1,2024-11-29,2024-12-06,2024-12-07,82,2352.44,1,Delayed,Future
2474,8,26,4,2024-03-01,2024-03-14,2024-03-14,156,3677.03,0,On Time,Future
2475,1,104,2,2024-06-24,2024-06-29,2024-06-30,253,4248.57,1,Delayed,Current
2476,4,65,4,2024-02-13,2024-02-21,2024-02-29,593,8195.25,8,Delayed,Current
2477,3,24,1,2024-09-21,2024-09-30,2024-10-10,673,7788.67,10,Delayed,Current
2478,10,119,6,2025-09-25,2025-10-12,2025-10-13,692,8123.26,1,Delayed,Future
2479,12,30,6,2025-09-11,2025-09-22,2025-09-22,506,2465.96,0,On Time,Future
2480,5,101,2,2025-12-10,2025-12-18,2025-12-18,111,1244.51,0,On Time,Future
2481,6,59,6,2025-11-18,2025-11-29,2025-11-29,323,5544.85,0,On Time,Future
2482,14,69,6,2024-10-30,2024-11-08,2024-11-10,656,5246.29,2,Delayed,Future
2483,5,48,6,2025-01-27,2025-02-01,2025-02-09,279,4341.21,8,Delayed,Current
2484,18,8,6,2025-01-18,2025-02-03,2025-02-08,300,8389.01,5,Delayed,Current
2485,8,55,1,2024-11-23,2024-12-04,2024-12-05,466,2099.85,1,Delayed,Future
2486,7,12,5,2025-07-01,2025-07-18,2025-07-19,235,7954.28,1,Delayed,Future
2487,19,59,4,2025-09-17,2025-10-02,2025-10-02,425,7826.22,0,On Time,Future
2488,8,114,5,2025-07-25,2025-08-11,2025-08-21,272,4040.2,10,Delayed,Current
2489,14,96,6,2024-04-26,2024-05-11,2024-05-11,159,3011.59,0,On Time,Future
2490,13,57,6,2025-05-13,2025-05-25,2025-06-02,688,1946.6,8,Delayed,Current
2491,14,109,5,2025-10-05,2025-10-20,2025-10-29,357,1992.26,9,Delayed,Current
2492,9,42,1,2024-12-17,2025-01-02,2025-01-10,146,3771.34,8,Delayed,Current
2493,19,86,1,2024-07-23,2024-08-09,2024-08-10,691,8323.52,1,Delayed,Current
2494,11,115,6,2024-05-11,2024-05-28,2024-06-05,686,3098.46,8,Delayed,Current
2495,10,6,3,2025-09-20,2025-10-06,2025-10-12,579,1482.03,6,Delayed,Current
2496,20,12,1,2024-03-27,2024-04-02,2024-04-09,247,1980.96,7,Delayed,Current
2497,8,13,6,2025-09-05,2025-09-13,2025-09-18,250,2984.26,5,Delayed,Current
2498,11,31,6,2025-07-28,2025-08-10,2025-08-11,167,2090.4,1,Delayed,Future
2499,18,8,6,2024-04-20,2024-04-26,2024-04-28,436,1877.63,2,Delayed,Current
2500,10,37,6,2025-03-17,2025-03-23,2025-03-25,628,3584.95,2,Delayed,Future
