snapshot_id,snapshot_date,product_id,store_id,stock_on_hand,stock_reserved,stock_available,reorder_point,days_of_cover,stock_status,scenario_phase
1,2024-02-17,90,3,147,66,81,96,39,Low Stock,Current
2,2025-04-09,108,6,7,47,0,97,6,Stockout,Current
3,2025-01-29,99,3,83,2,81,102,11,Low Stock,Current
4,2024-03-02,46,6,7,44,0,125,14,Stockout,Current
5,2025-04-20,46,1,198,19,179,41,13,Healthy,Future
6,2025-04-14,87,6,36,70,0,98,16,Stockout,Current
7,2025-12-01,48,6,71,79,0,71,15,Stockout,Future
8,2025-11-14,24,5,114,63,51,85,23,Low Stock,Future
9,2024-01-15,100,1,85,67,18,129,31,Low Stock,Future
10,2024-06-28,80,1,120,48,72,123,47,Low Stock,Future
11,2024-04-03,62,4,26,84,0,68,36,Stockout,Current
12,2024-04-14,105,4,50,23,27,65,20,Low Stock,Current
13,2025-02-18,109,1,52,64,0,123,46,Stockout,Current
14,2024-09-10,38,4,295,21,274,100,31,Healthy,Future
15,2025-07-03,58,2,238,40,198,54,50,Healthy,Current
16,2024-01-12,97,5,151,86,65,132,48,Low Stock,Current
17,2025-02-03,101,6,127,52,75,60,26,Healthy,Future
18,2024-02-05,33,1,141,49,92,71,27,Healthy,Future
19,2024-02-06,102,6,353,46,307,102,5,Healthy,Future
20,2024-01-09,81,1,119,45,74,117,15,Low Stock,Current
21,2025-01-19,103,6,86,48,38,66,43,Low Stock,Current
22,2025-03-01,77,1,357,63,294,73,42,Healthy,Future
23,2024-09-08,88,5,1,12,0,42,35,Stockout,Current
24,2024-10-02,120,2,117,37,80,115,39,Low Stock,Current
25,2025-11-18,66,6,9,5,4,94,21,Low Stock,Current
26,2025-02-28,74,3,259,9,250,84,16,Healthy,Future
27,2024-12-27,12,6,103,79,24,86,49,Low Stock,Future
28,2025-05-17,91,3,256,80,176,137,29,Healthy,Future
29,2025-10-24,113,5,130,28,102,45,26,Healthy,Current
30,2024-01-06,54,1,7,88,0,54,10,Stockout,Current
31,2024-03-10,77,6,57,34,23,83,22,Low Stock,Current
32,2024-05-15,28,1,94,34,60,120,23,Low Stock,Current
33,2024-02-17,74,4,11,0,11,55,50,Low Stock,Current
34,2025-09-20,101,6,82,10,72,76,42,Low Stock,Current
35,2024-12-16,53,4,326,64,262,86,47,Healthy,Future
36,2025-06-01,55,1,106,25,81,73,15,Healthy,Current
37,2024-03-29,86,5,129,70,59,50,15,Healthy,Current
38,2024-04-25,35,4,73,58,15,138,41,Low Stock,Current
39,2025-07-17,44,5,37,74,0,137,22,Stockout,Current
40,2024-03-06,107,6,309,3,306,101,12,Healthy,Future
41,2025-10-18,31,6,83,85,0,115,31,Stockout,Current
42,2025-06-25,76,6,86,67,19,108,44,Low Stock,Current
43,2024-01-05,93,2,122,65,57,135,14,Low Stock,Future
44,2025-05-12,78,3,344,89,255,51,25,Healthy,Future
45,2025-11-09,113,5,161,36,125,79,33,Healthy,Future
46,2024-09-30,83,3,256,84,172,109,15,Healthy,Future
47,2024-08-11,51,1,314,27,287,113,16,Healthy,Future
48,2024-10-08,100,6,79,54,25,65,47,Low Stock,Future
49,2024-02-15,96,2,151,86,65,96,11,Low Stock,Future
50,2025-02-04,17,4,85,9,76,121,0,Low Stock,Current
51,2025-07-23,114,3,38,45,0,51,19,Stockout,Current
52,2025-01-16,2,1,128,74,54,61,20,Low Stock,Current
53,2024-11-04,69,6,156,17,139,61,40,Healthy,Future
54,2025-11-23,18,3,1,78,0,50,25,Stockout,Current
55,2025-06-08,87,3,122,45,77,98,33,Low Stock,Future
56,2024-11-27,109,6,92,10,82,47,14,Healthy,Current
57,2024-04-17,64,6,138,47,91,90,31,Healthy,Current
58,2025-12-11,111,2,87,82,5,113,14,Low Stock,Current
59,2024-09-08,114,3,98,12,86,81,22,Healthy,Future
60,2024-06-12,60,6,256,10,246,79,2,Healthy,Future
61,2024-04-02,40,1,257,12,245,95,12,Healthy,Current
62,2024-04-07,90,2,167,22,145,57,46,Healthy,Future
63,2025-05-24,40,1,114,61,53,97,30,Low Stock,Current
64,2025-08-23,96,2,48,33,15,99,26,Low Stock,Future
65,2025-12-04,25,2,249,39,210,122,30,Healthy,Current
66,2024-12-11,58,6,125,5,120,53,28,Healthy,Current
67,2025-11-22,103,1,50,74,0,115,42,Stockout,Current
68,2024-01-07,31,5,243,60,183,65,49,Healthy,Current
69,2025-03-11,75,5,61,40,21,120,26,Low Stock,Future
70,2025-05-16,17,3,211,59,152,43,2,Healthy,Current
71,2025-08-05,100,5,142,19,123,44,21,Healthy,Future
72,2025-11-15,50,3,87,51,36,139,24,Low Stock,Current
73,2024-10-23,103,4,275,15,260,86,43,Healthy,Future
74,2024-07-02,114,2,107,60,47,80,44,Low Stock,Current
75,2024-02-29,102,3,86,16,70,45,47,Healthy,Current
76,2024-08-17,113,4,61,34,27,122,19,Low Stock,Future
77,2025-11-03,61,6,271,55,216,95,11,Healthy,Future
78,2024-12-24,23,2,60,59,1,59,5,Low Stock,Future
79,2024-02-13,90,1,22,53,0,57,20,Stockout,Current
80,2025-11-22,13,6,221,36,185,138,40,Healthy,Current
81,2024-12-18,22,5,76,8,68,119,17,Low Stock,Current
82,2025-07-25,8,6,358,31,327,58,23,Healthy,Future
83,2024-08-25,104,1,138,71,67,112,26,Low Stock,Future
84,2025-08-13,22,1,13,84,0,61,13,Stockout,Current
85,2025-05-21,86,6,142,74,68,51,23,Healthy,Current
86,2024-09-01,103,2,127,24,103,99,21,Healthy,Future
87,2025-03-09,84,6,164,26,138,104,44,Healthy,Future
88,2025-09-28,37,1,157,42,115,129,46,Low Stock,Future
89,2024-06-26,16,1,192,16,176,89,19,Healthy,Future
90,2024-02-26,22,2,14,9,5,44,5,Low Stock,Current
91,2024-02-11,43,2,242,47,195,45,26,Healthy,Current
92,2025-10-13,99,6,9,19,0,61,18,Stockout,Current
93,2025-02-24,80,6,69,46,23,52,23,Low Stock,Current
94,2025-12-27,5,3,34,14,20,74,10,Low Stock,Current
95,2024-02-04,68,3,223,34,189,40,5,Healthy,Current
96,2025-08-19,48,3,176,7,169,109,22,Healthy,Current
97,2025-09-19,12,1,69,45,24,115,7,Low Stock,Future
98,2024-04-29,70,4,254,49,205,46,6,Healthy,Future
99,2025-12-03,93,6,76,53,23,77,17,Low Stock,Current
100,2025-12-13,102,1,97,28,69,88,50,Low Stock,Current
101,2025-11-26,47,5,204,44,160,109,22,Healthy,Current
102,2024-08-29,111,6,301,5,296,102,41,Healthy,Future
103,2024-12-04,56,6,215,20,195,116,30,Healthy,Future
104,2024-01-02,104,1,259,41,218,128,30,Healthy,Future
105,2025-06-14,52,1,135,50,85,105,49,Low Stock,Current
106,2025-10-18,99,6,338,31,307,48,29,Healthy,Future
107,2024-10-11,49,6,101,17,84,125,18,Low Stock,Future
108,2024-12-02,106,6,165,63,102,96,3,Healthy,Future
109,2024-10-20,80,1,242,76,166,59,18,Healthy,Current
110,2025-10-03,75,3,249,48,201,68,27,Healthy,Future
111,2025-12-16,40,3,68,40,28,128,6,Low Stock,Current
112,2025-05-20,56,3,76,71,5,106,15,Low Stock,Current
113,2025-06-06,10,6,97,89,8,57,19,Low Stock,Future
114,2025-05-20,81,5,122,15,107,64,15,Healthy,Current
115,2025-05-11,64,6,179,55,124,56,2,Healthy,Current
116,2024-04-01,98,6,259,26,233,123,34,Healthy,Current
117,2024-05-16,14,1,23,89,0,50,7,Stockout,Current
118,2025-10-18,38,1,89,8,81,84,24,Low Stock,Current
119,2025-05-13,52,2,59,58,1,60,40,Low Stock,Current
120,2024-07-17,11,4,137,50,87,103,21,Low Stock,Future
121,2025-07-07,77,3,241,55,186,46,31,Healthy,Future
122,2024-06-23,83,6,79,68,11,67,39,Low Stock,Future
123,2025-08-14,59,3,108,14,94,139,9,Low Stock,Current
124,2025-06-17,35,6,58,50,8,97,11,Low Stock,Current
125,2024-11-30,64,4,157,34,123,115,14,Healthy,Future
126,2024-11-29,19,3,177,71,106,61,19,Healthy,Future
127,2024-07-11,1,5,194,35,159,72,13,Healthy,Future
128,2024-04-04,32,6,117,73,44,104,38,Low Stock,Current
129,2025-05-08,34,4,94,38,56,89,42,Low Stock,Current
130,2024-04-29,112,5,34,24,10,92,28,Low Stock,Current
131,2024-11-29,53,1,336,80,256,53,9,Healthy,Future
132,2024-01-20,79,5,96,69,27,69,27,Low Stock,Current
133,2025-08-25,17,6,86,66,20,88,27,Low Stock,Current
134,2025-05-21,14,3,318,68,250,109,3,Healthy,Future
135,2025-01-21,60,3,158,43,115,113,4,Healthy,Future
136,2024-05-07,119,3,78,33,45,43,11,Healthy,Current
137,2024-05-02,4,6,321,70,251,101,49,Healthy,Future
138,2025-01-07,94,4,307,47,260,85,24,Healthy,Future
139,2025-05-15,75,2,80,53,27,131,47,Low Stock,Current
140,2024-12-05,26,6,5,51,0,124,7,Stockout,Current
141,2025-08-08,34,1,178,38,140,106,30,Healthy,Future
142,2024-01-29,110,1,291,72,219,78,4,Healthy,Future
143,2024-08-08,32,6,238,90,148,80,16,Healthy,Future
144,2024-01-20,44,1,117,47,70,69,27,Healthy,Current
145,2025-12-15,18,3,113,10,103,99,46,Healthy,Future
146,2025-04-18,116,5,108,86,22,110,5,Low Stock,Future
147,2024-06-28,24,5,161,3,158,120,21,Healthy,Future
148,2025-02-23,100,1,39,7,32,110,6,Low Stock,Current
149,2025-07-16,59,1,81,78,3,124,43,Low Stock,Current
150,2024-06-18,11,4,170,40,130,61,3,Healthy,Future
151,2024-07-13,63,4,18,78,0,46,39,Stockout,Current
152,2024-01-11,120,6,188,16,172,78,20,Healthy,Future
153,2024-09-21,55,6,180,32,148,69,20,Healthy,Current
154,2024-01-03,21,5,219,38,181,108,20,Healthy,Future
155,2024-03-01,15,4,322,71,251,74,38,Healthy,Future
156,2024-02-15,45,6,128,32,96,117,6,Low Stock,Current
157,2024-06-03,22,6,54,30,24,93,43,Low Stock,Current
158,2025-01-28,60,6,35,65,0,41,48,Stockout,Current
159,2024-04-03,69,6,250,38,212,101,8,Healthy,Future
160,2025-07-12,32,1,98,17,81,63,14,Healthy,Future
161,2025-07-13,54,6,61,70,0,121,12,Stockout,Current
162,2025-10-08,101,2,59,63,0,137,14,Stockout,Future
163,2025-11-08,86,1,179,60,119,48,29,Healthy,Current
164,2024-05-22,14,6,343,14,329,106,12,Healthy,Future
165,2025-02-10,23,5,122,1,121,63,14,Healthy,Current
166,2024-05-11,69,1,144,80,64,97,25,Low Stock,Future
167,2024-01-07,85,3,339,77,262,63,1,Healthy,Future
168,2025-05-05,81,6,343,54,289,132,24,Healthy,Future
169,2024-03-18,35,6,78,59,19,66,5,Low Stock,Current
170,2025-09-25,42,5,97,54,43,58,44,Low Stock,Future
171,2025-06-19,13,6,93,88,5,100,11,Low Stock,Current
172,2024-06-22,25,3,203,48,155,68,41,Healthy,Current
173,2024-10-22,104,6,27,22,5,92,45,Low Stock,Current
174,2025-03-31,16,6,118,38,80,107,46,Low Stock,Current
175,2025-04-01,31,4,117,58,59,45,46,Healthy,Current
176,2025-04-12,30,5,40,56,0,120,25,Stockout,Future
177,2024-04-28,102,1,166,78,88,75,31,Healthy,Current
178,2024-06-23,91,4,38,85,0,76,6,Stockout,Current
179,2024-01-05,112,6,69,40,29,134,7,Low Stock,Future
180,2024-08-07,9,4,152,8,144,103,37,Healthy,Current
181,2025-06-24,115,2,156,81,75,98,23,Low Stock,Future
182,2025-04-09,53,6,60,63,0,73,46,Stockout,Current
183,2025-06-30,53,4,123,70,53,97,11,Low Stock,Current
184,2024-01-16,53,4,59,14,45,117,18,Low Stock,Current
185,2024-08-22,17,1,150,74,76,85,6,Low Stock,Current
186,2025-07-20,23,2,188,57,131,135,27,Low Stock,Future
187,2025-12-26,93,1,74,60,14,107,21,Low Stock,Future
188,2024-04-27,100,6,226,40,186,42,41,Healthy,Future
189,2025-03-01,85,5,344,46,298,131,25,Healthy,Future
190,2025-01-10,45,6,342,64,278,48,50,Healthy,Future
191,2025-11-15,19,6,256,75,181,84,2,Healthy,Future
192,2025-03-19,80,1,14,43,0,50,2,Stockout,Current
193,2024-09-02,6,4,343,77,266,135,28,Healthy,Future
194,2024-11-04,35,1,322,2,320,125,2,Healthy,Future
195,2025-02-19,79,1,116,79,37,133,16,Low Stock,Current
196,2024-05-06,114,6,29,29,0,108,3,Stockout,Current
197,2025-01-09,13,6,215,83,132,57,40,Healthy,Current
198,2025-10-10,99,1,151,29,122,104,2,Healthy,Current
199,2025-07-30,32,2,60,20,40,47,11,Low Stock,Future
200,2025-07-20,78,4,199,63,136,79,24,Healthy,Current
201,2024-11-17,60,4,100,79,21,98,37,Low Stock,Future
202,2024-05-06,109,6,221,44,177,114,46,Healthy,Current
203,2025-06-22,44,2,32,75,0,60,32,Stockout,Current
204,2024-08-14,62,5,53,8,45,74,42,Low Stock,Current
205,2025-11-11,56,5,214,28,186,125,23,Healthy,Current
206,2025-03-23,103,1,333,59,274,42,44,Healthy,Future
207,2024-01-10,91,6,179,40,139,105,21,Healthy,Current
208,2025-10-11,66,6,105,87,18,77,21,Low Stock,Current
209,2025-09-04,106,4,254,76,178,118,44,Healthy,Future
210,2024-05-19,84,6,107,62,45,85,31,Low Stock,Future
211,2024-10-27,5,6,48,89,0,45,37,Stockout,Current
212,2024-12-04,64,4,316,47,269,62,16,Healthy,Future
213,2025-09-13,93,6,254,65,189,112,21,Healthy,Current
214,2025-10-17,18,6,101,62,39,70,23,Low Stock,Current
215,2024-04-14,83,1,178,31,147,60,6,Healthy,Current
216,2025-12-27,59,1,70,16,54,62,19,Low Stock,Current
217,2024-11-08,5,1,170,52,118,70,7,Healthy,Future
218,2025-12-19,110,1,20,19,1,132,9,Low Stock,Current
219,2024-12-17,74,6,161,68,93,98,7,Low Stock,Future
220,2025-05-21,48,6,97,33,64,43,20,Healthy,Future
221,2024-03-16,96,1,82,58,24,47,48,Low Stock,Current
222,2024-09-13,84,4,189,55,134,67,44,Healthy,Current
223,2025-02-06,101,6,40,34,6,95,20,Low Stock,Current
224,2024-11-26,63,5,166,70,96,71,9,Healthy,Future
225,2024-06-20,79,6,94,32,62,64,46,Low Stock,Future
226,2024-03-10,36,6,247,25,222,113,17,Healthy,Future
227,2025-08-18,106,6,254,35,219,108,44,Healthy,Future
228,2025-12-15,12,6,113,37,76,116,38,Low Stock,Current
229,2025-02-13,76,1,207,39,168,73,14,Healthy,Future
230,2025-10-28,35,5,218,76,142,92,25,Healthy,Future
231,2025-07-18,65,2,165,85,80,49,26,Healthy,Current
232,2024-11-15,2,6,243,10,233,53,46,Healthy,Current
233,2024-09-01,105,6,112,29,83,42,14,Healthy,Current
234,2025-12-20,60,5,79,49,30,45,45,Low Stock,Current
235,2024-07-24,49,3,295,47,248,45,44,Healthy,Future
236,2025-09-22,80,2,334,1,333,116,18,Healthy,Future
237,2025-02-22,31,2,238,62,176,85,16,Healthy,Current
238,2024-09-02,39,3,308,67,241,67,27,Healthy,Future
239,2024-09-14,109,6,8,6,2,140,35,Low Stock,Current
240,2025-12-16,72,1,229,1,228,92,39,Healthy,Future
241,2025-02-23,86,4,73,87,0,99,38,Stockout,Current
242,2025-03-05,103,4,133,3,130,121,2,Healthy,Future
243,2024-01-13,65,4,45,39,6,94,35,Low Stock,Current
244,2024-03-16,36,6,343,9,334,61,35,Healthy,Future
245,2025-06-06,13,6,64,79,0,130,30,Stockout,Current
246,2025-07-05,22,1,167,3,164,117,16,Healthy,Current
247,2024-03-18,2,2,212,76,136,88,26,Healthy,Current
248,2025-08-05,67,2,204,47,157,105,5,Healthy,Future
249,2024-05-01,5,1,24,90,0,101,47,Stockout,Current
250,2025-05-06,107,6,60,65,0,108,30,Stockout,Current
251,2024-05-02,71,6,19,88,0,105,9,Stockout,Current
252,2024-04-24,70,2,157,84,73,66,41,Healthy,Current
253,2025-07-20,97,4,254,55,199,76,38,Healthy,Current
254,2025-06-22,47,2,176,42,134,51,45,Healthy,Future
255,2024-03-19,97,1,307,36,271,46,40,Healthy,Future
256,2025-12-26,4,2,214,10,204,132,36,Healthy,Future
257,2024-09-04,107,6,143,87,56,132,0,Low Stock,Future
258,2024-12-18,39,6,246,70,176,127,15,Healthy,Current
259,2025-07-24,71,3,121,48,73,127,18,Low Stock,Current
260,2024-01-25,65,5,326,13,313,69,50,Healthy,Future
261,2024-02-12,116,2,157,61,96,56,5,Healthy,Future
262,2025-11-04,9,3,118,72,46,49,32,Low Stock,Future
263,2025-07-13,103,6,205,14,191,49,32,Healthy,Current
264,2025-11-26,107,6,12,82,0,50,39,Stockout,Current
265,2025-08-11,54,6,246,79,167,56,12,Healthy,Future
266,2025-06-21,108,2,187,34,153,121,43,Healthy,Future
267,2024-08-22,86,3,93,52,41,121,2,Low Stock,Current
268,2024-11-18,48,5,126,76,50,101,29,Low Stock,Future
269,2024-12-14,32,6,54,14,40,73,33,Low Stock,Current
270,2025-07-06,23,2,177,49,128,122,39,Healthy,Current
271,2024-07-02,12,5,170,78,92,124,34,Low Stock,Current
272,2024-12-02,72,4,114,3,111,64,36,Healthy,Current
273,2025-10-01,44,3,197,24,173,99,18,Healthy,Current
274,2025-09-22,59,6,335,53,282,116,13,Healthy,Future
275,2024-05-14,97,2,190,81,109,121,35,Low Stock,Current
276,2025-04-12,39,3,238,78,160,122,19,Healthy,Future
277,2025-10-26,62,6,223,2,221,121,2,Healthy,Current
278,2025-04-28,58,1,328,67,261,100,37,Healthy,Future
279,2024-04-30,110,6,160,82,78,140,36,Low Stock,Current
280,2024-03-25,113,5,263,47,216,57,19,Healthy,Future
281,2025-09-21,23,6,85,2,83,46,3,Healthy,Future
282,2024-02-04,50,4,226,45,181,98,7,Healthy,Current
283,2024-10-16,2,6,105,62,43,66,11,Low Stock,Future
284,2025-09-11,86,1,37,33,4,109,14,Low Stock,Current
285,2024-04-15,113,3,204,60,144,66,30,Healthy,Current
286,2024-11-20,30,5,261,4,257,101,9,Healthy,Future
287,2025-06-02,118,4,78,84,0,125,25,Stockout,Current
288,2024-07-07,78,6,67,7,60,48,26,Healthy,Current
289,2024-04-29,98,1,64,39,25,117,15,Low Stock,Current
290,2025-11-29,119,6,239,24,215,136,0,Healthy,Future
291,2025-12-10,27,6,87,5,82,78,28,Healthy,Current
292,2024-11-07,92,4,346,85,261,115,25,Healthy,Future
293,2025-01-04,41,6,213,50,163,131,49,Healthy,Future
294,2024-06-14,32,2,8,79,0,44,8,Stockout,Current
295,2024-04-29,82,1,73,79,0,66,22,Stockout,Current
296,2025-07-01,4,1,343,28,315,97,5,Healthy,Future
297,2025-05-18,13,6,191,59,132,100,24,Healthy,Current
298,2025-02-20,42,2,91,77,14,64,47,Low Stock,Future
299,2025-06-16,107,6,99,69,30,96,3,Low Stock,Current
300,2024-04-28,19,4,188,24,164,51,16,Healthy,Future
301,2024-10-29,1,2,64,70,0,73,5,Stockout,Future
302,2024-03-05,1,4,316,76,240,79,16,Healthy,Future
303,2025-05-31,39,5,53,78,0,126,32,Stockout,Future
304,2024-10-31,41,1,0,62,0,127,6,Stockout,Current
305,2024-11-22,37,6,156,33,123,102,38,Healthy,Future
306,2025-03-18,35,2,23,0,23,116,33,Low Stock,Current
307,2024-12-30,16,6,116,75,41,93,43,Low Stock,Current
308,2024-08-25,49,6,23,67,0,128,40,Stockout,Current
309,2024-05-10,3,1,119,10,109,104,40,Healthy,Current
310,2025-03-20,26,6,174,15,159,51,28,Healthy,Current
311,2025-04-06,10,1,142,54,88,112,24,Low Stock,Future
312,2024-05-04,9,2,301,7,294,126,12,Healthy,Future
313,2025-04-12,13,4,208,19,189,108,15,Healthy,Current
314,2025-05-01,82,1,202,9,193,138,36,Healthy,Future
315,2025-03-31,13,6,68,80,0,73,42,Stockout,Current
316,2025-03-30,67,6,253,70,183,52,10,Healthy,Current
317,2024-10-20,87,2,48,87,0,105,29,Stockout,Current
318,2025-07-05,97,6,319,85,234,78,33,Healthy,Future
319,2025-04-22,4,6,215,37,178,43,41,Healthy,Future
320,2024-03-21,64,3,90,78,12,48,3,Low Stock,Future
321,2025-06-20,88,4,195,10,185,77,14,Healthy,Future
322,2024-07-24,105,6,252,23,229,89,16,Healthy,Future
323,2024-05-31,11,5,258,16,242,103,23,Healthy,Current
324,2025-06-03,32,1,90,46,44,82,16,Low Stock,Current
325,2024-02-24,57,3,74,40,34,79,42,Low Stock,Current
326,2025-01-17,15,6,225,7,218,70,14,Healthy,Current
327,2024-11-02,120,3,315,88,227,118,9,Healthy,Future
328,2025-04-23,15,4,189,73,116,84,20,Healthy,Future
329,2025-04-19,74,1,327,77,250,71,29,Healthy,Future
330,2025-12-18,101,2,21,87,0,67,42,Stockout,Current
331,2025-04-13,72,4,106,81,25,79,12,Low Stock,Current
332,2025-05-31,16,6,125,80,45,41,10,Healthy,Current
333,2024-09-03,2,3,85,15,70,66,41,Healthy,Current
334,2025-04-29,6,6,133,89,44,122,43,Low Stock,Current
335,2024-04-28,86,2,66,85,0,45,14,Stockout,Future
336,2025-01-10,119,6,162,44,118,68,4,Healthy,Current
337,2025-04-24,32,1,171,49,122,121,35,Healthy,Current
338,2024-11-05,22,6,84,4,80,72,43,Healthy,Current
339,2024-02-01,112,6,78,71,7,54,4,Low Stock,Future
340,2024-05-07,48,6,20,85,0,128,1,Stockout,Current
341,2024-03-31,101,6,175,33,142,111,5,Healthy,Current
342,2025-03-01,45,2,151,68,83,56,35,Healthy,Current
343,2024-03-11,62,1,258,73,185,93,22,Healthy,Current
344,2025-01-05,7,3,96,34,62,67,40,Low Stock,Current
345,2025-07-04,39,1,110,6,104,64,29,Healthy,Future
346,2024-05-06,39,1,182,21,161,51,21,Healthy,Current
347,2024-09-26,62,6,101,75,26,104,39,Low Stock,Future
348,2024-08-16,102,5,136,32,104,68,18,Healthy,Future
349,2024-11-11,111,6,222,84,138,67,1,Healthy,Future
350,2025-12-14,31,3,226,13,213,113,0,Healthy,Future
351,2024-01-15,59,6,158,11,147,70,31,Healthy,Future
352,2025-04-03,57,4,348,10,338,96,27,Healthy,Future
353,2025-08-07,11,5,112,52,60,44,4,Healthy,Current
354,2025-08-13,76,5,109,47,62,138,22,Low Stock,Current
355,2024-08-05,87,3,117,76,41,137,28,Low Stock,Future
356,2025-03-21,61,1,131,68,63,78,45,Low Stock,Current
357,2024-09-06,50,6,87,23,64,112,33,Low Stock,Current
358,2025-03-23,81,4,96,62,34,69,0,Low Stock,Future
359,2025-11-14,78,5,119,11,108,107,13,Healthy,Current
360,2025-02-11,120,6,160,90,70,84,27,Low Stock,Current
361,2024-02-17,101,6,123,51,72,52,39,Healthy,Current
362,2025-04-25,70,6,344,24,320,65,38,Healthy,Future
363,2025-03-28,34,3,61,81,0,55,7,Stockout,Future
364,2024-09-19,39,6,105,84,21,132,4,Low Stock,Current
365,2024-04-08,113,1,0,12,0,136,12,Stockout,Current
366,2024-11-25,78,4,279,75,204,47,19,Healthy,Future
367,2025-12-27,68,6,166,57,109,64,30,Healthy,Future
368,2025-12-22,71,5,148,82,66,46,32,Healthy,Current
369,2025-10-06,85,3,177,37,140,120,45,Healthy,Current
370,2025-09-08,8,6,114,36,78,122,37,Low Stock,Current
371,2024-04-18,104,2,127,6,121,138,6,Low Stock,Current
372,2024-09-07,21,5,194,31,163,87,10,Healthy,Current
373,2024-04-23,66,4,137,77,60,94,8,Low Stock,Current
374,2024-05-06,32,5,270,75,195,62,35,Healthy,Future
375,2025-06-15,67,6,67,78,0,91,34,Stockout,Current
376,2024-12-04,5,6,258,14,244,133,48,Healthy,Future
377,2025-07-22,77,6,301,81,220,109,48,Healthy,Future
378,2024-02-20,100,2,250,60,190,98,14,Healthy,Future
379,2024-09-30,33,6,231,40,191,113,31,Healthy,Current
380,2025-05-08,37,6,49,76,0,135,36,Stockout,Current
381,2025-05-01,39,1,212,89,123,73,36,Healthy,Future
382,2025-04-19,93,6,50,83,0,127,30,Stockout,Future
383,2024-08-28,31,6,126,52,74,120,1,Low Stock,Future
384,2025-03-01,81,2,249,4,245,52,42,Healthy,Current
385,2025-07-18,92,1,120,55,65,108,24,Low Stock,Current
386,2024-09-05,11,2,116,81,35,101,14,Low Stock,Current
387,2025-10-18,44,6,332,4,328,43,29,Healthy,Future
388,2025-09-25,43,4,35,0,35,108,17,Low Stock,Current
389,2025-11-08,85,1,61,19,42,122,17,Low Stock,Current
390,2024-01-28,47,6,127,54,73,82,43,Low Stock,Current
391,2025-08-12,53,6,120,86,34,64,36,Low Stock,Current
392,2024-11-07,13,2,135,55,80,101,28,Low Stock,Current
393,2024-06-12,69,3,44,53,0,78,30,Stockout,Current
394,2025-05-31,16,6,159,25,134,74,42,Healthy,Current
395,2024-05-18,44,3,125,74,51,133,29,Low Stock,Current
396,2025-10-22,110,6,239,63,176,53,3,Healthy,Current
397,2025-08-07,18,6,105,55,50,128,16,Low Stock,Current
398,2025-01-26,76,2,96,16,80,130,13,Low Stock,Future
399,2025-09-30,86,2,64,39,25,109,4,Low Stock,Future
400,2025-08-22,14,6,176,34,142,140,27,Healthy,Current
401,2024-10-21,104,6,90,20,70,45,29,Healthy,Future
402,2024-12-26,30,6,182,9,173,52,1,Healthy,Current
403,2025-03-28,33,6,40,27,13,121,29,Low Stock,Current
404,2024-12-20,54,4,162,70,92,108,34,Low Stock,Future
405,2025-08-15,48,4,174,11,163,66,12,Healthy,Future
406,2024-07-20,36,3,8,33,0,115,49,Stockout,Current
407,2024-07-16,15,5,116,14,102,128,1,Low Stock,Future
408,2024-02-29,81,1,6,60,0,92,34,Stockout,Current
409,2024-01-05,76,6,75,9,66,85,29,Low Stock,Current
410,2025-04-10,44,5,185,25,160,67,31,Healthy,Future
411,2025-12-10,20,6,57,15,42,115,45,Low Stock,Current
412,2024-04-13,14,1,24,41,0,52,3,Stockout,Current
413,2024-11-15,68,2,123,25,98,130,48,Low Stock,Current
414,2025-04-03,66,4,18,15,3,127,24,Low Stock,Current
415,2025-12-16,84,6,20,89,0,83,37,Stockout,Current
416,2024-02-17,85,4,107,77,30,124,15,Low Stock,Future
417,2024-04-17,42,4,192,7,185,112,47,Healthy,Future
418,2024-12-18,95,6,163,57,106,50,32,Healthy,Future
419,2025-01-08,54,2,272,39,233,51,42,Healthy,Future
420,2024-10-28,94,6,45,18,27,62,28,Low Stock,Future
421,2025-11-10,2,2,264,17,247,83,8,Healthy,Future
422,2025-11-13,5,5,131,4,127,56,49,Healthy,Current
423,2024-07-17,25,6,91,46,45,118,50,Low Stock,Current
424,2025-09-13,27,6,330,47,283,53,35,Healthy,Future
425,2025-10-18,5,6,177,1,176,134,38,Healthy,Future
426,2024-04-18,34,6,293,80,213,61,47,Healthy,Future
427,2024-02-20,58,5,62,66,0,134,11,Stockout,Current
428,2024-01-24,62,3,127,35,92,95,30,Low Stock,Current
429,2025-01-25,74,1,25,15,10,63,23,Low Stock,Current
430,2025-12-26,108,1,66,31,35,113,34,Low Stock,Current
431,2024-04-01,25,1,262,77,185,47,30,Healthy,Future
432,2024-02-29,101,6,95,20,75,113,40,Low Stock,Current
433,2024-04-03,90,6,72,55,17,51,22,Low Stock,Current
434,2024-10-23,33,3,235,11,224,101,35,Healthy,Current
435,2025-03-04,31,6,140,38,102,97,33,Healthy,Future
436,2025-06-07,119,1,76,49,27,65,21,Low Stock,Current
437,2024-04-03,35,3,123,20,103,112,39,Low Stock,Current
438,2024-01-19,107,1,32,80,0,109,26,Stockout,Current
439,2024-05-18,5,3,198,36,162,117,12,Healthy,Current
440,2025-07-06,113,6,269,38,231,87,34,Healthy,Future
441,2025-04-10,95,6,103,53,50,128,28,Low Stock,Future
442,2024-04-04,50,4,314,10,304,79,35,Healthy,Future
443,2025-04-10,44,6,172,84,88,102,1,Low Stock,Current
444,2025-12-17,73,6,174,26,148,40,2,Healthy,Current
445,2025-04-15,104,6,117,49,68,48,35,Healthy,Current
446,2025-01-01,10,6,172,30,142,48,40,Healthy,Current
447,2025-05-26,4,6,151,77,74,111,26,Low Stock,Current
448,2024-11-24,53,2,137,39,98,97,12,Healthy,Future
449,2024-07-14,48,6,67,90,0,75,23,Stockout,Current
450,2025-02-21,19,3,176,85,91,61,15,Healthy,Future
451,2024-07-10,81,6,26,34,0,74,42,Stockout,Current
452,2024-03-19,22,3,135,90,45,59,45,Low Stock,Future
453,2024-03-28,62,3,91,7,84,125,27,Low Stock,Current
454,2025-08-15,40,2,101,18,83,88,37,Low Stock,Future
455,2024-12-19,37,2,114,35,79,125,36,Low Stock,Current
456,2024-07-10,78,1,339,65,274,81,37,Healthy,Future
457,2024-04-25,100,3,336,4,332,123,21,Healthy,Future
458,2025-11-27,65,6,67,22,45,43,33,Healthy,Current
459,2024-05-18,30,6,151,37,114,98,28,Healthy,Current
460,2024-11-12,52,1,55,69,0,93,16,Stockout,Current
461,2024-11-26,44,2,170,12,158,50,11,Healthy,Future
462,2025-05-17,80,1,259,87,172,139,45,Healthy,Current
463,2024-02-17,71,1,82,69,13,75,21,Low Stock,Current
464,2025-05-03,43,2,205,4,201,57,29,Healthy,Current
465,2025-12-12,95,6,152,33,119,111,33,Healthy,Current
466,2024-08-17,65,1,225,62,163,51,25,Healthy,Current
467,2025-08-22,107,1,149,47,102,47,27,Healthy,Current
468,2024-04-08,24,1,157,24,133,86,16,Healthy,Future
469,2024-07-28,109,6,135,61,74,76,45,Low Stock,Current
470,2024-03-15,70,6,343,73,270,138,9,Healthy,Future
471,2024-09-29,16,6,187,69,118,139,2,Low Stock,Current
472,2024-03-27,17,4,167,34,133,108,29,Healthy,Future
473,2024-06-21,27,6,102,55,47,47,11,Healthy,Future
474,2024-04-02,3,4,172,78,94,78,23,Healthy,Current
475,2024-11-03,69,5,70,16,54,51,18,Healthy,Future
476,2025-10-06,84,1,30,30,0,108,1,Stockout,Current
477,2025-08-30,24,4,41,89,0,56,48,Stockout,Future
478,2024-06-08,55,4,116,89,27,133,7,Low Stock,Future
479,2025-08-02,107,6,74,27,47,114,35,Low Stock,Current
480,2024-02-13,28,6,186,86,100,86,20,Healthy,Future
481,2024-02-20,75,2,47,41,6,123,28,Low Stock,Current
482,2024-11-06,114,6,45,57,0,51,30,Stockout,Current
483,2025-04-04,11,3,227,18,209,87,9,Healthy,Future
484,2024-06-20,93,1,17,35,0,44,15,Stockout,Current
485,2025-07-23,97,1,339,65,274,105,0,Healthy,Future
486,2024-08-27,68,6,251,58,193,134,25,Healthy,Current
487,2024-10-31,105,6,101,80,21,121,24,Low Stock,Future
488,2025-04-28,111,3,108,32,76,134,46,Low Stock,Current
489,2025-10-28,108,3,111,71,40,114,25,Low Stock,Current
490,2024-10-13,24,4,237,84,153,125,31,Healthy,Current
491,2025-12-09,62,6,154,9,145,140,6,Healthy,Current
492,2025-03-21,68,1,63,20,43,132,14,Low Stock,Future
493,2025-12-18,92,6,135,8,127,98,43,Healthy,Current
494,2024-09-14,67,5,140,39,101,108,38,Low Stock,Current
495,2025-05-13,37,6,43,74,0,99,45,Stockout,Current
496,2025-03-13,17,2,34,81,0,130,30,Stockout,Current
497,2025-04-08,80,6,207,71,136,71,32,Healthy,Current
498,2024-03-08,110,6,157,63,94,81,12,Healthy,Current
499,2025-02-08,42,2,100,78,22,66,6,Low Stock,Current
500,2024-02-28,66,1,258,64,194,47,3,Healthy,Future
501,2024-08-04,83,6,83,44,39,92,31,Low Stock,Current
502,2025-08-29,115,2,175,47,128,53,32,Healthy,Future
503,2024-09-02,59,5,235,29,206,67,40,Healthy,Future
504,2025-03-07,41,1,207,90,117,68,39,Healthy,Future
505,2024-12-28,85,1,74,1,73,136,10,Low Stock,Future
506,2025-08-21,55,1,171,57,114,56,24,Healthy,Current
507,2024-11-12,117,3,179,29,150,51,30,Healthy,Current
508,2024-03-03,91,2,324,25,299,66,14,Healthy,Future
509,2024-07-12,2,5,123,79,44,112,50,Low Stock,Current
510,2025-04-08,86,3,71,43,28,84,20,Low Stock,Current
511,2024-02-13,66,6,245,79,166,86,13,Healthy,Future
512,2024-03-01,69,3,148,79,69,70,15,Low Stock,Current
513,2025-06-26,37,4,79,19,60,44,44,Healthy,Current
514,2025-04-01,58,3,157,14,143,132,5,Healthy,Current
515,2025-11-27,22,1,80,81,0,64,41,Stockout,Current
516,2025-06-13,69,1,124,26,98,83,45,Healthy,Current
517,2025-03-26,104,6,63,68,0,99,7,Stockout,Future
518,2025-03-03,38,6,212,21,191,135,27,Healthy,Current
519,2024-01-13,117,2,76,64,12,74,16,Low Stock,Current
520,2025-06-29,22,3,128,31,97,127,7,Low Stock,Future
521,2024-12-27,30,1,244,63,181,140,29,Healthy,Current
522,2025-03-30,98,1,181,18,163,70,24,Healthy,Current
523,2025-06-07,55,2,248,34,214,135,21,Healthy,Current
524,2024-10-19,88,6,142,74,68,123,9,Low Stock,Current
525,2025-01-21,99,6,26,4,22,115,10,Low Stock,Current
526,2024-06-08,91,3,78,12,66,136,29,Low Stock,Current
527,2025-08-04,49,1,108,54,54,98,0,Low Stock,Future
528,2025-12-19,9,4,151,19,132,129,20,Healthy,Future
529,2024-07-12,46,3,163,77,86,74,33,Healthy,Current
530,2024-11-15,25,1,241,48,193,94,46,Healthy,Future
531,2025-02-14,62,1,330,44,286,71,31,Healthy,Future
532,2025-12-12,43,6,121,90,31,118,23,Low Stock,Current
533,2025-10-29,85,6,237,30,207,89,38,Healthy,Future
534,2024-08-07,65,1,344,74,270,76,11,Healthy,Future
535,2024-12-25,105,6,170,65,105,74,41,Healthy,Current
536,2025-07-15,8,6,67,22,45,102,13,Low Stock,Current
537,2025-12-03,36,6,115,20,95,84,44,Healthy,Current
538,2024-05-19,88,6,275,30,245,124,9,Healthy,Future
539,2024-03-27,11,6,128,33,95,126,27,Low Stock,Future
540,2024-07-19,14,3,181,84,97,56,44,Healthy,Future
541,2024-02-16,48,6,73,4,69,67,6,Healthy,Current
542,2024-02-08,2,6,94,9,85,67,13,Healthy,Current
543,2025-05-05,61,1,285,33,252,74,42,Healthy,Future
544,2024-02-27,116,4,46,80,0,124,4,Stockout,Current
545,2025-04-25,53,2,128,29,99,65,12,Healthy,Current
546,2025-08-26,15,3,112,34,78,52,47,Healthy,Current
547,2024-04-18,84,3,231,24,207,45,46,Healthy,Future
548,2025-08-23,66,2,153,50,103,70,29,Healthy,Current
549,2024-03-05,39,6,72,62,10,109,3,Low Stock,Current
550,2025-01-23,26,6,85,70,15,47,20,Low Stock,Future
551,2025-07-05,62,5,298,61,237,95,34,Healthy,Future
552,2025-05-03,88,4,66,4,62,89,42,Low Stock,Current
553,2024-02-28,64,4,236,83,153,119,43,Healthy,Future
554,2025-12-15,98,3,300,56,244,113,43,Healthy,Future
555,2025-03-03,45,2,167,8,159,103,42,Healthy,Current
556,2024-01-28,20,1,62,21,41,110,27,Low Stock,Current
557,2025-02-27,81,6,60,7,53,46,1,Healthy,Current
558,2025-09-21,49,6,53,38,15,51,34,Low Stock,Current
559,2024-07-07,93,6,18,25,0,76,22,Stockout,Current
560,2024-09-20,47,6,77,78,0,74,43,Stockout,Current
561,2024-08-28,6,3,175,9,166,53,18,Healthy,Current
562,2024-06-30,112,1,233,56,177,66,23,Healthy,Future
563,2025-03-31,58,1,341,21,320,124,13,Healthy,Future
564,2025-06-04,84,4,149,41,108,77,12,Healthy,Future
565,2025-02-15,55,2,136,57,79,88,45,Low Stock,Future
566,2025-05-17,39,6,107,72,35,102,1,Low Stock,Future
567,2025-07-13,64,6,49,54,0,74,3,Stockout,Current
568,2024-09-10,85,1,0,19,0,114,27,Stockout,Current
569,2024-09-18,2,6,165,70,95,105,13,Low Stock,Future
570,2024-05-26,18,6,284,12,272,122,50,Healthy,Future
571,2025-06-20,96,2,235,57,178,121,49,Healthy,Current
572,2024-10-08,74,6,173,72,101,96,25,Healthy,Current
573,2024-09-15,48,6,359,56,303,98,45,Healthy,Future
574,2024-01-30,85,6,133,59,74,98,17,Low Stock,Current
575,2025-07-21,35,2,162,1,161,63,43,Healthy,Current
576,2025-10-30,106,6,346,15,331,95,1,Healthy,Future
577,2025-04-26,19,6,108,68,40,113,21,Low Stock,Current
578,2025-11-14,80,3,99,9,90,114,29,Low Stock,Future
579,2024-12-18,27,1,113,16,97,66,49,Healthy,Future
580,2025-03-19,102,1,197,0,197,128,16,Healthy,Current
581,2024-09-18,14,6,314,61,253,56,50,Healthy,Future
582,2025-09-16,11,3,111,29,82,99,37,Low Stock,Future
583,2024-02-20,64,6,286,6,280,102,20,Healthy,Future
584,2025-03-12,70,1,145,74,71,94,22,Low Stock,Future
585,2024-02-06,14,1,51,17,34,74,3,Low Stock,Current
586,2025-01-19,37,4,50,56,0,120,4,Stockout,Future
587,2025-06-06,77,5,141,76,65,125,4,Low Stock,Current
588,2025-05-23,89,6,14,85,0,75,16,Stockout,Current
589,2025-03-12,94,2,143,49,94,138,48,Low Stock,Current
590,2025-12-19,112,6,108,57,51,91,22,Low Stock,Future
591,2024-07-04,74,3,209,82,127,41,43,Healthy,Current
592,2024-08-27,67,6,197,90,107,124,17,Low Stock,Current
593,2024-11-18,46,6,96,84,12,140,50,Low Stock,Future
594,2024-06-16,39,5,244,27,217,67,30,Healthy,Current
595,2024-02-09,102,6,139,10,129,78,5,Healthy,Future
596,2024-03-10,60,2,225,17,208,48,48,Healthy,Future
597,2025-05-05,23,6,257,24,233,99,2,Healthy,Current
598,2025-01-14,17,1,32,4,28,126,5,Low Stock,Current
599,2024-08-21,73,6,2,72,0,53,35,Stockout,Current
600,2024-04-11,82,6,127,18,109,108,23,Healthy,Future
601,2025-01-20,60,2,25,26,0,119,26,Stockout,Current
602,2024-10-10,70,6,182,0,182,139,16,Healthy,Future
603,2025-02-13,24,5,356,49,307,126,47,Healthy,Future
604,2024-03-08,75,2,128,9,119,136,46,Low Stock,Future
605,2024-11-10,1,6,334,67,267,117,7,Healthy,Future
606,2024-12-20,104,6,73,6,67,55,38,Healthy,Current
607,2025-11-21,58,3,281,3,278,96,48,Healthy,Future
608,2024-01-28,6,4,114,1,113,56,12,Healthy,Future
609,2024-06-15,57,6,328,26,302,41,35,Healthy,Future
610,2024-11-11,32,6,304,78,226,64,21,Healthy,Future
611,2025-06-30,22,4,142,68,74,63,50,Healthy,Current
612,2024-02-28,40,6,168,25,143,115,32,Healthy,Current
613,2024-12-10,7,2,185,41,144,136,34,Healthy,Current
614,2024-11-20,56,4,96,87,9,95,17,Low Stock,Current
615,2024-12-02,98,1,104,29,75,93,30,Low Stock,Current
616,2025-09-14,102,1,12,55,0,87,39,Stockout,Current
617,2025-10-06,66,6,144,32,112,115,22,Low Stock,Future
618,2025-12-24,102,2,132,26,106,47,4,Healthy,Future
619,2025-05-31,6,3,117,43,74,120,10,Low Stock,Current
620,2024-07-26,39,5,218,71,147,129,20,Healthy,Current
621,2024-01-10,24,2,14,39,0,116,24,Stockout,Current
622,2025-06-16,39,5,192,34,158,120,19,Healthy,Current
623,2024-11-11,81,5,134,80,54,62,4,Low Stock,Future
624,2025-02-07,97,2,95,2,93,66,43,Healthy,Future
625,2024-08-07,48,6,216,12,204,86,24,Healthy,Future
626,2025-08-12,115,1,101,12,89,128,38,Low Stock,Current
627,2024-12-23,44,1,117,24,93,106,14,Low Stock,Current
628,2025-04-30,109,5,64,84,0,83,0,Stockout,Current
629,2025-05-22,53,1,154,73,81,125,2,Low Stock,Current
630,2025-07-14,115,2,251,17,234,52,0,Healthy,Future
631,2025-11-13,21,3,242,61,181,113,19,Healthy,Future
632,2024-07-10,114,3,65,58,7,52,11,Low Stock,Future
633,2025-02-20,119,6,209,85,124,45,38,Healthy,Current
634,2024-02-07,60,1,41,14,27,70,43,Low Stock,Current
635,2025-07-21,53,2,107,55,52,98,5,Low Stock,Current
636,2024-07-04,57,6,177,53,124,78,6,Healthy,Current
637,2024-02-22,22,5,216,21,195,130,48,Healthy,Current
638,2024-03-13,77,6,67,20,47,66,18,Low Stock,Current
639,2024-01-06,107,6,71,19,52,43,3,Healthy,Current
640,2025-09-10,83,5,117,52,65,124,47,Low Stock,Current
641,2025-06-14,11,6,175,0,175,62,17,Healthy,Current
642,2024-01-21,107,1,86,7,79,43,5,Healthy,Current
643,2025-08-23,27,6,213,57,156,60,8,Healthy,Current
644,2024-08-24,29,6,224,72,152,117,22,Healthy,Current
645,2025-06-22,91,1,166,6,160,86,25,Healthy,Current
646,2024-05-23,19,6,348,77,271,108,8,Healthy,Future
647,2025-09-12,11,6,82,40,42,107,41,Low Stock,Future
648,2025-07-11,88,4,97,82,15,125,21,Low Stock,Future
649,2025-11-12,88,3,98,67,31,42,31,Low Stock,Current
650,2024-08-11,82,3,222,35,187,45,24,Healthy,Current
651,2025-11-12,52,6,82,52,30,62,1,Low Stock,Future
652,2024-02-08,65,1,206,1,205,124,4,Healthy,Current
653,2025-06-24,82,4,111,79,32,94,46,Low Stock,Current
654,2024-04-12,82,1,206,58,148,107,34,Healthy,Current
655,2024-10-20,31,6,218,41,177,77,20,Healthy,Current
656,2025-02-07,56,2,112,8,104,124,42,Low Stock,Current
657,2025-01-26,109,1,73,60,13,87,46,Low Stock,Current
658,2024-01-25,119,6,207,48,159,93,44,Healthy,Current
659,2024-08-03,75,1,219,73,146,135,9,Healthy,Current
660,2025-07-05,7,1,171,4,167,58,10,Healthy,Future
661,2024-04-16,100,6,226,78,148,108,10,Healthy,Future
662,2025-08-18,83,2,317,14,303,121,17,Healthy,Future
663,2024-08-13,31,6,196,37,159,118,5,Healthy,Future
664,2024-08-29,15,6,142,38,104,99,21,Healthy,Future
665,2024-07-25,36,3,83,10,73,40,15,Healthy,Current
666,2024-01-17,53,3,23,62,0,114,23,Stockout,Current
667,2024-09-27,66,5,260,39,221,122,17,Healthy,Future
668,2025-02-17,44,2,208,50,158,44,26,Healthy,Current
669,2024-08-22,107,6,84,39,45,66,17,Low Stock,Current
670,2024-10-28,41,2,89,57,32,73,1,Low Stock,Current
671,2024-09-18,8,4,91,73,18,137,28,Low Stock,Current
672,2025-01-09,70,5,243,90,153,90,18,Healthy,Future
673,2024-12-05,90,6,70,22,48,47,5,Healthy,Current
674,2025-03-21,107,6,59,88,0,52,24,Stockout,Current
675,2024-10-26,48,6,162,38,124,114,21,Healthy,Current
676,2025-10-26,4,2,88,5,83,130,1,Low Stock,Current
677,2025-04-18,102,3,81,5,76,84,18,Low Stock,Current
678,2025-01-24,113,6,151,8,143,95,29,Healthy,Current
679,2025-08-16,7,6,192,14,178,57,0,Healthy,Current
680,2025-04-01,16,4,202,8,194,43,21,Healthy,Current
681,2025-10-23,12,2,185,65,120,62,41,Healthy,Future
682,2025-03-30,120,2,312,60,252,53,4,Healthy,Future
683,2025-05-14,28,6,68,66,2,78,40,Low Stock,Future
684,2024-11-28,65,2,87,48,39,120,3,Low Stock,Future
685,2025-10-11,79,5,104,33,71,115,35,Low Stock,Current
686,2025-06-25,25,3,32,81,0,67,33,Stockout,Current
687,2025-03-22,24,6,126,4,122,109,46,Healthy,Current
688,2025-07-02,87,5,72,59,13,137,17,Low Stock,Current
689,2024-07-01,102,2,81,40,41,102,42,Low Stock,Future
690,2025-01-31,80,2,176,88,88,100,50,Low Stock,Current
691,2024-06-04,43,4,320,23,297,138,44,Healthy,Future
692,2024-09-29,64,6,136,77,59,128,42,Low Stock,Current
693,2024-01-24,87,6,148,89,59,126,15,Low Stock,Current
694,2025-06-09,75,5,88,8,80,41,32,Healthy,Current
695,2024-01-01,71,6,71,52,19,125,3,Low Stock,Current
696,2025-04-21,5,6,107,58,49,99,6,Low Stock,Current
697,2024-10-12,39,6,302,72,230,43,42,Healthy,Future
698,2025-10-06,7,4,124,70,54,86,9,Low Stock,Current
699,2024-05-29,9,4,329,15,314,122,12,Healthy,Future
700,2025-07-01,3,3,124,34,90,73,14,Healthy,Current
701,2025-08-26,92,2,251,46,205,51,32,Healthy,Future
702,2025-12-22,85,4,58,5,53,133,39,Low Stock,Current
703,2025-01-26,57,6,81,76,5,82,13,Low Stock,Current
704,2024-09-13,67,6,31,49,0,47,23,Stockout,Current
705,2024-04-02,117,6,161,86,75,108,32,Low Stock,Future
706,2025-06-03,116,2,71,4,67,46,3,Healthy,Current
707,2024-03-02,88,2,218,81,137,84,35,Healthy,Future
708,2025-12-03,4,6,304,19,285,78,45,Healthy,Future
709,2025-02-28,102,5,165,85,80,96,44,Low Stock,Current
710,2024-03-26,32,3,120,21,99,52,5,Healthy,Future
711,2025-07-10,39,6,246,42,204,121,25,Healthy,Current
712,2024-10-28,113,3,96,0,96,45,12,Healthy,Current
713,2024-12-26,120,1,82,72,10,117,0,Low Stock,Current
714,2024-02-14,116,6,121,82,39,84,14,Low Stock,Current
715,2025-10-05,61,2,277,49,228,91,21,Healthy,Future
716,2024-03-07,66,1,102,17,85,68,7,Healthy,Future
717,2025-08-01,67,4,130,36,94,58,38,Healthy,Current
718,2024-10-22,40,2,18,23,0,99,0,Stockout,Current
719,2025-02-24,48,6,158,48,110,46,47,Healthy,Future
720,2024-05-26,81,2,59,78,0,114,37,Stockout,Current
721,2025-04-10,114,6,347,70,277,138,48,Healthy,Future
722,2025-05-27,40,4,52,61,0,42,37,Stockout,Current
723,2025-05-28,102,1,18,21,0,58,26,Stockout,Current
724,2025-12-09,21,1,68,32,36,114,20,Low Stock,Future
725,2025-11-15,63,1,137,45,92,110,10,Low Stock,Current
726,2025-10-19,107,3,150,45,105,71,49,Healthy,Current
727,2024-01-08,9,1,76,72,4,54,49,Low Stock,Current
728,2025-06-28,107,3,53,12,41,48,23,Low Stock,Current
729,2024-07-01,48,1,76,50,26,112,37,Low Stock,Future
730,2024-05-08,34,1,133,75,58,47,13,Healthy,Current
731,2024-05-02,70,6,279,5,274,85,39,Healthy,Future
732,2025-07-22,40,2,52,18,34,98,31,Low Stock,Current
733,2024-02-09,115,5,76,86,0,96,16,Stockout,Future
734,2025-08-10,38,6,136,46,90,70,39,Healthy,Current
735,2025-05-25,100,1,357,85,272,45,27,Healthy,Future
736,2025-05-17,75,6,315,3,312,85,26,Healthy,Future
737,2025-08-24,53,1,351,21,330,128,31,Healthy,Future
738,2024-09-11,52,2,156,59,97,70,29,Healthy,Current
739,2025-09-16,100,4,308,39,269,71,40,Healthy,Future
740,2025-08-02,68,3,96,68,28,113,8,Low Stock,Current
741,2025-04-29,57,1,1,85,0,73,36,Stockout,Current
742,2024-04-29,55,1,85,32,53,125,10,Low Stock,Future
743,2024-04-11,23,2,334,86,248,116,13,Healthy,Future
744,2024-06-25,17,6,70,37,33,133,27,Low Stock,Current
745,2025-12-26,65,1,117,21,96,61,4,Healthy,Future
746,2025-06-05,49,2,130,8,122,48,10,Healthy,Current
747,2024-06-22,32,1,85,54,31,110,13,Low Stock,Current
748,2025-03-07,12,3,176,12,164,106,32,Healthy,Future
749,2024-03-03,39,3,332,15,317,87,15,Healthy,Future
750,2024-08-30,9,6,127,87,40,86,28,Low Stock,Future
751,2025-08-01,75,6,179,76,103,134,10,Low Stock,Current
752,2025-01-10,78,3,87,41,46,74,6,Low Stock,Current
753,2024-02-18,62,6,142,34,108,122,5,Low Stock,Current
754,2025-06-06,106,1,299,51,248,75,14,Healthy,Future
755,2025-10-12,9,5,117,9,108,137,9,Low Stock,Current
756,2025-08-07,49,1,244,65,179,85,24,Healthy,Current
757,2025-06-05,4,6,289,33,256,112,23,Healthy,Future
758,2024-05-31,33,6,143,19,124,118,14,Healthy,Future
759,2024-08-25,57,6,296,15,281,95,8,Healthy,Future
760,2025-11-06,38,3,55,9,46,111,26,Low Stock,Current
761,2024-06-14,21,1,184,58,126,81,15,Healthy,Future
762,2024-02-18,26,3,149,3,146,128,30,Healthy,Current
763,2025-07-29,84,6,267,8,259,78,26,Healthy,Future
764,2025-07-08,96,2,53,45,8,88,21,Low Stock,Current
765,2024-03-16,90,6,67,19,48,64,30,Low Stock,Current
766,2024-09-20,76,4,58,55,3,59,35,Low Stock,Current
767,2025-05-02,92,2,346,8,338,56,34,Healthy,Future
768,2024-05-05,65,1,195,43,152,52,14,Healthy,Future
769,2025-09-21,57,5,240,56,184,62,49,Healthy,Future
770,2025-05-25,16,1,163,70,93,114,39,Low Stock,Future
771,2025-08-24,111,4,105,82,23,104,16,Low Stock,Current
772,2024-09-14,12,1,45,5,40,98,6,Low Stock,Current
773,2025-11-20,82,6,298,8,290,139,25,Healthy,Future
774,2025-10-15,40,2,160,67,93,69,5,Healthy,Current
775,2025-01-10,12,6,168,23,145,67,41,Healthy,Current
776,2025-10-05,86,3,302,78,224,103,7,Healthy,Future
777,2024-01-12,65,2,204,76,128,94,15,Healthy,Future
778,2024-12-03,86,6,59,49,10,138,13,Low Stock,Current
779,2025-01-15,14,1,168,64,104,94,50,Healthy,Future
780,2025-02-23,86,1,39,42,0,86,8,Stockout,Current
781,2025-01-30,27,2,10,67,0,52,19,Stockout,Current
782,2024-10-03,4,2,85,10,75,105,15,Low Stock,Current
783,2025-03-24,76,6,65,32,33,82,3,Low Stock,Current
784,2025-10-20,113,5,97,55,42,52,44,Low Stock,Current
785,2024-08-13,65,6,52,52,0,136,16,Stockout,Future
786,2025-02-07,40,4,42,79,0,90,20,Stockout,Current
787,2024-11-26,54,6,176,13,163,40,6,Healthy,Current
788,2025-01-11,32,2,157,70,87,59,32,Healthy,Current
789,2025-03-02,15,1,147,80,67,81,28,Low Stock,Current
790,2025-09-11,15,5,140,32,108,133,43,Low Stock,Current
791,2024-06-24,106,3,161,84,77,110,15,Low Stock,Current
792,2025-09-22,63,2,196,72,124,131,41,Low Stock,Current
793,2025-08-03,18,6,163,77,86,64,44,Healthy,Current
794,2025-12-22,66,2,25,74,0,109,18,Stockout,Current
795,2025-07-06,55,2,92,13,79,113,25,Low Stock,Current
796,2025-11-27,95,2,118,51,67,75,25,Low Stock,Future
797,2024-07-09,85,6,114,81,33,51,3,Low Stock,Current
798,2025-09-07,9,4,41,73,0,66,9,Stockout,Current
799,2025-05-23,3,6,284,80,204,66,40,Healthy,Future
800,2025-08-17,83,6,105,17,88,40,17,Healthy,Current
801,2024-04-10,88,6,136,43,93,94,11,Low Stock,Future
802,2025-09-26,25,5,59,44,15,134,24,Low Stock,Current
803,2025-03-08,34,6,224,37,187,84,11,Healthy,Future
804,2025-02-17,4,3,210,57,153,78,18,Healthy,Future
805,2025-04-18,57,6,138,35,103,80,10,Healthy,Current
806,2024-09-17,80,1,237,87,150,56,36,Healthy,Current
807,2025-02-27,105,1,51,7,44,103,15,Low Stock,Current
808,2024-02-24,7,5,210,65,145,58,23,Healthy,Current
809,2024-06-20,56,5,256,14,242,92,39,Healthy,Current
810,2024-11-09,7,3,190,13,177,120,22,Healthy,Current
811,2024-10-10,86,6,156,70,86,95,10,Low Stock,Current
812,2025-08-15,25,5,90,7,83,43,50,Healthy,Future
813,2025-04-20,78,6,190,32,158,121,41,Healthy,Future
814,2025-04-03,110,6,241,23,218,87,41,Healthy,Current
815,2025-04-29,84,3,162,9,153,129,15,Healthy,Future
816,2024-12-22,50,6,104,32,72,75,33,Low Stock,Current
817,2025-12-26,87,1,16,71,0,134,0,Stockout,Current
818,2024-10-14,100,4,13,57,0,129,43,Stockout,Current
819,2024-01-14,28,5,7,47,0,98,10,Stockout,Current
820,2025-09-06,1,6,223,65,158,65,32,Healthy,Future
821,2025-04-30,32,1,158,87,71,110,38,Low Stock,Current
822,2024-08-20,72,6,329,83,246,99,13,Healthy,Future
823,2025-03-06,111,6,195,69,126,67,24,Healthy,Future
824,2024-01-30,16,3,313,18,295,41,27,Healthy,Future
825,2024-08-23,94,6,210,29,181,65,42,Healthy,Current
826,2024-02-19,92,6,301,3,298,47,33,Healthy,Future
827,2024-06-04,29,6,330,27,303,61,50,Healthy,Future
828,2025-01-13,24,2,207,70,137,46,3,Healthy,Current
829,2025-12-09,32,6,144,10,134,119,20,Healthy,Future
830,2025-07-17,47,6,34,46,0,87,28,Stockout,Current
831,2025-03-08,71,6,195,40,155,40,2,Healthy,Future
832,2025-09-03,28,2,57,23,34,139,35,Low Stock,Current
833,2025-09-17,26,2,259,11,248,81,42,Healthy,Future
834,2025-08-22,27,1,359,80,279,123,49,Healthy,Future
835,2024-03-09,85,3,116,48,68,119,11,Low Stock,Current
836,2024-01-05,117,6,122,11,111,139,21,Low Stock,Future
837,2024-02-27,23,4,225,24,201,81,4,Healthy,Current
838,2025-01-31,118,2,71,47,24,46,33,Low Stock,Future
839,2025-03-28,3,6,308,68,240,124,3,Healthy,Future
840,2024-02-14,43,4,122,38,84,64,28,Healthy,Future
841,2025-11-28,34,1,147,90,57,54,45,Healthy,Current
842,2024-07-18,37,6,137,40,97,44,49,Healthy,Current
843,2025-04-04,116,3,81,62,19,121,27,Low Stock,Current
844,2024-11-19,4,4,161,90,71,40,22,Healthy,Future
845,2025-02-10,113,2,263,39,224,88,31,Healthy,Future
846,2025-10-06,19,6,356,69,287,96,39,Healthy,Future
847,2024-06-11,109,5,21,67,0,60,24,Stockout,Current
848,2024-05-21,57,5,11,82,0,51,1,Stockout,Current
849,2025-12-15,28,6,209,12,197,140,4,Healthy,Future
850,2025-02-03,27,3,223,85,138,123,46,Healthy,Future
851,2024-08-29,116,6,355,35,320,103,36,Healthy,Future
852,2024-09-22,110,3,131,27,104,52,37,Healthy,Current
853,2024-02-29,11,6,53,40,13,105,9,Low Stock,Current
854,2024-06-15,68,2,52,24,28,134,5,Low Stock,Future
855,2025-02-21,71,2,59,80,0,133,29,Stockout,Current
856,2024-12-09,2,5,22,37,0,103,9,Stockout,Current
857,2025-11-28,94,6,36,80,0,121,2,Stockout,Current
858,2025-02-25,110,6,276,45,231,118,0,Healthy,Future
859,2025-03-03,50,6,154,23,131,139,3,Low Stock,Future
860,2025-11-29,110,4,90,1,89,112,23,Low Stock,Future
861,2025-03-21,85,4,131,53,78,119,38,Low Stock,Current
862,2025-08-30,113,6,18,61,0,122,7,Stockout,Current
863,2025-03-10,58,6,99,36,63,137,49,Low Stock,Future
864,2025-10-21,41,2,14,0,14,100,39,Low Stock,Current
865,2025-06-18,97,1,321,84,237,127,2,Healthy,Future
866,2024-11-02,106,3,119,70,49,40,11,Healthy,Current
867,2024-11-14,33,1,128,16,112,122,10,Low Stock,Current
868,2025-03-28,98,6,219,78,141,44,38,Healthy,Future
869,2025-07-16,100,3,273,19,254,98,23,Healthy,Future
870,2025-05-15,114,6,213,47,166,71,35,Healthy,Future
871,2024-06-16,87,6,170,60,110,55,10,Healthy,Future
872,2024-12-22,72,1,143,60,83,65,15,Healthy,Current
873,2024-11-04,55,2,43,20,23,132,31,Low Stock,Future
874,2025-01-11,90,4,45,2,43,89,36,Low Stock,Current
875,2025-05-25,90,2,134,43,91,62,25,Healthy,Current
876,2024-08-04,54,1,2,84,0,45,30,Stockout,Current
877,2024-08-29,65,2,315,82,233,104,33,Healthy,Future
878,2024-12-11,20,6,110,48,62,47,18,Healthy,Future
879,2024-10-17,120,1,33,0,33,134,7,Low Stock,Current
880,2024-07-03,107,4,2,34,0,114,41,Stockout,Current
881,2024-10-08,71,3,44,67,0,126,10,Stockout,Current
882,2025-06-27,16,6,64,63,1,53,23,Low Stock,Current
883,2025-01-09,93,1,47,58,0,117,46,Stockout,Future
884,2024-09-02,97,3,343,25,318,87,3,Healthy,Future
885,2025-07-11,115,6,146,19,127,135,50,Low Stock,Current
886,2025-06-04,30,6,279,26,253,59,30,Healthy,Future
887,2024-11-17,52,1,32,40,0,120,4,Stockout,Current
888,2024-06-12,94,1,333,84,249,81,43,Healthy,Future
889,2025-05-29,81,6,5,36,0,98,48,Stockout,Current
890,2025-05-16,40,6,254,68,186,82,23,Healthy,Future
891,2024-10-29,11,6,215,89,126,94,0,Healthy,Current
892,2025-05-21,76,2,94,85,9,49,24,Low Stock,Future
893,2025-12-18,47,3,95,68,27,100,0,Low Stock,Current
894,2025-07-21,66,6,178,77,101,79,24,Healthy,Current
895,2024-09-30,36,1,45,38,7,107,27,Low Stock,Current
896,2024-01-01,113,6,258,40,218,85,5,Healthy,Future
897,2024-11-26,102,2,108,26,82,79,0,Healthy,Future
898,2024-09-03,120,5,95,87,8,85,2,Low Stock,Future
899,2024-12-22,103,2,127,89,38,114,2,Low Stock,Future
900,2025-01-26,108,6,109,19,90,98,19,Low Stock,Current
901,2024-03-18,11,2,52,69,0,41,39,Stockout,Future
902,2024-12-21,46,6,45,88,0,51,5,Stockout,Current
903,2025-01-14,81,6,181,24,157,117,0,Healthy,Future
904,2024-05-09,82,4,243,55,188,109,5,Healthy,Current
905,2024-10-23,76,1,4,7,0,138,13,Stockout,Current
906,2024-09-25,24,6,179,89,90,130,0,Low Stock,Current
907,2024-08-10,111,6,8,70,0,99,32,Stockout,Current
908,2024-02-20,32,1,336,21,315,103,22,Healthy,Future
909,2024-11-10,81,1,167,77,90,116,30,Low Stock,Future
910,2025-10-25,12,3,87,26,61,123,24,Low Stock,Current
911,2025-07-24,28,6,149,84,65,104,26,Low Stock,Future
912,2025-10-12,28,4,0,72,0,116,45,Stockout,Current
913,2024-04-08,106,5,226,40,186,111,20,Healthy,Current
914,2025-08-07,106,6,99,79,20,76,8,Low Stock,Current
915,2024-07-26,110,6,113,53,60,130,49,Low Stock,Future
916,2025-02-12,113,6,43,49,0,123,18,Stockout,Current
917,2024-01-21,74,6,206,21,185,87,4,Healthy,Current
918,2025-12-13,31,6,227,72,155,100,12,Healthy,Current
919,2025-04-29,22,2,292,52,240,131,9,Healthy,Future
920,2025-03-21,94,6,191,21,170,68,0,Healthy,Current
921,2024-11-07,78,6,46,19,27,111,37,Low Stock,Future
922,2024-11-15,31,2,150,54,96,54,6,Healthy,Current
923,2024-08-05,36,6,126,44,82,85,8,Low Stock,Current
924,2025-06-18,36,1,28,78,0,42,44,Stockout,Current
925,2025-01-24,21,6,41,66,0,95,34,Stockout,Current
926,2025-10-18,13,3,343,8,335,125,12,Healthy,Future
927,2025-06-01,90,1,114,53,61,105,39,Low Stock,Current
928,2024-09-02,70,6,352,54,298,56,4,Healthy,Future
929,2025-01-11,61,3,112,21,91,43,22,Healthy,Current
930,2025-05-22,92,4,106,53,53,55,39,Low Stock,Current
931,2024-11-14,43,4,152,25,127,103,14,Healthy,Current
932,2024-01-12,58,6,175,52,123,109,44,Healthy,Future
933,2025-11-06,64,3,85,63,22,92,35,Low Stock,Current
934,2025-11-12,89,1,133,69,64,119,9,Low Stock,Future
935,2025-10-22,26,6,205,29,176,126,35,Healthy,Future
936,2025-02-06,42,6,90,32,58,109,49,Low Stock,Current
937,2025-11-12,77,4,33,80,0,119,18,Stockout,Current
938,2024-11-10,89,6,222,39,183,81,3,Healthy,Future
939,2025-08-01,44,3,253,4,249,51,0,Healthy,Future
940,2024-12-09,90,1,190,14,176,41,48,Healthy,Future
941,2024-02-07,43,5,95,81,14,69,25,Low Stock,Current
942,2024-04-12,33,2,47,31,16,64,16,Low Stock,Future
943,2025-05-09,101,6,115,44,71,68,28,Healthy,Current
944,2024-05-08,58,6,149,52,97,62,46,Healthy,Current
945,2025-01-11,108,2,45,9,36,69,34,Low Stock,Current
946,2024-11-08,49,2,195,8,187,112,2,Healthy,Current
947,2025-05-02,35,1,145,41,104,137,22,Low Stock,Future
948,2025-10-26,108,3,136,66,70,48,31,Healthy,Current
949,2025-02-14,114,6,129,25,104,52,50,Healthy,Current
950,2025-08-18,21,3,206,56,150,112,47,Healthy,Current
951,2025-05-30,119,2,77,74,3,102,36,Low Stock,Future
952,2025-09-24,114,4,234,28,206,54,47,Healthy,Future
953,2024-01-23,22,6,0,3,0,110,6,Stockout,Current
954,2025-02-15,98,2,50,81,0,105,20,Stockout,Future
955,2025-12-01,76,6,183,22,161,74,34,Healthy,Future
956,2024-04-21,50,6,79,75,4,79,12,Low Stock,Future
957,2024-06-30,26,2,78,69,9,63,49,Low Stock,Current
958,2024-02-14,118,1,115,0,115,60,37,Healthy,Current
959,2024-09-07,67,6,122,19,103,90,8,Healthy,Future
960,2025-10-26,108,3,347,24,323,61,35,Healthy,Future
961,2024-10-06,41,2,305,59,246,52,8,Healthy,Future
962,2025-08-02,61,6,45,19,26,59,48,Low Stock,Future
963,2025-12-21,87,6,276,5,271,88,14,Healthy,Future
964,2025-07-16,31,6,139,17,122,91,29,Healthy,Future
965,2025-05-24,88,5,217,2,215,112,33,Healthy,Future
966,2024-06-09,5,2,332,11,321,41,13,Healthy,Future
967,2025-11-29,57,6,134,74,60,120,0,Low Stock,Current
968,2025-02-02,59,2,154,60,94,106,48,Low Stock,Future
969,2024-04-21,115,1,266,27,239,97,18,Healthy,Future
970,2024-07-20,90,3,129,55,74,119,28,Low Stock,Current
971,2024-07-03,64,6,164,61,103,91,19,Healthy,Current
972,2024-02-02,49,1,192,83,109,124,8,Low Stock,Future
973,2025-12-04,10,4,25,74,0,92,22,Stockout,Current
974,2025-03-19,116,3,83,52,31,116,24,Low Stock,Current
975,2024-09-09,5,2,90,12,78,72,36,Healthy,Current
976,2024-07-30,50,2,45,55,0,128,3,Stockout,Future
977,2024-01-19,54,2,17,73,0,42,42,Stockout,Current
978,2025-10-05,7,6,243,19,224,40,46,Healthy,Current
979,2024-12-12,79,1,212,76,136,54,34,Healthy,Future
980,2024-03-18,31,6,130,77,53,40,33,Healthy,Current
981,2024-11-15,40,2,112,13,99,96,6,Healthy,Current
982,2024-02-23,61,6,44,67,0,49,28,Stockout,Future
983,2025-08-28,20,2,102,11,91,121,28,Low Stock,Current
984,2025-07-04,69,5,131,15,116,126,15,Low Stock,Future
985,2024-04-02,71,6,175,15,160,138,1,Healthy,Current
986,2024-05-27,83,2,209,25,184,106,4,Healthy,Future
987,2024-04-27,79,6,32,5,27,117,49,Low Stock,Current
988,2025-06-05,90,6,227,67,160,122,23,Healthy,Future
989,2024-06-21,5,6,53,87,0,89,33,Stockout,Current
990,2025-09-15,92,6,303,1,302,66,18,Healthy,Future
991,2024-02-23,47,1,92,88,4,98,50,Low Stock,Current
992,2024-09-19,56,6,99,57,42,76,14,Low Stock,Current
993,2025-02-19,88,6,174,50,124,70,50,Healthy,Current
994,2024-05-04,113,6,29,4,25,115,41,Low Stock,Current
995,2025-12-02,22,1,64,21,43,47,16,Low Stock,Current
996,2025-02-23,27,1,225,4,221,81,20,Healthy,Current
997,2024-10-12,20,6,91,82,9,40,21,Low Stock,Future
998,2025-11-22,81,6,40,10,30,116,31,Low Stock,Current
999,2025-10-09,45,3,139,59,80,138,18,Low Stock,Current
1000,2024-02-13,35,6,110,39,71,64,15,Healthy,Current
1001,2025-04-23,1,6,167,6,161,138,28,Healthy,Future
1002,2024-05-15,100,3,19,83,0,98,29,Stockout,Current
1003,2025-10-17,69,4,321,70,251,42,36,Healthy,Future
1004,2025-01-12,33,3,257,67,190,134,24,Healthy,Future
1005,2024-02-11,17,6,141,32,109,117,42,Low Stock,Current
1006,2024-04-28,102,1,13,28,0,45,27,Stockout,Current
1007,2024-08-01,3,3,165,31,134,93,8,Healthy,Current
1008,2025-01-01,48,1,103,57,46,137,36,Low Stock,Current
1009,2024-10-27,111,5,90,73,17,103,25,Low Stock,Current
1010,2025-03-21,31,1,183,3,180,138,13,Healthy,Current
1011,2025-05-01,45,1,69,33,36,117,4,Low Stock,Future
1012,2024-01-17,59,6,49,15,34,119,45,Low Stock,Current
1013,2025-07-12,64,6,172,69,103,47,5,Healthy,Current
1014,2024-05-19,31,6,202,79,123,92,31,Healthy,Current
1015,2025-01-30,32,6,34,45,0,58,4,Stockout,Current
1016,2024-11-18,111,6,239,67,172,51,27,Healthy,Future
1017,2024-10-11,81,1,89,5,84,94,9,Low Stock,Current
1018,2025-04-15,39,6,185,25,160,114,10,Healthy,Current
1019,2025-07-21,19,4,129,66,63,130,22,Low Stock,Current
1020,2024-03-14,63,6,107,8,99,102,22,Low Stock,Current
1021,2024-05-31,33,4,13,88,0,93,7,Stockout,Current
1022,2024-02-19,102,1,148,42,106,43,2,Healthy,Future
1023,2024-11-28,81,4,53,68,0,140,27,Stockout,Current
1024,2025-03-05,33,6,172,85,87,109,39,Low Stock,Current
1025,2025-01-09,74,2,346,81,265,101,19,Healthy,Future
1026,2024-05-02,73,5,16,36,0,78,17,Stockout,Current
1027,2024-04-24,92,6,16,66,0,69,46,Stockout,Current
1028,2025-06-17,70,4,59,25,34,74,6,Low Stock,Current
1029,2024-02-01,110,5,69,16,53,80,3,Low Stock,Current
1030,2024-09-20,115,3,42,88,0,71,33,Stockout,Current
1031,2024-01-09,48,1,110,32,78,76,48,Healthy,Current
1032,2024-12-28,118,6,274,36,238,100,49,Healthy,Future
1033,2024-03-02,91,2,260,4,256,57,19,Healthy,Future
1034,2024-02-17,78,1,125,20,105,110,4,Low Stock,Current
1035,2024-08-09,6,1,0,37,0,44,9,Stockout,Current
1036,2024-12-23,60,3,72,26,46,112,42,Low Stock,Current
1037,2024-03-03,32,6,125,71,54,62,21,Low Stock,Current
1038,2024-06-06,15,1,343,5,338,42,44,Healthy,Future
1039,2025-05-05,80,6,75,30,45,43,0,Healthy,Future
1040,2024-01-28,20,1,65,50,15,76,45,Low Stock,Future
1041,2025-01-18,87,2,108,31,77,75,16,Healthy,Current
1042,2024-09-28,41,5,117,36,81,134,16,Low Stock,Future
1043,2025-04-16,46,5,6,21,0,124,44,Stockout,Current
1044,2025-02-10,82,2,120,61,59,47,6,Healthy,Current
1045,2025-02-04,7,2,260,86,174,85,25,Healthy,Future
1046,2024-05-31,9,3,88,41,47,131,18,Low Stock,Future
1047,2024-12-16,31,6,207,52,155,87,25,Healthy,Future
1048,2024-12-27,89,6,284,80,204,93,12,Healthy,Future
1049,2025-01-30,22,5,164,64,100,133,35,Low Stock,Current
1050,2025-07-03,64,3,16,84,0,44,26,Stockout,Current
1051,2024-03-19,120,3,6,28,0,70,9,Stockout,Current
1052,2024-11-10,15,4,258,69,189,138,13,Healthy,Future
1053,2024-10-15,11,6,6,89,0,55,7,Stockout,Current
1054,2024-04-16,84,6,154,61,93,126,30,Low Stock,Future
1055,2024-05-11,39,1,105,47,58,82,14,Low Stock,Current
1056,2025-10-25,18,2,47,81,0,52,13,Stockout,Current
1057,2024-04-25,60,5,178,60,118,109,41,Healthy,Current
1058,2025-08-13,57,1,163,87,76,109,21,Low Stock,Current
1059,2024-05-22,75,6,163,50,113,58,10,Healthy,Current
1060,2025-10-06,116,3,121,75,46,55,10,Low Stock,Current
1061,2024-07-23,41,3,357,85,272,120,23,Healthy,Future
1062,2025-11-07,9,3,41,86,0,115,25,Stockout,Current
1063,2025-10-19,30,6,27,18,9,82,17,Low Stock,Current
1064,2024-05-03,103,2,41,17,24,78,27,Low Stock,Current
1065,2024-04-22,88,1,156,74,82,130,0,Low Stock,Current
1066,2024-11-29,51,2,234,61,173,91,37,Healthy,Future
1067,2024-10-12,36,6,31,56,0,66,9,Stockout,Current
1068,2024-04-05,61,6,49,55,0,76,15,Stockout,Current
1069,2024-07-20,39,4,226,44,182,40,44,Healthy,Current
1070,2025-01-30,34,6,91,36,55,127,26,Low Stock,Current
1071,2024-09-23,118,3,321,15,306,93,21,Healthy,Future
1072,2025-07-14,24,4,226,13,213,108,8,Healthy,Current
1073,2025-04-30,93,6,104,87,17,101,49,Low Stock,Current
1074,2025-09-01,9,1,138,77,61,72,38,Low Stock,Current
1075,2025-11-07,27,1,110,68,42,111,5,Low Stock,Current
1076,2024-12-12,36,3,315,17,298,119,14,Healthy,Future
1077,2025-02-21,44,3,143,7,136,98,6,Healthy,Current
1078,2025-08-30,69,6,21,12,9,81,36,Low Stock,Current
1079,2025-10-02,113,1,22,81,0,107,29,Stockout,Current
1080,2025-12-30,5,5,209,86,123,80,19,Healthy,Future
1081,2024-03-20,107,1,66,44,22,78,26,Low Stock,Future
1082,2025-04-26,17,6,250,15,235,104,2,Healthy,Future
1083,2025-07-24,37,4,61,52,9,136,37,Low Stock,Future
1084,2024-05-29,119,1,175,89,86,117,21,Low Stock,Current
1085,2024-11-25,31,6,14,22,0,125,23,Stockout,Current
1086,2024-01-09,1,6,211,57,154,96,41,Healthy,Future
1087,2024-09-11,64,2,219,89,130,70,47,Healthy,Future
1088,2025-05-09,83,6,183,46,137,47,50,Healthy,Current
1089,2025-06-05,21,2,55,82,0,102,49,Stockout,Current
1090,2025-06-18,119,6,226,22,204,130,29,Healthy,Current
1091,2024-08-20,92,6,194,52,142,56,6,Healthy,Future
1092,2025-06-16,83,6,45,79,0,91,39,Stockout,Current
1093,2024-07-19,48,2,49,60,0,112,30,Stockout,Current
1094,2025-08-04,94,4,141,84,57,99,7,Low Stock,Current
1095,2024-12-29,72,5,165,55,110,112,37,Low Stock,Current
1096,2025-06-07,85,1,10,18,0,79,1,Stockout,Current
1097,2024-01-27,72,3,151,38,113,100,47,Healthy,Future
1098,2025-07-04,107,6,39,31,8,95,17,Low Stock,Current
1099,2024-09-21,17,6,126,9,117,120,9,Low Stock,Future
1100,2025-09-24,119,1,24,25,0,123,7,Stockout,Current
1101,2025-10-13,83,6,33,31,2,83,20,Low Stock,Current
1102,2025-09-04,109,2,153,22,131,96,37,Healthy,Current
1103,2024-11-09,102,3,52,47,5,74,27,Low Stock,Current
1104,2024-06-07,104,6,52,55,0,139,36,Stockout,Current
1105,2024-01-30,29,6,172,61,111,74,4,Healthy,Current
1106,2024-04-28,27,6,161,17,144,108,40,Healthy,Future
1107,2025-03-03,11,2,17,33,0,100,11,Stockout,Current
1108,2024-09-24,73,1,228,53,175,50,43,Healthy,Current
1109,2025-10-28,48,2,162,14,148,85,48,Healthy,Future
1110,2025-08-27,5,6,343,74,269,88,0,Healthy,Future
1111,2024-12-27,50,2,3,67,0,118,0,Stockout,Current
1112,2025-08-19,22,3,204,14,190,124,14,Healthy,Current
1113,2025-04-05,120,1,52,86,0,72,38,Stockout,Current
1114,2025-02-03,46,5,248,68,180,136,21,Healthy,Current
1115,2024-05-27,108,5,108,52,56,44,42,Healthy,Current
1116,2024-02-13,114,6,105,61,44,93,48,Low Stock,Current
1117,2024-12-08,111,2,128,63,65,62,18,Healthy,Future
1118,2024-05-30,46,6,63,42,21,92,27,Low Stock,Future
1119,2025-09-07,39,3,246,5,241,128,29,Healthy,Future
1120,2024-03-21,42,5,118,54,64,62,4,Healthy,Current
1121,2025-02-21,60,6,221,25,196,82,9,Healthy,Future
1122,2025-03-15,81,6,105,69,36,119,39,Low Stock,Current
1123,2025-01-18,100,6,326,33,293,79,12,Healthy,Future
1124,2024-06-06,13,6,121,26,95,102,39,Low Stock,Future
1125,2024-12-06,60,3,242,15,227,40,29,Healthy,Future
1126,2025-07-07,118,6,10,31,0,115,21,Stockout,Current
1127,2024-05-17,118,6,67,88,0,52,8,Stockout,Current
1128,2024-12-03,100,3,71,73,0,78,48,Stockout,Current
1129,2025-04-20,102,6,83,41,42,46,12,Low Stock,Current
1130,2025-06-21,7,6,78,52,26,135,9,Low Stock,Current
1131,2024-09-22,86,6,188,61,127,81,49,Healthy,Future
1132,2024-07-20,67,1,66,37,29,67,12,Low Stock,Current
1133,2025-04-16,45,3,204,60,144,42,41,Healthy,Future
1134,2025-03-23,4,2,104,7,97,70,1,Healthy,Current
1135,2025-10-27,49,6,321,50,271,65,0,Healthy,Future
1136,2025-11-07,40,6,196,16,180,49,1,Healthy,Future
1137,2024-04-08,6,6,69,31,38,124,12,Low Stock,Current
1138,2024-04-13,6,6,51,81,0,63,39,Stockout,Current
1139,2025-10-16,113,3,46,36,10,84,19,Low Stock,Current
1140,2024-09-17,99,6,227,0,227,91,17,Healthy,Current
1141,2024-08-01,25,6,87,57,30,122,10,Low Stock,Current
1142,2025-11-05,114,2,113,24,89,44,21,Healthy,Current
1143,2025-09-06,109,6,129,82,47,60,28,Low Stock,Current
1144,2024-01-26,113,4,71,87,0,96,9,Stockout,Current
1145,2025-12-22,27,3,193,57,136,84,37,Healthy,Current
1146,2024-05-12,63,6,148,35,113,66,10,Healthy,Future
1147,2025-01-02,13,5,136,79,57,88,40,Low Stock,Current
1148,2025-08-29,65,3,199,3,196,56,16,Healthy,Current
1149,2025-04-09,104,1,39,42,0,101,24,Stockout,Current
1150,2024-12-28,72,1,212,19,193,81,5,Healthy,Future
1151,2024-04-12,104,2,26,48,0,93,9,Stockout,Current
1152,2024-10-06,43,6,114,63,51,73,17,Low Stock,Current
1153,2025-02-27,49,6,30,16,14,89,16,Low Stock,Current
1154,2025-07-12,67,5,219,70,149,87,44,Healthy,Current
1155,2025-04-18,2,6,146,58,88,114,35,Low Stock,Current
1156,2024-10-17,75,2,121,15,106,136,34,Low Stock,Current
1157,2025-01-21,37,1,130,70,60,90,24,Low Stock,Current
1158,2025-08-28,43,6,84,51,33,83,13,Low Stock,Current
1159,2024-06-24,62,6,323,50,273,63,18,Healthy,Future
1160,2025-10-01,38,1,173,15,158,110,29,Healthy,Current
1161,2024-11-08,103,1,92,38,54,68,0,Low Stock,Future
1162,2024-07-07,72,3,133,77,56,134,50,Low Stock,Current
1163,2025-03-27,16,3,107,82,25,119,44,Low Stock,Current
1164,2025-06-13,58,1,20,90,0,117,36,Stockout,Current
1165,2025-10-29,26,6,177,72,105,58,49,Healthy,Current
1166,2025-07-13,90,1,269,3,266,119,26,Healthy,Future
1167,2025-11-07,29,6,2,3,0,104,25,Stockout,Current
1168,2024-02-07,103,1,69,55,14,66,49,Low Stock,Future
1169,2024-07-08,21,3,216,66,150,125,45,Healthy,Current
1170,2025-11-04,23,1,210,26,184,49,33,Healthy,Current
1171,2024-11-14,20,6,100,33,67,99,4,Low Stock,Current
1172,2025-01-20,54,1,57,33,24,72,30,Low Stock,Current
1173,2025-04-06,4,1,98,39,59,108,10,Low Stock,Future
1174,2024-11-11,93,6,74,30,44,73,5,Low Stock,Current
1175,2024-08-12,40,6,196,30,166,79,5,Healthy,Future
1176,2024-06-30,88,3,65,71,0,63,9,Stockout,Future
1177,2024-08-14,107,6,62,7,55,91,11,Low Stock,Current
1178,2025-09-27,101,6,10,44,0,137,16,Stockout,Current
1179,2024-08-26,24,1,37,22,15,110,26,Low Stock,Current
1180,2024-05-21,118,2,47,20,27,135,35,Low Stock,Future
1181,2024-01-22,25,1,252,24,228,107,16,Healthy,Future
1182,2024-05-08,108,1,12,43,0,116,33,Stockout,Current
1183,2025-12-10,99,1,242,90,152,95,9,Healthy,Current
1184,2025-01-31,24,5,40,79,0,66,3,Stockout,Current
1185,2025-01-22,29,4,92,50,42,68,27,Low Stock,Current
1186,2025-03-02,57,6,136,3,133,79,28,Healthy,Current
1187,2024-04-22,45,1,125,28,97,120,19,Low Stock,Current
1188,2024-03-08,86,2,170,86,84,45,14,Healthy,Current
1189,2024-09-20,8,4,32,74,0,96,24,Stockout,Current
1190,2025-11-11,9,6,173,24,149,91,26,Healthy,Future
1191,2024-07-26,62,6,97,36,61,48,25,Healthy,Current
1192,2024-08-21,67,6,284,64,220,113,23,Healthy,Future
1193,2025-10-11,100,4,94,32,62,80,40,Low Stock,Future
1194,2025-09-28,50,6,336,54,282,106,40,Healthy,Future
1195,2024-08-06,90,1,111,1,110,113,7,Low Stock,Current
1196,2025-02-23,5,6,358,29,329,109,5,Healthy,Future
1197,2024-06-23,106,6,261,3,258,55,27,Healthy,Future
1198,2025-02-07,59,6,186,20,166,67,20,Healthy,Future
1199,2024-01-06,63,6,48,18,30,42,21,Low Stock,Current
1200,2025-06-05,111,2,270,50,220,59,22,Healthy,Future
1201,2025-06-30,8,6,252,78,174,58,16,Healthy,Future
1202,2025-07-19,16,4,256,49,207,137,5,Healthy,Future
1203,2025-03-25,58,5,164,75,89,61,45,Healthy,Current
1204,2024-12-22,60,5,282,18,264,66,35,Healthy,Future
1205,2024-09-21,30,6,60,85,0,109,2,Stockout,Current
1206,2024-01-25,91,1,46,74,0,52,19,Stockout,Current
1207,2025-08-07,18,6,244,71,173,129,43,Healthy,Current
1208,2025-06-09,118,6,2,65,0,110,13,Stockout,Current
1209,2024-02-10,92,3,20,73,0,110,11,Stockout,Current
1210,2025-01-06,107,6,16,19,0,95,22,Stockout,Current
1211,2024-01-30,30,2,193,0,193,58,24,Healthy,Current
1212,2024-01-14,39,3,46,65,0,93,26,Stockout,Future
1213,2024-01-07,47,5,211,18,193,96,33,Healthy,Current
1214,2025-11-09,47,6,131,21,110,118,41,Low Stock,Current
1215,2025-12-10,50,3,244,12,232,51,30,Healthy,Future
1216,2024-08-27,120,1,153,44,109,92,47,Healthy,Current
1217,2024-04-13,102,6,217,73,144,103,13,Healthy,Future
1218,2025-12-28,90,1,188,36,152,87,13,Healthy,Future
1219,2025-03-02,107,6,168,17,151,119,10,Healthy,Current
1220,2025-11-29,83,3,71,58,13,83,45,Low Stock,Current
1221,2025-11-05,114,3,95,89,6,77,5,Low Stock,Current
1222,2025-11-14,100,6,75,34,41,41,36,Healthy,Current
1223,2025-07-22,91,6,6,1,5,97,7,Low Stock,Current
1224,2025-01-18,1,6,226,81,145,73,46,Healthy,Current
1225,2024-09-18,81,6,190,73,117,63,44,Healthy,Current
1226,2025-09-30,100,5,160,63,97,71,10,Healthy,Current
1227,2025-01-01,32,6,226,28,198,108,47,Healthy,Future
1228,2025-06-03,14,3,282,24,258,112,37,Healthy,Future
1229,2025-06-17,37,4,112,39,73,53,19,Healthy,Current
1230,2025-02-09,87,4,63,61,2,60,26,Low Stock,Current
1231,2024-02-02,30,4,98,20,78,77,49,Healthy,Current
1232,2025-01-04,33,4,135,82,53,121,22,Low Stock,Future
1233,2025-09-14,97,2,59,79,0,76,10,Stockout,Future
1234,2024-12-16,86,3,12,68,0,132,21,Stockout,Current
1235,2024-03-29,70,3,15,60,0,118,46,Stockout,Current
1236,2025-02-01,36,4,304,11,293,82,22,Healthy,Future
1237,2025-03-16,111,6,103,75,28,98,23,Low Stock,Current
1238,2024-06-25,62,5,306,38,268,134,5,Healthy,Future
1239,2025-05-24,102,6,161,17,144,137,6,Healthy,Future
1240,2024-06-22,3,6,85,10,75,99,50,Low Stock,Current
1241,2024-08-01,81,6,64,15,49,111,18,Low Stock,Current
1242,2024-01-17,83,3,103,72,31,92,41,Low Stock,Current
1243,2025-08-29,11,6,61,4,57,134,32,Low Stock,Current
1244,2025-08-01,67,3,201,61,140,91,15,Healthy,Future
1245,2025-12-20,67,1,73,46,27,126,9,Low Stock,Current
1246,2025-01-26,113,1,22,36,0,104,33,Stockout,Current
1247,2025-05-24,9,1,8,46,0,42,47,Stockout,Current
1248,2025-03-20,59,1,227,56,171,86,21,Healthy,Future
1249,2025-09-24,110,3,329,55,274,65,27,Healthy,Future
1250,2025-04-08,88,6,238,46,192,128,12,Healthy,Current
1251,2024-09-03,47,6,85,53,32,66,26,Low Stock,Future
1252,2025-02-16,103,3,200,8,192,62,28,Healthy,Future
1253,2025-02-10,49,1,100,60,40,96,6,Low Stock,Current
1254,2024-02-20,58,6,64,63,1,47,25,Low Stock,Current
1255,2024-04-22,111,4,177,62,115,135,46,Low Stock,Future
1256,2025-01-15,52,6,157,86,71,46,27,Healthy,Future
1257,2025-03-21,68,6,96,63,33,125,43,Low Stock,Future
1258,2024-02-11,9,1,312,1,311,132,17,Healthy,Future
1259,2024-01-15,84,4,14,2,12,60,44,Low Stock,Current
1260,2025-01-23,26,4,295,45,250,106,22,Healthy,Future
1261,2024-10-29,17,3,199,65,134,96,10,Healthy,Current
1262,2024-09-25,4,6,141,58,83,86,18,Low Stock,Future
1263,2024-06-06,32,2,52,4,48,133,44,Low Stock,Current
1264,2024-09-18,57,6,312,21,291,48,26,Healthy,Future
1265,2025-02-23,18,1,40,77,0,115,13,Stockout,Current
1266,2024-10-11,71,3,112,67,45,105,33,Low Stock,Future
1267,2024-10-31,23,6,149,43,106,66,27,Healthy,Current
1268,2025-10-25,39,3,334,1,333,70,41,Healthy,Future
1269,2024-09-22,87,6,9,73,0,50,15,Stockout,Current
1270,2024-05-23,96,4,101,50,51,68,17,Low Stock,Future
1271,2025-03-30,119,6,199,35,164,90,6,Healthy,Current
1272,2025-06-17,108,5,298,28,270,42,33,Healthy,Future
1273,2025-04-16,120,6,113,71,42,79,8,Low Stock,Future
1274,2024-04-19,60,2,26,85,0,62,11,Stockout,Current
1275,2025-05-12,16,2,66,75,0,50,28,Stockout,Current
1276,2024-03-08,63,6,240,65,175,125,28,Healthy,Current
1277,2025-02-11,5,1,238,68,170,83,26,Healthy,Current
1278,2024-11-07,53,5,26,19,7,124,22,Low Stock,Current
1279,2024-01-25,73,6,151,73,78,76,3,Healthy,Current
1280,2024-12-29,47,2,184,1,183,122,15,Healthy,Future
1281,2024-01-06,23,2,213,16,197,83,18,Healthy,Current
1282,2025-11-15,109,6,129,45,84,91,5,Low Stock,Future
1283,2024-08-10,117,6,136,23,113,123,35,Low Stock,Future
1284,2025-04-08,91,6,176,14,162,54,12,Healthy,Current
1285,2024-08-18,74,6,10,17,0,126,29,Stockout,Current
1286,2024-12-23,4,6,58,48,10,118,35,Low Stock,Current
1287,2025-06-09,68,3,307,88,219,60,37,Healthy,Future
1288,2025-07-19,49,1,198,36,162,99,10,Healthy,Future
1289,2024-06-14,20,6,143,78,65,138,30,Low Stock,Current
1290,2025-01-13,118,6,82,9,73,42,15,Healthy,Future
1291,2024-04-30,115,2,351,72,279,85,31,Healthy,Future
1292,2025-08-27,19,1,58,1,57,105,16,Low Stock,Future
1293,2024-11-11,95,1,7,88,0,89,15,Stockout,Current
1294,2025-09-12,118,6,30,48,0,69,50,Stockout,Current
1295,2025-02-01,90,5,70,24,46,104,1,Low Stock,Current
1296,2025-08-15,66,3,167,28,139,137,26,Healthy,Current
1297,2024-02-15,97,2,55,55,0,135,46,Stockout,Future
1298,2024-07-11,5,4,167,32,135,100,27,Healthy,Current
1299,2024-01-20,108,6,80,34,46,79,9,Low Stock,Future
1300,2024-12-18,87,3,101,56,45,78,33,Low Stock,Current
1301,2024-03-14,72,6,109,60,49,78,5,Low Stock,Future
1302,2025-09-11,20,4,323,3,320,83,38,Healthy,Future
1303,2025-05-24,21,1,330,16,314,101,33,Healthy,Future
1304,2024-06-29,1,4,86,46,40,113,1,Low Stock,Current
1305,2024-01-19,34,1,43,68,0,54,42,Stockout,Current
1306,2025-06-20,12,6,182,19,163,48,7,Healthy,Current
1307,2025-07-25,55,6,154,5,149,121,3,Healthy,Current
1308,2025-05-26,103,6,99,67,32,117,32,Low Stock,Current
1309,2025-12-02,94,6,2,68,0,94,43,Stockout,Current
1310,2025-05-26,14,6,73,46,27,113,17,Low Stock,Future
1311,2025-08-03,30,6,235,4,231,55,11,Healthy,Future
1312,2024-01-21,4,1,170,28,142,132,8,Healthy,Current
1313,2024-03-24,65,4,138,5,133,45,19,Healthy,Current
1314,2024-11-06,84,6,103,2,101,83,1,Healthy,Future
1315,2025-04-12,14,6,3,20,0,59,23,Stockout,Current
1316,2024-08-08,11,1,44,41,3,67,25,Low Stock,Future
1317,2025-11-11,30,3,216,20,196,134,50,Healthy,Future
1318,2025-09-14,21,6,219,56,163,78,1,Healthy,Future
1319,2025-12-19,22,6,219,63,156,66,6,Healthy,Current
1320,2025-02-27,40,2,232,6,226,60,37,Healthy,Current
1321,2024-04-19,41,1,227,34,193,90,37,Healthy,Future
1322,2025-01-16,29,1,43,1,42,88,19,Low Stock,Current
1323,2024-10-30,34,6,334,66,268,132,42,Healthy,Future
1324,2025-02-09,119,3,122,16,106,130,17,Low Stock,Future
1325,2025-09-10,41,6,285,52,233,82,30,Healthy,Future
1326,2025-12-13,42,2,167,50,117,77,10,Healthy,Future
1327,2024-08-31,50,3,175,53,122,79,3,Healthy,Future
1328,2025-09-01,24,1,111,71,40,90,16,Low Stock,Current
1329,2024-01-06,70,1,285,14,271,42,10,Healthy,Future
1330,2025-06-23,60,3,19,49,0,56,32,Stockout,Current
1331,2024-04-03,30,6,201,6,195,88,41,Healthy,Future
1332,2024-10-15,88,6,119,10,109,90,7,Healthy,Current
1333,2025-07-08,107,6,226,41,185,124,35,Healthy,Future
1334,2025-09-11,35,3,64,24,40,42,2,Low Stock,Current
1335,2025-09-15,85,2,165,59,106,59,15,Healthy,Current
1336,2025-07-02,74,6,267,68,199,59,22,Healthy,Future
1337,2024-07-15,115,6,129,71,58,70,11,Low Stock,Future
1338,2025-08-26,34,6,61,18,43,65,11,Low Stock,Future
1339,2024-05-13,32,3,144,6,138,138,24,Healthy,Current
1340,2024-02-27,3,6,50,60,0,41,45,Stockout,Current
1341,2024-07-06,8,4,141,50,91,80,14,Healthy,Current
1342,2025-05-21,113,1,308,60,248,99,25,Healthy,Future
1343,2024-10-07,50,4,230,86,144,64,13,Healthy,Current
1344,2025-08-21,66,6,162,40,122,113,42,Healthy,Current
1345,2025-10-06,21,6,45,29,16,85,1,Low Stock,Current
1346,2024-06-23,55,6,172,56,116,134,36,Low Stock,Future
1347,2024-10-24,101,1,159,69,90,131,3,Low Stock,Current
1348,2024-09-04,93,2,171,9,162,103,17,Healthy,Current
1349,2025-08-28,91,1,333,74,259,105,34,Healthy,Future
1350,2024-02-13,15,4,47,14,33,133,19,Low Stock,Future
1351,2024-05-21,47,6,242,20,222,44,32,Healthy,Future
1352,2025-02-21,6,1,31,59,0,73,34,Stockout,Current
1353,2024-07-30,37,2,10,58,0,100,26,Stockout,Current
1354,2025-10-23,58,3,187,38,149,139,22,Healthy,Current
1355,2024-01-09,33,6,192,87,105,62,27,Healthy,Future
1356,2025-10-28,119,6,198,16,182,57,8,Healthy,Future
1357,2024-01-25,56,1,45,38,7,127,33,Low Stock,Current
1358,2025-07-16,4,6,263,9,254,57,21,Healthy,Future
1359,2025-12-28,36,4,294,66,228,118,42,Healthy,Future
1360,2024-09-28,110,6,67,9,58,44,28,Healthy,Current
1361,2024-11-16,47,6,144,60,84,134,32,Low Stock,Current
1362,2025-09-17,112,2,93,35,58,50,4,Healthy,Current
1363,2024-05-12,79,6,170,66,104,75,31,Healthy,Current
1364,2024-03-21,19,4,248,0,248,91,23,Healthy,Future
1365,2024-11-16,74,2,15,5,10,140,24,Low Stock,Current
1366,2024-12-31,51,6,46,50,0,109,44,Stockout,Current
1367,2025-07-18,105,6,38,14,24,129,41,Low Stock,Current
1368,2024-02-11,9,6,94,48,46,48,0,Low Stock,Current
1369,2024-10-05,37,6,347,63,284,134,50,Healthy,Future
1370,2024-05-13,23,6,71,15,56,126,25,Low Stock,Current
1371,2024-04-21,30,6,57,38,19,84,37,Low Stock,Future
1372,2025-04-08,98,2,131,8,123,59,48,Healthy,Current
1373,2025-04-17,111,6,92,13,79,67,5,Healthy,Current
1374,2024-10-09,38,6,67,55,12,138,9,Low Stock,Future
1375,2024-01-03,57,6,251,90,161,135,15,Healthy,Current
1376,2025-07-12,101,2,207,69,138,55,1,Healthy,Current
1377,2025-03-15,111,6,66,4,62,63,12,Low Stock,Current
1378,2025-01-16,12,6,240,41,199,128,10,Healthy,Current
1379,2024-12-25,87,2,80,8,72,84,20,Low Stock,Current
1380,2024-12-11,23,6,165,34,131,83,27,Healthy,Future
1381,2024-06-19,107,6,131,32,99,113,25,Low Stock,Current
1382,2025-02-22,18,1,94,41,53,132,41,Low Stock,Future
1383,2025-04-27,72,4,164,55,109,74,7,Healthy,Current
1384,2024-08-12,42,6,87,72,15,57,13,Low Stock,Current
1385,2024-09-14,85,6,112,58,54,50,35,Healthy,Future
1386,2024-03-16,75,2,55,8,47,46,6,Healthy,Current
1387,2024-08-19,95,1,68,20,48,127,36,Low Stock,Current
1388,2024-07-26,62,6,127,6,121,112,47,Healthy,Future
1389,2025-03-04,77,4,48,66,0,136,8,Stockout,Current
1390,2025-06-06,12,3,115,75,40,138,39,Low Stock,Future
1391,2025-08-11,23,6,144,84,60,67,36,Low Stock,Future
1392,2025-06-02,55,1,45,70,0,79,38,Stockout,Current
1393,2024-02-15,107,3,228,46,182,108,3,Healthy,Future
1394,2024-06-15,61,1,236,80,156,122,22,Healthy,Future
1395,2024-10-24,87,6,109,8,101,125,20,Low Stock,Current
1396,2025-07-20,97,6,97,78,19,123,27,Low Stock,Future
1397,2024-06-28,43,6,40,48,0,124,37,Stockout,Current
1398,2025-06-20,92,6,115,18,97,64,5,Healthy,Future
1399,2024-03-22,55,6,14,18,0,139,38,Stockout,Current
1400,2024-05-21,64,5,95,71,24,90,1,Low Stock,Current
1401,2024-03-06,59,6,110,78,32,91,40,Low Stock,Current
1402,2024-11-02,92,6,92,14,78,62,18,Healthy,Future
1403,2025-03-03,27,3,338,54,284,64,19,Healthy,Future
1404,2024-02-13,74,5,137,48,89,103,12,Low Stock,Current
1405,2024-04-18,84,6,256,84,172,116,12,Healthy,Future
1406,2025-06-01,64,1,84,36,48,138,29,Low Stock,Current
1407,2025-03-22,119,6,67,45,22,67,26,Low Stock,Current
1408,2025-10-16,73,6,151,56,95,71,1,Healthy,Current
1409,2024-06-19,85,6,90,83,7,54,47,Low Stock,Current
1410,2025-06-27,80,4,229,30,199,132,39,Healthy,Current
1411,2025-10-18,105,2,173,67,106,110,13,Low Stock,Future
1412,2025-02-27,41,6,169,10,159,67,14,Healthy,Current
1413,2024-10-18,2,6,255,72,183,53,26,Healthy,Current
1414,2024-06-21,37,5,92,1,91,71,5,Healthy,Current
1415,2024-03-28,25,4,129,76,53,114,4,Low Stock,Future
1416,2025-04-11,69,3,118,3,115,49,12,Healthy,Future
1417,2025-06-13,36,3,106,27,79,93,34,Low Stock,Current
1418,2025-03-15,107,1,176,32,144,71,3,Healthy,Future
1419,2024-12-04,82,2,135,56,79,50,21,Healthy,Current
1420,2025-01-05,1,5,37,82,0,74,5,Stockout,Current
1421,2025-04-02,24,2,72,88,0,113,28,Stockout,Future
1422,2024-08-13,74,1,168,36,132,119,18,Healthy,Current
1423,2024-08-02,63,6,3,8,0,113,29,Stockout,Current
1424,2025-10-15,37,6,89,50,39,42,27,Low Stock,Current
1425,2025-11-20,79,2,181,67,114,129,22,Low Stock,Future
1426,2024-06-17,71,6,50,22,28,41,11,Low Stock,Current
1427,2025-09-02,49,1,70,39,31,136,25,Low Stock,Current
1428,2024-04-14,117,2,103,48,55,61,46,Low Stock,Current
1429,2024-02-20,67,4,130,25,105,114,19,Low Stock,Future
1430,2025-02-12,79,5,298,8,290,78,7,Healthy,Future
1431,2024-08-30,53,1,39,58,0,43,49,Stockout,Current
1432,2024-07-05,80,5,182,3,179,70,44,Healthy,Future
1433,2024-03-29,9,3,12,25,0,62,47,Stockout,Current
1434,2024-05-17,90,2,213,9,204,128,8,Healthy,Future
1435,2024-09-01,47,1,101,23,78,134,18,Low Stock,Current
1436,2025-03-13,66,1,113,44,69,138,12,Low Stock,Current
1437,2025-10-09,11,6,95,4,91,107,1,Low Stock,Future
1438,2024-12-22,26,2,284,59,225,50,13,Healthy,Future
1439,2025-04-04,84,5,33,50,0,105,15,Stockout,Current
1440,2024-07-03,58,6,198,47,151,90,27,Healthy,Current
1441,2024-09-03,61,2,25,63,0,129,6,Stockout,Current
1442,2024-08-15,120,6,62,75,0,131,46,Stockout,Future
1443,2024-04-17,13,1,346,43,303,41,32,Healthy,Future
1444,2024-02-27,47,3,224,55,169,106,27,Healthy,Current
1445,2024-06-18,116,3,18,82,0,132,43,Stockout,Current
1446,2025-12-22,57,5,109,37,72,59,50,Healthy,Current
1447,2025-10-24,95,6,101,45,56,44,43,Healthy,Current
1448,2024-11-01,87,2,113,21,92,130,35,Low Stock,Current
1449,2025-11-07,113,6,233,3,230,114,37,Healthy,Current
1450,2025-06-29,106,6,102,0,102,117,29,Low Stock,Current
1451,2024-10-22,117,4,218,48,170,99,7,Healthy,Future
1452,2025-10-05,88,6,200,68,132,140,47,Low Stock,Current
1453,2025-07-17,68,1,1,12,0,127,17,Stockout,Current
1454,2024-06-06,83,1,201,67,134,103,19,Healthy,Current
1455,2025-11-17,78,6,22,56,0,138,26,Stockout,Current
1456,2024-08-03,75,4,337,88,249,126,3,Healthy,Future
1457,2024-11-16,102,4,159,56,103,78,34,Healthy,Future
1458,2024-11-14,89,6,150,54,96,71,33,Healthy,Current
1459,2024-09-19,10,3,50,37,13,55,0,Low Stock,Current
1460,2025-03-18,51,6,166,60,106,68,49,Healthy,Current
1461,2024-01-11,97,6,91,73,18,63,29,Low Stock,Current
1462,2025-04-17,95,4,259,28,231,70,21,Healthy,Future
1463,2025-07-02,6,1,80,88,0,46,42,Stockout,Current
1464,2025-12-09,50,3,102,58,44,90,32,Low Stock,Current
1465,2025-07-11,105,4,75,10,65,135,13,Low Stock,Future
1466,2024-11-05,68,6,239,61,178,105,15,Healthy,Current
1467,2025-06-24,10,3,65,40,25,126,8,Low Stock,Current
1468,2025-02-01,87,1,200,28,172,70,8,Healthy,Future
1469,2024-10-28,24,6,208,23,185,96,15,Healthy,Current
1470,2024-10-24,49,6,275,13,262,76,28,Healthy,Future
1471,2024-08-21,14,1,141,64,77,66,5,Healthy,Current
1472,2025-01-24,16,5,198,74,124,72,9,Healthy,Current
1473,2024-06-11,60,1,112,7,105,91,48,Healthy,Current
1474,2025-04-12,3,2,272,66,206,67,32,Healthy,Future
1475,2024-10-11,32,3,157,79,78,116,39,Low Stock,Current
1476,2025-01-12,2,2,239,72,167,45,18,Healthy,Current
1477,2025-10-01,41,2,32,0,32,93,27,Low Stock,Current
1478,2025-03-25,42,1,153,21,132,72,31,Healthy,Current
1479,2024-09-17,11,5,331,81,250,113,33,Healthy,Future
1480,2025-06-02,23,2,250,40,210,114,22,Healthy,Current
1481,2024-08-15,42,6,183,23,160,40,11,Healthy,Future
1482,2025-07-30,104,1,155,41,114,115,14,Low Stock,Current
1483,2025-03-06,23,2,160,32,128,96,39,Healthy,Current
1484,2025-01-08,50,6,185,73,112,96,29,Healthy,Future
1485,2025-04-24,48,1,216,32,184,67,40,Healthy,Future
1486,2024-01-11,14,6,115,22,93,50,39,Healthy,Future
1487,2024-09-23,120,6,264,38,226,98,45,Healthy,Future
1488,2024-10-16,92,4,63,33,30,116,1,Low Stock,Future
1489,2025-06-14,7,5,64,66,0,98,27,Stockout,Future
1490,2025-08-30,75,6,205,19,186,140,20,Healthy,Current
1491,2024-10-09,119,2,145,68,77,80,50,Low Stock,Current
1492,2024-05-10,59,5,115,32,83,96,12,Low Stock,Current
1493,2025-09-20,107,5,53,83,0,56,22,Stockout,Current
1494,2025-11-15,85,1,68,41,27,66,20,Low Stock,Current
1495,2024-06-03,57,5,356,74,282,107,20,Healthy,Future
1496,2025-04-06,119,2,183,36,147,47,38,Healthy,Current
1497,2025-05-12,114,1,40,74,0,114,33,Stockout,Current
1498,2024-06-02,110,6,132,77,55,63,8,Low Stock,Current
1499,2024-11-13,120,6,117,18,99,48,24,Healthy,Current
1500,2024-12-23,105,1,229,19,210,140,40,Healthy,Future
1501,2025-01-10,117,6,100,27,73,111,2,Low Stock,Current
1502,2025-11-09,74,3,226,45,181,56,28,Healthy,Current
1503,2024-03-28,111,3,94,13,81,96,18,Low Stock,Current
1504,2025-05-09,66,6,240,15,225,92,45,Healthy,Future
1505,2024-05-11,72,6,90,56,34,128,1,Low Stock,Current
1506,2025-09-14,85,3,67,19,48,140,8,Low Stock,Future
1507,2024-06-19,51,6,310,86,224,47,0,Healthy,Future
1508,2025-08-20,1,6,77,3,74,82,24,Low Stock,Current
1509,2025-10-08,12,6,333,55,278,41,0,Healthy,Future
1510,2024-06-17,113,3,352,38,314,108,46,Healthy,Future
1511,2025-06-23,117,3,170,30,140,44,47,Healthy,Current
1512,2024-09-25,40,4,161,70,91,98,28,Low Stock,Future
1513,2025-06-12,102,1,104,83,21,121,38,Low Stock,Current
1514,2025-12-28,37,6,267,7,260,111,49,Healthy,Future
1515,2025-04-07,29,6,143,54,89,55,24,Healthy,Current
1516,2024-05-24,3,3,250,58,192,98,31,Healthy,Future
1517,2024-03-11,105,6,164,76,88,48,4,Healthy,Current
1518,2025-09-27,49,2,168,45,123,107,16,Healthy,Current
1519,2024-04-23,2,6,83,9,74,115,7,Low Stock,Current
1520,2024-02-03,91,1,97,89,8,120,9,Low Stock,Future
1521,2025-04-25,23,6,113,88,25,121,39,Low Stock,Current
1522,2024-10-17,45,6,171,34,137,103,16,Healthy,Current
1523,2024-12-25,13,6,74,86,0,56,39,Stockout,Current
1524,2025-06-01,34,6,314,86,228,79,18,Healthy,Future
1525,2025-02-03,120,6,205,71,134,63,41,Healthy,Future
1526,2024-11-09,103,1,208,87,121,52,37,Healthy,Current
1527,2025-01-28,90,6,210,10,200,116,6,Healthy,Future
1528,2025-06-12,92,3,250,46,204,64,31,Healthy,Future
1529,2024-09-09,76,4,187,37,150,54,42,Healthy,Future
1530,2025-12-22,45,3,352,72,280,72,23,Healthy,Future
1531,2024-06-03,63,6,218,9,209,60,15,Healthy,Future
1532,2025-04-05,9,3,27,89,0,128,47,Stockout,Current
1533,2024-03-06,110,1,142,19,123,70,24,Healthy,Future
1534,2025-06-26,90,2,108,39,69,87,44,Low Stock,Future
1535,2024-07-26,90,6,208,6,202,71,48,Healthy,Future
1536,2025-08-01,35,6,149,79,70,78,38,Low Stock,Current
1537,2025-07-19,64,6,301,6,295,108,48,Healthy,Future
1538,2025-04-18,45,3,269,6,263,132,19,Healthy,Future
1539,2024-10-06,12,2,61,15,46,97,45,Low Stock,Current
1540,2025-08-29,96,6,124,0,124,133,15,Low Stock,Future
1541,2025-01-20,46,5,125,66,59,75,39,Low Stock,Future
1542,2024-06-17,82,1,84,84,0,133,5,Stockout,Current
1543,2025-04-05,32,6,147,13,134,83,4,Healthy,Current
1544,2025-04-15,14,6,249,72,177,122,32,Healthy,Future
1545,2025-12-07,34,5,133,84,49,98,19,Low Stock,Future
1546,2024-08-11,21,1,252,86,166,102,29,Healthy,Current
1547,2025-02-02,74,6,119,56,63,98,3,Low Stock,Future
1548,2024-11-05,83,6,52,8,44,121,10,Low Stock,Future
1549,2025-06-19,19,6,55,41,14,74,32,Low Stock,Future
1550,2024-04-12,30,1,331,76,255,109,35,Healthy,Future
1551,2025-12-19,25,1,291,51,240,133,44,Healthy,Future
1552,2025-02-04,88,1,113,70,43,86,22,Low Stock,Future
1553,2024-07-24,31,1,35,21,14,118,32,Low Stock,Current
1554,2024-03-23,107,6,265,14,251,88,17,Healthy,Future
1555,2025-05-17,22,6,128,1,127,126,47,Healthy,Current
1556,2024-10-21,109,2,249,21,228,86,3,Healthy,Current
1557,2025-05-23,104,6,280,20,260,106,4,Healthy,Future
1558,2025-01-15,84,3,95,31,64,105,2,Low Stock,Current
1559,2024-08-25,67,1,85,88,0,131,29,Stockout,Future
1560,2025-01-26,72,3,45,60,0,53,49,Stockout,Current
1561,2025-06-02,113,3,38,86,0,47,45,Stockout,Current
1562,2025-03-20,19,6,68,50,18,53,48,Low Stock,Future
1563,2024-02-28,50,3,270,64,206,73,20,Healthy,Future
1564,2024-07-14,104,6,56,22,34,89,14,Low Stock,Current
1565,2025-12-22,20,6,46,37,9,45,29,Low Stock,Current
1566,2025-05-24,30,1,111,33,78,93,3,Low Stock,Current
1567,2025-05-04,96,3,57,13,44,140,10,Low Stock,Current
1568,2024-07-21,69,3,104,78,26,108,11,Low Stock,Current
1569,2025-11-16,120,6,216,23,193,60,41,Healthy,Future
1570,2025-06-18,51,4,24,79,0,129,40,Stockout,Current
1571,2025-10-18,113,6,273,9,264,61,25,Healthy,Future
1572,2025-06-07,84,1,192,21,171,116,11,Healthy,Future
1573,2025-06-29,60,2,131,20,111,95,14,Healthy,Current
1574,2025-06-01,40,4,75,9,66,117,42,Low Stock,Current
1575,2025-04-02,41,4,75,74,1,138,46,Low Stock,Current
1576,2024-06-19,6,6,162,71,91,121,40,Low Stock,Current
1577,2025-03-06,79,6,121,67,54,134,8,Low Stock,Future
1578,2025-07-03,57,4,358,24,334,99,26,Healthy,Future
1579,2025-07-09,90,1,109,43,66,124,45,Low Stock,Future
1580,2024-06-17,33,6,100,6,94,67,49,Healthy,Future
1581,2025-03-21,3,2,145,73,72,62,2,Healthy,Future
1582,2024-03-10,72,1,16,83,0,95,5,Stockout,Current
1583,2024-06-14,72,3,92,53,39,91,43,Low Stock,Current
1584,2025-08-06,69,4,93,56,37,72,41,Low Stock,Current
1585,2025-06-19,26,4,97,2,95,140,0,Low Stock,Future
1586,2024-11-18,107,5,186,45,141,64,34,Healthy,Future
1587,2025-02-19,9,6,238,5,233,42,37,Healthy,Future
1588,2025-05-22,79,6,56,55,1,75,0,Low Stock,Current
1589,2025-05-31,78,2,241,84,157,134,25,Healthy,Current
1590,2025-07-30,67,6,67,6,61,91,30,Low Stock,Future
1591,2025-04-15,109,2,47,49,0,140,42,Stockout,Future
1592,2024-02-14,73,3,37,29,8,79,0,Low Stock,Current
1593,2024-12-11,62,3,191,23,168,133,35,Healthy,Future
1594,2024-11-10,91,3,154,27,127,104,8,Healthy,Future
1595,2024-06-12,105,5,78,36,42,127,40,Low Stock,Current
1596,2024-12-30,18,6,203,17,186,110,46,Healthy,Future
1597,2024-11-01,46,1,132,89,43,115,20,Low Stock,Current
1598,2024-06-20,76,2,158,23,135,64,46,Healthy,Current
1599,2025-01-19,69,6,125,79,46,81,44,Low Stock,Current
1600,2025-01-09,18,6,32,70,0,66,10,Stockout,Current
1601,2024-05-01,50,6,288,79,209,121,13,Healthy,Future
1602,2025-02-24,106,6,193,21,172,54,19,Healthy,Current
1603,2024-11-16,44,4,164,28,136,122,28,Healthy,Current
1604,2024-06-20,90,1,178,89,89,50,2,Healthy,Current
1605,2024-08-26,108,2,249,44,205,125,17,Healthy,Future
1606,2025-07-03,9,6,166,84,82,86,24,Low Stock,Future
1607,2025-11-23,106,6,286,10,276,78,19,Healthy,Future
1608,2024-09-14,75,2,43,28,15,126,41,Low Stock,Current
1609,2025-07-23,49,5,15,47,0,106,42,Stockout,Current
1610,2024-11-05,91,6,7,31,0,122,19,Stockout,Current
1611,2024-01-18,62,6,187,84,103,110,46,Low Stock,Current
1612,2024-05-30,51,6,116,50,66,59,30,Healthy,Future
1613,2025-12-17,84,6,1,90,0,97,36,Stockout,Current
1614,2024-10-04,28,2,173,21,152,52,43,Healthy,Current
1615,2025-08-21,68,1,27,67,0,80,11,Stockout,Current
1616,2025-01-23,85,3,43,50,0,115,16,Stockout,Current
1617,2024-04-19,50,1,67,57,10,119,15,Low Stock,Current
1618,2025-04-28,57,1,205,76,129,124,48,Healthy,Current
1619,2025-06-09,42,2,178,75,103,103,3,Healthy,Current
1620,2024-11-30,108,3,238,34,204,76,46,Healthy,Future
1621,2024-06-02,88,5,62,38,24,108,50,Low Stock,Future
1622,2025-07-31,81,4,208,32,176,52,0,Healthy,Current
1623,2024-09-18,53,6,116,78,38,48,42,Low Stock,Current
1624,2024-07-15,31,1,128,42,86,49,39,Healthy,Current
1625,2024-06-30,56,2,25,48,0,121,30,Stockout,Current
1626,2025-01-20,41,6,227,63,164,97,10,Healthy,Future
1627,2024-08-01,66,2,296,83,213,128,21,Healthy,Future
1628,2025-04-03,21,6,44,63,0,138,0,Stockout,Current
1629,2024-05-11,9,6,286,83,203,85,10,Healthy,Future
1630,2024-02-24,30,4,11,83,0,94,44,Stockout,Current
1631,2024-08-14,76,6,296,41,255,77,13,Healthy,Future
1632,2024-06-14,85,2,81,80,1,51,23,Low Stock,Current
1633,2025-06-29,62,3,0,63,0,50,44,Stockout,Current
1634,2025-07-04,70,1,304,20,284,83,22,Healthy,Future
1635,2024-11-08,76,6,141,63,78,125,37,Low Stock,Future
1636,2024-02-29,14,1,320,73,247,132,47,Healthy,Future
1637,2024-03-21,12,2,241,69,172,124,43,Healthy,Current
1638,2024-04-04,34,3,10,21,0,41,36,Stockout,Current
1639,2025-08-31,5,5,227,50,177,61,21,Healthy,Future
1640,2025-10-02,62,2,142,87,55,138,46,Low Stock,Future
1641,2025-11-18,119,1,140,58,82,65,43,Healthy,Future
1642,2025-11-09,5,6,183,79,104,42,18,Healthy,Current
1643,2024-06-20,30,3,180,1,179,85,22,Healthy,Current
1644,2024-03-27,70,1,41,28,13,108,14,Low Stock,Current
1645,2024-02-14,107,6,104,74,30,115,19,Low Stock,Current
1646,2025-05-19,77,1,92,41,51,140,31,Low Stock,Current
1647,2025-06-17,90,1,320,4,316,43,4,Healthy,Future
1648,2025-02-20,94,6,241,50,191,47,5,Healthy,Current
1649,2024-02-21,45,3,216,82,134,66,4,Healthy,Future
1650,2025-06-27,84,6,152,25,127,87,39,Healthy,Future
1651,2025-06-27,62,4,346,13,333,88,13,Healthy,Future
1652,2024-11-01,2,1,219,1,218,40,20,Healthy,Current
1653,2025-08-05,80,4,146,21,125,108,12,Healthy,Current
1654,2025-05-18,3,1,14,20,0,76,24,Stockout,Current
1655,2024-04-25,50,5,325,76,249,96,13,Healthy,Future
1656,2024-02-18,51,1,139,72,67,93,30,Low Stock,Future
1657,2025-05-26,82,3,140,82,58,113,43,Low Stock,Current
1658,2025-08-05,22,3,163,59,104,69,43,Healthy,Future
1659,2024-02-18,3,2,88,2,86,59,36,Healthy,Current
1660,2024-06-09,27,3,67,64,3,103,17,Low Stock,Current
1661,2025-04-03,104,1,4,25,0,69,50,Stockout,Current
1662,2024-01-05,51,6,235,43,192,88,30,Healthy,Future
1663,2025-11-17,4,6,15,21,0,52,0,Stockout,Current
1664,2025-09-07,65,6,60,23,37,66,19,Low Stock,Future
1665,2025-06-15,20,5,324,62,262,68,14,Healthy,Future
1666,2024-04-24,34,1,79,77,2,140,47,Low Stock,Current
1667,2025-06-19,102,3,54,27,27,50,39,Low Stock,Future
1668,2025-08-06,52,4,102,6,96,67,18,Healthy,Current
1669,2024-05-27,109,5,157,67,90,137,32,Low Stock,Current
1670,2025-05-08,44,6,104,7,97,87,2,Healthy,Current
1671,2024-02-28,24,3,228,54,174,47,0,Healthy,Current
1672,2024-02-29,19,6,115,52,63,121,7,Low Stock,Future
1673,2025-06-20,66,6,211,23,188,100,45,Healthy,Future
1674,2024-05-14,74,1,113,23,90,86,38,Healthy,Future
1675,2024-03-15,119,1,234,6,228,51,38,Healthy,Current
1676,2025-05-17,50,2,254,26,228,48,3,Healthy,Future
1677,2024-11-18,83,3,236,82,154,41,8,Healthy,Current
1678,2025-06-21,37,2,19,74,0,139,42,Stockout,Current
1679,2025-08-13,92,4,136,27,109,77,3,Healthy,Current
1680,2025-07-06,97,5,346,81,265,107,50,Healthy,Future
1681,2025-09-23,78,3,49,12,37,110,20,Low Stock,Future
1682,2024-09-29,49,6,83,72,11,128,18,Low Stock,Current
1683,2025-05-23,74,3,41,33,8,104,2,Low Stock,Current
1684,2024-01-22,46,1,123,77,46,58,35,Low Stock,Current
1685,2025-05-23,69,4,105,14,91,48,18,Healthy,Current
1686,2025-11-11,102,6,7,28,0,40,18,Stockout,Current
1687,2025-04-04,57,1,71,40,31,121,20,Low Stock,Current
1688,2024-03-07,26,2,148,32,116,59,23,Healthy,Current
1689,2024-07-03,66,1,97,50,47,42,18,Healthy,Current
1690,2025-05-26,25,2,66,66,0,88,12,Stockout,Future
1691,2024-04-24,65,6,218,49,169,61,24,Healthy,Current
1692,2024-04-16,10,6,10,76,0,73,26,Stockout,Current
1693,2024-01-13,90,4,176,20,156,140,24,Healthy,Current
1694,2025-04-30,55,4,37,45,0,55,27,Stockout,Current
1695,2024-02-16,68,5,132,46,86,122,18,Low Stock,Current
1696,2024-08-08,23,1,96,68,28,103,10,Low Stock,Future
1697,2025-10-01,41,5,13,14,0,45,31,Stockout,Current
1698,2025-02-22,6,6,36,5,31,56,14,Low Stock,Current
1699,2025-11-22,35,2,240,50,190,76,50,Healthy,Future
1700,2024-04-12,60,5,349,37,312,80,12,Healthy,Future
1701,2024-07-25,97,1,173,25,148,78,9,Healthy,Current
1702,2025-02-10,38,2,330,51,279,66,8,Healthy,Future
1703,2025-07-09,60,6,88,47,41,134,18,Low Stock,Current
1704,2025-12-21,29,6,18,1,17,57,49,Low Stock,Current
1705,2025-05-05,99,6,347,63,284,86,0,Healthy,Future
1706,2025-10-01,57,2,260,19,241,87,44,Healthy,Future
1707,2025-09-08,89,1,93,28,65,111,15,Low Stock,Current
1708,2024-12-06,92,6,41,59,0,115,42,Stockout,Current
1709,2024-07-07,62,1,231,90,141,109,47,Healthy,Current
1710,2024-10-14,29,1,121,15,106,126,13,Low Stock,Future
1711,2024-05-07,103,2,100,47,53,96,5,Low Stock,Current
1712,2025-03-03,44,3,63,8,55,101,12,Low Stock,Future
1713,2024-07-30,73,6,183,34,149,122,38,Healthy,Current
1714,2025-09-13,118,6,137,76,61,97,32,Low Stock,Current
1715,2025-10-29,26,3,165,13,152,116,47,Healthy,Current
1716,2024-11-20,89,4,175,39,136,86,34,Healthy,Current
1717,2025-10-11,68,2,67,68,0,73,21,Stockout,Current
1718,2024-03-10,24,6,138,35,103,71,24,Healthy,Current
1719,2025-02-14,38,1,291,45,246,130,40,Healthy,Future
1720,2025-06-29,74,4,204,16,188,112,6,Healthy,Current
1721,2024-12-17,105,6,71,49,22,53,43,Low Stock,Future
1722,2025-01-02,118,2,349,73,276,109,46,Healthy,Future
1723,2024-07-03,91,6,359,50,309,91,6,Healthy,Future
1724,2024-11-09,44,4,320,38,282,72,42,Healthy,Future
1725,2025-05-19,95,1,261,7,254,102,33,Healthy,Future
1726,2024-10-06,34,1,153,25,128,98,31,Healthy,Future
1727,2025-08-27,24,3,262,83,179,44,34,Healthy,Future
1728,2025-07-30,8,6,218,16,202,53,19,Healthy,Future
1729,2025-08-27,17,1,81,79,2,135,6,Low Stock,Current
1730,2024-06-12,2,6,63,84,0,139,2,Stockout,Future
1731,2024-02-26,4,2,127,18,109,77,35,Healthy,Future
1732,2024-06-24,33,6,217,59,158,131,44,Healthy,Current
1733,2024-12-25,85,3,137,60,77,81,0,Low Stock,Current
1734,2025-10-27,118,6,113,39,74,111,49,Low Stock,Current
1735,2025-01-01,4,1,146,73,73,126,8,Low Stock,Future
1736,2025-08-30,41,5,67,33,34,77,30,Low Stock,Future
1737,2024-11-25,84,6,120,14,106,51,2,Healthy,Current
1738,2024-01-04,60,2,116,16,100,97,4,Healthy,Current
1739,2024-02-06,76,5,163,65,98,127,17,Low Stock,Current
1740,2025-08-17,35,1,224,23,201,120,16,Healthy,Future
1741,2024-01-21,44,4,0,4,0,84,27,Stockout,Current
1742,2025-01-29,29,4,165,73,92,89,44,Healthy,Current
1743,2025-10-14,17,3,251,84,167,101,8,Healthy,Current
1744,2024-01-11,7,3,77,28,49,43,46,Healthy,Current
1745,2025-02-12,50,6,343,37,306,112,24,Healthy,Future
1746,2024-07-16,56,1,191,35,156,89,26,Healthy,Future
1747,2025-06-30,11,1,80,35,45,115,33,Low Stock,Current
1748,2025-10-24,36,6,98,46,52,59,37,Low Stock,Future
1749,2025-09-01,81,6,335,33,302,63,14,Healthy,Future
1750,2024-08-25,57,4,291,81,210,92,38,Healthy,Future
1751,2024-04-23,73,3,47,52,0,76,19,Stockout,Current
1752,2024-06-20,52,1,50,53,0,132,10,Stockout,Future
1753,2025-06-04,96,1,345,88,257,122,18,Healthy,Future
1754,2024-01-11,89,5,72,12,60,118,4,Low Stock,Future
1755,2024-09-15,50,2,181,31,150,59,31,Healthy,Future
1756,2024-09-05,40,2,307,35,272,52,48,Healthy,Future
1757,2025-10-23,80,4,75,46,29,82,14,Low Stock,Current
1758,2025-11-02,79,1,303,27,276,81,26,Healthy,Future
1759,2024-04-29,48,6,129,77,52,113,2,Low Stock,Current
1760,2025-08-29,23,1,129,32,97,88,47,Healthy,Current
1761,2024-02-26,102,4,143,28,115,62,49,Healthy,Current
1762,2025-11-01,80,6,54,60,0,73,32,Stockout,Future
1763,2024-05-30,16,2,50,12,38,51,30,Low Stock,Future
1764,2024-12-02,97,2,45,16,29,67,36,Low Stock,Future
1765,2025-05-08,75,6,1,15,0,111,11,Stockout,Current
1766,2024-11-16,79,6,125,7,118,56,14,Healthy,Current
1767,2024-09-01,84,5,70,3,67,52,31,Healthy,Current
1768,2024-09-27,99,1,151,37,114,112,15,Healthy,Current
1769,2024-05-28,106,3,211,81,130,132,24,Low Stock,Future
1770,2025-01-26,64,1,249,61,188,81,3,Healthy,Future
1771,2024-11-10,118,6,208,28,180,97,32,Healthy,Future
1772,2025-11-26,116,4,142,76,66,87,33,Low Stock,Future
1773,2025-08-04,79,2,232,3,229,74,41,Healthy,Future
1774,2024-05-18,72,5,186,36,150,65,6,Healthy,Future
1775,2024-01-18,77,6,145,79,66,118,7,Low Stock,Current
1776,2024-06-24,81,1,15,82,0,120,41,Stockout,Current
1777,2024-03-04,74,3,58,64,0,96,35,Stockout,Future
1778,2025-10-30,69,6,150,51,99,103,7,Low Stock,Current
1779,2025-09-16,52,6,185,84,101,128,7,Low Stock,Current
1780,2024-02-01,95,2,110,26,84,74,37,Healthy,Current
1781,2025-01-17,10,2,242,5,237,68,25,Healthy,Future
1782,2025-06-06,27,2,218,40,178,130,7,Healthy,Current
1783,2024-01-12,98,2,245,79,166,128,32,Healthy,Future
1784,2024-04-21,17,1,235,61,174,138,48,Healthy,Current
1785,2024-05-13,23,6,95,56,39,44,19,Low Stock,Current
1786,2025-05-06,68,1,347,13,334,111,48,Healthy,Future
1787,2024-08-26,40,6,303,76,227,83,21,Healthy,Future
1788,2025-08-04,19,2,145,47,98,57,24,Healthy,Current
1789,2024-03-18,85,1,159,29,130,123,41,Healthy,Current
1790,2025-08-13,69,6,146,88,58,57,23,Healthy,Future
1791,2025-11-02,24,6,25,11,14,94,26,Low Stock,Current
1792,2024-02-20,73,6,306,71,235,108,15,Healthy,Future
1793,2025-12-23,80,4,48,41,7,114,49,Low Stock,Current
1794,2025-01-22,68,1,61,65,0,107,31,Stockout,Future
1795,2025-09-01,12,4,180,38,142,40,21,Healthy,Current
1796,2024-09-13,109,5,255,78,177,65,44,Healthy,Current
1797,2025-10-05,68,6,199,5,194,103,36,Healthy,Future
1798,2025-08-21,86,1,258,55,203,73,28,Healthy,Future
1799,2024-08-07,85,3,73,71,2,101,21,Low Stock,Current
1800,2024-04-12,79,4,267,63,204,65,49,Healthy,Future
1801,2024-02-01,7,1,52,15,37,102,14,Low Stock,Future
1802,2025-09-15,60,1,302,82,220,115,1,Healthy,Future
1803,2024-09-08,84,6,161,57,104,78,41,Healthy,Current
1804,2024-10-22,35,1,29,79,0,82,50,Stockout,Current
1805,2024-04-02,41,5,8,37,0,68,13,Stockout,Current
1806,2024-08-07,46,6,67,38,29,91,30,Low Stock,Current
1807,2025-09-24,77,6,22,67,0,95,16,Stockout,Current
1808,2025-04-25,17,5,205,68,137,76,47,Healthy,Current
1809,2024-05-16,33,6,197,87,110,61,47,Healthy,Current
1810,2024-07-31,94,1,79,76,3,130,13,Low Stock,Current
1811,2024-08-03,74,6,53,74,0,130,0,Stockout,Future
1812,2025-01-24,106,2,199,9,190,53,5,Healthy,Current
1813,2025-01-17,9,2,62,33,29,126,22,Low Stock,Current
1814,2024-11-16,23,3,113,32,81,79,33,Healthy,Current
1815,2024-10-02,44,1,190,44,146,63,1,Healthy,Future
1816,2024-03-26,1,6,107,54,53,53,46,Healthy,Current
1817,2025-02-21,14,1,161,2,159,57,8,Healthy,Current
1818,2025-05-03,35,5,283,59,224,99,48,Healthy,Future
1819,2024-12-30,84,6,44,40,4,122,16,Low Stock,Current
1820,2025-11-14,4,6,334,67,267,69,19,Healthy,Future
1821,2025-12-08,45,6,251,19,232,70,38,Healthy,Future
1822,2025-02-25,52,4,43,88,0,140,7,Stockout,Current
1823,2025-07-09,99,1,42,84,0,119,43,Stockout,Current
1824,2025-11-20,99,2,202,29,173,52,49,Healthy,Current
1825,2025-12-10,110,6,103,54,49,118,46,Low Stock,Future
1826,2025-07-30,112,6,203,15,188,49,9,Healthy,Current
1827,2024-08-31,44,6,177,51,126,49,16,Healthy,Future
1828,2025-09-03,22,3,294,12,282,97,44,Healthy,Future
1829,2024-11-08,43,1,135,73,62,79,50,Low Stock,Current
1830,2024-09-01,113,1,353,64,289,84,9,Healthy,Future
1831,2025-07-05,74,6,62,67,0,117,26,Stockout,Future
1832,2024-06-28,82,1,35,64,0,53,47,Stockout,Current
1833,2024-08-07,26,6,168,69,99,85,22,Healthy,Future
1834,2024-09-13,16,2,120,4,116,102,25,Healthy,Future
1835,2024-06-26,96,2,47,55,0,67,8,Stockout,Future
1836,2025-10-01,21,6,73,53,20,117,1,Low Stock,Current
1837,2024-10-04,16,1,245,44,201,74,28,Healthy,Current
1838,2025-10-13,15,1,148,33,115,123,3,Low Stock,Future
1839,2024-11-06,19,6,53,36,17,93,7,Low Stock,Current
1840,2024-07-09,70,6,237,78,159,118,50,Healthy,Current
1841,2024-08-29,89,4,253,17,236,77,6,Healthy,Current
1842,2025-05-25,88,6,142,85,57,40,31,Healthy,Current
1843,2024-03-17,95,1,147,50,97,61,0,Healthy,Current
1844,2024-09-07,93,1,91,64,27,90,41,Low Stock,Current
1845,2024-12-30,26,6,16,41,0,87,38,Stockout,Current
1846,2024-06-01,106,3,102,36,66,95,15,Low Stock,Future
1847,2024-01-15,24,2,138,10,128,41,6,Healthy,Future
1848,2024-08-09,98,4,221,68,153,90,15,Healthy,Future
1849,2025-12-08,9,6,115,33,82,123,37,Low Stock,Future
1850,2024-03-22,16,3,345,70,275,80,43,Healthy,Future
1851,2024-03-21,104,2,273,51,222,133,35,Healthy,Future
1852,2024-10-05,73,4,126,46,80,103,43,Low Stock,Current
1853,2024-07-11,35,3,104,68,36,69,32,Low Stock,Future
1854,2024-01-02,82,4,75,36,39,40,41,Low Stock,Future
1855,2025-02-02,118,2,231,77,154,101,47,Healthy,Current
1856,2024-05-30,73,1,148,16,132,55,47,Healthy,Current
1857,2025-01-23,57,4,121,36,85,89,26,Low Stock,Future
1858,2025-11-15,65,6,139,75,64,92,12,Low Stock,Current
1859,2025-07-02,81,1,143,43,100,109,17,Low Stock,Current
1860,2025-12-08,85,5,132,48,84,110,11,Low Stock,Future
1861,2024-01-02,1,6,100,19,81,136,23,Low Stock,Current
1862,2025-02-15,8,6,15,54,0,65,20,Stockout,Current
1863,2024-07-01,28,2,312,53,259,111,48,Healthy,Future
1864,2025-12-12,78,4,156,45,111,130,43,Low Stock,Future
1865,2024-12-12,120,6,259,5,254,66,1,Healthy,Future
1866,2024-03-26,71,6,90,86,4,79,42,Low Stock,Current
1867,2024-08-23,7,1,193,88,105,75,13,Healthy,Current
1868,2024-10-26,4,6,21,70,0,125,21,Stockout,Current
1869,2024-02-28,81,1,104,22,82,74,27,Healthy,Future
1870,2025-02-14,44,6,58,46,12,107,39,Low Stock,Current
1871,2025-09-04,102,2,30,13,17,116,38,Low Stock,Current
1872,2024-10-25,13,2,226,49,177,107,47,Healthy,Current
1873,2025-10-28,64,2,111,71,40,89,3,Low Stock,Current
1874,2024-07-04,89,1,32,89,0,44,3,Stockout,Current
1875,2024-09-04,61,6,237,26,211,68,36,Healthy,Current
1876,2025-04-28,119,1,169,86,83,76,30,Healthy,Future
1877,2024-08-04,76,6,234,74,160,43,30,Healthy,Future
1878,2024-09-05,6,1,83,30,53,73,41,Low Stock,Current
1879,2024-02-12,18,6,121,84,37,132,4,Low Stock,Current
1880,2024-07-16,70,6,180,68,112,112,31,Healthy,Current
1881,2025-07-20,89,3,102,24,78,100,30,Low Stock,Current
1882,2025-01-13,114,2,83,60,23,135,11,Low Stock,Current
1883,2025-01-14,35,3,345,21,324,55,28,Healthy,Future
1884,2024-08-05,71,2,129,21,108,102,26,Healthy,Current
1885,2025-10-07,117,6,80,26,54,58,48,Low Stock,Future
1886,2024-01-22,97,6,152,76,76,117,9,Low Stock,Current
1887,2024-02-07,120,5,149,13,136,48,49,Healthy,Current
1888,2024-03-28,97,2,203,14,189,79,30,Healthy,Current
1889,2024-07-09,112,6,333,44,289,49,21,Healthy,Future
1890,2025-04-08,58,6,344,73,271,134,45,Healthy,Future
1891,2024-10-23,62,4,209,29,180,60,39,Healthy,Current
1892,2025-09-12,68,3,63,22,41,46,23,Low Stock,Current
1893,2024-06-08,3,1,108,90,18,43,1,Low Stock,Current
1894,2025-10-11,63,6,130,28,102,118,32,Low Stock,Current
1895,2025-09-02,80,2,233,74,159,45,48,Healthy,Current
1896,2024-04-29,43,6,346,13,333,63,32,Healthy,Future
1897,2025-05-14,2,3,237,85,152,91,44,Healthy,Current
1898,2025-06-30,45,6,86,46,40,64,18,Low Stock,Current
1899,2025-12-25,100,1,335,3,332,129,16,Healthy,Future
1900,2025-03-16,107,3,177,16,161,55,15,Healthy,Current
1901,2025-02-24,120,3,134,90,44,113,34,Low Stock,Future
1902,2025-06-18,99,5,191,16,175,97,17,Healthy,Current
1903,2024-10-04,114,1,32,83,0,119,6,Stockout,Current
1904,2025-01-07,34,6,144,70,74,51,9,Healthy,Current
1905,2024-11-23,49,4,56,37,19,95,10,Low Stock,Future
1906,2025-04-01,84,6,95,86,9,62,44,Low Stock,Future
1907,2025-02-09,5,4,50,24,26,63,50,Low Stock,Current
1908,2025-03-22,46,6,184,28,156,124,22,Healthy,Current
1909,2025-08-04,90,6,184,39,145,94,25,Healthy,Future
1910,2025-10-04,27,6,50,90,0,61,37,Stockout,Current
1911,2024-04-10,15,2,165,53,112,133,41,Low Stock,Current
1912,2025-02-13,51,3,138,21,117,105,2,Healthy,Future
1913,2025-05-16,120,3,37,49,0,62,38,Stockout,Current
1914,2025-08-15,112,1,195,59,136,127,9,Healthy,Future
1915,2024-10-07,83,6,289,67,222,110,13,Healthy,Future
1916,2024-04-20,92,6,69,27,42,57,42,Low Stock,Current
1917,2024-12-30,22,6,314,38,276,72,31,Healthy,Future
1918,2024-01-04,23,6,128,25,103,125,49,Low Stock,Future
1919,2024-01-05,105,2,202,58,144,96,4,Healthy,Future
1920,2025-05-31,47,6,273,41,232,110,4,Healthy,Future
1921,2025-07-22,82,4,323,32,291,139,50,Healthy,Future
1922,2024-05-18,81,4,168,12,156,119,36,Healthy,Future
1923,2024-08-21,44,2,194,78,116,88,42,Healthy,Current
1924,2025-09-27,102,6,94,36,58,65,21,Low Stock,Current
1925,2025-05-31,64,1,112,25,87,49,10,Healthy,Current
1926,2025-02-03,58,6,295,82,213,96,19,Healthy,Future
1927,2025-06-22,70,4,114,49,65,84,19,Low Stock,Current
1928,2024-01-07,43,6,145,77,68,87,13,Low Stock,Future
1929,2024-10-15,105,5,101,30,71,69,39,Healthy,Future
1930,2024-05-26,32,6,199,13,186,80,29,Healthy,Future
1931,2024-02-15,20,1,24,2,22,76,9,Low Stock,Current
1932,2024-04-13,60,2,68,7,61,116,7,Low Stock,Current
1933,2025-12-17,108,3,24,74,0,127,19,Stockout,Current
1934,2024-07-11,113,5,20,28,0,112,26,Stockout,Current
1935,2024-08-27,47,1,8,78,0,119,29,Stockout,Current
1936,2025-12-05,7,1,263,33,230,138,36,Healthy,Future
1937,2024-05-15,36,1,270,40,230,90,37,Healthy,Future
1938,2024-10-28,74,2,238,51,187,52,28,Healthy,Current
1939,2024-07-06,58,1,198,46,152,104,29,Healthy,Future
1940,2025-01-21,118,2,85,63,22,51,18,Low Stock,Current
1941,2025-11-30,77,6,131,4,127,81,36,Healthy,Current
1942,2025-03-25,57,4,42,73,0,94,19,Stockout,Current
1943,2024-09-12,52,4,220,32,188,41,15,Healthy,Future
1944,2024-06-25,105,6,152,67,85,106,43,Low Stock,Current
1945,2024-10-09,110,1,227,35,192,88,14,Healthy,Future
1946,2024-08-02,83,6,45,27,18,134,11,Low Stock,Future
1947,2025-09-12,14,3,94,58,36,110,16,Low Stock,Current
1948,2024-11-21,10,6,79,69,10,87,49,Low Stock,Current
1949,2025-02-14,102,2,65,68,0,93,50,Stockout,Current
1950,2025-11-10,15,4,31,15,16,72,35,Low Stock,Current
1951,2025-12-12,68,6,334,88,246,110,49,Healthy,Future
1952,2025-05-22,30,3,270,19,251,67,8,Healthy,Future
1953,2024-04-16,87,4,349,21,328,127,46,Healthy,Future
1954,2024-08-18,61,6,161,48,113,111,48,Healthy,Future
1955,2024-11-18,17,6,244,21,223,56,3,Healthy,Current
1956,2024-05-26,46,1,30,2,28,134,26,Low Stock,Current
1957,2025-02-12,88,6,166,61,105,96,38,Healthy,Current
1958,2024-01-29,91,6,207,71,136,47,11,Healthy,Future
1959,2025-12-11,118,2,48,57,0,85,18,Stockout,Current
1960,2024-07-01,50,2,73,40,33,51,7,Low Stock,Current
1961,2024-12-29,120,6,72,13,59,61,5,Low Stock,Current
1962,2025-06-28,44,6,225,43,182,68,1,Healthy,Current
1963,2025-11-01,3,6,100,49,51,53,47,Low Stock,Future
1964,2024-09-08,21,1,196,29,167,79,27,Healthy,Current
1965,2024-09-06,24,6,192,53,139,98,14,Healthy,Current
1966,2025-10-09,38,1,50,41,9,94,43,Low Stock,Future
1967,2025-04-04,3,3,137,11,126,107,39,Healthy,Current
1968,2024-02-12,16,2,251,42,209,46,16,Healthy,Current
1969,2024-05-07,29,6,121,75,46,123,10,Low Stock,Current
1970,2025-08-04,28,3,62,13,49,78,34,Low Stock,Future
1971,2024-02-09,84,3,230,10,220,105,27,Healthy,Current
1972,2024-06-03,3,2,133,5,128,75,20,Healthy,Future
1973,2025-10-13,70,5,51,8,43,114,3,Low Stock,Current
1974,2024-02-28,6,5,76,31,45,127,42,Low Stock,Future
1975,2025-03-06,30,3,159,56,103,101,4,Healthy,Current
1976,2024-04-04,14,4,162,45,117,51,18,Healthy,Future
1977,2025-04-16,103,6,112,40,72,120,2,Low Stock,Future
1978,2024-07-18,11,6,284,50,234,43,16,Healthy,Future
1979,2025-04-29,110,5,127,78,49,51,32,Low Stock,Current
1980,2025-11-04,74,6,120,86,34,116,30,Low Stock,Current
1981,2025-10-05,103,3,218,82,136,116,0,Healthy,Current
1982,2025-01-03,90,1,358,13,345,56,39,Healthy,Future
1983,2024-04-07,8,6,133,17,116,105,1,Healthy,Current
1984,2024-02-08,3,1,6,46,0,69,16,Stockout,Current
1985,2024-10-03,119,6,124,41,83,87,34,Low Stock,Current
1986,2025-01-13,103,6,165,89,76,108,38,Low Stock,Current
1987,2024-06-08,78,6,229,54,175,118,41,Healthy,Current
1988,2024-08-22,4,1,269,69,200,94,46,Healthy,Future
1989,2025-08-19,70,6,327,89,238,81,39,Healthy,Future
1990,2024-01-27,20,6,301,9,292,41,15,Healthy,Future
1991,2024-11-01,41,6,245,54,191,122,24,Healthy,Future
1992,2024-06-26,12,6,190,14,176,108,34,Healthy,Current
1993,2025-10-03,29,1,74,0,74,119,11,Low Stock,Current
1994,2025-07-14,64,6,133,16,117,118,49,Low Stock,Future
1995,2025-04-07,57,3,112,2,110,93,8,Healthy,Future
1996,2025-12-06,71,6,118,52,66,114,34,Low Stock,Current
1997,2024-08-15,118,1,178,35,143,73,36,Healthy,Current
1998,2025-12-12,67,6,285,65,220,93,0,Healthy,Future
1999,2024-02-26,40,6,149,9,140,121,10,Healthy,Future
2000,2025-12-04,1,6,21,35,0,66,20,Stockout,Current
2001,2024-04-23,6,6,79,7,72,101,9,Low Stock,Current
2002,2025-04-04,40,6,73,71,2,103,23,Low Stock,Current
2003,2024-08-04,4,2,328,49,279,106,2,Healthy,Future
2004,2025-06-18,104,6,354,56,298,94,15,Healthy,Future
2005,2025-11-03,103,2,344,85,259,83,7,Healthy,Future
2006,2025-07-16,76,4,61,66,0,108,10,Stockout,Future
2007,2024-08-14,49,3,141,21,120,61,16,Healthy,Current
2008,2025-08-27,39,4,69,20,49,111,28,Low Stock,Future
2009,2025-01-17,105,6,79,46,33,63,19,Low Stock,Future
2010,2024-11-25,104,5,24,89,0,96,32,Stockout,Current
2011,2024-01-30,61,1,174,77,97,118,20,Low Stock,Current
2012,2025-01-23,4,2,266,29,237,138,1,Healthy,Future
2013,2024-08-05,67,2,130,36,94,93,37,Healthy,Current
2014,2024-06-17,2,4,173,33,140,134,35,Healthy,Future
2015,2024-10-13,64,4,39,15,24,105,17,Low Stock,Current
2016,2025-05-18,68,1,359,90,269,139,14,Healthy,Future
2017,2024-02-06,69,1,178,14,164,117,2,Healthy,Current
2018,2025-03-20,119,2,248,65,183,117,49,Healthy,Current
2019,2024-12-29,53,6,147,21,126,89,7,Healthy,Current
2020,2024-07-28,91,6,125,37,88,113,25,Low Stock,Current
2021,2024-05-13,57,6,48,73,0,139,41,Stockout,Current
2022,2025-09-29,21,6,62,50,12,71,39,Low Stock,Current
2023,2025-08-09,73,6,74,69,5,66,50,Low Stock,Current
2024,2024-03-02,87,2,61,68,0,57,39,Stockout,Future
2025,2025-02-10,47,5,159,42,117,77,13,Healthy,Current
2026,2024-10-22,46,2,124,35,89,103,26,Low Stock,Current
2027,2024-07-31,1,2,216,69,147,71,23,Healthy,Current
2028,2024-04-13,16,6,0,23,0,67,37,Stockout,Current
2029,2024-12-04,11,5,99,78,21,86,9,Low Stock,Current
2030,2024-10-03,8,6,327,37,290,94,12,Healthy,Future
2031,2025-05-07,80,5,193,80,113,103,14,Healthy,Current
2032,2025-12-11,69,6,199,8,191,55,48,Healthy,Future
2033,2024-04-05,115,2,245,5,240,42,15,Healthy,Current
2034,2025-01-01,32,3,114,75,39,73,32,Low Stock,Current
2035,2024-06-05,77,1,90,57,33,135,34,Low Stock,Current
2036,2025-11-27,19,6,51,56,0,91,11,Stockout,Current
2037,2024-12-20,93,6,146,5,141,114,7,Healthy,Current
2038,2025-09-01,104,2,157,39,118,41,3,Healthy,Current
2039,2024-06-01,107,3,4,82,0,60,34,Stockout,Current
2040,2024-11-26,115,6,95,10,85,49,38,Healthy,Future
2041,2025-08-27,31,6,155,89,66,65,11,Healthy,Current
2042,2024-07-31,114,3,143,89,54,108,32,Low Stock,Current
2043,2025-12-28,9,1,73,74,0,92,35,Stockout,Future
2044,2024-08-03,54,5,305,53,252,43,30,Healthy,Future
2045,2025-06-04,18,5,117,88,29,117,24,Low Stock,Future
2046,2025-10-31,30,1,112,47,65,127,38,Low Stock,Future
2047,2025-12-11,10,6,169,90,79,52,45,Healthy,Future
2048,2025-07-11,96,3,25,50,0,75,39,Stockout,Current
2049,2025-12-21,21,2,52,29,23,119,25,Low Stock,Current
2050,2025-06-15,22,1,211,81,130,139,30,Low Stock,Future
2051,2025-05-13,65,4,244,49,195,88,14,Healthy,Future
2052,2025-12-06,60,6,121,14,107,128,17,Low Stock,Current
2053,2025-12-28,63,6,206,67,139,57,47,Healthy,Future
2054,2024-07-14,30,1,24,89,0,130,37,Stockout,Current
2055,2025-11-06,77,6,168,10,158,83,19,Healthy,Current
2056,2025-07-20,34,4,53,26,27,85,28,Low Stock,Current
2057,2024-07-03,112,6,353,25,328,89,25,Healthy,Future
2058,2025-05-05,19,2,107,26,81,76,7,Healthy,Current
2059,2024-04-05,102,2,213,3,210,104,41,Healthy,Current
2060,2024-01-15,23,6,226,61,165,118,11,Healthy,Future
2061,2024-07-10,24,5,240,1,239,113,13,Healthy,Future
2062,2024-07-17,24,6,47,88,0,89,24,Stockout,Future
2063,2024-05-07,67,5,209,16,193,47,14,Healthy,Current
2064,2025-06-11,42,3,148,67,81,74,4,Healthy,Current
2065,2025-09-28,111,6,121,1,120,92,0,Healthy,Future
2066,2025-06-18,18,5,200,51,149,44,36,Healthy,Future
2067,2025-09-14,102,1,8,70,0,55,7,Stockout,Current
2068,2025-05-27,15,3,116,42,74,113,32,Low Stock,Current
2069,2025-02-01,85,6,194,29,165,58,29,Healthy,Future
2070,2024-11-14,24,6,119,19,100,95,45,Healthy,Current
2071,2024-11-29,92,5,18,12,6,127,33,Low Stock,Current
2072,2025-01-27,113,6,150,60,90,78,39,Healthy,Current
2073,2024-10-21,26,5,119,75,44,120,43,Low Stock,Current
2074,2024-08-09,58,3,74,86,0,95,14,Stockout,Future
2075,2024-10-10,66,6,132,60,72,118,44,Low Stock,Current
2076,2024-05-10,113,6,170,17,153,47,32,Healthy,Future
2077,2024-09-26,50,6,88,18,70,105,3,Low Stock,Future
2078,2024-08-06,104,1,315,78,237,66,46,Healthy,Future
2079,2025-10-22,87,3,113,81,32,92,18,Low Stock,Current
2080,2025-10-20,30,2,109,82,27,124,41,Low Stock,Current
2081,2025-02-13,61,2,124,51,73,138,16,Low Stock,Future
2082,2024-08-10,117,1,70,47,23,70,44,Low Stock,Future
2083,2024-07-14,64,3,92,61,31,59,42,Low Stock,Current
2084,2025-03-06,114,3,156,25,131,106,40,Healthy,Future
2085,2025-08-14,21,1,161,84,77,139,5,Low Stock,Current
2086,2025-11-18,102,3,254,33,221,45,46,Healthy,Current
2087,2024-07-27,36,1,207,73,134,72,7,Healthy,Current
2088,2025-02-12,34,6,138,50,88,50,49,Healthy,Current
2089,2025-09-28,52,1,99,31,68,112,35,Low Stock,Current
2090,2024-03-10,11,6,3,33,0,82,1,Stockout,Current
2091,2024-07-02,62,6,184,74,110,104,25,Healthy,Current
2092,2024-01-26,104,1,4,41,0,89,15,Stockout,Current
2093,2024-01-27,110,2,70,3,67,99,39,Low Stock,Current
2094,2024-09-26,57,2,113,67,46,101,28,Low Stock,Future
2095,2025-10-04,60,4,26,74,0,54,18,Stockout,Current
2096,2024-03-27,105,6,319,4,315,67,31,Healthy,Future
2097,2025-05-16,88,1,26,54,0,57,29,Stockout,Current
2098,2025-11-18,42,1,61,81,0,101,44,Stockout,Current
2099,2025-10-21,32,3,59,79,0,112,40,Stockout,Current
2100,2024-04-04,11,2,199,5,194,42,38,Healthy,Current
2101,2024-04-21,71,5,158,90,68,87,0,Low Stock,Current
2102,2025-01-13,96,6,287,36,251,124,27,Healthy,Future
2103,2025-08-06,69,1,97,55,42,112,34,Low Stock,Current
2104,2024-06-06,117,1,117,47,70,117,21,Low Stock,Current
2105,2025-08-21,41,4,59,29,30,108,35,Low Stock,Current
2106,2025-08-07,77,6,63,34,29,96,4,Low Stock,Current
2107,2025-07-28,77,6,298,71,227,86,16,Healthy,Future
2108,2025-07-27,64,3,0,89,0,46,13,Stockout,Current
2109,2025-01-21,25,6,271,21,250,50,24,Healthy,Future
2110,2025-08-19,63,6,182,51,131,117,4,Healthy,Future
2111,2024-01-10,53,1,160,20,140,134,25,Healthy,Current
2112,2025-01-22,106,3,62,9,53,45,29,Healthy,Future
2113,2025-05-08,110,2,167,70,97,113,6,Low Stock,Future
2114,2025-03-05,4,6,64,76,0,98,20,Stockout,Current
2115,2024-12-25,72,2,59,77,0,112,35,Stockout,Current
2116,2025-11-29,76,5,179,16,163,49,42,Healthy,Current
2117,2025-01-10,93,6,102,26,76,82,44,Low Stock,Future
2118,2024-03-15,72,1,301,48,253,95,45,Healthy,Future
2119,2025-01-19,92,1,285,85,200,44,48,Healthy,Future
2120,2024-03-19,35,2,159,56,103,62,22,Healthy,Current
2121,2025-10-01,1,6,293,30,263,116,28,Healthy,Future
2122,2024-01-05,85,1,131,42,89,46,44,Healthy,Current
2123,2024-06-25,99,6,134,0,134,87,38,Healthy,Future
2124,2025-06-09,69,4,86,65,21,133,10,Low Stock,Future
2125,2025-09-05,86,2,142,5,137,97,31,Healthy,Future
2126,2025-08-14,37,1,174,28,146,79,26,Healthy,Future
2127,2025-11-26,107,2,147,43,104,65,45,Healthy,Current
2128,2024-05-10,45,1,133,57,76,69,31,Healthy,Current
2129,2025-07-08,99,4,49,77,0,76,6,Stockout,Current
2130,2025-10-19,36,6,241,69,172,88,19,Healthy,Current
2131,2025-01-25,38,6,168,79,89,104,43,Low Stock,Current
2132,2025-02-10,100,6,137,28,109,63,33,Healthy,Future
2133,2024-11-03,98,1,233,34,199,105,30,Healthy,Current
2134,2024-03-03,38,3,15,39,0,91,36,Stockout,Current
2135,2025-11-11,56,6,199,60,139,65,27,Healthy,Current
2136,2024-10-05,98,5,134,10,124,131,36,Low Stock,Current
2137,2025-06-02,36,6,31,34,0,66,48,Stockout,Current
2138,2024-07-17,10,2,70,13,57,57,20,Healthy,Current
2139,2025-02-09,17,1,50,12,38,97,6,Low Stock,Current
2140,2024-02-20,76,5,297,1,296,56,28,Healthy,Future
2141,2024-04-04,11,6,159,46,113,94,34,Healthy,Current
2142,2024-02-26,113,6,50,29,21,47,10,Low Stock,Future
2143,2025-05-28,38,1,76,17,59,91,4,Low Stock,Current
2144,2025-11-26,49,6,54,47,7,78,29,Low Stock,Current
2145,2025-06-02,84,3,341,88,253,136,45,Healthy,Future
2146,2024-12-06,34,3,12,15,0,90,10,Stockout,Current
2147,2024-10-03,119,6,159,59,100,59,28,Healthy,Current
2148,2025-01-22,118,5,155,22,133,83,26,Healthy,Current
2149,2024-03-19,29,2,282,86,196,139,19,Healthy,Future
2150,2025-11-28,24,6,51,32,19,42,1,Low Stock,Future
2151,2025-07-31,3,6,174,56,118,96,20,Healthy,Current
2152,2024-10-05,48,1,350,38,312,79,1,Healthy,Future
2153,2025-06-15,36,5,99,22,77,115,5,Low Stock,Current
2154,2024-08-03,60,2,151,69,82,107,39,Low Stock,Current
2155,2024-12-27,85,6,277,40,237,109,37,Healthy,Future
2156,2024-05-10,88,5,104,28,76,117,8,Low Stock,Future
2157,2024-06-30,107,5,165,75,90,45,20,Healthy,Current
2158,2024-05-25,6,3,147,28,119,126,27,Low Stock,Future
2159,2024-03-24,45,5,24,4,20,79,50,Low Stock,Current
2160,2025-11-26,3,1,163,18,145,41,28,Healthy,Current
2161,2025-10-09,71,2,194,22,172,108,23,Healthy,Future
2162,2024-02-24,4,2,74,11,63,127,42,Low Stock,Current
2163,2025-11-15,2,2,208,44,164,78,50,Healthy,Future
2164,2024-05-07,23,1,0,2,0,89,18,Stockout,Current
2165,2024-12-06,68,6,223,57,166,53,0,Healthy,Future
2166,2024-12-29,66,1,254,71,183,97,50,Healthy,Future
2167,2025-09-27,80,6,96,4,92,67,38,Healthy,Current
2168,2025-08-25,100,6,146,28,118,97,30,Healthy,Future
2169,2025-06-20,65,6,2,47,0,104,23,Stockout,Current
2170,2025-01-11,60,1,72,29,43,47,25,Low Stock,Current
2171,2025-01-12,64,6,67,31,36,50,4,Low Stock,Current
2172,2025-12-15,77,6,273,27,246,133,12,Healthy,Future
2173,2024-01-25,83,4,153,18,135,113,20,Healthy,Current
2174,2025-02-13,63,6,165,40,125,124,18,Healthy,Future
2175,2024-03-12,35,4,98,85,13,73,37,Low Stock,Current
2176,2025-12-02,110,3,321,30,291,108,40,Healthy,Future
2177,2024-12-20,38,6,93,72,21,139,24,Low Stock,Current
2178,2025-06-06,47,6,237,82,155,93,43,Healthy,Current
2179,2025-12-09,92,4,351,16,335,67,28,Healthy,Future
2180,2025-08-24,93,3,130,79,51,128,16,Low Stock,Current
2181,2025-06-23,37,4,342,59,283,128,10,Healthy,Future
2182,2025-07-24,110,3,199,28,171,121,27,Healthy,Current
2183,2024-09-23,5,2,191,20,171,78,49,Healthy,Current
2184,2024-07-26,3,6,22,35,0,109,46,Stockout,Current
2185,2024-10-02,111,1,134,45,89,98,27,Low Stock,Current
2186,2024-06-24,108,6,37,81,0,71,18,Stockout,Current
2187,2024-03-18,102,5,105,41,64,116,15,Low Stock,Future
2188,2024-01-26,107,1,259,64,195,89,14,Healthy,Future
2189,2024-10-29,82,2,46,17,29,92,0,Low Stock,Current
2190,2024-08-11,109,2,158,58,100,100,47,Healthy,Current
2191,2024-09-04,13,4,204,38,166,108,32,Healthy,Current
2192,2024-04-04,105,5,85,35,50,62,21,Low Stock,Current
2193,2025-10-27,29,6,66,67,0,67,39,Stockout,Future
2194,2025-12-04,87,6,70,68,2,53,18,Low Stock,Future
2195,2025-03-04,30,1,24,87,0,49,19,Stockout,Current
2196,2025-02-08,25,6,247,36,211,84,38,Healthy,Current
2197,2024-03-22,24,6,42,14,28,111,26,Low Stock,Current
2198,2025-04-06,5,6,49,73,0,89,30,Stockout,Future
2199,2025-11-20,74,1,139,22,117,71,27,Healthy,Current
2200,2025-09-30,5,6,32,58,0,55,38,Stockout,Current
2201,2024-07-01,27,1,246,54,192,93,25,Healthy,Future
2202,2025-03-28,103,4,50,15,35,65,30,Low Stock,Current
2203,2025-03-15,87,3,118,64,54,60,17,Low Stock,Future
2204,2025-09-13,99,6,104,24,80,133,12,Low Stock,Future
2205,2024-02-15,82,6,274,19,255,133,4,Healthy,Future
2206,2024-02-07,70,1,133,90,43,68,40,Low Stock,Current
2207,2024-03-18,103,6,226,90,136,60,20,Healthy,Current
2208,2024-08-24,37,3,46,13,33,103,49,Low Stock,Current
2209,2024-12-12,98,3,99,29,70,137,35,Low Stock,Current
2210,2025-05-27,105,1,40,14,26,40,0,Low Stock,Current
2211,2025-01-20,6,1,206,65,141,125,7,Healthy,Future
2212,2024-02-03,79,5,129,16,113,119,4,Low Stock,Current
2213,2025-05-11,90,5,348,77,271,90,41,Healthy,Future
2214,2024-01-05,64,6,57,25,32,74,1,Low Stock,Current
2215,2025-08-25,44,1,192,20,172,110,41,Healthy,Future
2216,2024-09-11,58,6,223,23,200,91,9,Healthy,Current
2217,2024-01-01,34,5,276,38,238,118,20,Healthy,Future
2218,2025-12-13,89,6,33,58,0,119,46,Stockout,Current
2219,2024-11-08,45,5,82,14,68,115,3,Low Stock,Current
2220,2024-11-09,90,2,61,84,0,47,6,Stockout,Current
2221,2025-07-03,71,1,138,81,57,110,4,Low Stock,Current
2222,2025-01-15,40,1,173,1,172,101,5,Healthy,Future
2223,2024-12-10,102,2,125,67,58,106,14,Low Stock,Current
2224,2025-11-17,76,6,164,23,141,122,1,Healthy,Current
2225,2024-03-06,97,4,338,58,280,76,21,Healthy,Future
2226,2025-11-04,18,1,104,54,50,91,15,Low Stock,Current
2227,2025-11-22,56,3,219,36,183,125,6,Healthy,Current
2228,2024-03-27,44,1,6,23,0,51,1,Stockout,Current
2229,2025-03-25,82,6,59,19,40,51,5,Low Stock,Future
2230,2024-07-26,24,3,216,62,154,68,9,Healthy,Future
2231,2024-02-09,105,3,131,12,119,67,47,Healthy,Future
2232,2025-09-21,16,1,225,41,184,52,49,Healthy,Future
2233,2024-04-27,93,1,185,53,132,89,38,Healthy,Future
2234,2025-04-08,113,6,304,41,263,94,49,Healthy,Future
2235,2025-02-17,84,6,151,75,76,41,14,Healthy,Future
2236,2024-03-05,61,2,343,20,323,116,50,Healthy,Future
2237,2025-09-30,72,1,124,88,36,69,30,Low Stock,Current
2238,2024-06-17,87,1,198,2,196,84,48,Healthy,Future
2239,2024-05-25,27,6,172,83,89,89,13,Healthy,Future
2240,2025-03-02,19,5,144,32,112,99,45,Healthy,Current
2241,2025-02-09,48,6,277,2,275,105,11,Healthy,Future
2242,2024-09-24,118,6,164,77,87,106,4,Low Stock,Future
2243,2025-05-01,58,4,163,77,86,83,47,Healthy,Future
2244,2025-02-28,74,6,146,6,140,108,33,Healthy,Future
2245,2025-04-16,94,2,349,16,333,88,26,Healthy,Future
2246,2024-01-18,45,1,326,43,283,139,47,Healthy,Future
2247,2025-02-10,83,6,243,65,178,121,1,Healthy,Current
2248,2025-06-26,10,3,109,23,86,121,50,Low Stock,Current
2249,2025-07-10,31,4,120,60,60,132,19,Low Stock,Future
2250,2025-09-27,115,1,51,13,38,44,30,Low Stock,Future
2251,2024-01-30,81,6,108,21,87,106,30,Low Stock,Current
2252,2024-06-07,33,1,88,51,37,100,49,Low Stock,Future
2253,2025-11-14,93,1,175,1,174,116,45,Healthy,Current
2254,2025-10-16,9,6,18,35,0,77,7,Stockout,Current
2255,2024-10-21,36,2,61,51,10,121,16,Low Stock,Current
2256,2025-05-29,72,4,327,49,278,98,25,Healthy,Future
2257,2024-07-17,63,4,206,58,148,83,2,Healthy,Future
2258,2024-08-20,61,2,154,7,147,103,39,Healthy,Current
2259,2024-08-06,63,3,282,86,196,91,36,Healthy,Future
2260,2025-11-03,68,2,213,80,133,100,22,Healthy,Current
2261,2024-02-03,69,2,136,13,123,135,41,Low Stock,Current
2262,2024-10-02,61,2,81,36,45,126,26,Low Stock,Future
2263,2025-07-10,4,2,87,50,37,91,27,Low Stock,Current
2264,2025-10-11,52,2,83,25,58,60,21,Low Stock,Future
2265,2024-07-16,72,2,55,57,0,90,2,Stockout,Current
2266,2024-06-03,49,6,60,83,0,42,48,Stockout,Current
2267,2025-10-26,38,4,82,54,28,68,11,Low Stock,Current
2268,2025-11-27,112,3,86,76,10,104,18,Low Stock,Current
2269,2025-11-30,90,1,67,28,39,137,15,Low Stock,Current
2270,2024-07-04,16,6,198,84,114,108,29,Healthy,Future
2271,2024-11-07,100,1,336,4,332,131,14,Healthy,Future
2272,2024-10-07,81,5,118,30,88,79,13,Healthy,Current
2273,2025-05-08,74,2,176,47,129,60,44,Healthy,Current
2274,2025-03-21,15,5,217,56,161,108,0,Healthy,Current
2275,2025-01-05,34,5,125,78,47,116,41,Low Stock,Current
2276,2025-05-05,44,6,53,28,25,70,9,Low Stock,Current
2277,2024-09-30,1,6,194,44,150,69,7,Healthy,Current
2278,2025-02-02,3,2,96,3,93,133,14,Low Stock,Current
2279,2024-03-24,106,6,66,76,0,80,39,Stockout,Future
2280,2024-07-26,58,1,179,68,111,108,49,Healthy,Future
2281,2024-03-18,10,3,120,63,57,110,1,Low Stock,Current
2282,2024-12-06,79,2,30,42,0,104,17,Stockout,Current
2283,2025-08-16,65,4,334,40,294,134,49,Healthy,Future
2284,2025-03-26,98,4,41,34,7,98,7,Low Stock,Current
2285,2024-07-02,35,6,68,82,0,132,40,Stockout,Future
2286,2024-08-23,107,6,59,3,56,111,13,Low Stock,Current
2287,2025-09-18,39,6,155,63,92,116,23,Low Stock,Current
2288,2025-05-06,60,1,53,87,0,97,4,Stockout,Current
2289,2024-09-27,63,6,117,0,117,59,27,Healthy,Future
2290,2024-06-30,90,2,105,17,88,99,7,Low Stock,Current
2291,2025-06-28,60,4,85,49,36,123,36,Low Stock,Current
2292,2025-06-04,30,3,114,46,68,81,26,Low Stock,Current
2293,2025-03-29,87,6,20,72,0,64,24,Stockout,Current
2294,2025-02-03,83,6,195,50,145,56,14,Healthy,Current
2295,2024-11-16,69,6,183,7,176,103,7,Healthy,Future
2296,2025-05-13,88,3,152,81,71,134,47,Low Stock,Current
2297,2025-02-13,98,1,253,66,187,124,19,Healthy,Current
2298,2024-08-27,48,5,79,16,63,58,17,Healthy,Current
2299,2024-10-22,90,3,115,27,88,46,38,Healthy,Future
2300,2024-06-05,43,3,108,54,54,107,20,Low Stock,Current
2301,2025-07-18,86,6,254,30,224,83,13,Healthy,Future
2302,2025-04-22,49,6,99,59,40,127,25,Low Stock,Current
2303,2024-01-15,91,6,155,30,125,114,12,Healthy,Current
2304,2025-01-28,9,3,354,3,351,52,43,Healthy,Future
2305,2025-02-19,53,6,130,71,59,119,8,Low Stock,Current
2306,2025-07-12,27,6,358,90,268,98,37,Healthy,Future
2307,2024-09-12,70,6,198,51,147,49,15,Healthy,Current
2308,2024-06-22,98,1,244,56,188,65,9,Healthy,Current
2309,2025-09-09,29,5,77,7,70,113,18,Low Stock,Future
2310,2025-05-07,36,6,176,59,117,57,43,Healthy,Current
2311,2024-03-20,45,6,87,61,26,132,4,Low Stock,Current
2312,2024-09-08,114,1,126,0,126,71,27,Healthy,Current
2313,2025-09-01,106,1,78,21,57,58,49,Low Stock,Future
2314,2024-08-07,118,6,12,38,0,131,44,Stockout,Current
2315,2024-09-28,92,5,30,73,0,57,0,Stockout,Current
2316,2025-01-26,15,5,124,83,41,88,20,Low Stock,Current
2317,2024-07-20,22,3,226,74,152,117,30,Healthy,Current
2318,2024-03-28,43,6,22,60,0,125,45,Stockout,Current
2319,2025-04-21,95,6,47,44,3,63,18,Low Stock,Current
2320,2024-08-10,109,2,345,62,283,89,24,Healthy,Future
2321,2025-02-28,12,6,216,22,194,114,36,Healthy,Current
2322,2025-12-30,32,4,120,27,93,82,48,Healthy,Current
2323,2025-12-26,111,6,73,26,47,46,30,Healthy,Future
2324,2024-11-10,2,4,71,55,16,55,24,Low Stock,Current
2325,2024-01-12,114,6,92,4,88,123,0,Low Stock,Current
2326,2025-08-16,102,2,227,46,181,112,10,Healthy,Future
2327,2024-06-24,68,2,5,86,0,110,35,Stockout,Current
2328,2025-01-20,9,1,76,72,4,73,18,Low Stock,Future
2329,2024-08-30,86,1,139,6,133,105,26,Healthy,Current
2330,2025-04-06,78,6,193,24,169,118,27,Healthy,Future
2331,2025-07-23,68,4,9,85,0,119,39,Stockout,Current
2332,2024-09-07,77,1,72,41,31,65,30,Low Stock,Future
2333,2025-10-23,62,6,203,51,152,138,0,Healthy,Current
2334,2024-01-29,45,6,21,77,0,42,12,Stockout,Current
2335,2024-03-01,54,1,72,41,31,97,48,Low Stock,Current
2336,2025-06-30,27,5,92,21,71,138,22,Low Stock,Current
2337,2024-05-29,120,3,142,49,93,130,45,Low Stock,Current
2338,2025-02-08,41,2,97,79,18,139,50,Low Stock,Current
2339,2024-01-06,25,1,144,37,107,51,8,Healthy,Current
2340,2025-07-06,55,6,119,3,116,41,35,Healthy,Current
2341,2024-05-21,37,6,229,29,200,136,34,Healthy,Future
2342,2025-02-05,109,4,178,72,106,101,15,Healthy,Current
2343,2025-01-24,48,2,44,60,0,121,10,Stockout,Current
2344,2024-10-10,27,6,218,78,140,96,6,Healthy,Current
2345,2025-10-07,96,4,81,56,25,85,17,Low Stock,Current
2346,2024-01-26,97,6,348,42,306,133,31,Healthy,Future
2347,2024-03-11,11,6,260,2,258,99,0,Healthy,Future
2348,2024-01-28,12,6,237,77,160,91,46,Healthy,Current
2349,2024-04-14,43,5,157,17,140,76,35,Healthy,Current
2350,2024-03-23,56,6,117,84,33,126,20,Low Stock,Future
2351,2025-03-23,96,1,189,40,149,115,17,Healthy,Current
2352,2025-06-24,57,6,54,38,16,107,28,Low Stock,Current
2353,2025-08-16,98,4,203,7,196,118,31,Healthy,Current
2354,2024-03-03,106,2,79,81,0,130,19,Stockout,Current
2355,2025-05-03,83,6,135,50,85,40,42,Healthy,Current
2356,2025-04-24,90,1,58,40,18,128,9,Low Stock,Current
2357,2024-11-23,17,6,83,15,68,43,44,Healthy,Current
2358,2025-03-16,90,6,276,20,256,52,14,Healthy,Future
2359,2024-10-16,85,6,44,72,0,48,13,Stockout,Current
2360,2025-03-06,56,6,157,75,82,140,15,Low Stock,Current
2361,2024-03-10,74,2,109,32,77,111,12,Low Stock,Current
2362,2025-08-05,116,1,32,85,0,81,21,Stockout,Current
2363,2024-10-02,76,1,88,90,0,68,20,Stockout,Current
2364,2025-05-07,61,6,49,5,44,67,28,Low Stock,Current
2365,2025-11-27,56,6,136,58,78,61,12,Healthy,Current
2366,2024-12-01,61,5,152,64,88,46,29,Healthy,Future
2367,2025-09-05,21,2,105,60,45,124,22,Low Stock,Current
2368,2025-07-06,69,5,47,12,35,56,9,Low Stock,Current
2369,2025-11-16,95,3,289,58,231,136,20,Healthy,Future
2370,2025-06-19,84,1,93,55,38,45,19,Low Stock,Current
2371,2025-03-22,99,1,74,49,25,66,38,Low Stock,Current
2372,2024-07-20,100,3,84,66,18,43,49,Low Stock,Current
2373,2025-12-04,3,2,14,18,0,70,42,Stockout,Current
2374,2024-03-26,54,6,140,85,55,95,31,Low Stock,Future
2375,2025-10-23,35,6,30,18,12,135,19,Low Stock,Current
2376,2025-08-13,53,1,136,9,127,87,35,Healthy,Current
2377,2025-12-30,106,1,24,87,0,96,25,Stockout,Current
2378,2024-03-15,32,4,233,48,185,118,37,Healthy,Future
2379,2024-01-11,89,6,160,42,118,47,13,Healthy,Current
2380,2025-02-04,113,4,28,72,0,130,8,Stockout,Current
2381,2024-11-12,87,3,87,28,59,88,50,Low Stock,Future
2382,2024-10-18,41,2,67,27,40,113,7,Low Stock,Current
2383,2025-08-01,18,6,2,21,0,55,32,Stockout,Current
2384,2025-10-12,39,1,293,62,231,140,32,Healthy,Future
2385,2024-04-21,15,3,171,49,122,55,5,Healthy,Current
2386,2025-03-23,40,4,116,0,116,103,12,Healthy,Future
2387,2025-12-05,97,6,78,57,21,118,45,Low Stock,Current
2388,2025-10-11,31,6,350,35,315,78,35,Healthy,Future
2389,2024-10-11,106,1,107,32,75,135,0,Low Stock,Current
2390,2024-10-19,62,3,27,34,0,45,49,Stockout,Current
2391,2025-10-05,101,1,46,52,0,77,40,Stockout,Future
2392,2025-11-24,41,2,140,11,129,65,18,Healthy,Current
2393,2025-04-04,120,6,173,55,118,120,34,Low Stock,Future
2394,2025-06-20,55,3,161,88,73,45,41,Healthy,Current
2395,2025-03-25,68,1,117,62,55,61,24,Low Stock,Current
2396,2024-05-29,81,5,266,64,202,123,14,Healthy,Future
2397,2025-03-25,16,6,114,14,100,89,47,Healthy,Future
2398,2024-10-05,101,2,223,77,146,77,22,Healthy,Current
2399,2025-09-19,14,3,46,75,0,135,38,Stockout,Current
2400,2025-11-09,113,3,44,33,11,86,12,Low Stock,Current
2401,2025-01-05,101,3,148,78,70,122,7,Low Stock,Current
2402,2024-04-05,110,4,249,1,248,72,0,Healthy,Future
2403,2024-09-11,17,3,90,57,33,70,5,Low Stock,Current
2404,2025-12-26,50,6,138,89,49,139,49,Low Stock,Current
2405,2025-11-12,34,6,162,80,82,75,26,Healthy,Current
2406,2024-08-16,70,2,302,7,295,40,27,Healthy,Future
2407,2025-10-17,74,3,71,27,44,91,38,Low Stock,Future
2408,2024-03-24,104,6,293,49,244,53,41,Healthy,Future
2409,2024-02-20,103,1,282,41,241,117,40,Healthy,Future
2410,2024-06-01,36,6,154,21,133,58,43,Healthy,Future
2411,2024-05-29,23,2,212,19,193,98,32,Healthy,Future
2412,2025-04-05,111,3,181,67,114,87,17,Healthy,Future
2413,2025-08-29,72,6,63,16,47,53,7,Low Stock,Future
2414,2024-06-02,96,2,47,37,10,74,49,Low Stock,Future
2415,2025-03-11,45,6,239,42,197,132,29,Healthy,Future
2416,2025-01-28,81,3,248,25,223,107,10,Healthy,Current
2417,2025-08-19,54,1,89,18,71,133,20,Low Stock,Current
2418,2024-09-12,35,1,179,42,137,93,36,Healthy,Current
2419,2025-02-06,74,2,112,37,75,100,50,Low Stock,Current
2420,2024-05-13,88,2,11,68,0,104,35,Stockout,Current
2421,2024-02-18,6,4,171,44,127,78,32,Healthy,Current
2422,2025-09-21,87,1,65,6,59,105,43,Low Stock,Current
2423,2024-09-04,77,6,172,74,98,47,48,Healthy,Current
2424,2025-06-19,107,3,200,42,158,117,8,Healthy,Future
2425,2024-02-14,13,6,153,67,86,67,16,Healthy,Current
2426,2025-02-06,72,6,109,17,92,74,23,Healthy,Future
2427,2024-08-02,106,1,69,33,36,64,44,Low Stock,Current
2428,2024-12-16,89,3,36,63,0,59,2,Stockout,Current
2429,2025-07-16,34,2,82,42,40,71,1,Low Stock,Current
2430,2024-07-01,62,2,56,34,22,41,17,Low Stock,Future
2431,2025-05-09,46,6,258,18,240,67,33,Healthy,Future
2432,2024-04-05,30,6,314,19,295,90,31,Healthy,Future
2433,2024-10-08,92,6,312,63,249,102,16,Healthy,Future
2434,2024-10-27,108,5,190,17,173,53,2,Healthy,Future
2435,2025-02-23,7,6,113,16,97,115,6,Low Stock,Current
2436,2025-08-18,34,1,26,90,0,99,47,Stockout,Current
2437,2025-11-04,69,5,34,85,0,103,3,Stockout,Current
2438,2024-10-09,57,3,156,30,126,105,26,Healthy,Current
2439,2024-02-17,42,2,2,53,0,56,37,Stockout,Current
2440,2025-01-20,67,1,220,66,154,72,47,Healthy,Current
2441,2025-03-23,16,3,195,49,146,131,0,Healthy,Current
2442,2025-08-27,46,2,17,13,4,129,1,Low Stock,Current
2443,2025-04-21,93,3,24,29,0,47,33,Stockout,Current
2444,2024-08-26,60,1,114,38,76,101,21,Low Stock,Future
2445,2025-04-21,98,3,203,75,128,71,41,Healthy,Current
2446,2024-03-30,10,2,67,71,0,64,20,Stockout,Future
2447,2024-08-29,41,6,98,51,47,122,38,Low Stock,Current
2448,2024-04-03,22,2,2,73,0,108,45,Stockout,Current
2449,2024-11-17,55,2,40,71,0,105,42,Stockout,Future
2450,2024-12-15,113,6,40,35,5,54,7,Low Stock,Current
2451,2024-03-16,88,2,198,19,179,56,1,Healthy,Future
2452,2025-07-03,91,1,53,7,46,131,24,Low Stock,Current
2453,2025-05-15,100,6,17,1,16,61,2,Low Stock,Current
2454,2024-01-04,102,6,181,84,97,61,27,Healthy,Current
2455,2025-12-27,77,2,343,31,312,107,42,Healthy,Future
2456,2025-05-17,84,3,40,72,0,124,31,Stockout,Current
2457,2025-08-29,58,6,136,30,106,59,45,Healthy,Future
2458,2025-04-09,46,2,333,89,244,114,13,Healthy,Future
2459,2025-01-02,87,1,59,17,42,58,24,Low Stock,Current
2460,2025-10-06,80,6,5,26,0,52,5,Stockout,Current
2461,2024-05-23,40,4,65,62,3,105,37,Low Stock,Current
2462,2024-02-12,69,1,62,33,29,72,20,Low Stock,Future
2463,2024-04-08,54,6,92,90,2,59,34,Low Stock,Current
2464,2025-07-22,76,6,295,49,246,52,40,Healthy,Future
2465,2025-03-29,78,3,119,74,45,76,46,Low Stock,Future
2466,2025-05-08,88,6,92,89,3,75,44,Low Stock,Future
2467,2024-04-19,118,6,217,83,134,135,31,Low Stock,Current
2468,2025-04-13,101,2,293,66,227,40,2,Healthy,Future
2469,2025-04-14,53,3,181,69,112,140,49,Low Stock,Future
2470,2025-05-01,110,6,127,78,49,66,1,Low Stock,Current
2471,2025-11-01,95,5,153,52,101,78,3,Healthy,Future
2472,2025-06-28,93,6,132,30,102,137,40,Low Stock,Current
2473,2024-10-25,29,1,155,74,81,48,37,Healthy,Current
2474,2025-12-05,22,4,337,75,262,140,36,Healthy,Future
2475,2024-05-15,104,2,93,86,7,55,20,Low Stock,Current
2476,2024-11-12,85,3,113,80,33,130,49,Low Stock,Future
2477,2025-07-28,96,3,197,81,116,61,36,Healthy,Current
2478,2024-05-27,31,2,257,71,186,89,5,Healthy,Current
2479,2024-08-09,100,6,96,79,17,75,42,Low Stock,Current
2480,2025-02-11,4,6,12,43,0,131,21,Stockout,Current
2481,2025-08-03,77,2,307,37,270,131,23,Healthy,Future
2482,2025-07-14,7,6,240,51,189,44,46,Healthy,Current
2483,2024-08-26,13,2,161,20,141,97,46,Healthy,Current
2484,2025-12-28,95,6,58,44,14,134,23,Low Stock,Current
2485,2024-06-19,99,6,251,46,205,116,26,Healthy,Current
2486,2025-10-31,98,3,107,27,80,59,25,Healthy,Current
2487,2025-08-08,2,6,335,26,309,119,8,Healthy,Future
2488,2025-01-03,18,6,127,60,67,67,3,Healthy,Future
2489,2024-11-21,91,4,83,29,54,137,16,Low Stock,Current
2490,2024-08-24,38,3,158,83,75,50,49,Healthy,Current
2491,2025-11-02,54,4,198,27,171,80,34,Healthy,Future
2492,2025-12-10,102,6,118,32,86,93,12,Low Stock,Current
2493,2024-02-21,112,6,221,11,210,114,47,Healthy,Current
2494,2024-03-04,51,4,83,85,0,92,39,Stockout,Future
2495,2024-10-27,65,5,113,19,94,110,38,Low Stock,Current
2496,2025-11-12,69,6,357,14,343,122,27,Healthy,Future
2497,2025-08-20,114,3,18,79,0,74,32,Stockout,Current
2498,2025-07-29,49,6,151,38,113,64,23,Healthy,Current
2499,2025-05-21,17,6,79,89,0,80,0,Stockout,Current
2500,2025-02-17,31,5,119,24,95,69,46,Healthy,Current
2501,2025-07-15,116,1,246,40,206,119,27,Healthy,Future
2502,2025-04-26,35,6,137,50,87,72,9,Healthy,Future
2503,2024-12-17,21,5,195,7,188,91,32,Healthy,Current
2504,2025-09-19,54,6,91,32,59,76,41,Low Stock,Future
2505,2025-05-22,82,6,112,2,110,91,11,Healthy,Future
2506,2024-02-25,97,1,23,64,0,138,21,Stockout,Current
2507,2025-08-16,74,6,67,51,16,40,29,Low Stock,Current
2508,2024-10-16,93,6,177,67,110,117,4,Low Stock,Current
2509,2025-07-26,80,6,112,38,74,125,2,Low Stock,Future
2510,2024-07-06,56,6,245,42,203,74,25,Healthy,Current
2511,2025-01-04,18,6,226,39,187,80,19,Healthy,Current
2512,2024-03-03,39,6,2,70,0,48,19,Stockout,Current
2513,2024-05-04,15,2,99,22,77,57,29,Healthy,Current
2514,2025-05-13,42,6,132,24,108,59,26,Healthy,Current
2515,2025-08-22,49,6,312,66,246,43,42,Healthy,Future
2516,2024-03-16,110,3,288,68,220,84,50,Healthy,Future
2517,2024-12-10,56,3,83,23,60,96,42,Low Stock,Future
2518,2024-01-21,96,1,155,75,80,138,45,Low Stock,Current
2519,2025-08-12,23,4,122,48,74,78,39,Low Stock,Current
2520,2024-09-13,8,4,265,80,185,115,11,Healthy,Future
2521,2025-06-29,67,2,139,65,74,53,32,Healthy,Current
2522,2025-04-18,44,6,94,54,40,110,50,Low Stock,Future
2523,2025-08-22,30,2,165,65,100,83,24,Healthy,Future
2524,2025-12-07,105,5,34,34,0,90,6,Stockout,Current
2525,2024-11-04,42,6,85,90,0,84,10,Stockout,Current
2526,2024-05-10,13,3,132,25,107,74,6,Healthy,Current
2527,2024-03-01,20,6,10,90,0,99,16,Stockout,Current
2528,2025-10-15,45,5,52,46,6,51,29,Low Stock,Current
2529,2025-06-23,14,6,179,8,171,96,6,Healthy,Current
2530,2025-12-08,8,3,151,28,123,94,33,Healthy,Future
2531,2024-08-19,82,1,227,18,209,91,25,Healthy,Future
2532,2024-01-17,7,6,223,22,201,110,4,Healthy,Current
2533,2025-12-23,118,6,24,54,0,71,49,Stockout,Current
2534,2025-06-13,71,6,172,5,167,134,34,Healthy,Future
2535,2025-03-04,48,5,293,81,212,103,30,Healthy,Future
2536,2024-06-29,4,1,167,33,134,87,33,Healthy,Current
2537,2025-01-23,96,6,265,44,221,91,0,Healthy,Future
2538,2025-05-16,81,6,95,10,85,82,1,Healthy,Future
2539,2025-01-14,118,6,128,38,90,121,37,Low Stock,Current
2540,2024-06-03,1,6,95,0,95,101,13,Low Stock,Current
2541,2025-11-21,9,2,8,10,0,50,8,Stockout,Current
2542,2025-12-11,8,6,256,14,242,140,33,Healthy,Future
2543,2025-04-04,78,4,13,26,0,46,15,Stockout,Current
2544,2024-04-22,32,6,130,1,129,138,5,Low Stock,Future
2545,2024-09-13,107,2,146,46,100,108,26,Low Stock,Current
2546,2025-02-15,14,6,32,39,0,76,25,Stockout,Current
2547,2024-07-28,52,3,66,0,66,59,46,Healthy,Future
2548,2024-08-20,56,6,300,47,253,106,4,Healthy,Future
2549,2025-03-04,58,2,289,64,225,74,4,Healthy,Future
2550,2025-07-24,100,6,150,73,77,121,39,Low Stock,Current
2551,2024-06-12,85,6,48,19,29,58,36,Low Stock,Current
2552,2025-06-22,55,3,40,3,37,62,13,Low Stock,Current
2553,2025-09-01,21,5,111,22,89,87,27,Healthy,Current
2554,2024-11-28,113,1,242,4,238,105,41,Healthy,Future
2555,2024-12-12,85,3,96,5,91,139,22,Low Stock,Current
2556,2025-11-05,108,6,129,40,89,65,28,Healthy,Current
2557,2024-10-08,70,6,51,90,0,123,47,Stockout,Future
2558,2024-07-17,103,6,164,70,94,129,49,Low Stock,Future
2559,2024-05-01,74,6,23,88,0,124,45,Stockout,Current
2560,2024-12-11,41,3,107,27,80,139,0,Low Stock,Current
2561,2024-09-04,69,6,40,90,0,56,12,Stockout,Current
2562,2024-02-08,22,3,95,56,39,57,35,Low Stock,Future
2563,2024-08-01,111,1,9,13,0,120,50,Stockout,Current
2564,2025-07-11,85,3,84,19,65,59,44,Healthy,Current
2565,2024-03-29,9,6,234,76,158,136,9,Healthy,Future
2566,2025-08-10,90,2,327,28,299,116,40,Healthy,Future
2567,2025-09-19,11,6,79,35,44,61,7,Low Stock,Current
2568,2025-05-27,39,2,275,38,237,69,23,Healthy,Future
2569,2024-03-15,103,6,123,77,46,126,14,Low Stock,Future
2570,2025-11-01,12,6,214,18,196,72,16,Healthy,Current
2571,2025-08-21,34,3,128,78,50,100,44,Low Stock,Current
2572,2025-12-20,37,2,99,15,84,94,42,Low Stock,Current
2573,2024-08-01,49,3,291,14,277,130,40,Healthy,Future
2574,2025-08-23,26,2,189,85,104,125,46,Low Stock,Future
2575,2024-11-11,57,6,191,76,115,112,28,Healthy,Current
2576,2025-09-18,10,3,40,58,0,52,35,Stockout,Current
2577,2025-11-14,41,3,148,2,146,107,9,Healthy,Current
2578,2025-03-07,67,2,68,80,0,99,11,Stockout,Current
2579,2024-07-01,75,6,255,9,246,137,37,Healthy,Current
2580,2024-10-28,6,3,171,90,81,106,4,Low Stock,Current
2581,2024-03-11,120,6,243,66,177,127,14,Healthy,Future
2582,2024-01-30,20,6,33,56,0,115,26,Stockout,Current
2583,2024-08-24,46,6,62,57,5,127,49,Low Stock,Current
2584,2024-12-22,36,5,175,28,147,61,11,Healthy,Future
2585,2024-04-02,58,3,197,17,180,114,37,Healthy,Future
2586,2024-06-14,91,1,136,40,96,53,26,Healthy,Future
2587,2024-07-09,2,4,22,26,0,91,15,Stockout,Current
2588,2025-11-05,14,1,198,44,154,72,40,Healthy,Future
2589,2024-03-07,68,6,107,85,22,75,0,Low Stock,Current
2590,2025-12-07,7,6,129,87,42,66,39,Low Stock,Future
2591,2024-05-22,60,6,94,37,57,57,22,Healthy,Current
2592,2025-02-12,8,6,119,27,92,85,12,Healthy,Future
2593,2024-06-06,3,6,21,34,0,42,42,Stockout,Current
2594,2024-07-02,48,6,85,67,18,113,43,Low Stock,Future
2595,2025-06-23,94,6,179,78,101,76,22,Healthy,Current
2596,2024-11-25,68,4,64,35,29,82,42,Low Stock,Current
2597,2025-04-30,90,6,88,69,19,69,32,Low Stock,Current
2598,2025-07-08,94,6,78,82,0,92,34,Stockout,Current
2599,2025-01-20,58,1,257,6,251,82,50,Healthy,Future
2600,2025-07-28,105,5,174,6,168,86,15,Healthy,Current
2601,2025-08-16,36,1,180,44,136,111,35,Healthy,Future
2602,2024-07-14,38,1,245,68,177,70,8,Healthy,Future
2603,2025-09-02,59,6,91,25,66,51,8,Healthy,Future
2604,2024-03-27,15,6,90,7,83,45,40,Healthy,Current
2605,2025-05-08,40,6,116,74,42,116,6,Low Stock,Future
2606,2025-02-03,95,3,54,70,0,77,32,Stockout,Current
2607,2024-08-04,16,6,48,51,0,64,21,Stockout,Current
2608,2025-05-05,83,1,202,63,139,85,30,Healthy,Current
2609,2024-07-05,109,1,219,73,146,42,27,Healthy,Future
2610,2025-09-26,26,4,159,35,124,110,46,Healthy,Current
2611,2025-08-01,70,1,118,88,30,81,36,Low Stock,Current
2612,2024-10-13,35,4,134,9,125,130,6,Low Stock,Current
2613,2024-05-04,77,6,77,61,16,87,29,Low Stock,Future
2614,2025-09-02,49,5,245,18,227,111,35,Healthy,Current
2615,2024-11-27,98,4,274,2,272,63,23,Healthy,Future
2616,2024-04-14,36,3,332,38,294,103,2,Healthy,Future
2617,2025-08-09,51,6,272,14,258,102,26,Healthy,Future
2618,2024-05-29,94,1,244,5,239,51,35,Healthy,Current
2619,2025-08-08,79,6,303,86,217,55,11,Healthy,Future
2620,2024-10-06,97,6,217,56,161,65,17,Healthy,Future
2621,2025-07-06,10,6,188,44,144,42,33,Healthy,Future
2622,2024-02-18,90,6,152,90,62,126,10,Low Stock,Future
2623,2024-06-12,37,5,240,10,230,69,1,Healthy,Current
2624,2025-05-02,82,4,68,86,0,61,24,Stockout,Current
2625,2025-03-29,33,6,190,37,153,92,36,Healthy,Future
2626,2025-03-07,93,1,131,17,114,85,0,Healthy,Current
2627,2024-12-21,13,6,191,27,164,91,8,Healthy,Future
2628,2024-06-15,59,2,303,83,220,124,23,Healthy,Future
2629,2024-07-10,13,6,247,9,238,60,44,Healthy,Current
2630,2024-08-25,118,3,238,55,183,117,17,Healthy,Current
2631,2025-01-08,65,6,202,79,123,43,13,Healthy,Current
2632,2025-04-18,117,6,109,38,71,87,46,Low Stock,Current
2633,2024-06-26,31,6,102,15,87,80,13,Healthy,Current
2634,2025-01-26,24,6,113,10,103,128,15,Low Stock,Current
2635,2024-11-28,106,1,198,11,187,72,37,Healthy,Future
2636,2025-12-10,51,2,267,41,226,96,16,Healthy,Future
2637,2025-01-15,93,1,271,56,215,53,47,Healthy,Future
2638,2024-04-17,25,4,45,47,0,127,16,Stockout,Future
2639,2024-07-03,99,6,212,40,172,42,6,Healthy,Current
2640,2025-04-03,110,3,189,15,174,104,2,Healthy,Current
2641,2025-05-29,99,6,120,48,72,92,1,Low Stock,Current
2642,2024-10-02,51,3,275,1,274,41,1,Healthy,Future
2643,2025-07-04,102,6,291,28,263,122,23,Healthy,Future
2644,2024-11-12,83,6,258,89,169,50,6,Healthy,Current
2645,2024-12-27,68,1,137,1,136,110,34,Healthy,Current
2646,2024-04-03,15,1,110,76,34,82,38,Low Stock,Current
2647,2024-07-19,55,6,199,31,168,49,27,Healthy,Current
2648,2024-03-10,114,3,354,42,312,57,4,Healthy,Future
2649,2024-06-08,28,2,273,26,247,92,26,Healthy,Future
2650,2025-05-29,12,6,119,29,90,66,31,Healthy,Current
2651,2024-04-26,102,2,244,0,244,82,11,Healthy,Current
2652,2025-05-27,101,4,178,79,99,115,13,Low Stock,Current
2653,2025-04-05,29,6,85,68,17,44,49,Low Stock,Current
2654,2025-09-09,97,4,302,68,234,40,8,Healthy,Future
2655,2025-09-07,9,6,170,77,93,139,43,Low Stock,Future
2656,2025-04-09,26,2,170,27,143,79,10,Healthy,Current
2657,2024-01-03,91,2,4,20,0,69,9,Stockout,Current
2658,2025-11-24,71,5,47,32,15,42,1,Low Stock,Current
2659,2024-12-10,18,6,200,11,189,66,4,Healthy,Current
2660,2025-07-03,10,6,51,2,49,116,20,Low Stock,Current
2661,2024-06-19,117,1,107,19,88,94,23,Low Stock,Current
2662,2024-10-10,80,5,176,61,115,47,12,Healthy,Current
2663,2025-07-23,49,6,166,37,129,49,12,Healthy,Current
2664,2024-03-27,13,3,148,20,128,67,7,Healthy,Current
2665,2025-02-01,111,3,19,75,0,44,19,Stockout,Current
2666,2024-08-27,102,6,143,51,92,68,29,Healthy,Future
2667,2025-10-09,17,1,234,45,189,58,7,Healthy,Future
2668,2025-09-21,120,3,268,43,225,70,9,Healthy,Future
2669,2024-02-21,103,1,237,57,180,70,13,Healthy,Future
2670,2024-06-12,83,1,135,87,48,109,26,Low Stock,Current
2671,2025-02-20,30,6,76,16,60,119,11,Low Stock,Current
2672,2025-04-20,14,6,146,8,138,103,5,Healthy,Current
2673,2024-03-21,48,1,192,62,130,67,7,Healthy,Future
2674,2025-09-22,109,1,117,51,66,56,4,Healthy,Future
2675,2024-12-23,119,1,24,17,7,132,39,Low Stock,Current
2676,2025-05-22,30,6,223,34,189,90,28,Healthy,Current
2677,2025-06-20,47,6,144,85,59,92,45,Low Stock,Future
2678,2025-12-07,64,6,175,72,103,78,36,Healthy,Current
2679,2024-03-18,11,1,141,45,96,107,6,Low Stock,Current
2680,2024-04-23,6,3,306,29,277,46,18,Healthy,Future
2681,2024-05-02,74,3,252,12,240,134,8,Healthy,Current
2682,2024-06-24,34,4,17,64,0,132,47,Stockout,Current
2683,2024-08-03,70,1,37,24,13,120,19,Low Stock,Current
2684,2025-08-17,28,1,111,51,60,62,1,Low Stock,Current
2685,2025-09-28,26,4,168,29,139,140,45,Low Stock,Future
2686,2024-08-15,80,6,121,17,104,66,12,Healthy,Current
2687,2024-08-15,84,2,101,57,44,79,47,Low Stock,Future
2688,2024-09-12,56,2,240,59,181,62,44,Healthy,Future
2689,2025-02-18,36,1,209,26,183,40,22,Healthy,Current
2690,2025-04-20,39,6,238,28,210,72,4,Healthy,Current
2691,2024-10-20,110,6,57,41,16,95,29,Low Stock,Current
2692,2025-05-25,43,6,286,9,277,115,35,Healthy,Future
2693,2025-04-27,33,1,56,53,3,52,21,Low Stock,Current
2694,2024-01-06,74,6,64,12,52,80,49,Low Stock,Future
2695,2025-08-05,3,3,161,85,76,117,35,Low Stock,Future
2696,2025-09-17,19,1,1,29,0,69,0,Stockout,Current
2697,2024-01-26,38,3,256,30,226,75,48,Healthy,Current
2698,2024-07-09,23,6,229,12,217,51,10,Healthy,Current
2699,2025-07-02,76,3,8,22,0,59,34,Stockout,Current
2700,2025-06-25,61,3,45,14,31,60,12,Low Stock,Current
2701,2025-11-01,98,1,233,39,194,61,3,Healthy,Current
2702,2024-09-21,55,3,76,81,0,80,20,Stockout,Current
2703,2025-07-28,120,2,168,68,100,48,15,Healthy,Future
2704,2025-04-30,87,1,103,7,96,81,40,Healthy,Current
2705,2025-12-01,113,6,314,88,226,122,9,Healthy,Future
2706,2024-07-30,72,6,59,0,59,60,39,Low Stock,Current
2707,2025-11-02,45,1,182,19,163,87,1,Healthy,Future
2708,2024-10-16,18,3,133,88,45,110,31,Low Stock,Future
2709,2025-08-10,92,4,7,59,0,61,5,Stockout,Current
2710,2025-11-11,94,6,252,89,163,88,20,Healthy,Current
2711,2025-12-02,13,2,209,31,178,56,39,Healthy,Current
2712,2024-06-24,14,6,174,39,135,83,16,Healthy,Future
2713,2025-04-12,81,1,142,21,121,97,10,Healthy,Current
2714,2025-07-24,20,2,174,0,174,56,22,Healthy,Future
2715,2025-06-29,94,6,231,28,203,87,46,Healthy,Future
2716,2024-05-17,76,2,14,62,0,133,16,Stockout,Current
2717,2024-08-02,92,6,146,87,59,50,16,Healthy,Current
2718,2024-12-27,26,4,14,12,2,120,18,Low Stock,Current
2719,2025-01-20,78,6,168,84,84,135,40,Low Stock,Future
2720,2024-04-02,69,6,87,10,77,74,26,Healthy,Future
2721,2024-01-05,115,6,8,69,0,50,38,Stockout,Current
2722,2024-12-26,100,1,155,69,86,103,46,Low Stock,Current
2723,2025-01-19,57,6,72,73,0,64,30,Stockout,Future
2724,2025-11-19,35,6,242,16,226,90,40,Healthy,Future
2725,2024-09-08,29,6,15,35,0,47,37,Stockout,Current
2726,2025-12-22,71,3,192,40,152,67,42,Healthy,Future
2727,2025-09-18,84,1,167,8,159,79,31,Healthy,Current
2728,2025-05-21,91,6,119,37,82,136,23,Low Stock,Future
2729,2024-11-07,54,4,285,17,268,124,34,Healthy,Future
2730,2024-11-24,52,4,126,66,60,100,25,Low Stock,Current
2731,2025-09-06,91,5,123,2,121,124,36,Low Stock,Current
2732,2024-05-27,91,6,156,19,137,115,33,Healthy,Future
2733,2025-09-27,69,6,348,59,289,87,44,Healthy,Future
2734,2024-09-09,118,2,154,27,127,89,13,Healthy,Current
2735,2024-05-16,77,3,73,62,11,108,50,Low Stock,Current
2736,2024-01-04,50,6,171,8,163,112,44,Healthy,Future
2737,2025-08-26,71,2,120,1,119,97,36,Healthy,Future
2738,2025-05-07,12,6,75,66,9,42,41,Low Stock,Future
2739,2024-09-14,30,1,232,29,203,67,40,Healthy,Current
2740,2025-05-10,20,4,94,77,17,59,37,Low Stock,Future
2741,2024-07-28,67,6,206,24,182,46,10,Healthy,Current
2742,2024-01-05,100,1,92,11,81,127,6,Low Stock,Current
2743,2025-02-06,85,6,314,47,267,76,29,Healthy,Future
2744,2024-05-03,56,2,198,22,176,74,7,Healthy,Future
2745,2024-08-31,6,6,115,14,101,76,14,Healthy,Future
2746,2025-02-11,74,6,98,86,12,137,1,Low Stock,Current
2747,2025-03-13,57,4,330,23,307,99,1,Healthy,Future
2748,2025-09-28,88,4,31,57,0,128,50,Stockout,Current
2749,2024-11-17,71,6,7,43,0,71,20,Stockout,Current
2750,2024-02-13,88,1,198,43,155,97,33,Healthy,Future
2751,2025-11-26,2,5,68,35,33,120,11,Low Stock,Current
2752,2025-06-29,104,6,29,72,0,88,46,Stockout,Current
2753,2025-10-18,22,6,131,89,42,139,25,Low Stock,Future
2754,2024-10-07,18,6,208,25,183,137,45,Healthy,Current
2755,2024-08-17,99,4,212,80,132,103,0,Healthy,Current
2756,2024-03-28,41,6,170,67,103,138,9,Low Stock,Future
2757,2024-05-06,114,6,58,74,0,113,48,Stockout,Current
2758,2025-09-20,4,4,51,54,0,125,47,Stockout,Current
2759,2025-06-20,28,5,173,67,106,79,24,Healthy,Current
2760,2025-07-17,111,3,15,52,0,57,33,Stockout,Current
2761,2024-11-02,34,2,117,47,70,92,8,Low Stock,Current
2762,2025-11-07,23,6,166,21,145,131,10,Healthy,Future
2763,2025-12-02,9,6,48,29,19,83,26,Low Stock,Current
2764,2024-05-30,38,6,55,69,0,77,0,Stockout,Current
2765,2025-08-31,12,6,266,16,250,109,21,Healthy,Future
2766,2025-02-19,100,4,158,29,129,116,40,Healthy,Current
2767,2024-12-24,41,6,119,46,73,58,8,Healthy,Current
2768,2024-09-05,63,2,46,38,8,109,18,Low Stock,Current
2769,2025-08-11,32,6,44,2,42,125,47,Low Stock,Current
2770,2024-06-02,106,4,126,3,123,106,9,Healthy,Current
2771,2024-08-21,93,6,213,82,131,120,48,Healthy,Current
2772,2024-12-27,15,6,144,25,119,63,19,Healthy,Future
2773,2025-02-03,99,1,137,25,112,103,19,Healthy,Future
2774,2024-12-15,33,2,1,72,0,135,18,Stockout,Current
2775,2024-10-17,81,5,141,81,60,55,7,Healthy,Current
2776,2025-11-10,15,1,89,13,76,87,41,Low Stock,Current
2777,2025-09-07,88,5,352,81,271,121,6,Healthy,Future
2778,2024-01-27,60,6,186,4,182,83,31,Healthy,Future
2779,2024-03-20,71,2,171,72,99,83,45,Healthy,Current
2780,2025-06-01,111,3,85,71,14,41,35,Low Stock,Future
2781,2024-06-27,3,3,148,51,97,50,11,Healthy,Current
2782,2024-05-08,113,6,195,7,188,62,39,Healthy,Current
2783,2024-01-27,120,1,160,4,156,45,44,Healthy,Current
2784,2024-04-05,15,1,356,52,304,92,2,Healthy,Future
2785,2025-02-04,14,6,108,19,89,57,18,Healthy,Future
2786,2024-07-21,13,1,162,17,145,73,21,Healthy,Current
2787,2025-11-03,63,6,143,64,79,129,44,Low Stock,Current
2788,2024-02-26,43,6,71,70,1,109,7,Low Stock,Future
2789,2025-09-11,110,4,8,33,0,73,1,Stockout,Current
2790,2025-09-15,113,6,292,67,225,103,22,Healthy,Future
2791,2024-05-25,8,6,280,67,213,56,5,Healthy,Future
2792,2025-09-17,8,6,103,50,53,51,44,Healthy,Current
2793,2025-07-05,44,2,34,28,6,52,17,Low Stock,Current
2794,2024-01-23,108,6,201,14,187,103,8,Healthy,Future
2795,2025-10-22,83,2,74,79,0,55,43,Stockout,Current
2796,2024-02-15,10,1,153,23,130,94,28,Healthy,Current
2797,2024-05-19,23,4,267,38,229,48,16,Healthy,Future
2798,2025-05-13,22,1,171,46,125,56,34,Healthy,Current
2799,2024-02-27,62,1,43,84,0,119,26,Stockout,Current
2800,2024-02-27,72,6,149,27,122,130,31,Low Stock,Current
2801,2024-07-29,27,6,172,87,85,83,1,Healthy,Current
2802,2024-03-17,26,5,66,48,18,82,23,Low Stock,Future
2803,2025-09-29,118,3,94,28,66,126,1,Low Stock,Current
2804,2025-09-05,21,2,94,66,28,86,50,Low Stock,Current
2805,2024-11-20,89,6,10,4,6,64,47,Low Stock,Current
2806,2024-12-14,89,6,245,27,218,73,24,Healthy,Future
2807,2025-12-20,33,3,290,28,262,98,40,Healthy,Future
2808,2024-03-12,61,5,268,29,239,65,33,Healthy,Future
2809,2024-06-19,50,1,188,17,171,40,47,Healthy,Current
2810,2024-01-31,66,6,64,29,35,46,8,Low Stock,Current
2811,2024-01-22,66,2,38,62,0,120,28,Stockout,Current
2812,2024-11-01,11,5,37,44,0,44,10,Stockout,Current
2813,2025-04-08,118,6,328,21,307,116,45,Healthy,Future
2814,2025-05-06,9,6,103,43,60,102,48,Low Stock,Current
2815,2024-02-11,8,3,52,61,0,133,25,Stockout,Current
2816,2024-08-09,10,3,7,15,0,46,8,Stockout,Current
2817,2025-01-03,97,1,229,86,143,87,18,Healthy,Future
2818,2024-08-26,45,1,68,69,0,104,5,Stockout,Current
2819,2025-11-27,102,1,212,9,203,71,26,Healthy,Current
2820,2025-05-19,78,2,184,34,150,135,8,Healthy,Current
2821,2025-07-06,97,3,106,16,90,47,12,Healthy,Current
2822,2024-11-10,4,2,38,41,0,109,11,Stockout,Current
2823,2024-09-28,99,1,258,61,197,49,15,Healthy,Current
2824,2024-09-30,15,3,124,47,77,62,8,Healthy,Current
2825,2024-11-12,81,3,145,8,137,53,17,Healthy,Current
2826,2024-06-13,62,2,188,5,183,68,33,Healthy,Current
2827,2024-08-31,58,2,199,60,139,91,47,Healthy,Current
2828,2024-03-17,115,6,118,43,75,84,8,Low Stock,Current
2829,2024-01-27,62,3,225,44,181,111,36,Healthy,Future
2830,2025-12-02,80,6,228,75,153,118,5,Healthy,Current
2831,2024-07-22,17,5,214,66,148,84,31,Healthy,Current
2832,2024-09-12,116,6,175,63,112,113,9,Low Stock,Future
2833,2025-04-30,92,1,23,4,19,130,24,Low Stock,Current
2834,2024-03-28,96,4,93,47,46,49,40,Low Stock,Current
2835,2024-08-26,84,6,341,45,296,111,31,Healthy,Future
2836,2024-01-08,48,6,99,53,46,118,16,Low Stock,Current
2837,2025-05-28,38,6,176,65,111,59,33,Healthy,Future
2838,2024-11-18,26,3,0,29,0,58,28,Stockout,Current
2839,2025-01-20,90,4,146,18,128,78,27,Healthy,Future
2840,2024-05-06,24,6,245,50,195,99,21,Healthy,Future
2841,2025-08-02,37,6,258,65,193,42,36,Healthy,Current
2842,2024-05-17,1,1,51,27,24,121,42,Low Stock,Current
2843,2025-03-28,117,6,316,90,226,51,36,Healthy,Future
2844,2025-12-30,71,6,299,29,270,131,22,Healthy,Future
2845,2025-12-11,89,6,159,16,143,79,3,Healthy,Current
2846,2025-11-29,38,6,65,48,17,97,23,Low Stock,Current
2847,2024-02-05,7,3,19,35,0,118,39,Stockout,Current
2848,2025-04-18,69,6,169,85,84,73,0,Healthy,Current
2849,2024-11-15,94,6,219,73,146,48,10,Healthy,Current
2850,2024-06-01,35,6,83,34,49,60,26,Low Stock,Future
2851,2024-04-20,27,5,65,49,16,77,49,Low Stock,Future
2852,2025-10-20,118,4,132,79,53,53,32,Healthy,Current
2853,2025-01-07,5,6,162,16,146,100,43,Healthy,Current
2854,2025-01-23,71,3,115,79,36,70,20,Low Stock,Future
2855,2025-03-13,51,1,25,76,0,115,19,Stockout,Current
2856,2025-01-19,88,2,284,90,194,70,34,Healthy,Future
2857,2025-09-24,44,5,158,28,130,98,23,Healthy,Current
2858,2024-02-22,82,3,183,70,113,58,4,Healthy,Future
2859,2025-09-10,117,1,157,21,136,64,47,Healthy,Future
2860,2024-07-20,110,6,254,51,203,57,39,Healthy,Current
2861,2025-07-07,113,2,185,76,109,57,22,Healthy,Future
2862,2025-12-22,42,1,72,47,25,84,21,Low Stock,Current
2863,2024-12-12,96,2,13,70,0,49,33,Stockout,Current
2864,2024-03-25,63,6,277,67,210,101,45,Healthy,Future
2865,2024-12-19,82,6,227,85,142,93,12,Healthy,Current
2866,2025-02-23,97,2,292,8,284,51,19,Healthy,Future
2867,2024-02-02,100,6,343,81,262,114,41,Healthy,Future
2868,2025-03-26,67,6,184,47,137,58,8,Healthy,Current
2869,2025-04-29,63,6,86,79,7,80,45,Low Stock,Current
2870,2024-02-02,115,5,172,81,91,75,29,Healthy,Current
2871,2024-07-04,10,6,208,30,178,138,19,Healthy,Future
2872,2025-10-08,3,3,2,4,0,114,7,Stockout,Current
2873,2024-01-20,82,1,258,11,247,87,47,Healthy,Current
2874,2024-07-24,83,6,87,83,4,69,48,Low Stock,Current
2875,2025-09-06,49,6,16,41,0,70,12,Stockout,Current
2876,2025-02-05,8,6,67,53,14,118,23,Low Stock,Current
2877,2025-11-11,67,6,198,1,197,72,41,Healthy,Current
2878,2025-02-19,60,6,128,89,39,72,4,Low Stock,Current
2879,2024-04-22,96,6,88,36,52,129,43,Low Stock,Current
2880,2024-02-16,78,1,104,8,96,71,33,Healthy,Current
2881,2025-07-27,40,6,143,69,74,92,10,Low Stock,Current
2882,2024-03-22,64,3,118,55,63,140,6,Low Stock,Current
2883,2024-05-30,61,5,249,64,185,114,37,Healthy,Current
2884,2024-01-29,119,6,60,47,13,137,10,Low Stock,Current
2885,2024-03-27,8,5,347,52,295,96,18,Healthy,Future
2886,2025-05-03,108,1,103,63,40,58,3,Low Stock,Current
2887,2024-12-01,65,6,120,52,68,105,38,Low Stock,Future
2888,2024-11-05,55,4,110,57,53,80,28,Low Stock,Current
2889,2025-10-11,115,2,20,52,0,116,30,Stockout,Current
2890,2025-01-24,8,6,90,88,2,76,31,Low Stock,Current
2891,2024-01-02,19,6,153,18,135,46,5,Healthy,Current
2892,2024-08-16,75,2,259,61,198,136,28,Healthy,Current
2893,2025-07-05,65,6,177,16,161,128,29,Healthy,Future
2894,2024-06-01,113,4,42,62,0,94,50,Stockout,Current
2895,2024-09-08,34,1,92,41,51,110,13,Low Stock,Future
2896,2025-03-06,91,6,153,87,66,46,7,Healthy,Future
2897,2024-12-15,25,2,63,57,6,44,41,Low Stock,Current
2898,2025-03-06,118,5,255,6,249,46,44,Healthy,Current
2899,2024-02-06,109,6,340,36,304,123,30,Healthy,Future
2900,2025-12-08,71,6,28,86,0,132,33,Stockout,Current
2901,2024-01-07,30,1,130,35,95,140,24,Low Stock,Current
2902,2024-06-25,37,1,191,45,146,135,23,Healthy,Current
2903,2025-01-17,91,6,75,67,8,69,5,Low Stock,Future
2904,2024-04-24,48,6,102,36,66,65,0,Healthy,Current
2905,2024-12-08,50,1,86,33,53,85,18,Low Stock,Current
2906,2024-12-01,115,3,140,28,112,92,16,Healthy,Current
2907,2025-11-11,41,3,153,53,100,116,26,Low Stock,Future
2908,2025-01-05,26,4,359,73,286,84,15,Healthy,Future
2909,2025-04-14,97,6,188,24,164,119,38,Healthy,Future
2910,2025-11-13,22,6,138,80,58,80,26,Low Stock,Current
2911,2024-01-21,107,2,165,4,161,67,13,Healthy,Current
2912,2024-11-23,120,6,52,50,2,86,14,Low Stock,Current
2913,2024-01-29,75,6,31,56,0,88,49,Stockout,Current
2914,2024-09-02,48,2,5,66,0,133,11,Stockout,Current
2915,2025-06-23,91,6,176,34,142,46,42,Healthy,Current
2916,2025-07-07,60,4,24,86,0,131,20,Stockout,Current
2917,2025-02-22,51,2,42,7,35,89,35,Low Stock,Current
2918,2024-11-11,32,6,99,37,62,137,26,Low Stock,Current
2919,2025-05-09,63,1,6,67,0,86,7,Stockout,Current
2920,2024-11-23,31,5,49,54,0,60,50,Stockout,Current
2921,2025-11-09,110,6,205,39,166,109,41,Healthy,Current
2922,2024-12-04,66,5,344,1,343,114,14,Healthy,Future
2923,2025-12-24,34,6,162,32,130,73,48,Healthy,Current
2924,2025-03-13,38,1,127,55,72,86,13,Low Stock,Future
2925,2024-12-05,60,1,95,67,28,84,2,Low Stock,Current
2926,2025-06-11,38,1,128,10,118,101,4,Healthy,Current
2927,2024-03-06,33,6,247,29,218,72,37,Healthy,Current
2928,2025-04-08,68,1,318,72,246,61,35,Healthy,Future
2929,2025-02-12,1,6,196,62,134,120,21,Healthy,Current
2930,2025-06-20,94,5,223,20,203,46,45,Healthy,Future
2931,2025-12-16,13,6,240,13,227,55,15,Healthy,Future
2932,2025-11-14,5,6,128,90,38,130,13,Low Stock,Future
2933,2025-01-21,90,3,35,17,18,126,49,Low Stock,Current
2934,2025-04-28,58,3,0,78,0,110,1,Stockout,Current
2935,2024-07-10,92,3,6,48,0,74,7,Stockout,Current
2936,2024-12-30,2,5,213,84,129,65,44,Healthy,Current
2937,2025-08-08,116,1,77,36,41,69,30,Low Stock,Current
2938,2024-05-23,42,4,147,54,93,86,0,Healthy,Future
2939,2025-06-13,92,1,170,25,145,65,40,Healthy,Current
2940,2024-07-22,67,6,277,50,227,82,7,Healthy,Future
2941,2024-05-14,87,4,162,51,111,84,34,Healthy,Current
2942,2025-12-20,77,1,252,70,182,48,48,Healthy,Future
2943,2025-06-11,71,6,340,32,308,85,9,Healthy,Future
2944,2024-07-25,100,6,120,45,75,58,27,Healthy,Current
2945,2024-10-07,105,2,236,88,148,140,39,Healthy,Future
2946,2024-08-09,29,6,170,1,169,117,22,Healthy,Future
2947,2024-04-05,118,2,159,26,133,120,9,Healthy,Current
2948,2024-06-20,118,6,200,41,159,52,30,Healthy,Current
2949,2025-03-13,12,5,183,29,154,139,14,Healthy,Current
2950,2025-08-14,16,6,32,45,0,120,37,Stockout,Current
2951,2025-01-30,28,6,138,57,81,64,22,Healthy,Future
2952,2024-03-09,76,6,159,62,97,63,38,Healthy,Current
2953,2025-02-04,96,3,71,45,26,114,47,Low Stock,Future
2954,2025-09-23,32,2,81,80,1,82,8,Low Stock,Current
2955,2025-01-28,101,6,160,32,128,94,45,Healthy,Current
2956,2025-06-22,97,6,133,64,69,112,7,Low Stock,Current
2957,2024-12-01,18,6,239,56,183,49,15,Healthy,Future
2958,2025-05-14,8,6,23,35,0,108,37,Stockout,Current
2959,2025-12-16,75,6,166,66,100,76,12,Healthy,Current
2960,2025-03-23,59,6,138,67,71,116,17,Low Stock,Current
2961,2025-09-16,78,6,193,81,112,121,22,Low Stock,Current
2962,2025-01-25,1,5,184,62,122,135,35,Low Stock,Current
2963,2025-05-21,3,5,101,88,13,75,49,Low Stock,Current
2964,2024-07-11,34,6,182,51,131,126,20,Healthy,Future
2965,2024-02-02,108,4,163,45,118,60,42,Healthy,Current
2966,2024-05-01,104,1,298,38,260,106,9,Healthy,Future
2967,2025-04-11,12,6,219,35,184,104,37,Healthy,Current
2968,2025-01-24,17,6,214,51,163,82,21,Healthy,Future
2969,2025-12-20,38,1,207,34,173,94,43,Healthy,Current
2970,2025-08-11,12,6,217,36,181,127,30,Healthy,Current
2971,2024-06-03,86,2,187,81,106,59,17,Healthy,Future
2972,2025-07-09,113,1,11,7,4,131,32,Low Stock,Current
2973,2024-06-15,75,6,155,14,141,95,4,Healthy,Current
2974,2025-12-02,27,1,256,72,184,70,7,Healthy,Current
2975,2024-11-10,103,2,185,45,140,135,43,Healthy,Current
2976,2024-01-07,62,4,130,2,128,59,49,Healthy,Future
2977,2025-05-25,62,6,168,65,103,43,9,Healthy,Current
2978,2025-02-19,71,4,128,39,89,133,25,Low Stock,Future
2979,2024-09-24,35,6,107,73,34,100,18,Low Stock,Current
2980,2024-09-25,26,6,247,66,181,44,8,Healthy,Future
2981,2024-06-10,29,4,171,19,152,119,32,Healthy,Current
2982,2025-08-27,40,4,78,59,19,75,21,Low Stock,Current
2983,2025-11-26,89,6,154,64,90,68,31,Healthy,Current
2984,2025-06-18,77,6,45,4,41,92,46,Low Stock,Current
2985,2024-04-06,2,6,46,33,13,125,19,Low Stock,Future
2986,2025-01-08,73,3,94,16,78,102,1,Low Stock,Current
2987,2024-11-09,56,1,137,52,85,99,34,Low Stock,Current
2988,2024-08-28,4,6,21,35,0,61,8,Stockout,Current
2989,2024-04-14,72,2,85,65,20,54,14,Low Stock,Current
2990,2024-06-26,74,1,112,58,54,100,26,Low Stock,Current
2991,2024-09-15,30,5,136,33,103,136,22,Low Stock,Current
2992,2024-05-10,98,6,61,38,23,104,38,Low Stock,Current
2993,2025-04-06,76,4,185,17,168,73,1,Healthy,Future
2994,2025-10-10,60,4,148,64,84,59,8,Healthy,Current
2995,2025-11-18,90,6,106,14,92,58,12,Healthy,Future
2996,2024-05-17,44,1,227,47,180,131,14,Healthy,Current
2997,2025-02-15,28,1,30,75,0,120,10,Stockout,Current
2998,2024-01-28,104,3,74,85,0,80,8,Stockout,Current
2999,2024-11-17,49,5,19,72,0,123,35,Stockout,Current
3000,2024-08-13,99,6,234,47,187,109,8,Healthy,Future
3001,2024-09-06,83,1,212,43,169,104,0,Healthy,Future
3002,2024-10-14,100,2,23,37,0,66,33,Stockout,Current
3003,2024-04-02,7,4,119,90,29,130,5,Low Stock,Current
3004,2025-04-07,49,3,180,19,161,81,10,Healthy,Current
3005,2024-05-29,93,2,238,76,162,47,18,Healthy,Current
3006,2025-05-26,117,6,23,48,0,139,2,Stockout,Current
3007,2024-05-04,27,4,346,89,257,70,15,Healthy,Future
3008,2025-11-15,9,3,124,64,60,136,36,Low Stock,Future
3009,2025-07-26,94,6,235,27,208,118,13,Healthy,Current
3010,2025-09-10,66,4,171,10,161,99,18,Healthy,Future
3011,2024-12-27,28,3,226,60,166,120,45,Healthy,Future
3012,2025-05-01,115,4,302,87,215,82,20,Healthy,Future
3013,2024-01-08,26,6,60,51,9,96,37,Low Stock,Current
3014,2025-05-09,36,6,11,29,0,118,37,Stockout,Current
3015,2024-03-12,89,6,214,45,169,89,25,Healthy,Current
3016,2024-03-04,29,2,232,83,149,111,27,Healthy,Future
3017,2025-06-24,62,3,330,51,279,108,0,Healthy,Future
3018,2025-08-15,54,6,334,68,266,52,4,Healthy,Future
3019,2025-01-02,50,6,278,13,265,55,9,Healthy,Future
3020,2024-04-23,18,2,149,59,90,115,23,Low Stock,Future
3021,2024-02-22,85,6,208,3,205,77,5,Healthy,Future
3022,2024-12-31,68,6,30,88,0,53,42,Stockout,Current
3023,2025-04-30,69,4,255,29,226,132,21,Healthy,Future
3024,2025-09-24,86,6,38,25,13,136,8,Low Stock,Current
3025,2025-08-03,50,2,239,14,225,99,1,Healthy,Future
3026,2025-05-05,37,6,72,48,24,96,18,Low Stock,Current
3027,2025-07-12,32,6,109,57,52,74,3,Low Stock,Current
3028,2025-07-23,37,1,57,10,47,55,47,Low Stock,Current
3029,2024-02-23,104,1,66,84,0,135,3,Stockout,Current
3030,2024-04-28,98,6,130,40,90,140,15,Low Stock,Current
3031,2025-12-24,52,4,343,75,268,67,18,Healthy,Future
3032,2024-06-17,12,6,181,64,117,101,27,Healthy,Current
3033,2024-05-10,10,2,107,75,32,71,12,Low Stock,Future
3034,2024-10-26,45,6,69,62,7,92,36,Low Stock,Current
3035,2024-03-23,105,6,192,87,105,108,17,Low Stock,Future
3036,2025-10-06,66,4,27,75,0,41,19,Stockout,Current
3037,2024-06-04,10,6,79,47,32,131,10,Low Stock,Current
3038,2024-07-27,45,2,5,43,0,99,25,Stockout,Current
3039,2025-11-24,84,4,91,38,53,110,12,Low Stock,Current
3040,2025-01-14,110,6,37,65,0,95,13,Stockout,Current
3041,2024-06-22,114,3,189,43,146,88,34,Healthy,Future
3042,2025-12-06,8,6,108,46,62,90,22,Low Stock,Current
3043,2024-05-01,100,2,156,23,133,132,11,Healthy,Current
3044,2024-09-23,13,6,65,54,11,93,7,Low Stock,Future
3045,2025-01-30,102,3,132,61,71,96,44,Low Stock,Future
3046,2025-06-12,54,5,228,37,191,110,30,Healthy,Future
3047,2024-01-27,70,1,163,77,86,113,39,Low Stock,Current
3048,2024-03-10,40,6,139,68,71,65,26,Healthy,Current
3049,2024-01-21,38,1,175,26,149,103,46,Healthy,Current
3050,2024-03-26,104,2,55,64,0,41,39,Stockout,Current
3051,2025-07-26,37,2,139,70,69,112,37,Low Stock,Current
3052,2024-01-04,47,1,212,65,147,78,39,Healthy,Future
3053,2024-02-26,38,6,40,71,0,77,47,Stockout,Current
3054,2024-04-21,93,2,222,62,160,138,28,Healthy,Current
3055,2025-04-04,18,1,340,52,288,77,37,Healthy,Future
3056,2025-01-26,117,5,13,9,4,72,29,Low Stock,Current
3057,2024-04-15,65,6,18,39,0,44,32,Stockout,Current
3058,2025-01-16,119,3,198,15,183,79,4,Healthy,Future
3059,2024-04-02,79,6,104,75,29,117,25,Low Stock,Current
3060,2025-01-26,3,6,65,31,34,78,43,Low Stock,Current
3061,2024-02-21,37,6,252,81,171,97,22,Healthy,Current
3062,2025-01-08,94,6,282,88,194,86,22,Healthy,Future
3063,2025-04-10,70,6,44,75,0,135,11,Stockout,Current
3064,2024-01-09,59,3,233,29,204,112,24,Healthy,Future
3065,2024-05-04,22,2,219,50,169,70,11,Healthy,Current
3066,2025-12-14,77,6,116,90,26,113,39,Low Stock,Current
3067,2024-04-07,38,2,306,59,247,107,30,Healthy,Future
3068,2025-12-14,61,3,165,66,99,82,10,Healthy,Future
3069,2025-09-29,102,1,55,37,18,119,8,Low Stock,Future
3070,2025-07-18,102,6,162,20,142,56,23,Healthy,Current
3071,2024-01-20,94,1,52,61,0,61,33,Stockout,Current
3072,2025-06-25,85,5,72,38,34,126,39,Low Stock,Future
3073,2024-10-21,65,6,242,24,218,133,19,Healthy,Current
3074,2024-09-28,120,1,60,44,16,127,13,Low Stock,Future
3075,2024-05-20,110,2,117,87,30,48,4,Low Stock,Future
3076,2024-11-06,101,6,176,46,130,129,3,Healthy,Future
3077,2024-12-23,93,6,225,72,153,103,13,Healthy,Current
3078,2025-11-07,106,2,187,58,129,122,39,Healthy,Current
3079,2024-11-12,113,2,228,79,149,54,5,Healthy,Future
3080,2025-06-11,63,4,86,86,0,70,34,Stockout,Current
3081,2025-06-04,34,6,84,74,10,122,15,Low Stock,Current
3082,2024-01-12,47,2,323,85,238,110,40,Healthy,Future
3083,2024-06-25,77,2,84,0,84,120,29,Low Stock,Current
3084,2025-05-28,91,4,3,32,0,40,7,Stockout,Current
3085,2024-12-19,58,6,91,39,52,127,30,Low Stock,Future
3086,2025-07-12,102,1,163,1,162,42,30,Healthy,Current
3087,2024-09-06,112,3,257,13,244,41,17,Healthy,Current
3088,2024-12-15,60,2,138,61,77,60,32,Healthy,Current
3089,2024-03-18,24,2,167,84,83,45,6,Healthy,Future
3090,2025-07-21,86,6,36,70,0,90,12,Stockout,Current
3091,2025-10-01,29,1,316,65,251,68,31,Healthy,Future
3092,2024-02-15,4,3,265,47,218,47,23,Healthy,Future
3093,2024-04-05,120,5,53,64,0,84,8,Stockout,Current
3094,2024-02-23,4,6,127,68,59,46,1,Healthy,Current
3095,2024-11-04,18,3,133,33,100,139,4,Low Stock,Current
3096,2025-05-06,114,6,128,42,86,98,18,Low Stock,Current
3097,2025-03-17,63,6,5,53,0,134,43,Stockout,Current
3098,2025-10-27,16,6,105,82,23,100,32,Low Stock,Current
3099,2024-06-19,31,6,57,3,54,75,36,Low Stock,Future
3100,2025-03-09,94,6,59,3,56,49,43,Healthy,Current
3101,2025-01-26,28,6,311,5,306,62,40,Healthy,Future
3102,2025-10-27,81,6,147,45,102,67,35,Healthy,Future
3103,2024-05-28,48,1,88,66,22,96,28,Low Stock,Current
3104,2025-01-21,106,5,187,21,166,52,41,Healthy,Future
3105,2024-04-09,69,1,48,10,38,46,17,Low Stock,Current
3106,2025-10-09,117,6,49,7,42,115,42,Low Stock,Current
3107,2024-04-30,114,6,170,36,134,116,18,Healthy,Current
3108,2025-01-03,13,2,229,22,207,65,9,Healthy,Current
3109,2025-02-20,118,1,345,24,321,78,14,Healthy,Future
3110,2025-03-02,64,6,339,39,300,96,40,Healthy,Future
3111,2025-04-18,101,1,58,45,13,50,46,Low Stock,Future
3112,2024-08-07,79,4,31,78,0,101,36,Stockout,Current
3113,2025-08-13,51,4,174,4,170,128,10,Healthy,Current
3114,2025-12-15,101,6,100,28,72,72,45,Healthy,Current
3115,2024-10-14,50,1,4,41,0,50,8,Stockout,Current
3116,2024-06-18,62,5,196,79,117,117,16,Healthy,Current
3117,2025-04-19,32,6,322,38,284,124,33,Healthy,Future
3118,2024-09-25,12,6,165,58,107,80,27,Healthy,Current
3119,2025-08-26,40,2,211,69,142,99,42,Healthy,Current
3120,2024-08-06,36,1,350,41,309,40,9,Healthy,Future
3121,2025-09-09,80,3,291,26,265,61,46,Healthy,Future
3122,2025-08-10,106,2,298,2,296,107,41,Healthy,Future
3123,2024-02-22,37,2,150,88,62,41,29,Healthy,Future
3124,2025-05-29,29,5,255,7,248,78,36,Healthy,Current
3125,2025-11-15,73,6,80,19,61,95,9,Low Stock,Future
3126,2024-12-03,79,3,55,14,41,119,0,Low Stock,Current
3127,2024-04-13,72,4,260,6,254,97,22,Healthy,Future
3128,2025-01-25,64,1,251,39,212,113,29,Healthy,Future
3129,2024-08-27,106,1,115,2,113,135,17,Low Stock,Current
3130,2024-08-30,19,6,23,70,0,120,38,Stockout,Current
3131,2025-07-04,16,6,235,86,149,134,29,Healthy,Current
3132,2024-10-09,26,3,154,65,89,116,9,Low Stock,Current
3133,2025-06-03,41,4,56,90,0,78,42,Stockout,Current
3134,2024-04-08,46,2,66,88,0,72,13,Stockout,Future
3135,2025-10-20,37,5,267,70,197,115,33,Healthy,Future
3136,2025-10-11,109,6,231,31,200,67,47,Healthy,Current
3137,2025-10-06,114,3,119,50,69,80,44,Low Stock,Current
3138,2024-02-23,64,6,74,7,67,76,9,Low Stock,Current
3139,2024-07-30,47,6,239,89,150,41,34,Healthy,Future
3140,2025-06-19,24,1,23,77,0,120,43,Stockout,Current
3141,2024-03-08,12,5,275,79,196,75,39,Healthy,Future
3142,2024-04-12,32,1,254,18,236,94,47,Healthy,Future
3143,2024-02-09,3,6,213,74,139,66,10,Healthy,Future
3144,2025-11-16,117,6,166,66,100,75,35,Healthy,Current
3145,2024-07-05,114,5,4,4,0,42,30,Stockout,Current
3146,2025-10-02,5,2,52,54,0,119,7,Stockout,Current
3147,2024-01-15,15,5,231,63,168,76,32,Healthy,Current
3148,2024-12-18,115,6,338,53,285,46,45,Healthy,Future
3149,2025-12-15,80,4,99,60,39,49,46,Low Stock,Future
3150,2024-04-03,39,2,244,86,158,53,41,Healthy,Future
3151,2025-07-01,4,6,93,82,11,65,29,Low Stock,Future
3152,2024-05-14,18,3,65,18,47,60,16,Low Stock,Current
3153,2024-07-03,112,1,78,36,42,123,16,Low Stock,Future
3154,2024-09-04,57,4,158,71,87,64,8,Healthy,Current
3155,2025-11-12,107,1,281,53,228,94,41,Healthy,Future
3156,2024-09-15,68,6,185,39,146,84,46,Healthy,Current
3157,2024-09-02,84,4,90,54,36,53,17,Low Stock,Current
3158,2025-03-25,41,1,123,75,48,107,35,Low Stock,Future
3159,2025-08-19,64,1,78,87,0,94,27,Stockout,Current
3160,2024-04-25,76,6,45,84,0,65,19,Stockout,Current
3161,2024-11-28,85,3,138,68,70,119,36,Low Stock,Current
3162,2025-09-20,64,6,158,67,91,119,9,Low Stock,Future
3163,2025-09-13,97,2,290,78,212,70,47,Healthy,Future
3164,2024-11-11,112,6,116,57,59,80,30,Low Stock,Current
3165,2024-09-22,42,6,60,58,2,128,27,Low Stock,Current
3166,2025-08-16,4,6,308,5,303,95,42,Healthy,Future
3167,2024-08-20,92,1,109,12,97,68,40,Healthy,Current
3168,2024-08-05,66,6,164,23,141,88,47,Healthy,Current
3169,2025-03-14,98,5,37,33,4,108,21,Low Stock,Current
3170,2024-09-28,31,6,190,47,143,77,48,Healthy,Future
3171,2025-06-19,88,2,69,40,29,97,43,Low Stock,Current
3172,2024-03-21,90,1,13,23,0,140,22,Stockout,Current
3173,2025-01-04,6,3,96,54,42,113,50,Low Stock,Current
3174,2025-02-12,111,5,37,72,0,93,38,Stockout,Current
3175,2024-06-20,17,6,143,61,82,73,6,Healthy,Current
3176,2025-01-24,7,1,25,64,0,69,14,Stockout,Current
3177,2024-09-17,20,6,0,44,0,91,32,Stockout,Current
3178,2025-03-07,24,6,167,61,106,138,50,Low Stock,Future
3179,2024-05-28,65,6,256,45,211,139,44,Healthy,Future
3180,2024-02-24,100,6,284,68,216,139,27,Healthy,Future
3181,2024-10-23,57,6,348,78,270,106,18,Healthy,Future
3182,2024-04-18,100,6,25,38,0,55,50,Stockout,Current
3183,2025-06-04,40,3,70,8,62,84,3,Low Stock,Current
3184,2025-02-02,98,4,200,1,199,95,26,Healthy,Current
3185,2024-02-19,20,1,144,41,103,82,12,Healthy,Current
3186,2025-11-16,90,6,114,65,49,44,13,Healthy,Future
3187,2024-04-10,84,4,130,54,76,72,5,Healthy,Current
3188,2024-02-23,104,2,118,24,94,128,8,Low Stock,Current
3189,2024-09-01,68,2,54,16,38,77,2,Low Stock,Future
3190,2025-12-07,21,1,93,0,93,127,16,Low Stock,Future
3191,2024-07-03,112,3,232,66,166,99,21,Healthy,Current
3192,2025-05-09,99,3,106,20,86,76,14,Healthy,Current
3193,2024-06-24,58,6,328,59,269,43,44,Healthy,Future
3194,2025-06-19,55,6,114,88,26,47,27,Low Stock,Future
3195,2025-04-22,53,2,155,67,88,63,33,Healthy,Future
3196,2025-09-17,47,6,72,48,24,97,14,Low Stock,Current
3197,2024-07-21,113,2,244,40,204,119,3,Healthy,Current
3198,2024-12-20,85,3,7,61,0,54,49,Stockout,Current
3199,2025-06-27,80,1,102,0,102,42,16,Healthy,Current
3200,2024-12-11,12,5,118,1,117,74,26,Healthy,Current
3201,2025-06-11,20,2,155,16,139,51,38,Healthy,Current
3202,2025-02-11,87,1,258,11,247,114,20,Healthy,Future
3203,2024-11-08,76,2,155,36,119,104,3,Healthy,Current
3204,2024-10-05,42,6,146,84,62,100,24,Low Stock,Current
3205,2025-05-22,87,6,17,2,15,79,5,Low Stock,Current
3206,2025-11-11,66,6,358,51,307,41,7,Healthy,Future
3207,2024-04-24,59,3,28,43,0,77,17,Stockout,Current
3208,2024-12-06,5,6,332,60,272,74,32,Healthy,Future
3209,2024-11-04,60,2,144,76,68,42,36,Healthy,Current
3210,2025-11-06,34,1,11,27,0,78,38,Stockout,Current
3211,2024-06-25,89,6,255,27,228,101,26,Healthy,Current
3212,2025-01-01,72,5,102,1,101,120,37,Low Stock,Current
3213,2025-01-21,23,6,86,27,59,119,31,Low Stock,Current
3214,2024-05-14,23,6,292,45,247,72,41,Healthy,Future
3215,2025-03-24,67,3,200,4,196,70,34,Healthy,Current
3216,2025-11-29,5,6,12,24,0,63,10,Stockout,Current
3217,2025-04-04,11,1,141,64,77,134,42,Low Stock,Current
3218,2025-03-13,51,6,43,57,0,93,13,Stockout,Current
3219,2025-02-13,27,6,53,31,22,76,33,Low Stock,Current
3220,2024-11-28,24,2,292,40,252,139,5,Healthy,Future
3221,2024-01-11,88,6,63,68,0,127,25,Stockout,Future
3222,2025-08-17,20,6,50,53,0,67,25,Stockout,Current
3223,2025-09-25,32,6,162,21,141,96,18,Healthy,Current
3224,2024-03-20,18,6,46,48,0,119,18,Stockout,Current
3225,2025-07-26,9,4,76,74,2,136,38,Low Stock,Current
3226,2025-09-12,23,6,152,3,149,83,45,Healthy,Future
3227,2025-01-31,85,6,124,87,37,59,25,Low Stock,Current
3228,2024-08-04,80,3,143,23,120,109,15,Healthy,Current
3229,2025-07-24,39,6,241,3,238,95,13,Healthy,Current
3230,2024-03-11,22,1,3,81,0,87,46,Stockout,Current
3231,2024-09-02,90,1,83,10,73,55,35,Healthy,Future
3232,2025-04-12,75,5,250,51,199,97,33,Healthy,Current
3233,2024-04-01,73,5,59,57,2,109,39,Low Stock,Current
3234,2025-08-16,111,4,132,37,95,140,36,Low Stock,Current
3235,2025-08-09,71,6,84,5,79,129,25,Low Stock,Current
3236,2024-02-20,65,3,163,69,94,58,5,Healthy,Current
3237,2025-12-13,109,4,189,9,180,139,17,Healthy,Current
3238,2025-05-30,101,6,238,75,163,127,41,Healthy,Current
3239,2024-07-16,57,6,248,15,233,86,26,Healthy,Future
3240,2025-02-07,26,3,133,0,133,139,33,Low Stock,Current
3241,2025-04-20,39,2,145,6,139,44,27,Healthy,Future
3242,2024-01-22,40,6,296,18,278,44,9,Healthy,Future
3243,2025-12-09,2,6,86,70,16,118,34,Low Stock,Current
3244,2025-02-15,31,5,75,81,0,67,3,Stockout,Current
3245,2024-07-21,9,3,184,8,176,48,40,Healthy,Future
3246,2024-09-02,105,4,86,5,81,136,21,Low Stock,Future
3247,2025-08-28,97,4,310,86,224,115,46,Healthy,Future
3248,2025-09-13,91,1,91,8,83,123,25,Low Stock,Current
3249,2024-05-17,65,4,127,16,111,135,36,Low Stock,Current
3250,2024-06-21,28,2,116,19,97,59,48,Healthy,Future
3251,2025-07-30,81,2,108,13,95,53,15,Healthy,Future
3252,2025-12-01,10,2,157,30,127,85,23,Healthy,Current
3253,2025-03-13,32,3,147,78,69,54,19,Healthy,Current
3254,2025-08-19,103,6,70,22,48,63,21,Low Stock,Current
3255,2025-01-01,19,6,240,32,208,98,38,Healthy,Current
3256,2025-01-26,57,6,186,10,176,44,7,Healthy,Current
3257,2025-01-15,41,6,56,62,0,66,29,Stockout,Current
3258,2024-09-10,24,6,59,55,4,85,13,Low Stock,Current
3259,2024-10-08,110,5,74,21,53,135,36,Low Stock,Current
3260,2024-02-08,46,1,200,66,134,83,4,Healthy,Future
3261,2025-03-21,17,2,69,79,0,105,5,Stockout,Current
3262,2025-01-23,116,6,318,4,314,129,36,Healthy,Future
3263,2024-03-26,102,6,269,12,257,135,4,Healthy,Future
3264,2024-04-25,11,6,182,72,110,66,29,Healthy,Current
3265,2024-11-17,108,6,99,28,71,115,19,Low Stock,Future
3266,2025-03-10,16,3,160,87,73,81,22,Low Stock,Current
3267,2024-04-24,2,5,309,46,263,82,21,Healthy,Future
3268,2024-06-18,108,3,72,51,21,77,43,Low Stock,Current
3269,2025-03-24,22,5,173,14,159,93,39,Healthy,Future
3270,2025-10-16,8,4,26,52,0,130,9,Stockout,Current
3271,2024-02-18,96,5,240,26,214,115,32,Healthy,Current
3272,2025-07-23,94,1,61,73,0,54,6,Stockout,Future
3273,2024-03-26,84,6,359,68,291,95,39,Healthy,Future
3274,2025-09-24,78,1,183,23,160,127,13,Healthy,Future
3275,2025-11-20,66,2,121,35,86,136,8,Low Stock,Current
3276,2024-04-21,60,6,73,14,59,46,0,Healthy,Current
3277,2025-09-14,70,3,111,61,50,133,16,Low Stock,Current
3278,2024-05-03,39,1,299,80,219,107,47,Healthy,Future
3279,2024-10-06,65,6,238,20,218,95,31,Healthy,Current
3280,2024-07-20,119,1,119,27,92,48,19,Healthy,Current
3281,2024-12-10,89,2,6,83,0,108,36,Stockout,Current
3282,2025-08-14,71,1,151,5,146,82,7,Healthy,Future
3283,2024-09-27,98,2,150,19,131,107,4,Healthy,Future
3284,2025-03-04,106,3,183,10,173,44,16,Healthy,Current
3285,2024-12-13,108,6,177,5,172,129,42,Healthy,Current
3286,2024-06-29,55,4,176,54,122,83,19,Healthy,Future
3287,2025-01-06,14,1,142,47,95,51,39,Healthy,Current
3288,2024-09-24,47,3,252,52,200,43,5,Healthy,Current
3289,2025-11-30,1,6,287,55,232,116,43,Healthy,Future
3290,2024-07-05,3,5,80,84,0,86,13,Stockout,Future
3291,2024-11-21,92,3,15,36,0,134,10,Stockout,Current
3292,2024-07-10,65,2,221,26,195,56,14,Healthy,Future
3293,2025-11-29,88,2,295,36,259,127,21,Healthy,Future
3294,2025-02-20,113,5,107,18,89,74,9,Healthy,Future
3295,2025-02-27,81,1,12,14,0,47,15,Stockout,Current
3296,2025-07-30,119,2,61,40,21,68,27,Low Stock,Current
3297,2024-08-17,50,6,71,21,50,64,9,Low Stock,Current
3298,2025-01-22,46,3,145,18,127,105,14,Healthy,Current
3299,2024-10-11,63,4,330,37,293,50,20,Healthy,Future
3300,2025-09-19,27,6,83,28,55,52,48,Healthy,Current
3301,2024-03-07,98,6,204,65,139,67,49,Healthy,Current
3302,2025-02-02,106,6,263,48,215,64,4,Healthy,Future
3303,2025-12-28,118,4,235,71,164,53,10,Healthy,Future
3304,2024-01-27,12,1,165,90,75,44,48,Healthy,Current
3305,2024-04-23,77,6,116,55,61,68,13,Low Stock,Future
3306,2024-02-26,17,1,244,44,200,139,11,Healthy,Current
3307,2025-12-01,23,6,334,87,247,77,11,Healthy,Future
3308,2025-10-13,38,5,205,73,132,104,27,Healthy,Current
3309,2025-06-20,96,1,80,63,17,98,24,Low Stock,Current
3310,2024-08-10,4,6,344,35,309,45,13,Healthy,Future
3311,2024-05-28,64,3,37,40,0,101,28,Stockout,Current
3312,2024-09-17,22,2,357,66,291,89,30,Healthy,Future
3313,2025-08-01,95,1,60,35,25,62,49,Low Stock,Current
3314,2025-10-30,104,5,60,22,38,60,4,Low Stock,Current
3315,2024-02-19,112,3,57,30,27,100,29,Low Stock,Current
3316,2025-11-03,75,6,185,33,152,105,4,Healthy,Current
3317,2025-02-19,82,5,219,84,135,117,24,Healthy,Current
3318,2024-04-14,32,6,50,7,43,85,35,Low Stock,Current
3319,2025-01-25,73,5,264,60,204,132,35,Healthy,Future
3320,2024-09-04,118,3,226,4,222,103,38,Healthy,Current
3321,2025-01-01,78,6,231,8,223,61,29,Healthy,Current
3322,2024-12-10,24,6,15,16,0,118,32,Stockout,Current
3323,2024-03-02,4,1,208,4,204,94,44,Healthy,Future
3324,2024-07-13,76,1,140,56,84,97,29,Low Stock,Current
3325,2024-04-01,15,4,72,27,45,101,47,Low Stock,Current
3326,2025-03-10,78,4,219,42,177,138,20,Healthy,Current
3327,2024-12-19,65,6,158,33,125,66,30,Healthy,Current
3328,2024-11-01,45,3,86,85,1,91,2,Low Stock,Current
3329,2024-06-09,59,1,99,37,62,102,35,Low Stock,Current
3330,2025-02-08,95,5,0,47,0,70,11,Stockout,Current
3331,2024-06-22,70,1,289,16,273,94,47,Healthy,Future
3332,2025-10-21,48,5,71,64,7,58,5,Low Stock,Future
3333,2025-11-13,48,6,158,90,68,88,10,Low Stock,Current
3334,2025-04-06,86,2,1,26,0,64,10,Stockout,Current
3335,2025-02-02,90,6,236,55,181,114,42,Healthy,Future
3336,2024-03-11,9,6,294,60,234,53,21,Healthy,Future
3337,2025-02-08,17,4,9,42,0,117,44,Stockout,Current
3338,2025-12-04,8,4,163,68,95,73,4,Healthy,Current
3339,2024-08-15,46,4,274,50,224,77,27,Healthy,Future
3340,2024-03-15,84,2,249,60,189,140,26,Healthy,Future
3341,2025-12-14,108,3,41,44,0,54,17,Stockout,Current
3342,2025-12-28,107,5,35,83,0,67,26,Stockout,Current
3343,2024-11-05,85,5,224,51,173,88,14,Healthy,Future
3344,2025-11-02,34,6,66,45,21,44,41,Low Stock,Current
3345,2024-04-09,103,6,315,0,315,73,38,Healthy,Future
3346,2025-10-09,52,1,10,83,0,76,20,Stockout,Current
3347,2024-06-15,4,1,89,27,62,103,39,Low Stock,Current
3348,2024-04-25,90,3,161,35,126,59,35,Healthy,Future
3349,2025-05-08,106,4,90,87,3,124,15,Low Stock,Current
3350,2025-02-11,74,2,250,75,175,121,14,Healthy,Future
3351,2024-04-12,82,5,56,50,6,100,27,Low Stock,Future
3352,2024-05-20,83,1,159,81,78,139,7,Low Stock,Current
3353,2025-01-13,13,1,64,19,45,122,22,Low Stock,Current
3354,2024-06-07,89,5,96,75,21,57,46,Low Stock,Current
3355,2024-12-05,4,6,34,59,0,92,27,Stockout,Current
3356,2025-06-05,100,5,39,65,0,115,10,Stockout,Current
3357,2024-05-03,19,4,109,84,25,65,28,Low Stock,Current
3358,2025-10-08,50,1,283,76,207,58,42,Healthy,Future
3359,2024-01-05,88,1,179,21,158,135,37,Healthy,Current
3360,2024-07-16,117,1,144,26,118,45,48,Healthy,Future
3361,2025-07-05,62,6,203,48,155,87,5,Healthy,Current
3362,2025-09-09,3,6,179,3,176,62,0,Healthy,Current
3363,2024-10-16,9,6,206,20,186,137,27,Healthy,Future
3364,2024-04-22,112,6,137,74,63,110,21,Low Stock,Future
3365,2025-02-21,43,6,2,46,0,139,6,Stockout,Current
3366,2024-05-25,48,3,65,81,0,60,29,Stockout,Current
3367,2024-07-04,25,3,18,76,0,76,4,Stockout,Current
3368,2025-12-24,110,1,75,16,59,124,16,Low Stock,Current
3369,2025-02-20,78,3,231,34,197,118,11,Healthy,Future
3370,2024-10-01,43,4,185,44,141,89,34,Healthy,Current
3371,2025-05-06,66,3,320,31,289,41,9,Healthy,Future
3372,2024-02-17,91,3,245,60,185,124,13,Healthy,Future
3373,2025-12-18,43,5,240,14,226,80,15,Healthy,Future
3374,2024-09-19,82,3,148,15,133,42,23,Healthy,Current
3375,2025-06-06,36,6,127,23,104,88,13,Healthy,Future
3376,2025-09-14,58,6,228,10,218,42,43,Healthy,Current
3377,2025-02-01,29,6,20,23,0,51,18,Stockout,Current
3378,2025-04-25,49,6,44,74,0,109,11,Stockout,Future
3379,2025-03-24,115,6,234,0,234,137,44,Healthy,Current
3380,2024-04-10,95,1,184,73,111,112,5,Low Stock,Future
3381,2025-02-02,21,1,226,22,204,64,8,Healthy,Current
3382,2024-07-12,116,6,271,49,222,56,15,Healthy,Future
3383,2024-07-29,69,1,300,17,283,73,33,Healthy,Future
3384,2024-01-12,40,6,191,17,174,105,33,Healthy,Future
3385,2025-12-01,27,2,257,10,247,135,25,Healthy,Current
3386,2024-12-28,99,6,181,56,125,69,21,Healthy,Future
3387,2024-08-18,53,2,87,59,28,126,0,Low Stock,Current
3388,2024-10-15,112,3,76,55,21,71,39,Low Stock,Current
3389,2025-07-20,61,1,237,5,232,115,41,Healthy,Current
3390,2024-01-15,43,6,85,90,0,55,11,Stockout,Current
3391,2024-01-08,78,2,214,24,190,59,9,Healthy,Current
3392,2024-03-13,78,2,32,0,32,93,35,Low Stock,Current
3393,2025-12-09,75,1,153,73,80,55,29,Healthy,Current
3394,2025-10-10,86,6,127,17,110,120,34,Low Stock,Current
3395,2024-02-27,14,6,332,3,329,107,24,Healthy,Future
3396,2025-01-29,107,3,127,37,90,103,26,Low Stock,Current
3397,2024-05-25,75,2,158,60,98,125,8,Low Stock,Current
3398,2024-06-07,95,6,206,84,122,133,12,Low Stock,Future
3399,2025-12-24,65,4,62,59,3,133,13,Low Stock,Future
3400,2025-06-13,109,5,16,57,0,78,1,Stockout,Current
3401,2025-08-20,62,6,308,40,268,95,26,Healthy,Future
3402,2025-12-15,24,1,109,33,76,58,33,Healthy,Current
3403,2024-02-09,11,2,145,32,113,101,40,Healthy,Current
3404,2025-08-21,106,4,54,17,37,89,34,Low Stock,Current
3405,2025-11-22,64,6,162,42,120,102,37,Healthy,Future
3406,2024-01-29,30,2,196,10,186,112,16,Healthy,Current
3407,2025-11-20,107,3,195,90,105,41,38,Healthy,Future
3408,2025-03-15,59,6,138,77,61,55,33,Healthy,Current
3409,2025-11-22,96,2,243,7,236,128,4,Healthy,Future
3410,2024-04-30,95,6,244,38,206,135,38,Healthy,Future
3411,2024-10-02,119,2,216,61,155,135,35,Healthy,Current
3412,2024-01-28,40,6,66,45,21,112,38,Low Stock,Current
3413,2025-09-18,48,5,11,2,9,55,19,Low Stock,Current
3414,2024-10-01,30,5,39,32,7,65,47,Low Stock,Current
3415,2025-11-06,29,4,218,61,157,131,25,Healthy,Current
3416,2025-08-18,116,6,296,4,292,44,6,Healthy,Future
3417,2024-08-28,117,6,95,62,33,129,18,Low Stock,Future
3418,2025-05-21,30,5,188,31,157,113,29,Healthy,Current
3419,2024-04-25,56,2,86,74,12,52,47,Low Stock,Current
3420,2025-03-23,24,6,224,89,135,58,20,Healthy,Current
3421,2025-06-09,112,4,125,34,91,55,33,Healthy,Current
3422,2024-08-30,44,3,77,5,72,60,6,Healthy,Current
3423,2024-01-10,102,3,155,51,104,90,23,Healthy,Future
3424,2024-02-27,48,1,179,67,112,83,49,Healthy,Current
3425,2025-02-09,21,1,349,85,264,55,43,Healthy,Future
3426,2025-06-23,81,1,130,5,125,43,22,Healthy,Future
3427,2024-09-24,53,2,68,35,33,42,36,Low Stock,Current
3428,2024-09-29,23,3,177,35,142,111,28,Healthy,Current
3429,2024-09-11,52,2,42,6,36,117,42,Low Stock,Current
3430,2025-12-03,70,6,147,17,130,139,42,Low Stock,Future
3431,2024-07-21,28,6,128,33,95,91,31,Healthy,Current
3432,2025-03-11,20,3,228,20,208,119,43,Healthy,Future
3433,2025-12-29,112,2,238,84,154,48,11,Healthy,Current
3434,2024-07-06,88,6,76,34,42,75,25,Low Stock,Current
3435,2025-11-02,50,1,250,22,228,50,39,Healthy,Current
3436,2024-07-29,119,1,215,50,165,122,29,Healthy,Future
3437,2025-07-18,74,1,62,48,14,130,38,Low Stock,Future
3438,2025-09-21,93,1,15,6,9,99,20,Low Stock,Current
3439,2024-12-29,14,6,67,36,31,91,1,Low Stock,Current
3440,2025-03-13,96,6,158,61,97,44,12,Healthy,Current
3441,2025-02-28,6,6,285,79,206,129,3,Healthy,Future
3442,2025-08-19,10,6,51,14,37,74,33,Low Stock,Current
3443,2025-03-20,111,3,40,22,18,81,32,Low Stock,Current
3444,2024-12-21,28,3,306,69,237,56,32,Healthy,Future
3445,2025-12-18,101,6,146,46,100,69,37,Healthy,Current
3446,2024-02-06,69,4,177,20,157,57,0,Healthy,Current
3447,2024-04-05,104,6,89,35,54,101,14,Low Stock,Current
3448,2025-04-23,58,5,237,76,161,128,48,Healthy,Current
3449,2024-03-14,81,6,196,75,121,78,43,Healthy,Future
3450,2025-01-06,74,1,139,65,74,87,50,Low Stock,Current
3451,2024-09-07,54,6,69,14,55,45,42,Healthy,Current
3452,2024-10-17,57,1,213,12,201,99,41,Healthy,Current
3453,2024-12-18,14,6,62,56,6,66,26,Low Stock,Future
3454,2024-08-12,120,6,65,39,26,118,21,Low Stock,Current
3455,2025-03-28,36,6,257,27,230,107,50,Healthy,Current
3456,2025-02-21,109,4,123,59,64,93,31,Low Stock,Future
3457,2025-11-21,73,2,237,43,194,78,35,Healthy,Current
3458,2024-01-23,44,4,78,55,23,89,26,Low Stock,Current
3459,2025-06-24,102,2,188,85,103,56,28,Healthy,Current
3460,2025-12-25,30,3,257,47,210,46,11,Healthy,Current
3461,2024-02-07,54,6,52,65,0,77,3,Stockout,Current
3462,2024-06-23,58,5,138,73,65,52,21,Healthy,Future
3463,2025-01-27,37,1,141,9,132,63,28,Healthy,Current
3464,2024-12-30,111,4,189,24,165,61,0,Healthy,Future
3465,2025-06-30,41,1,136,52,84,67,13,Healthy,Current
3466,2025-11-02,104,6,0,22,0,50,49,Stockout,Current
3467,2024-02-17,69,5,271,85,186,113,12,Healthy,Future
3468,2024-05-20,12,6,108,85,23,44,10,Low Stock,Current
3469,2024-11-01,44,6,186,1,185,41,33,Healthy,Future
3470,2024-08-31,5,6,137,1,136,89,11,Healthy,Current
3471,2024-11-07,6,6,261,22,239,44,13,Healthy,Future
3472,2024-11-10,41,6,113,45,68,113,33,Low Stock,Future
3473,2025-12-20,35,4,125,27,98,59,4,Healthy,Current
3474,2024-10-17,94,3,261,32,229,69,42,Healthy,Future
3475,2024-09-29,23,1,248,10,238,59,5,Healthy,Current
3476,2025-09-25,33,3,104,55,49,125,20,Low Stock,Current
3477,2024-01-16,120,5,321,24,297,71,34,Healthy,Future
3478,2025-04-19,118,5,270,88,182,88,38,Healthy,Future
3479,2024-01-06,110,4,187,45,142,85,19,Healthy,Current
3480,2024-02-11,109,1,316,59,257,107,40,Healthy,Future
3481,2025-06-04,49,6,134,86,48,115,39,Low Stock,Future
3482,2024-07-20,119,6,63,53,10,62,27,Low Stock,Current
3483,2024-06-11,120,6,75,70,5,63,44,Low Stock,Current
3484,2025-02-09,8,4,109,45,64,41,1,Healthy,Future
3485,2024-05-09,116,6,174,60,114,47,7,Healthy,Current
3486,2025-08-28,21,3,310,57,253,123,4,Healthy,Future
3487,2025-03-07,119,1,342,69,273,78,49,Healthy,Future
3488,2025-12-12,24,3,85,51,34,40,25,Low Stock,Current
3489,2025-05-01,87,5,125,33,92,101,36,Low Stock,Current
3490,2024-07-17,61,6,341,76,265,132,7,Healthy,Future
3491,2024-04-24,88,5,147,82,65,58,18,Healthy,Current
3492,2024-10-21,65,6,204,38,166,76,23,Healthy,Future
3493,2025-03-06,23,6,168,6,162,52,35,Healthy,Future
3494,2025-01-17,20,3,251,0,251,83,32,Healthy,Future
3495,2025-07-08,91,1,211,74,137,94,11,Healthy,Future
3496,2025-04-09,85,2,96,2,94,128,5,Low Stock,Future
3497,2025-01-18,87,6,132,82,50,129,37,Low Stock,Current
3498,2025-08-10,82,3,65,6,59,91,25,Low Stock,Current
3499,2024-05-18,52,2,205,46,159,102,32,Healthy,Future
3500,2024-02-25,64,2,152,66,86,83,12,Healthy,Future
3501,2025-11-24,9,1,83,88,0,108,29,Stockout,Future
3502,2024-07-20,17,6,210,52,158,123,36,Healthy,Current
3503,2025-04-15,90,1,137,72,65,66,4,Low Stock,Current
3504,2024-07-23,10,6,118,51,67,47,6,Healthy,Future
3505,2024-04-04,32,2,230,57,173,110,38,Healthy,Future
3506,2024-04-28,62,6,282,34,248,129,49,Healthy,Future
3507,2024-10-01,77,6,8,38,0,133,22,Stockout,Current
3508,2025-01-17,70,6,160,55,105,62,3,Healthy,Current
3509,2025-01-20,40,3,244,13,231,77,0,Healthy,Current
3510,2025-05-26,97,2,205,73,132,40,42,Healthy,Current
3511,2025-12-18,69,6,121,14,107,108,21,Low Stock,Future
3512,2025-12-02,35,1,58,1,57,62,4,Low Stock,Current
3513,2024-05-18,18,6,149,26,123,90,14,Healthy,Future
3514,2025-01-27,83,6,66,58,8,113,9,Low Stock,Future
3515,2025-08-03,85,1,113,35,78,57,45,Healthy,Current
3516,2024-07-07,78,1,75,68,7,131,28,Low Stock,Current
3517,2024-02-02,98,6,141,39,102,119,26,Low Stock,Current
3518,2025-06-21,2,5,149,17,132,132,7,Healthy,Current
3519,2024-05-22,43,4,333,73,260,94,48,Healthy,Future
3520,2025-11-18,36,6,141,86,55,118,6,Low Stock,Future
3521,2024-11-06,67,3,55,40,15,82,50,Low Stock,Current
3522,2024-08-26,105,6,222,48,174,44,46,Healthy,Future
3523,2025-05-19,73,1,296,21,275,136,48,Healthy,Future
3524,2025-09-06,5,3,225,35,190,124,17,Healthy,Current
3525,2024-02-05,86,3,69,15,54,93,27,Low Stock,Current
3526,2025-08-05,58,2,66,40,26,57,28,Low Stock,Current
3527,2025-05-04,117,1,305,9,296,111,6,Healthy,Future
3528,2024-02-15,103,6,328,63,265,131,39,Healthy,Future
3529,2024-04-21,90,1,159,19,140,75,33,Healthy,Current
3530,2025-11-19,22,6,84,72,12,84,15,Low Stock,Current
3531,2024-01-08,55,4,241,4,237,94,9,Healthy,Current
3532,2024-04-21,45,6,118,79,39,112,11,Low Stock,Current
3533,2024-03-24,38,1,100,88,12,126,46,Low Stock,Future
3534,2025-06-26,85,6,262,84,178,122,11,Healthy,Future
3535,2024-02-09,103,1,115,38,77,118,23,Low Stock,Current
3536,2025-04-26,20,3,175,5,170,111,6,Healthy,Current
3537,2024-01-31,37,5,255,5,250,127,30,Healthy,Future
3538,2024-04-09,22,6,213,47,166,92,35,Healthy,Current
3539,2024-03-22,4,5,250,5,245,124,3,Healthy,Future
3540,2024-09-29,93,6,127,83,44,104,3,Low Stock,Current
3541,2025-10-28,84,6,259,76,183,65,50,Healthy,Current
3542,2024-10-26,21,3,37,29,8,65,19,Low Stock,Current
3543,2025-03-23,105,2,213,87,126,95,2,Healthy,Future
3544,2024-01-03,31,6,120,21,99,95,22,Healthy,Current
3545,2025-06-20,27,6,134,83,51,112,47,Low Stock,Current
3546,2024-05-24,66,2,104,75,29,61,15,Low Stock,Current
3547,2024-04-21,8,2,121,90,31,120,16,Low Stock,Current
3548,2025-03-08,48,6,174,55,119,106,7,Healthy,Current
3549,2024-08-08,80,6,252,22,230,72,29,Healthy,Current
3550,2025-10-26,33,1,3,39,0,123,38,Stockout,Current
3551,2025-07-05,70,6,46,5,41,41,42,Healthy,Future
3552,2025-02-26,70,2,241,51,190,127,39,Healthy,Current
3553,2025-03-16,119,6,200,57,143,73,22,Healthy,Future
3554,2025-07-10,25,6,96,41,55,124,8,Low Stock,Current
3555,2024-10-14,62,4,147,90,57,113,3,Low Stock,Future
3556,2025-08-26,40,5,73,51,22,140,21,Low Stock,Current
3557,2025-12-10,110,6,223,56,167,100,2,Healthy,Current
3558,2025-07-26,75,2,247,28,219,76,15,Healthy,Current
3559,2024-02-23,37,3,156,86,70,92,41,Low Stock,Current
3560,2024-09-18,87,6,35,76,0,54,5,Stockout,Current
3561,2025-04-17,3,6,49,56,0,134,42,Stockout,Current
3562,2025-11-01,110,6,55,50,5,87,39,Low Stock,Future
3563,2025-05-15,109,3,238,53,185,67,15,Healthy,Future
3564,2025-09-06,29,6,52,69,0,98,7,Stockout,Future
3565,2024-11-30,2,2,259,34,225,88,23,Healthy,Current
3566,2024-09-02,7,4,196,26,170,61,10,Healthy,Current
3567,2025-02-17,47,6,103,11,92,77,10,Healthy,Future
3568,2025-09-06,40,6,200,19,181,126,36,Healthy,Current
3569,2025-01-25,57,2,54,1,53,103,8,Low Stock,Current
3570,2025-05-15,76,6,278,2,276,96,18,Healthy,Future
3571,2024-08-20,55,6,156,74,82,140,45,Low Stock,Current
3572,2024-02-13,70,1,53,48,5,57,45,Low Stock,Future
3573,2025-01-30,84,6,292,2,290,78,20,Healthy,Future
3574,2025-04-20,57,1,42,89,0,59,22,Stockout,Future
3575,2025-06-26,97,4,164,59,105,44,49,Healthy,Current
3576,2025-11-28,103,4,237,75,162,95,15,Healthy,Current
3577,2025-06-10,57,6,227,72,155,56,22,Healthy,Future
3578,2025-01-16,115,6,120,49,71,115,0,Low Stock,Current
3579,2025-04-01,52,2,259,48,211,67,30,Healthy,Current
3580,2024-05-17,53,6,44,23,21,95,3,Low Stock,Current
3581,2024-01-24,33,2,223,52,171,87,0,Healthy,Current
3582,2025-08-30,100,1,43,84,0,96,36,Stockout,Current
3583,2025-05-28,20,5,174,40,134,81,40,Healthy,Current
3584,2025-05-30,37,2,216,86,130,83,39,Healthy,Current
3585,2025-12-18,105,5,169,29,140,45,23,Healthy,Current
3586,2024-01-13,106,5,72,69,3,117,10,Low Stock,Current
3587,2025-07-15,97,3,60,65,0,69,43,Stockout,Current
3588,2024-10-15,108,6,261,64,197,89,16,Healthy,Future
3589,2025-02-26,101,6,183,15,168,108,12,Healthy,Current
3590,2025-07-19,72,6,106,62,44,116,38,Low Stock,Current
3591,2025-04-29,52,6,214,7,207,69,49,Healthy,Current
3592,2025-01-20,39,2,216,88,128,137,13,Low Stock,Future
3593,2024-10-27,96,6,75,40,35,80,36,Low Stock,Current
3594,2025-12-25,50,1,95,46,49,100,17,Low Stock,Future
3595,2024-07-23,72,6,166,49,117,120,40,Low Stock,Future
3596,2025-11-26,97,3,310,60,250,72,9,Healthy,Future
3597,2025-01-30,41,5,112,8,104,69,37,Healthy,Current
3598,2024-03-04,82,6,110,31,79,139,4,Low Stock,Current
3599,2025-04-29,56,2,116,5,111,126,46,Low Stock,Current
3600,2024-11-29,15,4,48,77,0,99,44,Stockout,Future
3601,2024-01-06,84,6,70,27,43,134,2,Low Stock,Current
3602,2024-08-29,94,1,310,70,240,112,33,Healthy,Future
3603,2025-07-28,37,3,189,19,170,59,6,Healthy,Current
3604,2025-04-27,34,1,161,32,129,87,39,Healthy,Future
3605,2024-12-05,66,1,101,21,80,96,31,Low Stock,Current
3606,2024-01-17,5,6,13,57,0,86,20,Stockout,Current
3607,2025-06-28,76,6,18,6,12,51,10,Low Stock,Current
3608,2024-09-06,22,1,160,77,83,114,42,Low Stock,Current
3609,2025-10-22,73,4,81,83,0,131,12,Stockout,Current
3610,2025-09-09,13,1,227,75,152,58,4,Healthy,Current
3611,2025-06-24,106,2,202,4,198,128,10,Healthy,Future
3612,2025-09-07,104,5,328,54,274,58,28,Healthy,Future
3613,2024-08-04,7,2,169,61,108,49,7,Healthy,Current
3614,2024-03-15,70,6,233,48,185,85,38,Healthy,Future
3615,2025-06-21,52,4,126,75,51,68,40,Low Stock,Current
3616,2024-07-22,63,1,71,74,0,114,30,Stockout,Current
3617,2024-10-02,77,4,47,32,15,138,30,Low Stock,Current
3618,2024-10-04,112,6,198,29,169,121,18,Healthy,Current
3619,2025-10-03,20,1,337,33,304,137,37,Healthy,Future
3620,2025-04-06,56,6,257,1,256,87,21,Healthy,Future
3621,2025-05-26,32,6,302,51,251,74,43,Healthy,Future
3622,2024-06-21,52,6,53,87,0,47,41,Stockout,Future
3623,2025-05-11,35,1,64,78,0,68,7,Stockout,Current
3624,2024-07-14,34,4,85,47,38,101,7,Low Stock,Future
3625,2024-09-26,103,6,8,38,0,81,9,Stockout,Current
3626,2024-01-12,115,6,45,7,38,128,11,Low Stock,Current
3627,2025-01-04,35,4,83,56,27,55,43,Low Stock,Future
3628,2024-09-10,6,1,72,51,21,61,6,Low Stock,Future
3629,2025-04-06,85,4,315,49,266,71,13,Healthy,Future
3630,2025-05-05,39,2,85,10,75,58,29,Healthy,Current
3631,2024-06-24,53,6,41,48,0,107,25,Stockout,Current
3632,2024-04-17,31,6,143,47,96,97,48,Low Stock,Current
3633,2025-12-21,38,6,93,53,40,76,22,Low Stock,Future
3634,2024-07-01,6,4,199,10,189,85,7,Healthy,Future
3635,2024-09-15,29,1,108,64,44,78,44,Low Stock,Current
3636,2024-12-15,91,1,56,12,44,78,13,Low Stock,Current
3637,2024-11-11,31,2,109,23,86,68,35,Healthy,Current
3638,2024-01-31,59,6,137,1,136,125,17,Healthy,Future
3639,2025-05-24,63,3,89,23,66,72,42,Low Stock,Current
3640,2025-12-21,101,2,158,88,70,102,48,Low Stock,Future
3641,2024-09-03,31,5,129,37,92,87,46,Healthy,Future
3642,2024-06-14,71,3,63,73,0,44,15,Stockout,Current
3643,2024-02-15,9,5,66,42,24,84,49,Low Stock,Current
3644,2025-09-15,29,4,131,29,102,65,23,Healthy,Future
3645,2025-04-17,71,4,99,86,13,105,10,Low Stock,Future
3646,2024-07-14,14,5,188,26,162,100,2,Healthy,Future
3647,2025-07-12,91,6,113,28,85,59,40,Healthy,Current
3648,2025-05-08,30,3,353,11,342,137,25,Healthy,Future
3649,2024-06-22,112,1,188,24,164,108,36,Healthy,Current
3650,2024-02-27,22,6,124,37,87,103,42,Low Stock,Current
3651,2025-03-03,11,6,193,26,167,85,5,Healthy,Current
3652,2025-06-12,67,6,99,16,83,133,5,Low Stock,Current
3653,2024-03-25,37,1,248,64,184,40,38,Healthy,Future
3654,2025-08-09,43,5,244,30,214,126,44,Healthy,Current
3655,2024-07-14,6,2,16,46,0,95,36,Stockout,Current
3656,2025-01-21,28,6,65,70,0,47,32,Stockout,Current
3657,2025-05-06,76,2,178,10,168,74,35,Healthy,Current
3658,2025-09-12,77,6,250,3,247,47,8,Healthy,Future
3659,2024-07-29,78,1,254,37,217,59,30,Healthy,Future
3660,2025-10-21,80,6,229,89,140,125,48,Healthy,Current
3661,2025-03-26,46,6,78,55,23,47,27,Low Stock,Future
3662,2024-11-18,55,2,79,62,17,59,11,Low Stock,Future
3663,2025-06-15,26,2,289,30,259,132,16,Healthy,Future
3664,2025-07-20,77,3,88,17,71,48,29,Healthy,Future
3665,2024-11-28,75,1,12,40,0,61,18,Stockout,Current
3666,2025-05-04,52,3,61,7,54,116,9,Low Stock,Current
3667,2025-07-03,111,4,134,49,85,69,1,Healthy,Future
3668,2025-10-19,107,1,12,4,8,74,42,Low Stock,Current
3669,2025-08-29,94,4,75,48,27,54,18,Low Stock,Current
3670,2024-04-26,94,6,246,23,223,140,40,Healthy,Current
3671,2025-10-15,91,5,10,4,6,85,41,Low Stock,Current
3672,2024-03-08,114,6,181,54,127,84,27,Healthy,Future
3673,2024-02-22,41,5,214,85,129,114,9,Healthy,Future
3674,2025-08-19,59,6,12,70,0,59,41,Stockout,Current
3675,2025-08-17,93,3,95,39,56,95,50,Low Stock,Current
3676,2025-02-28,58,3,160,55,105,138,41,Low Stock,Current
3677,2024-10-31,20,3,143,69,74,51,16,Healthy,Current
3678,2024-04-15,72,1,58,73,0,127,2,Stockout,Current
3679,2024-05-03,34,2,142,64,78,93,8,Low Stock,Current
3680,2025-10-28,96,6,314,90,224,95,10,Healthy,Future
3681,2024-08-30,86,6,321,89,232,106,37,Healthy,Future
3682,2025-05-04,87,6,93,75,18,134,13,Low Stock,Current
3683,2025-05-08,56,1,268,84,184,84,6,Healthy,Future
3684,2024-01-20,85,3,352,20,332,113,6,Healthy,Future
3685,2025-12-30,35,3,69,0,69,86,12,Low Stock,Current
3686,2025-09-28,76,1,136,80,56,81,5,Low Stock,Future
3687,2025-10-23,38,6,98,0,98,53,20,Healthy,Current
3688,2024-04-02,55,6,98,37,61,75,7,Low Stock,Current
3689,2025-10-03,71,5,345,39,306,79,27,Healthy,Future
3690,2024-02-27,3,1,20,68,0,134,48,Stockout,Current
3691,2024-01-22,21,4,181,2,179,98,35,Healthy,Current
3692,2024-04-04,116,2,52,78,0,51,46,Stockout,Current
3693,2024-11-28,16,5,354,73,281,57,6,Healthy,Future
3694,2025-07-26,41,6,125,20,105,100,22,Healthy,Current
3695,2025-03-06,30,5,24,10,14,113,5,Low Stock,Current
3696,2025-08-17,4,5,171,9,162,103,48,Healthy,Future
3697,2024-05-11,47,6,53,80,0,57,13,Stockout,Current
3698,2025-11-27,59,4,100,5,95,104,9,Low Stock,Future
3699,2025-01-23,42,6,99,10,89,83,27,Healthy,Future
3700,2024-11-03,24,1,158,62,96,114,37,Low Stock,Current
3701,2024-04-23,64,4,173,16,157,45,35,Healthy,Current
3702,2024-12-03,79,3,126,88,38,90,41,Low Stock,Current
3703,2025-02-14,29,1,131,7,124,111,22,Healthy,Current
3704,2024-09-07,55,6,79,30,49,63,25,Low Stock,Current
3705,2024-06-06,63,3,44,17,27,95,35,Low Stock,Current
3706,2024-02-04,54,4,208,70,138,84,46,Healthy,Future
3707,2024-10-22,33,4,136,60,76,69,27,Healthy,Current
3708,2024-05-31,74,6,190,54,136,64,26,Healthy,Future
3709,2024-12-18,18,3,127,88,39,118,14,Low Stock,Current
3710,2024-06-21,24,1,105,43,62,60,44,Healthy,Current
3711,2025-09-12,33,3,247,15,232,50,35,Healthy,Future
3712,2025-12-07,37,5,43,67,0,126,36,Stockout,Current
3713,2024-03-06,107,1,177,83,94,46,49,Healthy,Current
3714,2024-09-27,40,4,153,90,63,121,34,Low Stock,Current
3715,2025-01-26,20,3,174,53,121,119,8,Healthy,Future
3716,2024-01-29,74,5,143,81,62,50,41,Healthy,Future
3717,2024-01-27,68,1,241,60,181,74,9,Healthy,Current
3718,2025-07-08,20,6,107,80,27,130,4,Low Stock,Current
3719,2025-10-13,69,1,18,8,10,57,36,Low Stock,Current
3720,2024-01-25,55,6,248,2,246,52,45,Healthy,Current
3721,2025-08-06,80,3,189,26,163,113,24,Healthy,Current
3722,2024-02-01,119,3,26,53,0,65,27,Stockout,Current
3723,2024-07-13,110,6,335,41,294,90,45,Healthy,Future
3724,2025-06-18,57,4,24,80,0,116,27,Stockout,Current
3725,2024-06-23,116,6,297,72,225,58,35,Healthy,Future
3726,2025-01-05,90,3,130,37,93,110,36,Low Stock,Future
3727,2025-05-31,59,1,149,71,78,117,16,Low Stock,Future
3728,2024-06-23,63,6,165,4,161,96,17,Healthy,Current
3729,2024-01-05,96,6,273,2,271,104,9,Healthy,Future
3730,2024-01-06,38,6,97,16,81,44,48,Healthy,Future
3731,2024-08-12,48,4,271,80,191,49,5,Healthy,Future
3732,2025-04-15,23,2,229,0,229,76,4,Healthy,Current
3733,2024-07-06,3,1,105,22,83,75,8,Healthy,Current
3734,2024-04-03,80,5,159,28,131,87,48,Healthy,Current
3735,2025-02-10,70,2,63,60,3,54,47,Low Stock,Current
3736,2025-06-07,34,2,32,35,0,104,5,Stockout,Current
3737,2024-08-27,70,3,178,87,91,59,4,Healthy,Future
3738,2024-12-01,115,6,56,51,5,73,12,Low Stock,Current
3739,2024-12-08,118,1,114,24,90,133,47,Low Stock,Future
3740,2024-06-13,66,6,21,80,0,80,34,Stockout,Current
3741,2024-09-28,89,6,245,32,213,121,48,Healthy,Current
3742,2025-04-08,24,1,68,56,12,129,11,Low Stock,Current
3743,2024-11-30,43,6,156,53,103,135,29,Low Stock,Current
3744,2024-07-05,66,6,269,72,197,104,21,Healthy,Future
3745,2024-04-26,27,6,147,16,131,49,30,Healthy,Future
3746,2025-03-31,80,6,192,78,114,71,9,Healthy,Current
3747,2024-12-29,26,3,82,1,81,85,25,Low Stock,Current
3748,2025-05-07,31,6,229,18,211,67,45,Healthy,Future
3749,2024-02-16,70,1,248,57,191,74,30,Healthy,Current
3750,2025-04-26,106,6,80,54,26,77,19,Low Stock,Current
3751,2024-12-30,27,6,277,1,276,95,46,Healthy,Future
3752,2024-04-23,2,2,100,31,69,110,9,Low Stock,Future
3753,2024-08-21,4,6,282,35,247,134,30,Healthy,Future
3754,2025-08-05,56,4,8,84,0,89,45,Stockout,Current
3755,2024-05-09,46,6,191,25,166,47,6,Healthy,Future
3756,2024-06-19,115,3,107,11,96,45,34,Healthy,Current
3757,2025-10-12,103,6,151,28,123,68,11,Healthy,Current
3758,2025-04-02,47,3,129,47,82,89,1,Low Stock,Current
3759,2025-09-21,85,2,117,2,115,106,23,Healthy,Current
3760,2025-01-30,3,3,151,63,88,136,21,Low Stock,Future
3761,2025-10-23,52,6,51,17,34,125,4,Low Stock,Current
3762,2025-04-07,76,3,100,68,32,42,43,Low Stock,Future
3763,2025-12-28,2,3,7,57,0,90,2,Stockout,Current
3764,2024-03-02,24,2,52,8,44,62,21,Low Stock,Future
3765,2024-05-18,59,1,179,40,139,56,27,Healthy,Current
3766,2025-04-30,79,6,5,21,0,40,31,Stockout,Current
3767,2024-06-28,27,5,83,30,53,108,49,Low Stock,Future
3768,2024-04-26,44,1,190,28,162,139,19,Healthy,Current
3769,2024-02-17,3,6,287,24,263,71,44,Healthy,Future
3770,2025-08-03,76,3,41,1,40,45,25,Low Stock,Current
3771,2024-11-24,68,4,120,62,58,130,3,Low Stock,Current
3772,2025-03-18,93,4,321,72,249,130,6,Healthy,Future
3773,2024-06-07,66,6,175,22,153,43,14,Healthy,Future
3774,2024-09-06,98,2,198,6,192,89,16,Healthy,Current
3775,2025-10-07,38,6,98,49,49,103,31,Low Stock,Future
3776,2024-05-15,8,2,71,13,58,123,36,Low Stock,Current
3777,2024-04-07,26,4,159,2,157,95,11,Healthy,Current
3778,2025-12-18,77,3,166,76,90,135,3,Low Stock,Current
3779,2025-06-20,102,2,73,60,13,91,39,Low Stock,Current
3780,2024-01-14,4,6,66,84,0,79,33,Stockout,Current
3781,2025-07-12,70,5,141,39,102,73,46,Healthy,Future
3782,2025-04-04,47,6,182,20,162,106,40,Healthy,Current
3783,2024-08-04,107,1,111,46,65,131,22,Low Stock,Future
3784,2025-06-11,72,5,186,76,110,62,24,Healthy,Future
3785,2024-09-29,71,6,73,52,21,80,17,Low Stock,Current
3786,2025-01-11,112,3,111,78,33,43,5,Low Stock,Current
3787,2025-09-25,60,6,25,10,15,124,26,Low Stock,Current
3788,2024-09-03,116,6,172,70,102,132,24,Low Stock,Current
3789,2025-05-04,65,6,130,59,71,82,6,Low Stock,Current
3790,2024-05-04,104,4,14,71,0,64,9,Stockout,Current
3791,2024-11-19,56,2,175,71,104,129,43,Low Stock,Future
3792,2024-07-08,41,6,137,57,80,131,30,Low Stock,Future
3793,2024-10-17,98,4,36,63,0,119,44,Stockout,Current
3794,2025-07-24,44,6,81,74,7,57,25,Low Stock,Future
3795,2024-06-10,36,3,72,27,45,125,22,Low Stock,Future
3796,2025-08-11,39,3,150,52,98,111,16,Low Stock,Current
3797,2025-06-03,23,6,336,50,286,128,20,Healthy,Future
3798,2025-02-13,33,1,136,27,109,133,23,Low Stock,Current
3799,2024-11-14,83,6,192,20,172,59,1,Healthy,Future
3800,2025-09-08,37,6,174,83,91,80,10,Healthy,Future
3801,2025-08-25,60,1,32,7,25,111,31,Low Stock,Current
3802,2024-07-25,85,2,83,79,4,116,23,Low Stock,Future
3803,2025-08-13,80,1,339,39,300,128,29,Healthy,Future
3804,2025-03-02,60,6,101,78,23,40,15,Low Stock,Current
3805,2024-04-29,87,6,162,56,106,66,33,Healthy,Current
3806,2025-05-12,58,2,239,9,230,61,11,Healthy,Current
3807,2024-11-12,21,5,48,78,0,71,18,Stockout,Current
3808,2024-02-09,30,1,86,62,24,98,3,Low Stock,Current
3809,2024-01-15,73,5,229,0,229,92,11,Healthy,Current
3810,2024-12-05,70,2,230,53,177,67,15,Healthy,Current
3811,2024-09-04,84,4,41,60,0,63,13,Stockout,Current
3812,2024-03-21,26,5,235,39,196,51,8,Healthy,Future
3813,2024-05-16,18,6,147,60,87,51,40,Healthy,Current
3814,2024-01-30,44,6,182,29,153,106,7,Healthy,Current
3815,2024-03-06,28,6,252,80,172,54,11,Healthy,Future
3816,2025-07-06,19,6,290,37,253,106,2,Healthy,Future
3817,2025-01-04,12,5,242,85,157,53,22,Healthy,Current
3818,2025-12-16,80,1,160,81,79,74,13,Healthy,Future
3819,2025-08-08,67,6,94,41,53,125,25,Low Stock,Future
3820,2025-02-21,120,2,353,18,335,97,43,Healthy,Future
3821,2024-11-18,108,4,178,62,116,140,15,Low Stock,Current
3822,2025-07-13,46,6,266,42,224,118,14,Healthy,Future
3823,2024-01-16,38,5,117,88,29,64,17,Low Stock,Current
3824,2024-02-10,23,1,157,85,72,117,45,Low Stock,Current
3825,2025-03-03,34,6,117,43,74,75,32,Low Stock,Future
3826,2024-02-16,94,6,8,1,7,53,41,Low Stock,Current
3827,2025-11-14,29,6,204,25,179,125,22,Healthy,Current
3828,2025-11-04,60,6,55,4,51,45,19,Healthy,Current
3829,2025-09-17,85,6,124,13,111,122,14,Low Stock,Future
3830,2024-03-06,54,6,77,9,68,102,2,Low Stock,Future
3831,2024-08-11,72,1,127,55,72,78,28,Low Stock,Current
3832,2025-04-30,113,2,247,56,191,43,21,Healthy,Current
3833,2025-09-16,98,6,189,40,149,49,22,Healthy,Future
3834,2024-04-30,71,3,248,43,205,104,24,Healthy,Future
3835,2024-11-21,77,3,305,11,294,82,24,Healthy,Future
3836,2025-12-03,52,4,86,50,36,64,6,Low Stock,Current
3837,2025-07-18,94,1,43,88,0,112,30,Stockout,Current
3838,2024-11-07,52,6,68,79,0,140,4,Stockout,Future
3839,2024-12-24,82,1,111,51,60,76,17,Low Stock,Future
3840,2025-10-14,107,6,291,81,210,139,28,Healthy,Future
3841,2025-09-17,61,2,168,24,144,104,10,Healthy,Current
3842,2025-05-17,110,3,176,46,130,44,5,Healthy,Current
3843,2025-05-21,75,1,182,13,169,47,47,Healthy,Future
3844,2024-10-12,107,2,25,55,0,80,39,Stockout,Current
3845,2025-05-01,23,1,40,81,0,88,1,Stockout,Future
3846,2025-07-16,14,5,130,17,113,124,33,Low Stock,Current
3847,2024-04-24,63,2,212,26,186,136,18,Healthy,Current
3848,2024-03-17,109,6,218,54,164,126,19,Healthy,Current
3849,2025-04-21,95,2,284,39,245,85,45,Healthy,Future
3850,2025-10-25,115,1,8,42,0,43,27,Stockout,Current
3851,2024-01-27,69,6,10,29,0,83,47,Stockout,Current
3852,2025-06-13,83,6,155,71,84,61,24,Healthy,Current
3853,2025-04-04,9,2,81,56,25,41,36,Low Stock,Future
3854,2025-06-16,11,2,222,18,204,90,23,Healthy,Future
3855,2025-09-06,104,4,172,17,155,122,39,Healthy,Current
3856,2024-06-16,63,5,34,27,7,131,40,Low Stock,Current
3857,2024-05-29,82,1,295,20,275,95,45,Healthy,Future
3858,2024-03-02,106,6,69,62,7,68,8,Low Stock,Current
3859,2025-01-29,9,4,25,15,10,110,47,Low Stock,Current
3860,2024-02-16,34,2,210,15,195,97,17,Healthy,Future
3861,2025-04-21,61,2,223,24,199,99,35,Healthy,Current
3862,2024-10-09,100,1,103,79,24,119,37,Low Stock,Current
3863,2024-12-09,89,4,45,36,9,113,6,Low Stock,Future
3864,2025-11-27,9,3,278,46,232,79,13,Healthy,Future
3865,2024-04-13,81,1,31,69,0,97,45,Stockout,Current
3866,2024-05-31,21,2,168,56,112,138,24,Low Stock,Current
3867,2024-07-29,91,5,155,20,135,76,5,Healthy,Current
3868,2025-12-12,2,2,223,67,156,97,26,Healthy,Current
3869,2025-05-19,34,6,20,78,0,69,5,Stockout,Current
3870,2025-07-21,15,1,66,90,0,127,3,Stockout,Current
3871,2024-07-21,64,5,350,14,336,48,39,Healthy,Future
3872,2024-10-19,56,4,143,59,84,68,1,Healthy,Current
3873,2024-02-20,113,6,129,45,84,77,26,Healthy,Current
3874,2024-12-19,4,1,118,63,55,79,21,Low Stock,Current
3875,2024-11-15,79,6,2,66,0,137,39,Stockout,Current
3876,2024-09-28,105,1,127,88,39,50,36,Low Stock,Current
3877,2024-09-14,35,2,348,13,335,134,30,Healthy,Future
3878,2025-01-29,109,2,193,2,191,82,27,Healthy,Current
3879,2024-08-20,60,4,250,80,170,122,36,Healthy,Future
3880,2025-04-23,32,1,243,83,160,138,34,Healthy,Future
3881,2024-09-02,119,1,26,81,0,101,13,Stockout,Current
3882,2025-01-12,17,1,331,36,295,64,43,Healthy,Future
3883,2025-12-05,55,6,34,36,0,50,29,Stockout,Current
3884,2024-05-11,58,6,136,82,54,61,21,Low Stock,Current
3885,2024-01-05,100,1,147,68,79,131,26,Low Stock,Current
3886,2024-05-18,38,5,134,40,94,131,41,Low Stock,Future
3887,2024-01-30,45,2,302,6,296,97,12,Healthy,Future
3888,2024-05-20,21,6,53,50,3,94,24,Low Stock,Current
3889,2024-12-22,46,6,292,28,264,139,24,Healthy,Future
3890,2025-12-12,70,2,134,66,68,136,34,Low Stock,Current
3891,2025-01-15,42,6,34,56,0,97,7,Stockout,Current
3892,2024-03-06,38,3,98,19,79,117,37,Low Stock,Current
3893,2024-10-06,46,2,166,50,116,133,2,Low Stock,Future
3894,2025-12-02,34,6,2,20,0,124,36,Stockout,Current
3895,2024-04-03,10,4,195,41,154,115,16,Healthy,Future
3896,2025-06-03,94,5,5,82,0,65,12,Stockout,Current
3897,2025-04-12,102,3,196,10,186,126,40,Healthy,Current
3898,2024-10-02,77,6,258,67,191,111,15,Healthy,Future
3899,2024-11-01,9,6,85,51,34,116,0,Low Stock,Current
3900,2025-12-29,24,2,36,26,10,103,7,Low Stock,Current
3901,2025-03-31,64,6,146,71,75,119,43,Low Stock,Future
3902,2025-02-10,24,5,21,80,0,107,14,Stockout,Current
3903,2025-05-24,80,6,213,32,181,138,7,Healthy,Current
3904,2024-12-26,39,6,15,56,0,90,6,Stockout,Current
3905,2025-11-04,37,6,200,27,173,115,41,Healthy,Current
3906,2025-09-28,80,2,171,81,90,56,9,Healthy,Future
3907,2025-07-11,93,5,240,69,171,59,3,Healthy,Future
3908,2024-09-12,84,1,193,74,119,59,1,Healthy,Current
3909,2025-07-01,13,6,300,33,267,77,27,Healthy,Future
3910,2024-08-29,23,6,48,74,0,94,49,Stockout,Current
3911,2025-08-30,98,6,185,78,107,95,34,Healthy,Future
3912,2025-10-04,113,3,55,76,0,40,16,Stockout,Current
3913,2025-06-27,118,1,258,66,192,60,18,Healthy,Future
3914,2025-09-08,50,4,288,26,262,74,32,Healthy,Future
3915,2024-03-08,55,6,204,86,118,131,19,Low Stock,Current
3916,2025-11-16,38,2,194,85,109,93,9,Healthy,Current
3917,2025-11-28,83,6,236,33,203,86,14,Healthy,Future
3918,2025-08-15,2,6,233,28,205,119,34,Healthy,Current
3919,2024-07-25,42,2,97,61,36,73,24,Low Stock,Current
3920,2024-07-27,46,1,180,38,142,97,35,Healthy,Future
3921,2025-09-21,51,4,70,61,9,44,42,Low Stock,Current
3922,2024-04-25,65,1,161,85,76,97,38,Low Stock,Future
3923,2025-02-04,70,1,156,65,91,109,21,Low Stock,Future
3924,2024-09-24,54,1,113,32,81,69,40,Healthy,Current
3925,2024-02-27,14,6,170,83,87,139,47,Low Stock,Current
3926,2024-02-01,37,1,226,17,209,65,39,Healthy,Current
3927,2025-12-30,67,6,120,68,52,129,48,Low Stock,Current
3928,2024-07-21,58,2,340,84,256,82,25,Healthy,Future
3929,2024-09-08,93,3,230,3,227,140,47,Healthy,Future
3930,2024-10-27,55,6,115,71,44,46,27,Low Stock,Current
3931,2024-07-26,42,1,320,4,316,52,39,Healthy,Future
3932,2025-10-04,52,3,11,41,0,89,32,Stockout,Current
3933,2024-09-15,4,1,101,23,78,60,17,Healthy,Future
3934,2024-02-26,29,2,129,40,89,95,22,Low Stock,Future
3935,2025-11-04,43,1,141,41,100,123,31,Low Stock,Future
3936,2024-07-17,8,1,61,62,0,65,37,Stockout,Current
3937,2024-04-07,41,3,49,23,26,47,8,Low Stock,Current
3938,2025-07-02,115,1,143,64,79,86,46,Low Stock,Current
3939,2024-02-26,28,6,87,11,76,65,8,Healthy,Current
3940,2024-08-12,4,6,173,35,138,113,38,Healthy,Current
3941,2024-07-10,16,3,174,3,171,75,41,Healthy,Current
3942,2025-06-11,8,1,183,40,143,119,44,Healthy,Future
3943,2024-07-13,91,1,299,52,247,67,19,Healthy,Future
3944,2025-05-03,10,1,232,84,148,87,2,Healthy,Future
3945,2025-02-23,1,6,168,89,79,137,38,Low Stock,Current
3946,2024-09-27,88,3,201,7,194,59,29,Healthy,Current
3947,2025-02-05,45,6,155,26,129,133,36,Low Stock,Current
3948,2024-01-31,63,3,246,61,185,43,9,Healthy,Current
3949,2024-05-26,45,1,226,2,224,73,20,Healthy,Future
3950,2025-11-27,67,1,86,16,70,124,50,Low Stock,Current
3951,2025-01-28,54,1,136,49,87,98,42,Low Stock,Future
3952,2024-05-28,19,4,182,76,106,105,45,Healthy,Current
3953,2025-04-15,52,6,210,72,138,58,33,Healthy,Future
3954,2024-07-29,110,6,268,32,236,137,12,Healthy,Future
3955,2025-12-10,39,3,3,88,0,114,21,Stockout,Current
3956,2024-04-17,2,3,236,68,168,90,31,Healthy,Current
3957,2024-05-27,114,5,181,73,108,110,37,Low Stock,Future
3958,2025-04-17,88,6,78,2,76,139,46,Low Stock,Future
3959,2024-12-02,68,1,288,17,271,107,37,Healthy,Future
3960,2024-11-08,89,6,112,53,59,43,38,Healthy,Future
3961,2024-04-19,50,3,102,11,91,85,17,Healthy,Future
3962,2025-03-19,30,6,125,24,101,133,44,Low Stock,Future
3963,2025-03-05,7,6,354,8,346,120,20,Healthy,Future
3964,2025-08-13,46,6,28,88,0,92,29,Stockout,Current
3965,2024-08-22,34,6,136,48,88,136,49,Low Stock,Current
3966,2024-11-04,94,2,135,32,103,54,0,Healthy,Future
3967,2025-04-14,34,6,16,51,0,106,43,Stockout,Current
3968,2024-02-23,50,6,251,79,172,92,50,Healthy,Future
3969,2025-10-28,46,1,234,10,224,63,36,Healthy,Current
3970,2024-12-21,78,1,222,87,135,140,2,Low Stock,Current
3971,2024-07-18,26,5,52,68,0,94,20,Stockout,Current
3972,2025-06-18,44,2,142,75,67,128,6,Low Stock,Current
3973,2024-04-01,29,1,53,56,0,52,4,Stockout,Current
3974,2024-03-03,23,3,77,82,0,53,45,Stockout,Current
3975,2024-09-06,64,2,115,14,101,129,17,Low Stock,Current
3976,2025-01-22,59,5,88,82,6,137,30,Low Stock,Future
3977,2024-02-22,80,4,5,56,0,89,33,Stockout,Current
3978,2025-02-20,100,6,4,15,0,140,5,Stockout,Current
3979,2024-05-02,67,6,132,40,92,117,37,Low Stock,Current
3980,2025-10-08,102,2,162,75,87,64,27,Healthy,Current
3981,2024-09-02,85,5,18,11,7,66,12,Low Stock,Current
3982,2025-10-26,77,5,152,18,134,49,7,Healthy,Future
3983,2024-09-09,98,2,331,90,241,96,46,Healthy,Future
3984,2025-07-24,14,6,32,85,0,117,23,Stockout,Current
3985,2025-08-15,38,6,241,5,236,57,7,Healthy,Current
3986,2025-07-22,25,6,230,8,222,139,12,Healthy,Future
3987,2024-08-29,40,6,136,61,75,98,24,Low Stock,Current
3988,2025-05-23,96,5,21,65,0,97,9,Stockout,Current
3989,2024-10-28,45,6,9,7,2,43,33,Low Stock,Current
3990,2024-04-01,29,1,166,53,113,58,11,Healthy,Future
3991,2025-06-28,115,3,146,86,60,53,23,Healthy,Current
3992,2025-05-03,113,6,201,75,126,53,22,Healthy,Future
3993,2024-04-04,17,1,191,16,175,77,10,Healthy,Future
3994,2024-12-13,43,1,18,36,0,110,4,Stockout,Current
3995,2024-01-19,96,1,191,6,185,61,13,Healthy,Current
3996,2024-07-09,41,3,91,85,6,63,23,Low Stock,Current
3997,2024-04-19,40,3,218,75,143,59,15,Healthy,Future
3998,2024-12-16,19,2,84,60,24,98,45,Low Stock,Current
3999,2024-10-17,31,6,168,33,135,92,14,Healthy,Future
4000,2024-04-19,69,3,36,73,0,87,6,Stockout,Current
