order_id,order_date,customer_id,product_id,store_id,quantity,unit_price,discount_amount,gross_sales,net_sales,delivery_delay_days,delivery_status,sales_channel,scenario_phase
1,2025-10-29,863,6,4,3,127.67,20.95,383.01,362.06,0,On Time,Online,Current
2,2025-07-17,416,96,2,3,44.65,16.74,133.95,117.21,0,On Time,Click & Collect,Current
3,2024-11-18,967,42,2,3,65.4,7.94,196.2,188.26,0,On Time,Online,Future
4,2024-12-19,623,3,2,4,182.39,8.55,729.56,721.01,0,On Time,Online,Current
5,2025-12-24,597,67,3,3,214.61,6.8,643.83,637.03,0,On Time,In-Store,Future
6,2024-11-14,327,87,4,3,80.57,30.73,241.71,210.98,0,On Time,In-Store,Current
7,2025-09-29,491,98,2,4,192.94,18.37,771.76,753.39,0,On Time,In-Store,Current
8,2024-02-27,368,56,4,2,166.72,5.95,333.44,327.49,6,Late,Online,Current
9,2025-05-03,846,23,6,3,87.41,1.64,262.23,260.59,0,On Time,Online,Future
10,2024-01-26,232,60,1,4,148.3,22.46,593.2,570.74,1,Late,In-Store,Current
11,2024-03-15,976,97,1,1,54.01,3.44,54.01,50.57,2,Late,Online,Future
12,2024-09-24,850,94,4,1,56.02,3.39,56.02,52.63,0,On Time,Online,Future
13,2024-01-03,761,45,4,3,29.58,27.36,88.74,61.38,0,On Time,In-Store,Future
14,2024-01-01,728,35,3,2,41.4,30.6,82.8,52.2,0,On Time,Online,Future
15,2024-06-19,860,43,6,2,129.42,6.82,258.84,252.02,0,On Time,Online,Current
16,2025-09-25,610,19,4,4,118.63,30.32,474.52,444.2,1,Late,Online,Future
17,2024-11-20,419,80,6,4,119.07,34.88,476.28,441.4,0,On Time,Online,Future
18,2025-02-02,489,72,1,3,141.82,20.01,425.46,405.45,1,Late,Wholesale,Current
19,2025-08-04,855,115,6,3,131.17,20.62,393.51,372.89,0,On Time,Online,Current
20,2024-05-28,680,103,5,1,113.76,7.86,113.76,105.9,0,On Time,In-Store,Current
21,2024-07-31,825,50,1,3,97.72,9.14,293.16,284.02,0,On Time,In-Store,Current
22,2024-02-02,401,40,6,3,35.44,11.11,106.32,95.21,0,On Time,Online,Future
23,2025-06-24,902,25,2,1,27.12,17.37,27.12,9.75,0,On Time,Online,Future
24,2024-11-29,241,66,6,3,105.25,2.13,315.75,313.62,0,On Time,Online,Current
25,2024-01-19,126,109,2,1,65.96,6.87,65.96,59.09,0,On Time,Online,Current
26,2024-01-02,499,16,5,3,103.76,28.29,311.28,282.99,0,On Time,Click & Collect,Current
27,2025-03-18,893,97,2,4,54.01,27.67,216.04,188.37,0,On Time,Online,Current
28,2025-07-27,756,70,6,3,117.81,25.31,353.43,328.12,0,On Time,Online,Current
29,2025-12-27,137,116,3,3,159.24,0.49,477.72,477.23,5,Late,In-Store,Current
30,2024-01-19,79,16,3,1,103.76,31.02,103.76,72.74,0,On Time,Wholesale,Current
31,2024-12-23,496,93,6,2,119.71,7.29,239.42,232.13,0,On Time,Wholesale,Future
32,2025-05-24,164,9,1,3,102.79,7.72,308.37,300.65,0,On Time,Click & Collect,Current
33,2024-05-30,824,37,2,4,141.5,1.41,566.0,564.59,0,On Time,Online,Current
34,2025-06-30,735,40,6,1,35.44,10.62,35.44,24.82,0,On Time,Online,Future
35,2025-09-14,871,20,3,1,93.73,6.39,93.73,87.34,0,On Time,Online,Future
36,2024-12-31,325,70,3,3,117.81,14.96,353.43,338.47,0,On Time,Wholesale,Future
37,2024-12-04,217,83,4,2,73.64,27.42,147.28,119.86,7,Late,Online,Current
38,2024-04-28,985,14,2,2,85.15,22.45,170.3,147.85,0,On Time,Online,Current
39,2024-03-29,173,104,6,4,154.04,28.31,616.16,587.85,0,On Time,Online,Future
40,2025-11-01,921,10,6,4,78.41,3.41,313.64,310.23,0,On Time,Online,Future
41,2025-10-13,75,24,2,3,152.6,4.2,457.8,453.6,0,On Time,Online,Current
42,2025-09-03,788,51,6,4,110.62,8.25,442.48,434.23,0,On Time,Online,Future
43,2024-04-07,35,59,6,1,99.02,25.97,99.02,73.05,0,On Time,Online,Current
44,2025-09-18,172,109,1,3,65.96,33.58,197.88,164.3,0,On Time,Online,Future
45,2025-02-04,209,75,6,3,112.15,25.21,336.45,311.24,0,On Time,Online,Current
46,2024-01-30,253,48,6,2,94.16,14.08,188.32,174.24,0,On Time,Online,Current
47,2024-03-09,498,17,2,4,141.85,3.94,567.4,563.46,0,On Time,Online,Future
48,2025-02-16,866,27,6,4,148.3,24.33,593.2,568.87,1,Late,Online,Current
49,2024-05-04,79,61,1,2,82.33,31.9,164.66,132.76,2,Late,Wholesale,Future
50,2024-01-17,765,93,4,2,119.71,16.19,239.42,223.23,0,On Time,Wholesale,Current
51,2024-02-01,93,8,3,2,62.57,2.57,125.14,122.57,6,Late,Online,Current
52,2024-08-09,848,117,6,2,131.87,22.71,263.74,241.03,0,On Time,Online,Current
53,2024-04-15,69,4,4,2,143.64,26.12,287.28,261.16,5,Late,Online,Current
54,2024-03-03,265,51,1,4,110.62,16.75,442.48,425.73,0,On Time,Online,Future
55,2025-10-07,609,64,2,2,106.6,5.87,213.2,207.33,0,On Time,Wholesale,Current
56,2024-12-10,161,97,6,1,54.01,12.21,54.01,41.8,0,On Time,Online,Future
57,2024-03-02,874,55,1,2,80.85,3.78,161.7,157.92,0,On Time,Online,Future
58,2024-02-28,79,56,6,1,166.72,24.03,166.72,142.69,0,On Time,Online,Current
59,2025-05-07,582,30,6,3,33.3,28.28,99.9,71.62,2,Late,Online,Future
60,2024-12-21,763,68,6,3,76.01,9.35,228.03,218.68,0,On Time,Click & Collect,Current
61,2024-02-15,840,51,1,2,110.62,11.81,221.24,209.43,0,On Time,In-Store,Current
62,2024-12-03,951,113,2,3,120.7,6.47,362.1,355.63,0,On Time,Wholesale,Current
63,2024-07-12,554,30,3,3,33.3,31.69,99.9,68.21,0,On Time,Online,Current
64,2024-01-14,985,30,1,3,33.3,34.78,99.9,65.12,0,On Time,Online,Current
65,2025-04-20,897,22,6,1,118.48,2.47,118.48,116.01,0,On Time,Online,Future
66,2025-10-27,492,70,1,3,117.81,16.68,353.43,336.75,0,On Time,Online,Future
67,2025-12-01,273,40,2,4,35.44,26.93,141.76,114.83,0,On Time,Click & Collect,Current
68,2025-10-17,452,7,2,3,172.34,17.63,517.02,499.39,0,On Time,Wholesale,Future
69,2025-01-30,652,71,5,2,135.62,5.86,271.24,265.38,0,On Time,Click & Collect,Future
70,2024-09-10,45,105,6,1,45.95,14.05,45.95,31.9,0,On Time,Online,Future
71,2025-10-24,548,26,2,3,117.76,33.38,353.28,319.9,0,On Time,Online,Current
72,2024-03-20,720,91,6,3,85.5,29.02,256.5,227.48,7,Late,Online,Current
73,2025-12-20,515,35,6,2,41.4,15.76,82.8,67.04,0,On Time,Online,Future
74,2025-03-26,583,82,6,1,135.39,10.98,135.39,124.41,2,Late,Online,Future
75,2024-03-06,682,100,5,4,91.89,4.63,367.56,362.93,1,Late,Online,Future
76,2025-07-04,832,56,5,4,166.72,12.69,666.88,654.19,0,On Time,Online,Current
77,2024-07-21,215,58,2,4,118.61,18.11,474.44,456.33,0,On Time,Wholesale,Current
78,2025-05-01,117,63,5,3,50.08,1.95,150.24,148.29,0,On Time,In-Store,Current
79,2024-05-02,352,88,1,4,41.48,19.04,165.92,146.88,2,Late,Click & Collect,Current
80,2025-11-20,715,88,2,1,41.48,3.9,41.48,37.58,2,Late,Online,Current
81,2024-11-07,724,55,2,2,80.85,18.71,161.7,142.99,0,On Time,In-Store,Current
82,2025-11-15,559,73,6,4,20.46,33.32,81.84,48.52,0,On Time,Online,Future
83,2024-05-15,948,77,2,3,132.93,7.58,398.79,391.21,0,On Time,Online,Future
84,2024-07-13,993,26,2,1,117.76,15.57,117.76,102.19,0,On Time,Online,Current
85,2024-11-16,355,108,6,3,50.05,25.38,150.15,124.77,0,On Time,Online,Future
86,2025-05-13,822,117,5,2,131.87,25.96,263.74,237.78,0,On Time,Online,Future
87,2024-08-06,860,25,3,4,27.12,13.56,108.48,94.92,0,On Time,Online,Current
88,2025-07-27,121,80,6,2,119.07,7.14,238.14,231.0,0,On Time,Online,Future
89,2025-10-03,140,67,6,3,214.61,21.46,643.83,622.37,0,On Time,Online,Current
90,2024-08-05,936,13,6,4,109.25,4.32,437.0,432.68,0,On Time,Online,Future
91,2025-02-28,596,87,2,3,80.57,13.57,241.71,228.14,0,On Time,Online,Current
92,2024-03-01,339,3,4,4,182.39,26.94,729.56,702.62,0,On Time,Online,Future
93,2025-01-24,123,110,1,4,159.94,6.24,639.76,633.52,0,On Time,Wholesale,Current
94,2025-10-24,565,51,2,4,110.62,29.91,442.48,412.57,0,On Time,Online,Future
95,2025-07-09,293,7,6,4,172.34,28.97,689.36,660.39,0,On Time,Online,Current
96,2025-03-22,840,70,2,1,117.81,26.18,117.81,91.63,0,On Time,Online,Current
97,2024-08-05,119,35,2,3,41.4,25.17,124.2,99.03,0,On Time,Click & Collect,Future
98,2024-10-22,516,10,6,2,78.41,28.41,156.82,128.41,0,On Time,Online,Current
99,2024-08-01,330,106,6,2,28.51,25.47,57.02,31.55,0,On Time,Click & Collect,Current
100,2024-08-12,762,51,4,1,110.62,21.09,110.62,89.53,0,On Time,Wholesale,Current
101,2024-07-02,460,100,2,4,91.89,9.01,367.56,358.55,0,On Time,Online,Current
102,2025-09-01,135,54,6,4,110.37,12.15,441.48,429.33,7,Late,Online,Current
103,2024-10-22,390,38,6,2,97.97,11.77,195.94,184.17,0,On Time,Online,Current
104,2024-11-08,853,38,4,2,97.97,23.55,195.94,172.39,0,On Time,Online,Current
105,2024-08-09,972,88,4,2,41.48,2.62,82.96,80.34,0,On Time,Online,Current
106,2025-01-05,843,74,4,4,120.32,13.23,481.28,468.05,0,On Time,Click & Collect,Current
107,2025-08-03,289,52,3,3,18.05,4.13,54.15,50.02,0,On Time,In-Store,Future
108,2025-09-08,758,47,3,2,146.36,21.58,292.72,271.14,0,On Time,Click & Collect,Future
109,2024-11-16,186,88,6,1,41.48,3.48,41.48,38.0,2,Late,Online,Future
110,2024-02-19,862,47,2,1,146.36,9.98,146.36,136.38,0,On Time,Click & Collect,Current
111,2025-01-21,530,54,1,4,110.37,32.36,441.48,409.12,0,On Time,In-Store,Current
112,2024-02-19,891,26,5,1,117.76,11.11,117.76,106.65,0,On Time,In-Store,Future
113,2024-03-29,639,76,6,2,128.17,13.19,256.34,243.15,0,On Time,Online,Current
114,2025-06-15,544,90,5,4,82.64,1.23,330.56,329.33,0,On Time,Online,Future
115,2024-10-29,655,5,2,4,140.44,21.82,561.76,539.94,0,On Time,Online,Current
116,2024-05-08,900,7,6,3,172.34,21.89,517.02,495.13,1,Late,Online,Current
117,2024-12-26,219,61,1,1,82.33,15.76,82.33,66.57,0,On Time,Wholesale,Current
118,2024-05-23,874,23,6,3,87.41,14.89,262.23,247.34,0,On Time,Online,Future
119,2025-02-17,284,90,6,4,82.64,17.69,330.56,312.87,6,Late,Online,Current
120,2025-03-08,42,98,6,2,192.94,17.08,385.88,368.8,0,On Time,Online,Future
121,2024-06-23,377,33,2,1,219.29,26.79,219.29,192.5,3,Late,Online,Current
122,2025-10-29,914,5,3,2,140.44,9.9,280.88,270.98,7,Late,Click & Collect,Current
123,2025-06-15,309,25,3,2,27.12,28.06,54.24,26.18,0,On Time,Online,Current
124,2025-05-21,434,63,6,2,50.08,13.78,100.16,86.38,0,On Time,Online,Current
125,2025-04-21,730,80,1,1,119.07,10.12,119.07,108.95,0,On Time,In-Store,Future
126,2024-02-10,919,91,6,2,85.5,5.31,171.0,165.69,0,On Time,Online,Current
127,2025-11-06,247,59,3,3,99.02,8.97,297.06,288.09,0,On Time,Online,Current
128,2025-01-30,474,31,6,3,64.76,17.57,194.28,176.71,0,On Time,Online,Future
129,2024-02-16,369,77,6,4,132.93,10.32,531.72,521.4,6,Late,Online,Current
130,2024-06-27,863,114,4,1,83.67,3.89,83.67,79.78,0,On Time,Wholesale,Current
131,2024-04-07,917,87,1,4,80.57,1.91,322.28,320.37,0,On Time,Online,Future
132,2024-02-02,820,37,6,2,141.5,6.15,283.0,276.85,0,On Time,Online,Current
133,2025-11-22,55,7,1,1,172.34,11.65,172.34,160.69,0,On Time,Wholesale,Future
134,2024-02-12,444,41,1,1,110.65,15.76,110.65,94.89,0,On Time,Click & Collect,Future
135,2024-10-21,49,8,1,1,62.57,9.86,62.57,52.71,0,On Time,In-Store,Future
136,2025-03-16,575,58,1,3,118.61,14.5,355.83,341.33,0,On Time,Online,Current
137,2025-06-06,266,13,6,1,109.25,27.72,109.25,81.53,0,On Time,Wholesale,Current
138,2024-05-10,916,1,6,4,125.71,32.44,502.84,470.4,4,Late,Online,Current
139,2024-10-12,384,5,1,2,140.44,11.35,280.88,269.53,0,On Time,Click & Collect,Current
140,2025-04-17,55,3,6,4,182.39,5.41,729.56,724.15,0,On Time,Online,Future
141,2024-10-24,497,109,6,4,65.96,33.06,263.84,230.78,0,On Time,Online,Current
142,2024-11-03,17,66,6,2,105.25,5.65,210.5,204.85,1,Late,Online,Future
143,2024-05-23,81,63,6,1,50.08,34.84,50.08,15.24,7,Late,Online,Current
144,2024-06-09,285,45,1,1,29.58,29.87,29.58,-0.29,0,On Time,Online,Future
145,2025-09-15,344,24,6,1,152.6,23.38,152.6,129.22,0,On Time,Online,Current
146,2025-11-10,419,81,6,1,110.75,27.36,110.75,83.39,0,On Time,Online,Future
147,2025-11-24,827,109,6,1,65.96,26.27,65.96,39.69,0,On Time,Online,Current
148,2025-05-21,945,86,4,2,102.94,2.79,205.88,203.09,7,Late,Online,Current
149,2025-03-03,38,72,5,2,141.82,23.1,283.64,260.54,0,On Time,Wholesale,Current
150,2024-06-02,732,73,2,3,20.46,20.99,61.38,40.39,0,On Time,Wholesale,Current
151,2025-04-08,159,84,3,4,108.1,11.23,432.4,421.17,0,On Time,Wholesale,Future
152,2024-04-14,351,38,1,3,97.97,13.52,293.91,280.39,0,On Time,Online,Current
153,2025-02-13,586,108,2,2,50.05,26.73,100.1,73.37,0,On Time,Click & Collect,Current
154,2024-01-20,503,17,2,2,141.85,0.09,283.7,283.61,0,On Time,Click & Collect,Current
155,2025-01-21,783,70,4,1,117.81,25.89,117.81,91.92,0,On Time,Online,Current
156,2024-01-04,509,101,4,3,123.75,32.82,371.25,338.43,3,Late,Click & Collect,Current
157,2024-07-21,646,17,6,4,141.85,3.13,567.4,564.27,0,On Time,Online,Current
158,2024-07-01,152,74,1,1,120.32,12.83,120.32,107.49,0,On Time,Online,Future
159,2024-06-11,620,68,2,4,76.01,25.08,304.04,278.96,0,On Time,Click & Collect,Future
160,2025-10-26,849,68,6,2,76.01,24.05,152.02,127.97,0,On Time,Online,Current
161,2025-05-03,367,77,3,4,132.93,6.16,531.72,525.56,0,On Time,Wholesale,Future
162,2024-05-20,825,99,6,1,170.64,24.25,170.64,146.39,0,On Time,In-Store,Current
163,2024-01-16,259,13,6,4,109.25,15.09,437.0,421.91,0,On Time,Online,Future
164,2024-05-11,543,11,6,2,40.32,22.11,80.64,58.53,0,On Time,Online,Current
165,2025-01-14,946,109,2,1,65.96,4.36,65.96,61.6,0,On Time,In-Store,Current
166,2024-12-19,750,71,2,1,135.62,30.37,135.62,105.25,0,On Time,Online,Current
167,2025-07-04,289,86,6,1,102.94,29.2,102.94,73.74,0,On Time,Online,Future
168,2025-10-12,479,5,1,2,140.44,2.98,280.88,277.9,0,On Time,In-Store,Current
169,2025-02-22,514,48,6,4,94.16,3.65,376.64,372.99,0,On Time,Online,Current
170,2025-12-03,859,80,1,3,119.07,15.25,357.21,341.96,5,Late,Online,Current
171,2025-08-26,453,27,2,3,148.3,4.75,444.9,440.15,0,On Time,In-Store,Current
172,2024-02-19,637,53,6,3,103.59,20.03,310.77,290.74,0,On Time,Online,Future
173,2025-10-23,993,3,6,3,182.39,0.86,547.17,546.31,0,On Time,Online,Current
174,2024-10-09,611,102,6,3,68.71,23.83,206.13,182.3,0,On Time,Online,Future
175,2024-09-10,126,103,6,4,113.76,1.4,455.04,453.64,0,On Time,Online,Current
176,2024-11-05,114,74,1,2,120.32,16.23,240.64,224.41,2,Late,Online,Future
177,2025-04-26,218,85,1,2,142.01,31.99,284.02,252.03,0,On Time,Wholesale,Current
178,2024-10-24,257,90,6,4,82.64,12.01,330.56,318.55,0,On Time,Online,Future
179,2025-05-28,678,47,6,3,146.36,17.29,439.08,421.79,0,On Time,Online,Current
180,2025-05-25,533,102,6,4,68.71,15.62,274.84,259.22,0,On Time,Online,Current
181,2024-10-27,498,63,1,4,50.08,1.71,200.32,198.61,0,On Time,Online,Current
182,2024-08-07,549,15,6,2,76.6,6.53,153.2,146.67,0,On Time,Online,Current
183,2025-04-25,505,41,6,4,110.65,3.83,442.6,438.77,1,Late,Online,Current
184,2024-05-09,220,91,2,2,85.5,15.43,171.0,155.57,0,On Time,Online,Current
185,2024-06-15,537,42,2,4,65.4,9.93,261.6,251.67,0,On Time,Online,Future
186,2025-05-30,6,1,1,2,125.71,6.44,251.42,244.98,0,On Time,Online,Future
187,2025-03-18,103,53,6,3,103.59,28.32,310.77,282.45,0,On Time,Online,Current
188,2024-06-01,495,65,1,3,71.32,33.53,213.96,180.43,1,Late,Wholesale,Future
189,2025-03-20,536,75,2,4,112.15,17.3,448.6,431.3,0,On Time,Wholesale,Future
190,2025-03-22,950,24,4,4,152.6,7.28,610.4,603.12,0,On Time,Online,Current
191,2025-07-22,483,98,5,3,192.94,17.27,578.82,561.55,0,On Time,Online,Future
192,2024-04-25,716,82,6,2,135.39,19.76,270.78,251.02,0,On Time,Online,Current
193,2024-09-15,644,33,1,3,219.29,7.2,657.87,650.67,0,On Time,In-Store,Current
194,2025-08-24,798,36,2,1,162.38,10.56,162.38,151.82,0,On Time,Online,Current
195,2024-06-10,534,55,1,2,80.85,17.96,161.7,143.74,0,On Time,Online,Current
196,2025-04-26,464,101,1,4,123.75,3.04,495.0,491.96,2,Late,In-Store,Current
197,2024-10-26,597,66,6,3,105.25,0.62,315.75,315.13,0,On Time,Online,Future
198,2025-06-06,176,31,1,3,64.76,34.71,194.28,159.57,0,On Time,Wholesale,Current
199,2025-07-11,211,97,6,3,54.01,31.05,162.03,130.98,0,On Time,Online,Future
200,2024-08-17,389,16,4,1,103.76,15.05,103.76,88.71,0,On Time,Wholesale,Future
201,2025-12-11,100,32,6,1,183.92,8.38,183.92,175.54,0,On Time,Online,Future
202,2024-10-15,682,57,1,2,144.33,25.24,288.66,263.42,0,On Time,Wholesale,Future
203,2024-01-16,626,4,6,4,143.64,31.44,574.56,543.12,0,On Time,Online,Current
204,2025-11-12,313,102,1,2,68.71,31.94,137.42,105.48,1,Late,Wholesale,Current
205,2025-01-05,581,78,6,4,57.86,17.6,231.44,213.84,0,On Time,Online,Current
206,2025-07-12,643,106,1,2,28.51,18.26,57.02,38.76,0,On Time,Online,Future
207,2025-06-13,691,30,1,2,33.3,34.35,66.6,32.25,0,On Time,Online,Current
208,2024-03-30,47,35,6,1,41.4,5.03,41.4,36.37,0,On Time,Online,Current
209,2025-09-06,985,77,6,4,132.93,21.39,531.72,510.33,0,On Time,Online,Future
210,2024-01-02,313,71,1,2,135.62,18.72,271.24,252.52,0,On Time,Click & Collect,Future
211,2025-05-21,871,70,6,2,117.81,28.48,235.62,207.14,0,On Time,Online,Future
212,2025-11-16,491,85,6,4,142.01,30.57,568.04,537.47,0,On Time,Online,Future
213,2025-01-08,281,30,4,1,33.3,33.57,33.3,-0.27,0,On Time,In-Store,Future
214,2025-09-06,946,72,6,4,141.82,20.53,567.28,546.75,0,On Time,Wholesale,Future
215,2024-02-10,864,60,6,3,148.3,9.42,444.9,435.48,2,Late,Online,Current
216,2024-04-26,619,106,6,2,28.51,20.92,57.02,36.1,1,Late,Online,Current
217,2024-06-24,688,18,2,2,53.11,31.91,106.22,74.31,2,Late,Online,Current
218,2024-06-15,72,2,6,2,200.36,0.03,400.72,400.69,0,On Time,Online,Current
219,2024-06-25,538,119,2,2,21.52,32.02,43.04,11.02,0,On Time,Wholesale,Future
220,2024-11-21,653,14,5,3,85.15,15.98,255.45,239.47,0,On Time,Online,Current
221,2025-04-29,51,117,2,1,131.87,5.76,131.87,126.11,2,Late,Wholesale,Current
222,2024-01-12,704,102,3,2,68.71,34.46,137.42,102.96,0,On Time,In-Store,Future
223,2024-01-06,965,82,6,1,135.39,33.76,135.39,101.63,0,On Time,Online,Current
224,2024-08-30,720,63,3,4,50.08,2.75,200.32,197.57,0,On Time,Click & Collect,Future
225,2025-12-16,828,22,6,2,118.48,29.6,236.96,207.36,0,On Time,Online,Future
226,2024-06-07,664,43,3,1,129.42,33.8,129.42,95.62,0,On Time,Online,Current
227,2025-02-20,833,31,6,3,64.76,22.75,194.28,171.53,0,On Time,Online,Current
228,2025-02-05,198,90,6,1,82.64,28.38,82.64,54.26,3,Late,Online,Current
229,2024-10-18,899,100,1,1,91.89,31.77,91.89,60.12,0,On Time,Online,Current
230,2025-05-15,267,66,2,2,105.25,33.89,210.5,176.61,0,On Time,Wholesale,Future
231,2024-09-02,115,113,3,3,120.7,20.15,362.1,341.95,0,On Time,In-Store,Current
232,2025-10-25,101,11,1,2,40.32,24.55,80.64,56.09,1,Late,Online,Future
233,2025-10-22,537,52,5,1,18.05,24.98,18.05,-6.93,0,On Time,Online,Future
234,2024-12-17,908,70,3,3,117.81,22.69,353.43,330.74,3,Late,Online,Current
235,2024-10-08,950,115,6,2,131.17,21.94,262.34,240.4,0,On Time,Online,Future
236,2025-05-21,946,84,4,4,108.1,25.73,432.4,406.67,0,On Time,Online,Future
237,2024-05-05,992,114,2,1,83.67,29.86,83.67,53.81,2,Late,Wholesale,Future
238,2024-02-17,700,47,4,4,146.36,25.2,585.44,560.24,0,On Time,Online,Future
239,2025-01-15,280,15,2,3,76.6,9.6,229.8,220.2,0,On Time,Wholesale,Current
240,2025-05-17,474,7,3,1,172.34,4.45,172.34,167.89,0,On Time,In-Store,Future
241,2025-03-16,977,117,1,1,131.87,2.76,131.87,129.11,1,Late,Online,Future
242,2025-11-09,750,20,5,1,93.73,17.25,93.73,76.48,6,Late,Wholesale,Current
243,2024-12-29,995,18,5,4,53.11,17.22,212.44,195.22,6,Late,Online,Current
244,2025-08-26,400,84,5,2,108.1,8.36,216.2,207.84,0,On Time,Wholesale,Future
245,2025-01-10,424,94,2,4,56.02,24.14,224.08,199.94,0,On Time,Online,Current
246,2024-03-21,283,113,6,4,120.7,9.04,482.8,473.76,0,On Time,Online,Current
247,2024-05-22,769,9,6,3,102.79,17.12,308.37,291.25,0,On Time,Online,Future
248,2025-06-22,711,98,5,1,192.94,29.84,192.94,163.1,0,On Time,Online,Future
249,2024-07-14,232,31,2,3,64.76,9.86,194.28,184.42,0,On Time,Wholesale,Current
250,2025-12-06,628,112,1,3,167.65,34.18,502.95,468.77,0,On Time,Online,Current
251,2024-07-23,467,37,6,4,141.5,1.33,566.0,564.67,0,On Time,Online,Current
252,2024-02-04,990,99,3,3,170.64,28.08,511.92,483.84,0,On Time,Online,Current
253,2025-06-12,922,15,2,1,76.6,7.02,76.6,69.58,0,On Time,Online,Current
254,2025-07-09,924,15,6,2,76.6,22.31,153.2,130.89,0,On Time,Online,Current
255,2025-12-29,995,8,6,3,62.57,3.33,187.71,184.38,0,On Time,Online,Current
256,2024-05-29,793,63,6,3,50.08,2.2,150.24,148.04,0,On Time,Online,Future
257,2024-08-15,818,15,1,2,76.6,17.27,153.2,135.93,0,On Time,Click & Collect,Future
258,2025-11-14,661,4,1,4,143.64,14.26,574.56,560.3,0,On Time,Online,Future
259,2024-10-22,67,72,6,3,141.82,5.58,425.46,419.88,0,On Time,Online,Current
260,2025-04-01,222,109,3,3,65.96,20.77,197.88,177.11,0,On Time,Online,Future
261,2024-11-11,229,30,6,3,33.3,3.14,99.9,96.76,0,On Time,Online,Future
262,2025-07-26,313,34,6,2,116.01,5.45,232.02,226.57,4,Late,Online,Current
263,2024-03-18,605,71,3,2,135.62,18.26,271.24,252.98,0,On Time,In-Store,Future
264,2025-03-27,456,78,3,4,57.86,23.86,231.44,207.58,0,On Time,In-Store,Future
265,2025-05-01,282,5,1,2,140.44,5.37,280.88,275.51,0,On Time,Online,Current
266,2024-03-19,754,7,6,2,172.34,13.27,344.68,331.41,0,On Time,Online,Current
267,2025-01-27,876,82,3,1,135.39,20.25,135.39,115.14,0,On Time,Online,Future
268,2024-07-03,919,20,1,4,93.73,22.78,374.92,352.14,0,On Time,In-Store,Current
269,2024-02-24,816,34,5,2,116.01,17.51,232.02,214.51,0,On Time,Online,Future
270,2025-06-08,539,116,1,1,159.24,16.23,159.24,143.01,0,On Time,Wholesale,Current
271,2025-04-27,752,68,5,3,76.01,32.12,228.03,195.91,1,Late,Click & Collect,Current
272,2025-01-22,822,22,1,1,118.48,16.17,118.48,102.31,0,On Time,In-Store,Current
273,2025-09-29,714,40,6,2,35.44,32.49,70.88,38.39,0,On Time,Online,Future
274,2025-08-24,104,72,2,4,141.82,21.24,567.28,546.04,0,On Time,Click & Collect,Current
275,2025-03-17,785,27,1,4,148.3,7.26,593.2,585.94,0,On Time,Online,Future
276,2025-10-31,310,42,4,4,65.4,26.06,261.6,235.54,5,Late,Online,Current
277,2024-11-06,651,67,3,3,214.61,24.58,643.83,619.25,0,On Time,Online,Future
278,2024-10-28,546,107,6,4,49.65,15.51,198.6,183.09,0,On Time,Online,Future
279,2025-08-15,113,17,6,2,141.85,9.43,283.7,274.27,0,On Time,Online,Current
280,2024-04-12,276,85,1,2,142.01,21.63,284.02,262.39,0,On Time,Click & Collect,Future
281,2024-06-15,921,8,2,1,62.57,11.04,62.57,51.53,0,On Time,In-Store,Current
282,2025-05-20,824,11,3,4,40.32,17.8,161.28,143.48,0,On Time,Click & Collect,Current
283,2024-05-01,415,118,4,2,167.17,23.27,334.34,311.07,0,On Time,Online,Current
284,2025-03-17,192,68,6,1,76.01,34.3,76.01,41.71,0,On Time,Online,Future
285,2024-05-08,233,7,1,3,172.34,27.16,517.02,489.86,1,Late,Wholesale,Current
286,2025-12-12,415,55,2,1,80.85,16.3,80.85,64.55,0,On Time,Online,Future
287,2024-07-18,357,60,3,3,148.3,17.62,444.9,427.28,4,Late,Online,Current
288,2025-11-09,363,96,6,1,44.65,25.13,44.65,19.52,2,Late,Online,Current
289,2024-03-30,62,28,6,3,154.21,16.09,462.63,446.54,0,On Time,Online,Current
290,2025-12-03,337,119,5,2,21.52,22.71,43.04,20.33,0,On Time,Wholesale,Future
291,2025-09-01,881,110,4,4,159.94,15.53,639.76,624.23,0,On Time,Online,Future
292,2024-01-20,181,114,6,3,83.67,18.29,251.01,232.72,0,On Time,Online,Current
293,2025-11-13,935,90,2,4,82.64,29.98,330.56,300.58,0,On Time,Wholesale,Current
294,2025-06-08,163,96,6,4,44.65,9.43,178.6,169.17,0,On Time,Online,Current
295,2025-03-04,858,54,1,1,110.37,33.16,110.37,77.21,6,Late,Online,Current
296,2024-01-20,916,107,2,1,49.65,18.03,49.65,31.62,0,On Time,Click & Collect,Current
297,2024-09-23,379,58,1,4,118.61,24.78,474.44,449.66,0,On Time,Online,Current
298,2025-06-16,635,39,1,2,128.17,33.91,256.34,222.43,0,On Time,Online,Future
299,2025-10-06,985,114,6,2,83.67,17.47,167.34,149.87,0,On Time,Online,Current
300,2025-08-01,852,38,6,4,97.97,24.01,391.88,367.87,1,Late,In-Store,Future
301,2025-02-12,672,108,3,2,50.05,32.69,100.1,67.41,0,On Time,Online,Future
302,2024-12-08,950,70,6,2,117.81,26.38,235.62,209.24,0,On Time,Online,Future
303,2025-03-14,240,19,6,4,118.63,0.35,474.52,474.17,0,On Time,Online,Future
304,2025-03-03,878,43,3,1,129.42,9.69,129.42,119.73,0,On Time,Online,Future
305,2025-11-10,234,36,4,4,162.38,13.01,649.52,636.51,0,On Time,In-Store,Current
306,2025-11-10,447,71,1,2,135.62,29.44,271.24,241.8,0,On Time,Click & Collect,Future
307,2025-09-25,353,57,2,3,144.33,23.91,432.99,409.08,0,On Time,Wholesale,Current
308,2024-04-19,527,75,4,4,112.15,22.07,448.6,426.53,0,On Time,Click & Collect,Future
309,2024-05-21,940,103,6,1,113.76,6.54,113.76,107.22,5,Late,Online,Current
310,2024-04-04,966,102,3,1,68.71,19.41,68.71,49.3,0,On Time,Click & Collect,Future
311,2025-10-03,326,103,6,3,113.76,16.1,341.28,325.18,0,On Time,Online,Current
312,2025-12-07,627,61,2,3,82.33,34.27,246.99,212.72,0,On Time,Click & Collect,Future
313,2025-04-03,718,92,6,1,46.38,20.5,46.38,25.88,0,On Time,Online,Current
314,2024-12-18,509,55,1,4,80.85,33.43,323.4,289.97,0,On Time,Online,Current
315,2025-12-18,485,86,1,4,102.94,28.66,411.76,383.1,0,On Time,In-Store,Current
316,2025-10-15,46,55,5,1,80.85,2.75,80.85,78.1,0,On Time,Online,Current
317,2025-11-16,353,120,2,4,47.37,32.4,189.48,157.08,0,On Time,Wholesale,Future
318,2025-12-17,411,74,6,3,120.32,25.17,360.96,335.79,0,On Time,Online,Future
319,2024-09-22,156,24,6,1,152.6,26.21,152.6,126.39,4,Late,Online,Current
320,2025-07-14,697,17,4,1,141.85,20.87,141.85,120.98,0,On Time,Online,Future
321,2025-01-01,23,74,1,2,120.32,31.49,240.64,209.15,0,On Time,In-Store,Current
322,2025-08-04,665,109,1,1,65.96,3.56,65.96,62.4,0,On Time,Online,Current
323,2024-03-25,316,72,6,1,141.82,22.82,141.82,119.0,0,On Time,Online,Current
324,2024-08-16,292,76,1,4,128.17,19.46,512.68,493.22,0,On Time,Wholesale,Future
325,2025-04-18,253,13,4,2,109.25,2.43,218.5,216.07,7,Late,Online,Current
326,2025-09-03,783,2,6,3,200.36,24.41,601.08,576.67,0,On Time,Online,Current
327,2024-10-07,594,10,2,1,78.41,30.06,78.41,48.35,0,On Time,Wholesale,Current
328,2024-11-16,810,2,2,2,200.36,18.24,400.72,382.48,0,On Time,Online,Current
329,2025-09-30,149,34,3,3,116.01,12.14,348.03,335.89,0,On Time,Online,Future
330,2024-07-11,453,12,6,2,177.18,9.77,354.36,344.59,0,On Time,Online,Future
331,2024-05-04,336,95,5,4,168.8,22.18,675.2,653.02,2,Late,Online,Current
332,2024-02-07,42,113,6,1,120.7,24.29,120.7,96.41,0,On Time,Online,Current
333,2025-08-31,862,3,1,3,182.39,28.11,547.17,519.06,0,On Time,Online,Current
334,2025-11-04,376,32,6,1,183.92,28.31,183.92,155.61,0,On Time,Online,Current
335,2024-07-15,979,91,2,2,85.5,29.79,171.0,141.21,1,Late,Click & Collect,Future
336,2025-09-20,299,45,1,1,29.58,15.35,29.58,14.23,0,On Time,In-Store,Future
337,2025-10-25,211,83,6,4,73.64,10.19,294.56,284.37,7,Late,Online,Current
338,2024-07-13,578,81,5,2,110.75,11.81,221.5,209.69,0,On Time,Online,Future
339,2024-11-19,644,60,2,1,148.3,14.58,148.3,133.72,0,On Time,Online,Future
340,2024-10-25,547,18,6,4,53.11,5.99,212.44,206.45,0,On Time,Online,Future
341,2025-02-19,617,10,6,4,78.41,26.17,313.64,287.47,0,On Time,Online,Future
342,2024-05-13,902,41,5,4,110.65,0.05,442.6,442.55,0,On Time,Online,Current
343,2025-08-23,994,60,1,1,148.3,5.59,148.3,142.71,0,On Time,Online,Current
344,2025-10-04,597,14,4,1,85.15,30.85,85.15,54.3,0,On Time,Click & Collect,Future
345,2025-07-06,541,80,1,4,119.07,28.24,476.28,448.04,0,On Time,Wholesale,Future
346,2025-05-13,188,106,1,1,28.51,16.87,28.51,11.64,0,On Time,In-Store,Current
347,2025-09-24,852,105,6,1,45.95,19.27,45.95,26.68,0,On Time,In-Store,Future
348,2024-08-07,619,5,4,1,140.44,8.91,140.44,131.53,0,On Time,In-Store,Current
349,2024-09-02,320,13,5,4,109.25,7.68,437.0,429.32,0,On Time,Online,Current
350,2024-09-10,542,73,3,1,20.46,19.77,20.46,0.69,0,On Time,Click & Collect,Future
351,2025-05-25,265,20,6,1,93.73,8.24,93.73,85.49,3,Late,Online,Current
352,2024-06-11,544,74,6,2,120.32,7.53,240.64,233.11,0,On Time,Online,Future
353,2024-07-28,520,1,3,4,125.71,29.85,502.84,472.99,0,On Time,Online,Current
354,2024-07-15,916,114,3,2,83.67,21.67,167.34,145.67,0,On Time,Click & Collect,Future
355,2025-06-15,554,50,1,2,97.72,18.01,195.44,177.43,0,On Time,Online,Future
356,2025-01-08,275,61,3,4,82.33,7.94,329.32,321.38,0,On Time,Online,Current
357,2024-07-06,128,70,3,3,117.81,25.74,353.43,327.69,0,On Time,Online,Future
358,2025-01-02,729,22,6,2,118.48,18.63,236.96,218.33,0,On Time,Online,Current
359,2025-08-02,482,28,2,1,154.21,2.9,154.21,151.31,0,On Time,Online,Current
360,2025-09-28,105,112,2,4,167.65,17.0,670.6,653.6,0,On Time,Online,Future
361,2025-09-19,557,55,5,2,80.85,33.01,161.7,128.69,4,Late,Online,Current
362,2025-12-02,945,66,6,1,105.25,32.55,105.25,72.7,0,On Time,Online,Future
363,2025-05-03,19,104,1,4,154.04,18.53,616.16,597.63,0,On Time,Online,Future
364,2024-07-11,521,95,6,2,168.8,8.08,337.6,329.52,0,On Time,Online,Future
365,2025-05-03,648,76,6,3,128.17,22.7,384.51,361.81,0,On Time,Online,Current
366,2024-10-23,852,102,3,4,68.71,30.31,274.84,244.53,0,On Time,Online,Future
367,2024-05-06,106,77,6,1,132.93,24.43,132.93,108.5,0,On Time,Online,Future
368,2024-09-17,245,58,1,3,118.61,15.6,355.83,340.23,0,On Time,In-Store,Current
369,2024-12-23,143,86,2,1,102.94,30.35,102.94,72.59,0,On Time,Online,Current
370,2025-10-22,450,24,1,1,152.6,24.88,152.6,127.72,0,On Time,Online,Current
371,2024-04-15,59,8,1,1,62.57,28.68,62.57,33.89,0,On Time,Online,Current
372,2024-01-05,255,107,4,2,49.65,13.99,99.3,85.31,2,Late,Wholesale,Future
373,2024-07-07,64,78,6,3,57.86,16.48,173.58,157.1,0,On Time,Wholesale,Current
374,2024-12-18,88,118,2,1,167.17,26.2,167.17,140.97,0,On Time,Online,Current
375,2024-11-25,133,22,5,4,118.48,12.34,473.92,461.58,7,Late,Click & Collect,Current
376,2024-04-07,662,8,1,4,62.57,29.91,250.28,220.37,0,On Time,Wholesale,Current
377,2024-06-17,321,14,6,2,85.15,31.91,170.3,138.39,0,On Time,Online,Future
378,2024-03-09,111,113,3,3,120.7,12.27,362.1,349.83,0,On Time,In-Store,Current
379,2024-12-07,642,30,2,3,33.3,0.54,99.9,99.36,0,On Time,In-Store,Current
380,2024-09-27,209,85,1,1,142.01,2.75,142.01,139.26,0,On Time,Online,Future
381,2024-08-01,622,18,6,4,53.11,14.06,212.44,198.38,0,On Time,Online,Current
382,2024-05-24,365,36,1,1,162.38,9.95,162.38,152.43,0,On Time,Online,Future
383,2025-02-01,268,62,2,4,180.58,5.38,722.32,716.94,0,On Time,Wholesale,Current
384,2024-10-13,352,64,1,2,106.6,32.64,213.2,180.56,0,On Time,Online,Current
385,2024-04-12,521,81,4,4,110.75,29.03,443.0,413.97,7,Late,Wholesale,Current
386,2025-05-30,943,16,6,1,103.76,14.14,103.76,89.62,2,Late,Online,Current
387,2025-10-02,283,93,1,3,119.71,11.82,359.13,347.31,0,On Time,Online,Future
388,2024-10-31,93,113,1,3,120.7,21.81,362.1,340.29,0,On Time,Wholesale,Future
389,2025-07-24,781,63,6,1,50.08,0.31,50.08,49.77,7,Late,Online,Current
390,2025-01-06,297,19,1,4,118.63,18.35,474.52,456.17,0,On Time,Click & Collect,Current
391,2025-10-19,989,52,6,3,18.05,12.49,54.15,41.66,0,On Time,Online,Future
392,2024-04-22,276,103,6,1,113.76,34.94,113.76,78.82,0,On Time,Online,Current
393,2024-03-23,67,58,6,1,118.61,14.56,118.61,104.05,0,On Time,Online,Current
394,2024-07-06,874,85,4,4,142.01,10.89,568.04,557.15,0,On Time,In-Store,Current
395,2024-07-12,673,63,6,2,50.08,30.78,100.16,69.38,0,On Time,Online,Future
396,2025-09-14,838,57,3,3,144.33,26.33,432.99,406.66,0,On Time,Click & Collect,Current
397,2025-11-25,269,32,1,3,183.92,30.34,551.76,521.42,1,Late,Wholesale,Current
398,2025-01-11,774,21,6,4,44.65,21.84,178.6,156.76,0,On Time,Online,Future
399,2025-12-28,482,97,2,3,54.01,3.64,162.03,158.39,0,On Time,Online,Current
400,2025-05-25,866,19,4,3,118.63,25.58,355.89,330.31,0,On Time,Wholesale,Current
401,2024-09-13,699,92,4,3,46.38,24.89,139.14,114.25,0,On Time,Wholesale,Current
402,2025-09-09,731,58,2,1,118.61,28.62,118.61,89.99,0,On Time,Wholesale,Current
403,2024-12-23,580,26,6,2,117.76,7.37,235.52,228.15,0,On Time,Online,Current
404,2025-12-19,89,93,4,1,119.71,32.28,119.71,87.43,0,On Time,Online,Current
405,2025-07-16,871,72,5,1,141.82,26.51,141.82,115.31,0,On Time,Click & Collect,Current
406,2025-10-10,943,41,2,3,110.65,32.64,331.95,299.31,0,On Time,Wholesale,Future
407,2024-05-17,199,102,1,1,68.71,10.27,68.71,58.44,0,On Time,Online,Current
408,2025-12-01,550,103,4,1,113.76,30.53,113.76,83.23,0,On Time,Wholesale,Future
409,2025-04-30,591,75,1,1,112.15,32.82,112.15,79.33,0,On Time,In-Store,Future
410,2024-11-22,504,109,6,1,65.96,30.08,65.96,35.88,0,On Time,Online,Current
411,2025-04-07,60,33,4,4,219.29,9.96,877.16,867.2,0,On Time,In-Store,Current
412,2025-02-20,356,55,1,1,80.85,15.19,80.85,65.66,7,Late,In-Store,Current
413,2024-06-11,888,37,1,3,141.5,16.8,424.5,407.7,0,On Time,Wholesale,Current
414,2024-05-15,568,1,6,3,125.71,11.22,377.13,365.91,0,On Time,Online,Current
415,2024-03-21,205,21,4,3,44.65,11.4,133.95,122.55,0,On Time,Click & Collect,Current
416,2025-06-05,890,86,1,3,102.94,13.52,308.82,295.3,0,On Time,Online,Current
417,2025-06-20,60,32,6,4,183.92,2.51,735.68,733.17,0,On Time,Online,Current
418,2025-02-12,809,111,6,1,139.05,4.92,139.05,134.13,0,On Time,Online,Future
419,2025-11-08,902,48,2,3,94.16,19.42,282.48,263.06,0,On Time,In-Store,Current
420,2025-02-21,413,1,1,2,125.71,31.35,251.42,220.07,0,On Time,Online,Current
421,2024-08-23,434,56,6,1,166.72,31.07,166.72,135.65,0,On Time,Online,Future
422,2024-02-04,247,50,6,2,97.72,15.46,195.44,179.98,0,On Time,Online,Future
423,2025-09-01,204,64,1,2,106.6,4.2,213.2,209.0,6,Late,Online,Current
424,2025-11-07,219,92,6,3,46.38,26.0,139.14,113.14,0,On Time,Online,Current
425,2025-11-10,341,32,5,3,183.92,32.98,551.76,518.78,0,On Time,Online,Current
426,2024-05-24,950,4,2,3,143.64,33.62,430.92,397.3,4,Late,In-Store,Current
427,2024-09-02,555,17,4,2,141.85,4.3,283.7,279.4,0,On Time,Online,Future
428,2025-05-02,147,37,6,4,141.5,19.06,566.0,546.94,0,On Time,Online,Future
429,2025-02-15,868,26,2,2,117.76,8.2,235.52,227.32,0,On Time,In-Store,Future
430,2024-12-16,379,17,6,1,141.85,20.27,141.85,121.58,0,On Time,Online,Current
431,2025-02-15,195,72,1,2,141.82,10.44,283.64,273.2,0,On Time,Online,Future
432,2024-02-19,178,19,6,2,118.63,6.12,237.26,231.14,2,Late,Online,Current
433,2024-03-22,688,33,6,2,219.29,14.83,438.58,423.75,0,On Time,Online,Future
434,2024-09-21,134,78,2,3,57.86,28.44,173.58,145.14,0,On Time,Online,Future
435,2024-08-12,59,50,6,2,97.72,14.16,195.44,181.28,0,On Time,Online,Future
436,2024-04-05,972,88,1,1,41.48,3.13,41.48,38.35,0,On Time,Online,Future
437,2025-01-30,832,21,6,3,44.65,6.36,133.95,127.59,0,On Time,In-Store,Current
438,2024-05-08,785,68,3,1,76.01,5.2,76.01,70.81,0,On Time,Click & Collect,Current
439,2025-02-13,571,47,6,1,146.36,16.1,146.36,130.26,0,On Time,Online,Future
440,2024-10-31,890,67,2,1,214.61,0.19,214.61,214.42,0,On Time,Wholesale,Current
441,2025-10-18,452,14,6,4,85.15,24.78,340.6,315.82,0,On Time,Click & Collect,Future
442,2024-12-08,541,95,5,1,168.8,16.05,168.8,152.75,0,On Time,Online,Future
443,2025-11-27,334,67,3,1,214.61,11.22,214.61,203.39,0,On Time,Online,Future
444,2025-03-17,423,14,6,2,85.15,29.28,170.3,141.02,0,On Time,Online,Future
445,2024-09-25,717,69,1,4,82.06,0.7,328.24,327.54,0,On Time,Online,Current
446,2025-09-26,599,41,6,2,110.65,1.9,221.3,219.4,0,On Time,Online,Future
447,2024-12-03,920,98,3,1,192.94,33.52,192.94,159.42,0,On Time,Online,Future
448,2024-10-19,97,61,1,4,82.33,30.14,329.32,299.18,0,On Time,Online,Future
449,2025-04-28,806,72,3,4,141.82,29.15,567.28,538.13,0,On Time,In-Store,Future
450,2025-03-17,528,1,3,2,125.71,30.93,251.42,220.49,4,Late,Wholesale,Current
451,2024-12-11,12,120,1,3,47.37,17.09,142.11,125.02,0,On Time,Click & Collect,Future
452,2024-05-13,846,3,3,2,182.39,17.7,364.78,347.08,2,Late,Online,Future
453,2024-08-18,21,97,2,1,54.01,22.42,54.01,31.59,0,On Time,Online,Future
454,2024-10-16,72,22,4,4,118.48,17.23,473.92,456.69,4,Late,In-Store,Current
455,2024-05-31,733,25,2,2,27.12,27.01,54.24,27.23,2,Late,Online,Current
456,2025-11-22,440,89,2,2,144.37,21.13,288.74,267.61,2,Late,Wholesale,Current
457,2025-08-06,986,81,6,1,110.75,18.99,110.75,91.76,0,On Time,Online,Future
458,2025-10-05,840,99,6,3,170.64,17.51,511.92,494.41,0,On Time,Online,Future
459,2025-02-08,10,60,1,3,148.3,33.3,444.9,411.6,0,On Time,Online,Current
460,2024-10-17,97,62,2,4,180.58,25.0,722.32,697.32,0,On Time,Wholesale,Current
461,2024-07-03,8,22,1,1,118.48,24.7,118.48,93.78,0,On Time,Online,Future
462,2025-08-25,786,33,1,2,219.29,33.04,438.58,405.54,0,On Time,Click & Collect,Current
463,2025-08-16,979,83,6,2,73.64,34.91,147.28,112.37,0,On Time,Online,Future
464,2024-04-14,38,95,6,1,168.8,29.67,168.8,139.13,0,On Time,Online,Current
465,2025-03-11,912,107,2,4,49.65,31.57,198.6,167.03,0,On Time,Click & Collect,Future
466,2025-02-03,169,76,6,1,128.17,6.63,128.17,121.54,0,On Time,Online,Current
467,2024-06-24,612,86,6,1,102.94,14.21,102.94,88.73,0,On Time,Online,Future
468,2025-08-04,957,98,6,3,192.94,1.53,578.82,577.29,0,On Time,Online,Current
469,2025-02-14,317,10,4,4,78.41,1.62,313.64,312.02,0,On Time,Online,Current
470,2025-12-25,757,118,2,1,167.17,23.99,167.17,143.18,0,On Time,Online,Future
471,2024-12-03,41,77,6,4,132.93,25.07,531.72,506.65,0,On Time,Online,Future
472,2024-12-19,208,87,6,1,80.57,11.08,80.57,69.49,0,On Time,Online,Future
473,2025-01-15,200,16,3,1,103.76,26.94,103.76,76.82,0,On Time,Online,Future
474,2024-04-09,983,36,5,3,162.38,18.3,487.14,468.84,0,On Time,Click & Collect,Current
475,2024-01-29,850,71,5,3,135.62,16.88,406.86,389.98,0,On Time,Wholesale,Future
476,2025-07-22,811,102,6,4,68.71,30.84,274.84,244.0,0,On Time,Online,Future
477,2024-11-06,673,107,3,2,49.65,31.41,99.3,67.89,0,On Time,Online,Future
478,2024-04-24,566,91,5,4,85.5,1.72,342.0,340.28,0,On Time,Online,Current
479,2024-10-31,624,95,6,2,168.8,15.3,337.6,322.3,0,On Time,Online,Future
480,2024-07-15,257,27,6,1,148.3,34.49,148.3,113.81,0,On Time,Online,Current
481,2025-11-20,188,112,6,4,167.65,14.75,670.6,655.85,3,Late,Online,Current
482,2024-01-25,469,75,1,2,112.15,11.95,224.3,212.35,0,On Time,Wholesale,Current
483,2025-02-13,223,28,5,4,154.21,21.13,616.84,595.71,0,On Time,Online,Current
484,2025-05-25,961,50,5,1,97.72,1.63,97.72,96.09,0,On Time,Online,Current
485,2025-02-15,345,9,6,2,102.79,8.65,205.58,196.93,0,On Time,Online,Current
486,2024-02-29,188,82,2,3,135.39,2.83,406.17,403.34,0,On Time,Click & Collect,Future
487,2025-11-18,87,17,4,2,141.85,13.23,283.7,270.47,0,On Time,In-Store,Future
488,2024-10-07,467,22,2,4,118.48,32.33,473.92,441.59,0,On Time,Online,Current
489,2024-11-27,828,45,4,2,29.58,22.14,59.16,37.02,0,On Time,Wholesale,Future
490,2025-09-07,891,46,3,2,117.41,32.35,234.82,202.47,0,On Time,Online,Current
491,2024-01-29,70,33,3,3,219.29,32.69,657.87,625.18,0,On Time,Online,Current
492,2025-03-25,746,108,2,1,50.05,1.32,50.05,48.73,0,On Time,Online,Future
493,2024-10-21,867,69,1,4,82.06,8.67,328.24,319.57,0,On Time,Online,Current
494,2025-03-21,898,113,6,1,120.7,8.05,120.7,112.65,0,On Time,Online,Current
495,2025-01-26,995,107,6,2,49.65,14.41,99.3,84.89,0,On Time,Click & Collect,Future
496,2024-11-23,114,11,3,1,40.32,13.73,40.32,26.59,0,On Time,Click & Collect,Future
497,2024-08-12,320,38,4,3,97.97,15.95,293.91,277.96,0,On Time,Click & Collect,Future
498,2025-04-28,623,105,5,2,45.95,25.55,91.9,66.35,0,On Time,Online,Current
499,2025-04-28,903,51,6,1,110.62,0.48,110.62,110.14,0,On Time,Online,Future
500,2025-12-21,873,83,4,2,73.64,19.98,147.28,127.3,0,On Time,Wholesale,Future
501,2024-06-05,800,95,2,1,168.8,20.12,168.8,148.68,0,On Time,Click & Collect,Future
502,2025-02-10,296,18,6,2,53.11,29.37,106.22,76.85,0,On Time,Online,Current
503,2024-07-31,244,79,5,2,174.91,15.25,349.82,334.57,0,On Time,Wholesale,Future
504,2025-09-03,931,11,1,4,40.32,31.07,161.28,130.21,0,On Time,Online,Current
505,2024-06-20,759,18,2,4,53.11,19.99,212.44,192.45,0,On Time,Online,Current
506,2024-08-19,533,118,4,3,167.17,24.71,501.51,476.8,0,On Time,Online,Current
507,2025-12-22,243,97,2,3,54.01,26.56,162.03,135.47,0,On Time,Wholesale,Future
508,2025-07-03,527,25,6,4,27.12,30.82,108.48,77.66,0,On Time,Online,Current
509,2024-04-26,756,49,2,1,134.92,15.64,134.92,119.28,0,On Time,Online,Current
510,2025-12-15,882,12,6,3,177.18,32.91,531.54,498.63,0,On Time,Online,Current
511,2024-12-08,888,40,1,2,35.44,25.49,70.88,45.39,0,On Time,Online,Future
512,2025-01-13,240,55,1,1,80.85,20.48,80.85,60.37,7,Late,Click & Collect,Current
513,2025-06-12,494,41,1,1,110.65,31.65,110.65,79.0,0,On Time,In-Store,Future
514,2024-12-26,550,29,3,3,130.05,2.21,390.15,387.94,0,On Time,Click & Collect,Future
515,2025-12-06,733,80,6,2,119.07,8.54,238.14,229.6,0,On Time,Online,Future
516,2025-10-15,211,68,6,3,76.01,9.62,228.03,218.41,0,On Time,Online,Current
517,2025-11-22,889,94,6,3,56.02,1.26,168.06,166.8,0,On Time,Online,Future
518,2024-05-16,8,106,2,2,28.51,7.01,57.02,50.01,3,Late,Online,Current
519,2025-11-29,95,10,3,1,78.41,15.86,78.41,62.55,0,On Time,In-Store,Current
520,2025-04-25,336,21,2,2,44.65,19.59,89.3,69.71,0,On Time,Click & Collect,Future
521,2025-07-07,154,114,1,2,83.67,10.62,167.34,156.72,0,On Time,Online,Current
522,2025-11-27,642,56,1,4,166.72,9.01,666.88,657.87,0,On Time,In-Store,Current
523,2025-06-14,543,113,6,2,120.7,14.05,241.4,227.35,0,On Time,Online,Future
524,2024-07-27,361,21,2,3,44.65,29.46,133.95,104.49,0,On Time,Wholesale,Current
525,2025-06-03,876,101,1,1,123.75,18.36,123.75,105.39,0,On Time,Wholesale,Current
526,2025-07-13,923,93,6,3,119.71,9.5,359.13,349.63,0,On Time,Online,Future
527,2025-06-30,62,65,2,2,71.32,31.08,142.64,111.56,0,On Time,Click & Collect,Future
528,2024-10-13,569,35,4,4,41.4,4.85,165.6,160.75,0,On Time,Click & Collect,Future
529,2024-10-08,476,63,6,2,50.08,6.41,100.16,93.75,0,On Time,Online,Future
530,2025-10-20,578,52,3,3,18.05,5.94,54.15,48.21,0,On Time,Click & Collect,Future
531,2024-09-17,794,16,4,2,103.76,8.43,207.52,199.09,0,On Time,Click & Collect,Current
532,2024-06-02,42,87,2,2,80.57,21.33,161.14,139.81,0,On Time,Online,Current
533,2024-03-04,887,17,6,1,141.85,23.91,141.85,117.94,0,On Time,Online,Current
534,2024-09-14,344,80,6,4,119.07,8.06,476.28,468.22,1,Late,Online,Future
535,2024-09-01,762,74,2,2,120.32,3.97,240.64,236.67,0,On Time,Wholesale,Future
536,2025-07-08,858,72,6,2,141.82,6.95,283.64,276.69,0,On Time,Online,Future
537,2024-01-22,585,16,6,2,103.76,14.29,207.52,193.23,0,On Time,Online,Future
538,2024-02-29,959,25,6,1,27.12,4.13,27.12,22.99,0,On Time,Wholesale,Current
539,2024-04-06,446,90,6,2,82.64,27.24,165.28,138.04,0,On Time,Online,Current
540,2025-04-21,138,86,1,4,102.94,21.55,411.76,390.21,0,On Time,In-Store,Current
541,2025-04-04,454,106,3,2,28.51,13.09,57.02,43.93,0,On Time,Wholesale,Future
542,2024-01-01,635,63,3,3,50.08,18.7,150.24,131.54,0,On Time,In-Store,Current
543,2025-11-18,784,51,2,2,110.62,30.45,221.24,190.79,0,On Time,Wholesale,Future
544,2025-07-17,54,98,4,1,192.94,16.83,192.94,176.11,0,On Time,In-Store,Current
545,2025-11-10,823,62,3,3,180.58,21.68,541.74,520.06,3,Late,Online,Current
546,2024-06-21,704,6,6,3,127.67,1.41,383.01,381.6,0,On Time,Online,Future
547,2024-11-18,892,93,6,1,119.71,18.32,119.71,101.39,2,Late,Online,Current
548,2025-11-27,464,70,3,1,117.81,4.21,117.81,113.6,0,On Time,In-Store,Current
549,2024-07-31,525,29,6,4,130.05,6.7,520.2,513.5,1,Late,Online,Future
550,2024-09-26,775,110,3,1,159.94,2.05,159.94,157.89,4,Late,Wholesale,Current
551,2024-01-11,378,29,5,1,130.05,12.84,130.05,117.21,0,On Time,Wholesale,Future
552,2025-01-25,474,42,6,2,65.4,3.42,130.8,127.38,0,On Time,Online,Future
553,2024-01-09,149,59,1,2,99.02,14.82,198.04,183.22,0,On Time,Online,Current
554,2025-08-07,388,93,1,4,119.71,19.18,478.84,459.66,6,Late,Click & Collect,Current
555,2024-09-21,399,81,3,4,110.75,0.85,443.0,442.15,0,On Time,Wholesale,Current
556,2025-10-08,734,37,5,3,141.5,13.68,424.5,410.82,2,Late,Wholesale,Future
557,2025-10-26,520,36,3,2,162.38,3.62,324.76,321.14,1,Late,Online,Current
558,2025-01-06,586,31,4,4,64.76,0.77,259.04,258.27,0,On Time,Click & Collect,Future
559,2024-10-11,714,101,6,2,123.75,28.54,247.5,218.96,0,On Time,Online,Future
560,2025-03-03,930,48,1,4,94.16,14.79,376.64,361.85,0,On Time,Wholesale,Future
561,2024-12-27,762,7,6,2,172.34,27.89,344.68,316.79,0,On Time,Online,Current
562,2024-12-09,140,85,6,4,142.01,3.27,568.04,564.77,0,On Time,Online,Future
563,2024-05-29,342,40,6,1,35.44,27.59,35.44,7.85,0,On Time,Online,Future
564,2025-03-27,707,1,2,2,125.71,34.76,251.42,216.66,0,On Time,Online,Current
565,2024-03-17,601,82,6,3,135.39,13.85,406.17,392.32,0,On Time,In-Store,Future
566,2025-11-27,366,63,4,3,50.08,6.46,150.24,143.78,0,On Time,In-Store,Future
567,2025-01-22,254,83,6,1,73.64,30.25,73.64,43.39,0,On Time,Online,Future
568,2024-11-04,529,117,3,2,131.87,13.94,263.74,249.8,1,Late,Online,Future
569,2024-07-08,368,90,6,3,82.64,0.93,247.92,246.99,7,Late,Online,Current
570,2024-03-19,841,72,4,4,141.82,15.27,567.28,552.01,0,On Time,Online,Future
571,2025-09-16,761,12,6,1,177.18,18.58,177.18,158.6,0,On Time,Online,Current
572,2025-01-12,166,16,2,2,103.76,21.92,207.52,185.6,0,On Time,Click & Collect,Future
573,2024-06-27,697,14,4,3,85.15,5.47,255.45,249.98,0,On Time,Click & Collect,Future
574,2024-05-09,72,114,3,2,83.67,9.71,167.34,157.63,0,On Time,Online,Future
575,2025-07-24,22,45,5,3,29.58,29.84,88.74,58.9,0,On Time,Online,Current
576,2024-09-11,19,77,5,3,132.93,33.47,398.79,365.32,0,On Time,Click & Collect,Future
577,2024-07-04,304,9,1,4,102.79,20.64,411.16,390.52,0,On Time,Online,Future
578,2025-12-29,391,54,6,2,110.37,12.47,220.74,208.27,0,On Time,Online,Future
579,2024-07-16,727,87,1,3,80.57,15.7,241.71,226.01,3,Late,Online,Current
580,2024-04-15,980,52,6,3,18.05,26.62,54.15,27.53,0,On Time,Online,Future
581,2025-04-07,5,26,1,3,117.76,27.42,353.28,325.86,0,On Time,Online,Current
582,2025-08-26,32,1,1,2,125.71,20.57,251.42,230.85,0,On Time,In-Store,Current
583,2025-09-07,318,109,4,4,65.96,25.47,263.84,238.37,0,On Time,Online,Future
584,2024-11-02,142,105,5,2,45.95,6.29,91.9,85.61,0,On Time,In-Store,Future
585,2025-02-06,457,65,6,4,71.32,22.27,285.28,263.01,0,On Time,Online,Future
586,2024-08-15,685,57,2,4,144.33,33.49,577.32,543.83,0,On Time,Click & Collect,Future
587,2024-08-24,848,54,6,2,110.37,3.54,220.74,217.2,0,On Time,Click & Collect,Future
588,2024-03-31,955,97,1,4,54.01,15.53,216.04,200.51,0,On Time,Online,Future
589,2024-12-17,521,22,6,3,118.48,13.72,355.44,341.72,0,On Time,Online,Future
590,2024-07-17,378,13,1,1,109.25,3.2,109.25,106.05,0,On Time,Click & Collect,Current
591,2025-10-29,756,61,1,4,82.33,32.94,329.32,296.38,0,On Time,Click & Collect,Current
592,2024-08-20,95,21,1,1,44.65,11.06,44.65,33.59,0,On Time,In-Store,Current
593,2024-06-21,406,118,1,3,167.17,27.54,501.51,473.97,0,On Time,Click & Collect,Current
594,2024-02-22,381,85,6,3,142.01,24.08,426.03,401.95,0,On Time,Online,Future
595,2024-03-11,469,99,4,1,170.64,5.7,170.64,164.94,0,On Time,Click & Collect,Future
596,2025-11-29,149,26,4,4,117.76,15.54,471.04,455.5,0,On Time,Click & Collect,Future
597,2024-06-13,431,15,1,1,76.6,14.23,76.6,62.37,0,On Time,Online,Future
598,2024-07-23,88,68,6,1,76.01,20.5,76.01,55.51,0,On Time,Online,Current
599,2025-01-04,428,36,4,4,162.38,28.09,649.52,621.43,0,On Time,Click & Collect,Future
600,2024-11-19,527,109,3,1,65.96,14.46,65.96,51.5,2,Late,Wholesale,Future
601,2024-12-11,120,27,2,1,148.3,5.97,148.3,142.33,1,Late,Wholesale,Current
602,2025-07-25,732,7,1,4,172.34,31.5,689.36,657.86,0,On Time,Online,Future
603,2025-09-26,299,94,2,2,56.02,9.82,112.04,102.22,0,On Time,Online,Current
604,2024-06-02,612,69,2,4,82.06,9.45,328.24,318.79,0,On Time,Click & Collect,Current
605,2025-06-02,687,17,4,3,141.85,27.16,425.55,398.39,0,On Time,Click & Collect,Current
606,2024-08-07,521,3,6,1,182.39,25.91,182.39,156.48,1,Late,Online,Current
607,2025-08-23,217,3,1,1,182.39,25.0,182.39,157.39,4,Late,In-Store,Current
608,2024-03-10,949,105,4,2,45.95,30.71,91.9,61.19,0,On Time,In-Store,Current
609,2025-09-05,271,19,2,4,118.63,34.34,474.52,440.18,0,On Time,Online,Future
610,2025-02-25,96,1,6,3,125.71,29.69,377.13,347.44,0,On Time,Online,Future
611,2024-05-27,417,26,2,3,117.76,16.35,353.28,336.93,0,On Time,In-Store,Current
612,2025-04-26,763,110,6,3,159.94,16.0,479.82,463.82,2,Late,Online,Current
613,2025-08-13,816,101,5,1,123.75,18.77,123.75,104.98,0,On Time,Wholesale,Current
614,2024-03-15,793,12,6,2,177.18,7.97,354.36,346.39,0,On Time,Online,Current
615,2024-10-21,902,116,2,4,159.24,33.37,636.96,603.59,0,On Time,In-Store,Current
616,2025-02-11,210,116,6,3,159.24,24.75,477.72,452.97,0,On Time,In-Store,Current
617,2025-04-25,976,26,1,4,117.76,19.11,471.04,451.93,0,On Time,Online,Future
618,2024-01-10,907,28,1,3,154.21,5.03,462.63,457.6,3,Late,Wholesale,Current
619,2024-07-19,353,54,6,2,110.37,3.04,220.74,217.7,0,On Time,Online,Future
620,2024-04-11,579,97,2,3,54.01,10.26,162.03,151.77,0,On Time,Click & Collect,Current
621,2024-12-26,102,84,3,1,108.1,32.48,108.1,75.62,0,On Time,Online,Current
622,2025-09-20,424,108,4,3,50.05,30.22,150.15,119.93,0,On Time,Online,Current
623,2024-10-29,44,60,6,3,148.3,31.12,444.9,413.78,0,On Time,Online,Future
624,2025-02-19,737,112,4,1,167.65,23.9,167.65,143.75,0,On Time,Online,Future
625,2024-07-21,603,12,6,4,177.18,12.46,708.72,696.26,0,On Time,Online,Future
626,2024-04-12,889,72,4,4,141.82,9.86,567.28,557.42,0,On Time,Online,Future
627,2024-07-29,573,85,2,3,142.01,14.66,426.03,411.37,0,On Time,In-Store,Current
628,2024-08-23,960,52,6,1,18.05,3.54,18.05,14.51,0,On Time,Online,Current
629,2024-03-25,304,28,6,4,154.21,13.48,616.84,603.36,0,On Time,In-Store,Current
630,2024-07-27,677,21,6,4,44.65,5.75,178.6,172.85,0,On Time,Online,Future
631,2025-01-29,524,9,1,1,102.79,29.63,102.79,73.16,0,On Time,Wholesale,Current
632,2024-03-24,874,53,3,1,103.59,8.07,103.59,95.52,7,Late,Wholesale,Current
633,2024-12-15,618,26,1,1,117.76,19.83,117.76,97.93,0,On Time,Online,Future
634,2025-04-24,180,99,6,1,170.64,17.82,170.64,152.82,0,On Time,Wholesale,Future
635,2025-01-08,232,66,4,2,105.25,4.43,210.5,206.07,4,Late,Click & Collect,Current
636,2024-11-08,937,50,5,4,97.72,29.45,390.88,361.43,0,On Time,Online,Current
637,2025-11-03,289,80,2,4,119.07,3.05,476.28,473.23,0,On Time,Online,Current
638,2025-02-17,70,117,6,4,131.87,11.98,527.48,515.5,0,On Time,Online,Current
639,2025-05-04,481,87,6,3,80.57,13.49,241.71,228.22,0,On Time,Online,Current
640,2025-12-30,845,76,6,2,128.17,33.02,256.34,223.32,0,On Time,Online,Current
641,2025-11-24,537,117,1,4,131.87,10.46,527.48,517.02,0,On Time,Online,Current
642,2024-02-28,778,18,2,2,53.11,23.0,106.22,83.22,0,On Time,Online,Current
643,2024-03-17,119,13,1,1,109.25,32.21,109.25,77.04,0,On Time,Wholesale,Future
644,2025-12-07,886,92,1,2,46.38,17.7,92.76,75.06,6,Late,Online,Current
645,2024-08-29,511,14,6,4,85.15,22.72,340.6,317.88,0,On Time,Online,Future
646,2024-08-20,653,5,6,3,140.44,3.32,421.32,418.0,7,Late,Online,Current
647,2025-07-18,390,106,6,3,28.51,28.37,85.53,57.16,0,On Time,Online,Future
648,2025-12-01,231,4,1,4,143.64,13.84,574.56,560.72,2,Late,Wholesale,Future
649,2024-05-21,898,105,1,1,45.95,2.63,45.95,43.32,0,On Time,Online,Current
650,2024-08-30,140,84,3,4,108.1,21.94,432.4,410.46,0,On Time,Online,Future
651,2024-04-11,95,50,6,2,97.72,28.18,195.44,167.26,0,On Time,Online,Current
652,2024-10-21,293,96,5,1,44.65,19.98,44.65,24.67,3,Late,Click & Collect,Current
653,2024-04-23,491,38,6,2,97.97,5.75,195.94,190.19,0,On Time,Online,Future
654,2025-03-07,40,103,1,3,113.76,7.21,341.28,334.07,0,On Time,Wholesale,Current
655,2025-12-10,343,97,2,3,54.01,33.75,162.03,128.28,6,Late,Wholesale,Current
656,2024-08-14,861,51,6,4,110.62,19.49,442.48,422.99,0,On Time,Wholesale,Current
657,2025-08-13,855,7,6,2,172.34,22.57,344.68,322.11,0,On Time,Click & Collect,Current
658,2024-08-13,137,95,6,1,168.8,19.49,168.8,149.31,0,On Time,Online,Future
659,2025-03-15,926,22,1,1,118.48,23.74,118.48,94.74,0,On Time,Online,Future
660,2025-08-18,201,105,6,1,45.95,22.53,45.95,23.42,0,On Time,Online,Current
661,2025-09-10,684,74,5,4,120.32,13.07,481.28,468.21,0,On Time,Online,Future
662,2025-09-17,924,17,4,1,141.85,7.13,141.85,134.72,0,On Time,Online,Future
663,2025-12-10,460,85,6,4,142.01,32.62,568.04,535.42,0,On Time,Online,Current
664,2025-12-05,727,79,6,1,174.91,14.08,174.91,160.83,0,On Time,Online,Future
665,2024-10-06,454,78,4,3,57.86,1.83,173.58,171.75,0,On Time,Online,Future
666,2024-01-22,68,94,1,3,56.02,23.94,168.06,144.12,7,Late,Click & Collect,Current
667,2024-04-10,711,91,3,4,85.5,28.28,342.0,313.72,5,Late,Online,Current
668,2024-12-18,464,26,3,1,117.76,0.76,117.76,117.0,0,On Time,Wholesale,Current
669,2024-03-07,944,12,2,4,177.18,4.84,708.72,703.88,2,Late,Online,Current
670,2025-12-16,138,54,3,2,110.37,15.13,220.74,205.61,0,On Time,Online,Current
671,2024-04-20,574,114,6,3,83.67,33.27,251.01,217.74,7,Late,Click & Collect,Current
672,2024-05-25,838,39,6,3,128.17,13.75,384.51,370.76,0,On Time,Online,Current
673,2024-09-06,427,108,1,1,50.05,30.02,50.05,20.03,5,Late,Wholesale,Current
674,2025-06-12,855,24,6,3,152.6,1.58,457.8,456.22,0,On Time,Online,Current
675,2025-10-29,444,114,6,1,83.67,4.84,83.67,78.83,0,On Time,Online,Future
676,2024-05-18,623,24,3,2,152.6,3.57,305.2,301.63,0,On Time,Online,Current
677,2025-11-06,351,60,6,2,148.3,13.24,296.6,283.36,0,On Time,Online,Current
678,2025-10-10,633,23,1,2,87.41,32.57,174.82,142.25,5,Late,Click & Collect,Current
679,2024-10-15,816,50,4,3,97.72,8.36,293.16,284.8,0,On Time,Wholesale,Future
680,2025-07-25,679,19,6,3,118.63,31.12,355.89,324.77,0,On Time,Online,Current
681,2024-04-25,68,38,6,3,97.97,24.12,293.91,269.79,1,Late,Online,Future
682,2024-09-15,242,46,2,2,117.41,20.54,234.82,214.28,0,On Time,Online,Future
683,2024-01-26,102,18,6,2,53.11,33.66,106.22,72.56,0,On Time,Online,Future
684,2025-07-19,236,62,3,1,180.58,29.19,180.58,151.39,0,On Time,Online,Current
685,2024-10-16,124,97,6,1,54.01,32.64,54.01,21.37,0,On Time,Online,Future
686,2024-05-15,379,70,6,4,117.81,7.66,471.24,463.58,1,Late,Online,Current
687,2024-09-22,491,109,2,3,65.96,15.35,197.88,182.53,0,On Time,Online,Current
688,2025-01-13,515,3,5,3,182.39,27.93,547.17,519.24,0,On Time,In-Store,Future
689,2024-03-22,627,105,1,1,45.95,23.52,45.95,22.43,0,On Time,Click & Collect,Current
690,2025-11-24,638,77,6,4,132.93,0.55,531.72,531.17,1,Late,Online,Current
691,2024-01-16,143,12,5,4,177.18,23.75,708.72,684.97,0,On Time,Click & Collect,Current
692,2024-10-02,382,120,4,3,47.37,14.15,142.11,127.96,0,On Time,In-Store,Current
693,2024-01-19,947,76,2,2,128.17,32.97,256.34,223.37,0,On Time,Online,Future
694,2024-03-05,702,102,5,3,68.71,8.64,206.13,197.49,0,On Time,Wholesale,Current
695,2024-04-04,11,33,2,4,219.29,31.48,877.16,845.68,0,On Time,In-Store,Current
696,2025-03-20,938,91,6,3,85.5,26.51,256.5,229.99,0,On Time,Online,Future
697,2025-10-29,342,6,6,3,127.67,24.15,383.01,358.86,0,On Time,Online,Future
698,2024-02-10,789,28,4,2,154.21,15.68,308.42,292.74,0,On Time,Online,Future
699,2024-08-10,542,104,3,3,154.04,8.7,462.12,453.42,0,On Time,Online,Current
700,2025-01-23,15,38,1,1,97.97,9.19,97.97,88.78,0,On Time,Click & Collect,Current
701,2024-05-12,325,79,1,1,174.91,1.57,174.91,173.34,0,On Time,Wholesale,Current
702,2025-01-29,869,50,2,1,97.72,26.54,97.72,71.18,0,On Time,In-Store,Current
703,2025-01-20,357,100,6,4,91.89,2.79,367.56,364.77,0,On Time,Online,Future
704,2025-05-12,740,48,6,2,94.16,21.33,188.32,166.99,0,On Time,Online,Future
705,2024-01-15,69,46,4,1,117.41,19.78,117.41,97.63,0,On Time,In-Store,Future
706,2024-08-13,584,67,6,4,214.61,27.69,858.44,830.75,0,On Time,Online,Future
707,2025-01-14,293,96,6,2,44.65,5.77,89.3,83.53,0,On Time,Online,Current
708,2024-09-15,8,1,3,4,125.71,21.08,502.84,481.76,1,Late,In-Store,Current
709,2024-11-26,219,52,2,2,18.05,17.46,36.1,18.64,0,On Time,Wholesale,Future
710,2025-03-04,417,70,6,2,117.81,28.34,235.62,207.28,0,On Time,Online,Current
711,2025-10-25,70,57,3,1,144.33,22.14,144.33,122.19,0,On Time,Online,Current
712,2024-04-15,171,56,5,1,166.72,16.52,166.72,150.2,0,On Time,Click & Collect,Current
713,2024-08-29,616,1,3,2,125.71,29.97,251.42,221.45,0,On Time,Online,Future
714,2025-12-04,776,90,1,2,82.64,17.96,165.28,147.32,0,On Time,Online,Future
715,2024-02-25,60,27,1,1,148.3,14.67,148.3,133.63,0,On Time,Click & Collect,Future
716,2024-01-05,879,66,6,4,105.25,15.51,421.0,405.49,0,On Time,Online,Current
717,2025-09-06,868,8,4,4,62.57,24.34,250.28,225.94,5,Late,Online,Current
718,2024-11-13,493,27,6,3,148.3,18.72,444.9,426.18,3,Late,Online,Current
719,2024-04-22,249,85,6,3,142.01,3.3,426.03,422.73,0,On Time,In-Store,Current
720,2025-02-19,771,113,1,3,120.7,0.79,362.1,361.31,0,On Time,Wholesale,Future
721,2024-07-20,309,31,1,2,64.76,3.36,129.52,126.16,0,On Time,Wholesale,Current
722,2025-03-10,3,89,6,1,144.37,3.86,144.37,140.51,5,Late,Online,Current
723,2024-02-16,269,102,6,4,68.71,19.22,274.84,255.62,0,On Time,Online,Future
724,2025-07-28,722,60,2,4,148.3,19.55,593.2,573.65,0,On Time,Wholesale,Future
725,2025-06-05,764,57,6,4,144.33,10.37,577.32,566.95,0,On Time,In-Store,Future
726,2025-08-25,852,112,1,2,167.65,25.0,335.3,310.3,0,On Time,Online,Current
727,2025-01-11,150,105,5,2,45.95,11.31,91.9,80.59,6,Late,Wholesale,Current
728,2025-07-12,289,60,1,2,148.3,13.31,296.6,283.29,0,On Time,Wholesale,Current
729,2025-08-10,30,90,1,1,82.64,15.63,82.64,67.01,1,Late,In-Store,Current
730,2024-05-29,446,69,4,3,82.06,11.09,246.18,235.09,0,On Time,Wholesale,Future
731,2024-06-12,338,102,5,1,68.71,34.26,68.71,34.45,0,On Time,Online,Current
732,2024-05-22,367,67,2,2,214.61,0.27,429.22,428.95,7,Late,Online,Current
733,2025-12-18,581,116,1,4,159.24,22.32,636.96,614.64,0,On Time,Online,Current
734,2024-07-11,680,69,5,2,82.06,14.97,164.12,149.15,0,On Time,In-Store,Current
735,2024-03-22,519,54,5,4,110.37,19.09,441.48,422.39,0,On Time,Wholesale,Current
736,2025-02-09,82,102,5,4,68.71,19.06,274.84,255.78,0,On Time,Online,Current
737,2025-12-16,446,61,2,2,82.33,22.48,164.66,142.18,0,On Time,Wholesale,Future
738,2024-11-07,556,44,6,2,107.15,2.62,214.3,211.68,0,On Time,Online,Current
739,2024-08-11,371,57,6,2,144.33,5.45,288.66,283.21,1,Late,Online,Current
740,2025-12-19,375,9,1,3,102.79,2.42,308.37,305.95,0,On Time,Online,Future
741,2024-06-05,844,82,1,1,135.39,5.1,135.39,130.29,0,On Time,Wholesale,Future
742,2024-11-09,426,65,6,2,71.32,32.64,142.64,110.0,0,On Time,Online,Future
743,2024-12-21,862,5,6,4,140.44,2.53,561.76,559.23,0,On Time,Online,Current
744,2025-08-26,523,90,6,4,82.64,17.14,330.56,313.42,0,On Time,In-Store,Current
745,2024-06-14,739,95,6,2,168.8,25.13,337.6,312.47,0,On Time,Online,Current
746,2025-03-05,572,80,5,1,119.07,0.5,119.07,118.57,6,Late,Wholesale,Current
747,2024-01-16,368,68,3,4,76.01,23.09,304.04,280.95,0,On Time,Wholesale,Current
748,2024-08-23,619,109,1,2,65.96,17.42,131.92,114.5,0,On Time,Online,Future
749,2024-06-25,900,68,6,2,76.01,17.16,152.02,134.86,2,Late,Online,Current
750,2024-04-21,193,39,6,4,128.17,14.15,512.68,498.53,0,On Time,Online,Current
751,2024-06-10,606,62,2,2,180.58,25.28,361.16,335.88,0,On Time,Online,Future
752,2025-12-29,337,13,3,4,109.25,11.56,437.0,425.44,0,On Time,In-Store,Current
753,2025-06-04,599,104,1,1,154.04,24.09,154.04,129.95,0,On Time,Click & Collect,Current
754,2024-07-14,296,3,6,4,182.39,0.76,729.56,728.8,0,On Time,Online,Current
755,2024-12-22,775,23,3,1,87.41,14.57,87.41,72.84,0,On Time,In-Store,Current
756,2024-02-05,280,23,4,4,87.41,8.73,349.64,340.91,0,On Time,Wholesale,Current
757,2025-01-05,842,53,2,2,103.59,32.57,207.18,174.61,0,On Time,Wholesale,Current
758,2025-02-01,828,88,2,2,41.48,1.97,82.96,80.99,0,On Time,Click & Collect,Future
759,2024-04-19,687,70,6,2,117.81,14.85,235.62,220.77,0,On Time,Online,Current
760,2025-03-26,910,71,4,3,135.62,17.79,406.86,389.07,0,On Time,Wholesale,Current
761,2024-12-17,602,3,4,2,182.39,14.44,364.78,350.34,0,On Time,In-Store,Future
762,2024-01-02,676,14,6,2,85.15,14.94,170.3,155.36,4,Late,Online,Current
763,2025-05-23,923,104,2,3,154.04,7.53,462.12,454.59,0,On Time,Click & Collect,Current
764,2024-02-06,530,80,1,1,119.07,30.28,119.07,88.79,0,On Time,Online,Current
765,2024-12-16,307,102,3,2,68.71,16.82,137.42,120.6,0,On Time,In-Store,Current
766,2025-10-30,622,25,6,1,27.12,18.15,27.12,8.97,0,On Time,Online,Current
767,2025-03-08,75,88,5,2,41.48,6.52,82.96,76.44,0,On Time,Online,Current
768,2024-02-14,255,64,6,2,106.6,25.43,213.2,187.77,0,On Time,Online,Future
769,2024-05-08,298,72,3,4,141.82,29.82,567.28,537.46,7,Late,Online,Current
770,2025-11-30,196,77,6,2,132.93,3.73,265.86,262.13,3,Late,Online,Current
771,2025-10-14,887,74,1,1,120.32,6.91,120.32,113.41,1,Late,Wholesale,Future
772,2024-02-10,935,41,6,4,110.65,22.19,442.6,420.41,0,On Time,Online,Future
773,2024-01-20,210,113,3,1,120.7,6.48,120.7,114.22,7,Late,Online,Current
774,2025-06-20,916,117,3,4,131.87,12.78,527.48,514.7,0,On Time,Online,Current
775,2025-07-06,649,50,6,3,97.72,1.16,293.16,292.0,0,On Time,Online,Future
776,2024-11-16,761,66,1,1,105.25,17.99,105.25,87.26,0,On Time,Online,Future
777,2025-06-22,217,36,2,1,162.38,7.0,162.38,155.38,0,On Time,Wholesale,Current
778,2025-02-22,142,99,6,4,170.64,0.55,682.56,682.01,0,On Time,Online,Current
779,2024-09-09,90,27,2,1,148.3,24.39,148.3,123.91,0,On Time,Online,Current
780,2025-04-05,116,79,6,2,174.91,16.64,349.82,333.18,0,On Time,Online,Current
781,2025-09-06,284,44,3,1,107.15,23.14,107.15,84.01,0,On Time,Wholesale,Future
782,2025-07-07,86,22,1,2,118.48,5.43,236.96,231.53,0,On Time,Online,Current
783,2025-08-23,81,51,6,2,110.62,24.86,221.24,196.38,5,Late,Online,Current
784,2025-11-06,652,115,1,4,131.17,22.61,524.68,502.07,0,On Time,In-Store,Current
785,2024-06-30,966,79,4,2,174.91,16.92,349.82,332.9,0,On Time,Online,Current
786,2024-12-19,37,33,5,2,219.29,28.21,438.58,410.37,0,On Time,Online,Current
787,2025-05-11,288,103,6,4,113.76,7.18,455.04,447.86,0,On Time,Online,Current
788,2025-07-31,158,77,4,4,132.93,13.03,531.72,518.69,0,On Time,Online,Current
789,2024-06-10,474,102,3,1,68.71,7.6,68.71,61.11,0,On Time,In-Store,Current
790,2025-02-27,284,63,5,4,50.08,25.1,200.32,175.22,3,Late,Wholesale,Current
791,2025-09-28,9,16,6,2,103.76,29.08,207.52,178.44,0,On Time,Online,Future
792,2025-02-09,372,76,5,1,128.17,12.02,128.17,116.15,6,Late,In-Store,Current
793,2025-06-16,698,56,1,4,166.72,3.39,666.88,663.49,0,On Time,Online,Current
794,2025-10-15,981,108,2,3,50.05,31.77,150.15,118.38,0,On Time,Wholesale,Future
795,2024-11-06,560,57,5,3,144.33,20.26,432.99,412.73,1,Late,Wholesale,Current
796,2025-06-17,463,33,1,4,219.29,31.44,877.16,845.72,0,On Time,In-Store,Future
797,2025-06-07,800,45,1,4,29.58,26.22,118.32,92.1,0,On Time,Click & Collect,Future
798,2024-09-09,796,13,2,3,109.25,14.96,327.75,312.79,0,On Time,Online,Current
799,2024-11-26,587,111,6,2,139.05,8.8,278.1,269.3,0,On Time,Online,Current
800,2024-11-29,66,23,6,1,87.41,27.53,87.41,59.88,0,On Time,Online,Future
801,2024-05-31,714,28,6,2,154.21,26.24,308.42,282.18,0,On Time,Online,Current
802,2024-07-11,757,15,1,1,76.6,29.5,76.6,47.1,0,On Time,Wholesale,Future
803,2024-11-27,913,87,1,4,80.57,21.12,322.28,301.16,0,On Time,Wholesale,Current
804,2025-07-18,121,35,3,2,41.4,23.64,82.8,59.16,0,On Time,Online,Future
805,2025-05-30,953,42,4,2,65.4,4.36,130.8,126.44,0,On Time,Click & Collect,Current
806,2024-12-07,14,61,2,3,82.33,25.99,246.99,221.0,0,On Time,Click & Collect,Future
807,2025-07-25,569,31,2,2,64.76,22.54,129.52,106.98,0,On Time,Click & Collect,Future
808,2025-05-26,38,81,6,3,110.75,21.86,332.25,310.39,0,On Time,Online,Future
809,2025-10-04,887,94,5,3,56.02,1.0,168.06,167.06,0,On Time,Online,Current
810,2025-07-26,753,16,6,3,103.76,7.08,311.28,304.2,0,On Time,In-Store,Future
811,2024-12-08,749,109,6,3,65.96,31.28,197.88,166.6,0,On Time,Online,Future
812,2024-01-05,302,81,1,3,110.75,10.49,332.25,321.76,3,Late,Online,Current
813,2024-02-16,276,39,6,4,128.17,30.97,512.68,481.71,5,Late,Wholesale,Current
814,2025-02-20,658,109,2,2,65.96,18.44,131.92,113.48,0,On Time,Online,Current
815,2024-09-09,269,50,2,3,97.72,15.85,293.16,277.31,0,On Time,Online,Current
816,2025-04-03,755,47,6,2,146.36,22.25,292.72,270.47,0,On Time,In-Store,Future
817,2025-02-03,828,27,5,3,148.3,34.25,444.9,410.65,0,On Time,Click & Collect,Current
818,2025-09-20,883,95,1,2,168.8,0.59,337.6,337.01,0,On Time,Online,Future
819,2025-04-23,97,40,2,4,35.44,13.02,141.76,128.74,4,Late,Wholesale,Current
820,2024-04-12,909,113,2,1,120.7,18.63,120.7,102.07,0,On Time,Wholesale,Current
821,2025-02-09,802,54,4,3,110.37,9.14,331.11,321.97,0,On Time,Wholesale,Current
822,2025-10-02,807,45,1,3,29.58,0.85,88.74,87.89,0,On Time,Wholesale,Current
823,2025-09-20,982,70,6,4,117.81,0.72,471.24,470.52,0,On Time,Online,Future
824,2025-06-04,583,111,6,2,139.05,0.54,278.1,277.56,0,On Time,Online,Future
825,2025-11-17,856,41,4,1,110.65,1.38,110.65,109.27,0,On Time,In-Store,Current
826,2024-08-19,909,31,5,2,64.76,10.08,129.52,119.44,2,Late,Wholesale,Future
827,2025-12-06,783,32,6,1,183.92,29.58,183.92,154.34,0,On Time,Online,Future
828,2025-05-23,547,52,4,4,18.05,14.6,72.2,57.6,0,On Time,Online,Current
829,2024-10-14,379,99,5,3,170.64,28.98,511.92,482.94,0,On Time,Wholesale,Future
830,2024-05-07,768,52,3,2,18.05,17.44,36.1,18.66,0,On Time,Online,Current
831,2025-10-15,587,77,2,3,132.93,30.11,398.79,368.68,2,Late,Online,Current
832,2025-03-15,964,66,6,4,105.25,8.77,421.0,412.23,0,On Time,Online,Future
833,2024-05-19,65,36,1,1,162.38,4.77,162.38,157.61,0,On Time,Online,Current
834,2025-11-09,535,116,2,3,159.24,26.03,477.72,451.69,3,Late,Wholesale,Current
835,2024-10-07,169,43,1,4,129.42,29.79,517.68,487.89,0,On Time,Online,Current
836,2024-07-14,263,103,6,4,113.76,34.16,455.04,420.88,0,On Time,Online,Future
837,2024-01-06,535,62,6,1,180.58,5.82,180.58,174.76,0,On Time,Online,Current
838,2024-07-13,946,120,6,1,47.37,19.1,47.37,28.27,0,On Time,Wholesale,Current
839,2025-08-07,902,20,4,1,93.73,20.62,93.73,73.11,0,On Time,In-Store,Current
840,2024-10-11,618,83,3,4,73.64,29.1,294.56,265.46,0,On Time,Online,Future
841,2024-12-02,933,107,2,2,49.65,17.85,99.3,81.45,0,On Time,Click & Collect,Current
842,2025-06-27,759,66,6,1,105.25,27.76,105.25,77.49,2,Late,Online,Current
843,2024-03-10,321,110,6,4,159.94,10.65,639.76,629.11,0,On Time,Online,Current
844,2025-05-27,987,99,6,2,170.64,10.86,341.28,330.42,0,On Time,Online,Future
845,2025-06-06,746,58,1,3,118.61,1.44,355.83,354.39,0,On Time,In-Store,Current
846,2024-06-24,409,92,5,2,46.38,13.12,92.76,79.64,0,On Time,Online,Future
847,2025-12-15,267,72,3,3,141.82,33.44,425.46,392.02,0,On Time,Online,Current
848,2025-02-07,401,77,5,2,132.93,16.94,265.86,248.92,0,On Time,Online,Future
849,2025-12-08,317,102,6,4,68.71,9.77,274.84,265.07,2,Late,In-Store,Current
850,2024-03-29,497,51,2,3,110.62,22.59,331.86,309.27,1,Late,Online,Future
851,2024-11-27,23,53,6,2,103.59,19.41,207.18,187.77,0,On Time,Online,Future
852,2024-06-29,346,49,2,4,134.92,1.0,539.68,538.68,2,Late,Online,Current
853,2024-07-08,286,79,5,2,174.91,24.92,349.82,324.9,0,On Time,Click & Collect,Future
854,2025-05-20,934,108,6,2,50.05,27.32,100.1,72.78,0,On Time,Online,Future
855,2024-03-12,287,57,6,2,144.33,30.57,288.66,258.09,2,Late,Online,Future
856,2024-01-11,102,65,6,4,71.32,16.46,285.28,268.82,0,On Time,Online,Current
857,2024-07-06,291,38,1,3,97.97,30.8,293.91,263.11,0,On Time,Online,Future
858,2024-04-16,636,78,3,1,57.86,12.12,57.86,45.74,0,On Time,Online,Future
859,2024-04-01,99,97,5,3,54.01,16.27,162.03,145.76,0,On Time,In-Store,Current
860,2025-10-11,745,4,6,1,143.64,29.93,143.64,113.71,0,On Time,Online,Current
861,2024-06-29,231,35,6,1,41.4,30.39,41.4,11.01,0,On Time,Online,Current
862,2024-10-14,792,21,5,4,44.65,29.66,178.6,148.94,0,On Time,In-Store,Current
863,2024-02-28,241,96,2,2,44.65,9.75,89.3,79.55,0,On Time,Wholesale,Current
864,2025-09-12,175,82,2,2,135.39,1.47,270.78,269.31,0,On Time,Online,Future
865,2025-09-30,540,109,1,4,65.96,32.83,263.84,231.01,0,On Time,Click & Collect,Current
866,2025-08-20,350,36,5,3,162.38,9.62,487.14,477.52,0,On Time,In-Store,Current
867,2025-08-02,68,38,3,3,97.97,29.35,293.91,264.56,0,On Time,In-Store,Current
868,2024-08-26,423,80,6,2,119.07,23.1,238.14,215.04,0,On Time,Online,Current
869,2024-06-23,862,39,6,3,128.17,29.85,384.51,354.66,0,On Time,Online,Current
870,2024-06-29,423,89,6,1,144.37,0.04,144.37,144.33,1,Late,Online,Future
871,2024-04-05,649,74,4,1,120.32,5.07,120.32,115.25,0,On Time,Online,Future
872,2025-01-25,111,14,1,4,85.15,31.9,340.6,308.7,0,On Time,In-Store,Current
873,2025-04-17,339,71,1,2,135.62,20.02,271.24,251.22,1,Late,Online,Current
874,2025-03-05,147,90,2,4,82.64,17.46,330.56,313.1,0,On Time,Online,Current
875,2024-04-26,904,29,3,1,130.05,1.73,130.05,128.32,0,On Time,In-Store,Future
876,2024-05-10,357,13,3,2,109.25,0.9,218.5,217.6,0,On Time,Online,Future
877,2024-12-10,446,79,4,2,174.91,20.65,349.82,329.17,0,On Time,In-Store,Future
878,2025-06-17,567,54,6,4,110.37,26.83,441.48,414.65,0,On Time,Online,Current
879,2024-08-21,847,56,2,1,166.72,19.46,166.72,147.26,0,On Time,Click & Collect,Future
880,2025-04-29,646,69,6,4,82.06,7.84,328.24,320.4,0,On Time,Online,Future
881,2025-07-25,603,75,1,2,112.15,26.75,224.3,197.55,0,On Time,In-Store,Future
882,2025-08-13,742,85,5,4,142.01,33.36,568.04,534.68,0,On Time,Click & Collect,Future
883,2024-05-04,203,105,1,1,45.95,20.72,45.95,25.23,0,On Time,Online,Current
884,2025-12-27,905,84,2,2,108.1,14.33,216.2,201.87,0,On Time,Online,Current
885,2024-05-30,423,55,3,4,80.85,16.38,323.4,307.02,0,On Time,Online,Current
886,2024-06-07,351,27,6,3,148.3,34.0,444.9,410.9,0,On Time,Online,Current
887,2025-09-02,896,86,1,1,102.94,18.37,102.94,84.57,0,On Time,Wholesale,Current
888,2024-03-17,312,66,3,3,105.25,10.39,315.75,305.36,0,On Time,Online,Current
889,2025-01-19,898,92,6,4,46.38,6.43,185.52,179.09,1,Late,Online,Future
890,2025-12-04,478,37,3,1,141.5,11.24,141.5,130.26,7,Late,Online,Current
891,2024-02-12,732,101,3,1,123.75,17.34,123.75,106.41,0,On Time,Online,Future
892,2025-02-14,333,2,1,4,200.36,6.78,801.44,794.66,1,Late,Online,Current
893,2024-03-16,823,98,3,3,192.94,30.49,578.82,548.33,0,On Time,In-Store,Current
894,2024-04-03,728,19,1,1,118.63,20.79,118.63,97.84,0,On Time,In-Store,Current
895,2024-09-04,724,64,6,2,106.6,10.18,213.2,203.02,0,On Time,Online,Current
896,2025-10-07,768,17,6,4,141.85,17.11,567.4,550.29,0,On Time,Online,Future
897,2025-01-07,420,69,6,1,82.06,15.54,82.06,66.52,0,On Time,Online,Current
898,2025-04-10,553,50,6,4,97.72,18.5,390.88,372.38,0,On Time,Online,Current
899,2024-10-09,357,50,6,3,97.72,28.94,293.16,264.22,4,Late,Online,Current
900,2025-03-20,378,52,5,4,18.05,15.61,72.2,56.59,0,On Time,Wholesale,Future
901,2024-12-16,248,78,4,1,57.86,14.79,57.86,43.07,0,On Time,Online,Current
902,2024-12-25,199,23,4,1,87.41,7.53,87.41,79.88,0,On Time,Click & Collect,Current
903,2024-11-03,59,92,6,3,46.38,33.27,139.14,105.87,0,On Time,Online,Current
904,2024-05-01,828,86,6,2,102.94,15.96,205.88,189.92,4,Late,Online,Current
905,2024-04-08,823,91,2,3,85.5,30.75,256.5,225.75,4,Late,In-Store,Current
906,2025-07-17,62,4,2,2,143.64,1.74,287.28,285.54,2,Late,In-Store,Future
907,2024-03-13,859,110,5,1,159.94,3.29,159.94,156.65,0,On Time,Online,Current
908,2025-07-13,975,50,6,2,97.72,9.98,195.44,185.46,0,On Time,Online,Future
909,2024-12-09,988,65,1,4,71.32,31.07,285.28,254.21,5,Late,Wholesale,Current
910,2025-03-14,857,33,6,1,219.29,21.14,219.29,198.15,0,On Time,Online,Future
911,2025-10-25,340,24,4,3,152.6,17.22,457.8,440.58,0,On Time,Click & Collect,Future
912,2024-04-15,149,8,1,4,62.57,20.29,250.28,229.99,1,Late,Online,Current
913,2024-08-15,798,42,5,2,65.4,25.36,130.8,105.44,0,On Time,Click & Collect,Current
914,2024-04-12,104,110,4,1,159.94,24.85,159.94,135.09,1,Late,Online,Current
915,2024-04-19,571,19,2,1,118.63,20.56,118.63,98.07,2,Late,In-Store,Future
916,2025-07-18,189,118,6,3,167.17,7.49,501.51,494.02,0,On Time,Online,Future
917,2025-10-03,459,44,2,3,107.15,10.92,321.45,310.53,0,On Time,Online,Future
918,2025-10-12,329,42,6,3,65.4,25.06,196.2,171.14,0,On Time,Online,Current
919,2024-12-05,615,40,1,1,35.44,6.87,35.44,28.57,0,On Time,In-Store,Current
920,2025-08-05,247,113,6,4,120.7,2.34,482.8,480.46,0,On Time,Online,Current
921,2025-05-13,506,115,3,2,131.17,18.88,262.34,243.46,0,On Time,In-Store,Current
922,2024-11-01,117,22,2,3,118.48,20.21,355.44,335.23,0,On Time,In-Store,Current
923,2025-01-26,592,106,4,2,28.51,14.28,57.02,42.74,0,On Time,Click & Collect,Current
924,2024-12-24,405,68,3,1,76.01,29.81,76.01,46.2,1,Late,Click & Collect,Future
925,2025-02-28,646,117,5,4,131.87,33.82,527.48,493.66,0,On Time,Online,Current
926,2024-11-18,916,72,6,2,141.82,18.29,283.64,265.35,0,On Time,Online,Future
927,2024-09-11,744,50,6,3,97.72,17.53,293.16,275.63,3,Late,Wholesale,Current
928,2024-10-18,278,75,1,2,112.15,4.71,224.3,219.59,0,On Time,Online,Current
929,2025-07-20,402,76,1,1,128.17,15.14,128.17,113.03,1,Late,Online,Future
930,2025-04-16,844,56,3,2,166.72,25.44,333.44,308.0,0,On Time,In-Store,Future
931,2024-09-16,499,85,2,1,142.01,19.03,142.01,122.98,1,Late,Online,Future
932,2025-03-21,737,52,3,4,18.05,17.98,72.2,54.22,4,Late,Online,Current
933,2024-03-28,748,61,1,2,82.33,29.21,164.66,135.45,0,On Time,Online,Future
934,2024-07-01,169,74,2,3,120.32,33.45,360.96,327.51,0,On Time,In-Store,Current
935,2025-06-26,117,116,4,4,159.24,14.41,636.96,622.55,0,On Time,In-Store,Current
936,2025-07-13,466,55,1,2,80.85,28.24,161.7,133.46,0,On Time,Online,Future
937,2024-08-04,514,82,1,4,135.39,21.32,541.56,520.24,0,On Time,Wholesale,Future
938,2025-09-04,97,31,1,1,64.76,14.51,64.76,50.25,2,Late,Online,Current
939,2025-11-05,519,100,6,4,91.89,20.46,367.56,347.1,0,On Time,Online,Current
940,2025-10-23,599,92,6,1,46.38,21.78,46.38,24.6,0,On Time,Online,Current
941,2025-07-19,958,2,6,3,200.36,31.71,601.08,569.37,4,Late,Online,Current
942,2024-08-19,970,84,1,3,108.1,33.1,324.3,291.2,0,On Time,Online,Future
943,2024-05-24,480,100,6,1,91.89,16.99,91.89,74.9,6,Late,Online,Current
944,2024-11-23,984,38,6,3,97.97,13.63,293.91,280.28,0,On Time,Online,Current
945,2024-05-12,649,120,6,4,47.37,16.03,189.48,173.45,0,On Time,Online,Future
946,2024-06-15,186,61,3,3,82.33,7.48,246.99,239.51,0,On Time,Online,Current
947,2024-11-20,736,70,6,1,117.81,6.12,117.81,111.69,0,On Time,Online,Future
948,2024-05-26,337,15,4,3,76.6,19.74,229.8,210.06,0,On Time,Wholesale,Future
949,2024-04-23,146,63,1,3,50.08,4.92,150.24,145.32,3,Late,Wholesale,Current
950,2025-09-22,541,58,6,3,118.61,16.32,355.83,339.51,4,Late,Click & Collect,Current
951,2024-12-26,341,13,6,3,109.25,23.3,327.75,304.45,0,On Time,Online,Future
952,2025-12-13,577,65,4,1,71.32,29.09,71.32,42.23,0,On Time,Online,Current
953,2025-04-15,468,26,6,4,117.76,9.36,471.04,461.68,0,On Time,Online,Current
954,2025-08-15,876,42,6,4,65.4,32.98,261.6,228.62,0,On Time,Wholesale,Current
955,2024-12-19,773,79,1,1,174.91,0.81,174.91,174.1,0,On Time,Online,Current
956,2024-07-09,145,74,4,1,120.32,32.8,120.32,87.52,0,On Time,Online,Future
957,2025-06-23,149,92,6,1,46.38,22.79,46.38,23.59,0,On Time,Online,Future
958,2024-10-11,782,91,5,1,85.5,31.91,85.5,53.59,2,Late,Wholesale,Current
959,2025-10-21,419,36,5,3,162.38,4.6,487.14,482.54,0,On Time,Online,Future
960,2024-11-25,924,56,6,4,166.72,16.46,666.88,650.42,0,On Time,Online,Current
961,2024-02-26,984,109,6,2,65.96,11.63,131.92,120.29,0,On Time,Online,Future
962,2025-11-15,825,69,6,2,82.06,2.52,164.12,161.6,0,On Time,Online,Future
963,2024-11-02,944,79,3,3,174.91,18.63,524.73,506.1,0,On Time,Online,Future
964,2024-11-12,428,33,1,1,219.29,14.82,219.29,204.47,0,On Time,Online,Future
965,2025-11-10,435,96,6,1,44.65,7.17,44.65,37.48,0,On Time,Online,Current
966,2024-07-03,259,117,6,2,131.87,17.79,263.74,245.95,3,Late,Online,Current
967,2024-05-10,864,6,3,1,127.67,10.85,127.67,116.82,0,On Time,Online,Future
968,2024-03-09,546,70,6,4,117.81,2.95,471.24,468.29,0,On Time,Online,Future
969,2025-12-08,787,22,6,4,118.48,21.33,473.92,452.59,0,On Time,Online,Current
970,2025-10-06,783,69,6,1,82.06,33.57,82.06,48.49,0,On Time,Online,Future
971,2025-08-14,51,96,4,2,44.65,18.69,89.3,70.61,0,On Time,Click & Collect,Future
972,2025-01-25,509,58,6,3,118.61,11.86,355.83,343.97,4,Late,Online,Current
973,2025-02-12,246,16,6,3,103.76,6.98,311.28,304.3,0,On Time,Online,Future
974,2025-10-24,634,8,2,4,62.57,23.35,250.28,226.93,0,On Time,Wholesale,Current
975,2025-09-29,757,48,1,4,94.16,4.49,376.64,372.15,0,On Time,Click & Collect,Future
976,2024-07-02,581,24,6,1,152.6,28.68,152.6,123.92,6,Late,Online,Current
977,2025-07-01,788,56,2,3,166.72,31.9,500.16,468.26,0,On Time,Online,Future
978,2025-04-13,382,53,6,1,103.59,15.13,103.59,88.46,0,On Time,Online,Current
979,2024-06-04,766,61,3,2,82.33,17.28,164.66,147.38,0,On Time,Click & Collect,Current
980,2025-11-19,449,19,1,3,118.63,15.41,355.89,340.48,0,On Time,Wholesale,Current
981,2024-05-15,640,45,2,3,29.58,16.15,88.74,72.59,2,Late,Online,Current
982,2025-08-30,629,62,6,3,180.58,23.39,541.74,518.35,3,Late,Online,Current
983,2024-03-26,383,46,6,3,117.41,34.41,352.23,317.82,7,Late,Online,Current
984,2025-04-04,881,89,3,1,144.37,13.99,144.37,130.38,0,On Time,Wholesale,Future
985,2025-05-13,613,55,2,4,80.85,31.32,323.4,292.08,0,On Time,Wholesale,Current
986,2025-12-21,247,39,1,2,128.17,26.71,256.34,229.63,0,On Time,In-Store,Future
987,2025-12-16,114,119,1,4,21.52,28.59,86.08,57.49,0,On Time,Online,Future
988,2025-09-21,50,96,1,4,44.65,7.78,178.6,170.82,2,Late,Wholesale,Current
989,2024-07-17,663,115,5,1,131.17,16.63,131.17,114.54,0,On Time,In-Store,Current
990,2025-04-28,868,105,6,2,45.95,7.49,91.9,84.41,0,On Time,Online,Current
991,2024-11-27,191,115,1,4,131.17,10.35,524.68,514.33,0,On Time,Wholesale,Current
992,2024-10-04,113,32,6,4,183.92,33.31,735.68,702.37,3,Late,Online,Current
993,2024-10-07,361,53,6,1,103.59,20.27,103.59,83.32,0,On Time,Online,Future
994,2024-03-02,803,115,4,3,131.17,26.81,393.51,366.7,0,On Time,In-Store,Future
995,2024-03-08,18,29,6,4,130.05,19.8,520.2,500.4,0,On Time,Online,Current
996,2025-10-03,212,16,3,4,103.76,17.85,415.04,397.19,0,On Time,Online,Future
997,2024-10-27,426,67,3,1,214.61,6.21,214.61,208.4,0,On Time,Wholesale,Current
998,2025-02-13,927,79,5,4,174.91,0.66,699.64,698.98,0,On Time,Online,Current
999,2025-01-10,387,94,1,2,56.02,15.01,112.04,97.03,0,On Time,In-Store,Future
1000,2025-05-25,976,38,3,4,97.97,8.89,391.88,382.99,2,Late,Online,Current
1001,2024-03-07,285,37,3,4,141.5,9.54,566.0,556.46,0,On Time,Online,Current
1002,2025-03-27,58,44,3,3,107.15,26.44,321.45,295.01,0,On Time,Click & Collect,Future
1003,2025-09-22,915,61,1,4,82.33,15.27,329.32,314.05,0,On Time,Click & Collect,Current
1004,2025-08-14,148,109,6,4,65.96,4.44,263.84,259.4,0,On Time,Online,Future
1005,2025-02-08,698,39,4,2,128.17,29.22,256.34,227.12,5,Late,Wholesale,Current
1006,2024-05-28,536,73,4,4,20.46,10.39,81.84,71.45,0,On Time,Online,Current
1007,2024-06-26,780,17,1,3,141.85,32.39,425.55,393.16,0,On Time,Click & Collect,Future
1008,2024-02-17,680,85,2,2,142.01,15.62,284.02,268.4,7,Late,Online,Current
1009,2024-04-01,978,68,3,2,76.01,6.75,152.02,145.27,5,Late,In-Store,Current
1010,2025-05-03,342,118,6,4,167.17,31.15,668.68,637.53,0,On Time,Online,Future
1011,2024-09-12,760,39,4,2,128.17,19.4,256.34,236.94,1,Late,Online,Current
1012,2024-04-29,232,50,1,4,97.72,9.71,390.88,381.17,0,On Time,Wholesale,Current
1013,2024-09-01,167,20,2,4,93.73,31.68,374.92,343.24,0,On Time,Click & Collect,Future
1014,2024-04-16,823,32,3,2,183.92,32.6,367.84,335.24,0,On Time,In-Store,Current
1015,2024-08-27,316,48,3,4,94.16,7.54,376.64,369.1,0,On Time,Online,Future
1016,2025-06-20,783,120,5,3,47.37,27.42,142.11,114.69,0,On Time,Wholesale,Future
1017,2025-10-10,475,110,1,4,159.94,5.79,639.76,633.97,0,On Time,Online,Current
1018,2025-07-06,112,84,4,1,108.1,24.13,108.1,83.97,0,On Time,Online,Current
1019,2024-07-12,497,76,6,2,128.17,9.48,256.34,246.86,0,On Time,Online,Current
1020,2024-08-04,673,15,3,2,76.6,12.43,153.2,140.77,0,On Time,Wholesale,Future
1021,2024-05-18,110,39,6,2,128.17,29.92,256.34,226.42,0,On Time,Online,Current
1022,2024-02-02,813,71,1,3,135.62,32.75,406.86,374.11,0,On Time,Online,Future
1023,2024-12-21,944,34,6,2,116.01,3.87,232.02,228.15,0,On Time,Online,Current
1024,2024-05-11,758,10,1,4,78.41,27.41,313.64,286.23,0,On Time,In-Store,Future
1025,2024-08-21,327,114,5,4,83.67,24.79,334.68,309.89,0,On Time,In-Store,Current
1026,2025-09-14,282,12,4,2,177.18,21.45,354.36,332.91,2,Late,Online,Future
1027,2025-02-22,178,55,6,2,80.85,26.64,161.7,135.06,0,On Time,Online,Future
1028,2024-10-24,863,72,2,1,141.82,14.49,141.82,127.33,0,On Time,Online,Current
1029,2025-07-25,85,43,2,3,129.42,20.79,388.26,367.47,0,On Time,Online,Current
1030,2024-08-31,413,71,6,4,135.62,27.35,542.48,515.13,0,On Time,Online,Future
1031,2025-01-30,163,118,6,2,167.17,0.82,334.34,333.52,0,On Time,Online,Future
1032,2025-05-04,821,52,3,1,18.05,27.46,18.05,-9.41,0,On Time,Click & Collect,Current
1033,2025-02-03,241,15,2,4,76.6,26.56,306.4,279.84,0,On Time,In-Store,Future
1034,2025-01-15,484,55,6,1,80.85,33.25,80.85,47.6,0,On Time,Online,Future
1035,2025-01-17,416,115,1,3,131.17,3.07,393.51,390.44,0,On Time,Online,Future
1036,2024-04-13,959,89,3,2,144.37,27.5,288.74,261.24,0,On Time,Online,Future
1037,2025-12-28,935,87,5,3,80.57,2.45,241.71,239.26,0,On Time,Online,Future
1038,2024-09-18,136,87,2,1,80.57,12.0,80.57,68.57,0,On Time,Wholesale,Current
1039,2025-09-15,557,120,6,1,47.37,29.98,47.37,17.39,0,On Time,Online,Future
1040,2025-10-24,103,32,6,3,183.92,25.46,551.76,526.3,0,On Time,Online,Future
1041,2025-09-05,79,89,1,3,144.37,8.82,433.11,424.29,0,On Time,Online,Current
1042,2025-08-24,233,68,3,1,76.01,33.26,76.01,42.75,0,On Time,Online,Future
1043,2025-12-27,563,31,6,1,64.76,7.55,64.76,57.21,0,On Time,Online,Current
1044,2025-11-07,185,51,1,2,110.62,11.78,221.24,209.46,0,On Time,Wholesale,Future
1045,2024-10-07,601,98,2,3,192.94,4.05,578.82,574.77,0,On Time,In-Store,Future
1046,2025-08-18,378,90,2,2,82.64,9.49,165.28,155.79,6,Late,Online,Current
1047,2024-08-05,664,103,4,2,113.76,9.79,227.52,217.73,0,On Time,Online,Future
1048,2025-07-07,862,87,3,3,80.57,4.11,241.71,237.6,0,On Time,Online,Future
1049,2025-07-07,508,71,1,3,135.62,23.14,406.86,383.72,0,On Time,Online,Current
1050,2024-12-28,162,23,2,2,87.41,29.97,174.82,144.85,0,On Time,In-Store,Current
1051,2024-05-30,964,77,3,3,132.93,4.71,398.79,394.08,0,On Time,Online,Current
1052,2024-06-11,795,61,6,4,82.33,19.93,329.32,309.39,0,On Time,Online,Current
1053,2024-04-12,469,1,1,2,125.71,17.38,251.42,234.04,0,On Time,Online,Future
1054,2025-02-20,923,4,2,4,143.64,22.55,574.56,552.01,1,Late,Online,Future
1055,2025-11-03,15,65,2,4,71.32,28.49,285.28,256.79,0,On Time,Wholesale,Future
1056,2025-04-26,961,103,1,4,113.76,1.28,455.04,453.76,0,On Time,In-Store,Current
1057,2025-11-26,279,65,6,3,71.32,31.84,213.96,182.12,0,On Time,Online,Current
1058,2024-05-18,155,43,2,3,129.42,15.66,388.26,372.6,0,On Time,In-Store,Current
1059,2024-11-20,904,107,1,3,49.65,33.76,148.95,115.19,0,On Time,Click & Collect,Current
1060,2025-01-21,525,5,1,1,140.44,30.03,140.44,110.41,0,On Time,Wholesale,Future
1061,2025-08-06,286,92,6,4,46.38,30.45,185.52,155.07,0,On Time,Online,Current
1062,2024-10-10,812,113,1,2,120.7,25.65,241.4,215.75,0,On Time,Online,Future
1063,2024-09-26,686,106,6,1,28.51,6.2,28.51,22.31,0,On Time,Online,Future
1064,2025-06-02,372,38,1,3,97.97,5.61,293.91,288.3,0,On Time,Wholesale,Future
1065,2024-06-13,761,103,6,4,113.76,8.42,455.04,446.62,0,On Time,Online,Future
1066,2024-11-25,87,48,2,4,94.16,15.06,376.64,361.58,0,On Time,Online,Current
1067,2025-03-27,58,37,1,4,141.5,32.76,566.0,533.24,7,Late,Online,Current
1068,2025-03-07,46,106,6,2,28.51,3.5,57.02,53.52,0,On Time,Online,Future
1069,2024-02-08,688,104,1,4,154.04,15.21,616.16,600.95,0,On Time,Wholesale,Current
1070,2024-02-22,288,84,1,2,108.1,11.0,216.2,205.2,7,Late,In-Store,Current
1071,2025-08-05,89,79,6,2,174.91,12.49,349.82,337.33,0,On Time,Online,Future
1072,2024-08-03,610,32,6,4,183.92,21.07,735.68,714.61,0,On Time,Online,Future
1073,2025-10-20,279,20,4,1,93.73,11.62,93.73,82.11,0,On Time,Online,Future
1074,2024-11-06,684,97,3,1,54.01,4.85,54.01,49.16,0,On Time,Online,Future
1075,2024-05-06,502,7,1,1,172.34,3.89,172.34,168.45,1,Late,Wholesale,Current
1076,2024-10-22,149,85,3,3,142.01,4.34,426.03,421.69,0,On Time,Wholesale,Future
1077,2024-08-13,637,68,6,2,76.01,24.22,152.02,127.8,5,Late,Online,Current
1078,2025-12-08,204,19,6,2,118.63,7.96,237.26,229.3,0,On Time,Online,Current
1079,2024-06-03,727,101,6,4,123.75,4.02,495.0,490.98,2,Late,Online,Future
1080,2025-06-07,938,102,2,1,68.71,6.19,68.71,62.52,0,On Time,In-Store,Future
1081,2025-07-02,269,56,6,2,166.72,24.14,333.44,309.3,7,Late,Online,Current
1082,2025-11-13,288,69,6,3,82.06,31.16,246.18,215.02,0,On Time,Online,Current
1083,2025-07-15,616,117,6,1,131.87,11.69,131.87,120.18,0,On Time,Online,Current
1084,2025-03-23,68,48,1,4,94.16,4.11,376.64,372.53,0,On Time,Click & Collect,Future
1085,2025-05-03,33,52,6,4,18.05,33.87,72.2,38.33,0,On Time,Online,Current
1086,2024-03-02,330,85,4,3,142.01,14.78,426.03,411.25,0,On Time,Online,Current
1087,2024-12-30,969,66,6,3,105.25,5.53,315.75,310.22,0,On Time,Online,Current
1088,2025-06-12,573,73,6,3,20.46,18.63,61.38,42.75,0,On Time,Online,Future
1089,2025-05-15,125,3,1,3,182.39,0.67,547.17,546.5,0,On Time,Online,Current
1090,2024-08-15,30,13,3,3,109.25,0.16,327.75,327.59,2,Late,Wholesale,Future
1091,2025-04-28,489,118,6,1,167.17,27.08,167.17,140.09,0,On Time,Online,Current
1092,2025-06-02,207,116,4,3,159.24,4.04,477.72,473.68,0,On Time,Online,Current
1093,2025-01-10,552,1,6,3,125.71,31.85,377.13,345.28,0,On Time,Online,Current
1094,2024-07-11,459,117,6,3,131.87,23.37,395.61,372.24,0,On Time,Online,Future
1095,2024-05-09,27,31,6,4,64.76,19.04,259.04,240.0,0,On Time,Online,Future
1096,2024-12-30,864,30,5,2,33.3,6.89,66.6,59.71,0,On Time,Online,Current
1097,2025-02-26,831,3,6,1,182.39,34.41,182.39,147.98,0,On Time,Online,Future
1098,2024-03-25,996,67,6,1,214.61,17.84,214.61,196.77,1,Late,Online,Current
1099,2024-04-06,683,22,6,2,118.48,4.39,236.96,232.57,2,Late,Online,Current
1100,2025-02-26,435,120,6,2,47.37,2.39,94.74,92.35,0,On Time,Online,Current
1101,2025-12-07,209,12,6,4,177.18,0.84,708.72,707.88,0,On Time,Online,Current
1102,2024-08-28,117,50,2,3,97.72,10.11,293.16,283.05,0,On Time,Online,Future
1103,2024-04-28,850,45,2,2,29.58,27.04,59.16,32.12,0,On Time,Wholesale,Future
1104,2024-03-16,530,25,3,1,27.12,26.0,27.12,1.12,0,On Time,Wholesale,Future
1105,2025-06-15,341,14,6,4,85.15,10.12,340.6,330.48,0,On Time,Online,Current
1106,2024-02-21,330,84,6,2,108.1,28.7,216.2,187.5,0,On Time,Click & Collect,Future
1107,2024-09-14,915,10,6,2,78.41,10.49,156.82,146.33,0,On Time,Online,Current
1108,2024-04-26,702,99,2,3,170.64,34.62,511.92,477.3,0,On Time,Online,Current
1109,2024-12-09,830,57,2,4,144.33,30.76,577.32,546.56,0,On Time,Online,Future
1110,2025-01-15,449,65,6,2,71.32,33.63,142.64,109.01,5,Late,Online,Current
1111,2025-09-20,533,64,1,1,106.6,25.79,106.6,80.81,0,On Time,Wholesale,Current
1112,2025-06-01,342,103,6,4,113.76,0.48,455.04,454.56,0,On Time,Online,Future
1113,2024-03-31,720,114,6,4,83.67,28.11,334.68,306.57,0,On Time,Online,Current
1114,2025-03-28,376,89,2,2,144.37,12.78,288.74,275.96,0,On Time,Click & Collect,Current
1115,2025-02-07,388,59,6,3,99.02,17.97,297.06,279.09,0,On Time,Online,Future
1116,2024-05-25,545,115,5,1,131.17,2.54,131.17,128.63,1,Late,Online,Future
1117,2025-08-25,840,23,6,2,87.41,32.94,174.82,141.88,2,Late,Online,Future
1118,2024-09-23,605,37,2,2,141.5,33.93,283.0,249.07,0,On Time,Click & Collect,Future
1119,2024-11-28,625,104,6,1,154.04,20.35,154.04,133.69,0,On Time,In-Store,Future
1120,2025-03-23,687,58,6,1,118.61,17.21,118.61,101.4,0,On Time,Online,Future
1121,2024-05-30,184,57,3,3,144.33,2.57,432.99,430.42,0,On Time,Online,Future
1122,2024-02-25,908,112,3,1,167.65,9.0,167.65,158.65,0,On Time,Wholesale,Future
1123,2024-07-14,302,100,3,1,91.89,16.56,91.89,75.33,0,On Time,In-Store,Current
1124,2024-10-04,925,66,6,4,105.25,3.33,421.0,417.67,2,Late,Online,Future
1125,2024-04-05,65,1,1,1,125.71,0.32,125.71,125.39,0,On Time,Online,Current
1126,2024-07-09,428,30,6,2,33.3,20.01,66.6,46.59,0,On Time,Online,Current
1127,2025-01-19,577,117,2,3,131.87,3.49,395.61,392.12,0,On Time,In-Store,Future
1128,2024-07-11,959,47,6,2,146.36,5.87,292.72,286.85,4,Late,Online,Current
1129,2024-01-07,143,14,6,3,85.15,33.07,255.45,222.38,0,On Time,Online,Current
1130,2024-09-09,622,118,6,4,167.17,26.74,668.68,641.94,0,On Time,Online,Future
1131,2024-10-04,218,74,3,1,120.32,31.12,120.32,89.2,0,On Time,Wholesale,Current
1132,2025-08-06,414,18,3,4,53.11,13.4,212.44,199.04,0,On Time,Online,Future
1133,2024-02-03,309,102,6,4,68.71,11.48,274.84,263.36,0,On Time,Online,Current
1134,2025-01-15,535,106,6,2,28.51,23.95,57.02,33.07,0,On Time,Online,Current
1135,2025-02-16,224,23,6,3,87.41,30.98,262.23,231.25,0,On Time,Online,Current
1136,2024-12-12,97,94,5,3,56.02,31.92,168.06,136.14,0,On Time,In-Store,Current
1137,2025-01-02,423,54,6,4,110.37,29.08,441.48,412.4,0,On Time,Online,Future
1138,2024-08-13,504,24,3,3,152.6,33.09,457.8,424.71,0,On Time,Online,Current
1139,2025-06-16,147,92,1,4,46.38,6.79,185.52,178.73,0,On Time,In-Store,Future
1140,2024-04-04,222,71,4,2,135.62,28.39,271.24,242.85,2,Late,In-Store,Current
1141,2024-04-09,745,20,1,4,93.73,17.41,374.92,357.51,1,Late,Click & Collect,Current
1142,2025-09-26,848,91,1,1,85.5,33.3,85.5,52.2,0,On Time,In-Store,Current
1143,2025-03-29,121,62,6,1,180.58,31.53,180.58,149.05,0,On Time,Online,Future
1144,2024-09-14,660,66,4,1,105.25,0.55,105.25,104.7,0,On Time,Online,Current
1145,2025-05-03,12,90,6,2,82.64,30.49,165.28,134.79,0,On Time,Online,Future
1146,2024-01-01,577,69,5,2,82.06,18.84,164.12,145.28,0,On Time,Online,Future
1147,2025-04-06,39,36,2,3,162.38,1.52,487.14,485.62,0,On Time,In-Store,Current
1148,2025-12-11,299,83,6,3,73.64,14.03,220.92,206.89,0,On Time,Online,Future
1149,2025-08-13,960,49,6,1,134.92,15.2,134.92,119.72,0,On Time,Online,Future
1150,2024-07-22,88,10,4,1,78.41,18.12,78.41,60.29,0,On Time,Wholesale,Future
1151,2024-01-26,940,20,3,1,93.73,8.82,93.73,84.91,0,On Time,Online,Current
1152,2025-04-23,415,62,2,2,180.58,4.53,361.16,356.63,1,Late,Online,Current
1153,2024-10-29,450,92,4,4,46.38,1.49,185.52,184.03,0,On Time,Click & Collect,Current
1154,2024-09-07,238,61,6,4,82.33,7.92,329.32,321.4,0,On Time,Online,Future
1155,2024-01-18,886,91,6,2,85.5,27.35,171.0,143.65,0,On Time,In-Store,Current
1156,2025-12-07,147,36,6,2,162.38,23.81,324.76,300.95,1,Late,Online,Current
1157,2025-05-27,534,41,3,2,110.65,9.52,221.3,211.78,7,Late,Online,Current
1158,2024-01-05,26,36,4,3,162.38,7.4,487.14,479.74,0,On Time,Online,Current
1159,2025-08-02,818,2,6,2,200.36,3.29,400.72,397.43,0,On Time,Online,Current
1160,2024-03-21,325,53,6,3,103.59,28.24,310.77,282.53,0,On Time,Online,Current
1161,2024-02-07,280,16,6,1,103.76,8.77,103.76,94.99,0,On Time,Online,Future
1162,2024-08-27,85,53,3,3,103.59,15.14,310.77,295.63,0,On Time,Online,Current
1163,2025-05-28,991,97,1,3,54.01,16.26,162.03,145.77,0,On Time,Click & Collect,Current
1164,2024-01-19,330,31,6,2,64.76,6.62,129.52,122.9,1,Late,Online,Future
1165,2025-10-10,596,77,3,1,132.93,23.16,132.93,109.77,4,Late,In-Store,Current
1166,2025-04-03,197,5,6,2,140.44,8.99,280.88,271.89,0,On Time,Online,Future
1167,2024-04-24,975,95,6,1,168.8,18.39,168.8,150.41,0,On Time,Online,Future
1168,2025-05-11,445,11,5,1,40.32,30.85,40.32,9.47,6,Late,Online,Current
1169,2024-02-11,718,3,6,2,182.39,25.37,364.78,339.41,6,Late,Online,Current
1170,2024-02-07,331,113,4,4,120.7,4.26,482.8,478.54,0,On Time,Wholesale,Future
1171,2025-05-31,736,120,3,1,47.37,5.61,47.37,41.76,4,Late,Online,Current
1172,2025-10-26,925,115,2,4,131.17,23.95,524.68,500.73,1,Late,In-Store,Future
1173,2025-11-11,112,31,3,2,64.76,21.89,129.52,107.63,0,On Time,Online,Future
1174,2025-04-25,772,119,6,3,21.52,16.66,64.56,47.9,0,On Time,Online,Current
1175,2025-11-10,43,51,5,1,110.62,32.75,110.62,77.87,0,On Time,Online,Future
1176,2024-12-01,999,8,6,1,62.57,22.72,62.57,39.85,5,Late,Online,Current
1177,2024-04-22,73,108,6,4,50.05,7.06,200.2,193.14,0,On Time,Online,Future
1178,2024-10-02,84,73,1,3,20.46,17.15,61.38,44.23,0,On Time,In-Store,Current
1179,2024-01-02,169,37,2,3,141.5,29.49,424.5,395.01,0,On Time,Wholesale,Current
1180,2025-02-16,277,2,2,4,200.36,34.72,801.44,766.72,0,On Time,Online,Current
1181,2024-02-17,161,45,6,4,29.58,2.43,118.32,115.89,0,On Time,Wholesale,Current
1182,2024-10-31,451,35,6,3,41.4,18.87,124.2,105.33,0,On Time,Wholesale,Future
1183,2025-09-20,29,96,5,2,44.65,12.13,89.3,77.17,0,On Time,Click & Collect,Future
1184,2025-04-05,766,31,1,4,64.76,19.55,259.04,239.49,0,On Time,Online,Current
1185,2024-05-02,163,70,1,4,117.81,26.09,471.24,445.15,0,On Time,Online,Future
1186,2024-12-05,534,15,2,3,76.6,13.08,229.8,216.72,0,On Time,Online,Future
1187,2025-06-24,34,44,5,4,107.15,34.56,428.6,394.04,0,On Time,Click & Collect,Future
1188,2024-02-02,528,62,1,4,180.58,32.76,722.32,689.56,0,On Time,Online,Current
1189,2024-08-12,796,33,6,2,219.29,26.0,438.58,412.58,3,Late,Online,Current
1190,2024-04-08,81,47,1,2,146.36,15.28,292.72,277.44,0,On Time,Online,Current
1191,2025-04-17,69,113,4,4,120.7,2.05,482.8,480.75,0,On Time,Online,Future
1192,2024-02-13,322,105,6,3,45.95,4.23,137.85,133.62,0,On Time,Online,Future
1193,2024-02-05,962,99,5,3,170.64,6.04,511.92,505.88,3,Late,Online,Current
1194,2025-10-26,289,35,1,3,41.4,23.32,124.2,100.88,0,On Time,Wholesale,Future
1195,2024-07-22,897,110,2,4,159.94,3.32,639.76,636.44,0,On Time,Online,Current
1196,2025-08-22,654,97,1,3,54.01,25.44,162.03,136.59,4,Late,In-Store,Current
1197,2025-05-23,821,98,3,1,192.94,25.56,192.94,167.38,0,On Time,Online,Future
1198,2025-06-30,187,88,6,3,41.48,10.47,124.44,113.97,1,Late,Online,Current
1199,2025-02-04,670,38,3,1,97.97,14.68,97.97,83.29,0,On Time,Click & Collect,Future
1200,2025-09-18,399,120,6,4,47.37,0.0,189.48,189.48,0,On Time,Click & Collect,Future
1201,2025-01-09,629,14,3,2,85.15,12.57,170.3,157.73,2,Late,Online,Future
1202,2024-12-07,372,97,2,2,54.01,28.83,108.02,79.19,0,On Time,Online,Future
1203,2025-08-11,251,97,1,1,54.01,26.05,54.01,27.96,7,Late,Wholesale,Current
1204,2025-07-08,676,54,4,1,110.37,10.06,110.37,100.31,0,On Time,Online,Current
1205,2024-05-05,379,67,1,1,214.61,34.38,214.61,180.23,0,On Time,Online,Current
1206,2024-08-17,698,23,2,2,87.41,21.39,174.82,153.43,6,Late,Wholesale,Current
1207,2025-08-15,877,70,5,2,117.81,12.34,235.62,223.28,0,On Time,In-Store,Current
1208,2024-07-03,74,52,6,2,18.05,33.59,36.1,2.51,0,On Time,Wholesale,Current
1209,2024-03-02,159,73,6,4,20.46,9.75,81.84,72.09,0,On Time,Online,Current
1210,2024-02-21,575,30,2,3,33.3,23.46,99.9,76.44,0,On Time,Wholesale,Current
1211,2024-06-04,120,15,2,2,76.6,16.38,153.2,136.82,5,Late,Online,Current
1212,2025-05-15,899,91,4,4,85.5,14.0,342.0,328.0,0,On Time,In-Store,Future
1213,2024-06-29,287,110,1,1,159.94,12.99,159.94,146.95,1,Late,In-Store,Future
1214,2024-02-20,28,76,6,4,128.17,26.43,512.68,486.25,7,Late,Online,Current
1215,2025-04-11,593,58,2,1,118.61,10.88,118.61,107.73,0,On Time,Online,Future
1216,2024-04-10,690,114,1,2,83.67,17.05,167.34,150.29,0,On Time,Click & Collect,Future
1217,2024-08-16,202,79,3,1,174.91,31.02,174.91,143.89,0,On Time,Wholesale,Future
1218,2024-08-11,982,39,5,4,128.17,27.68,512.68,485.0,0,On Time,Click & Collect,Future
1219,2025-08-06,219,76,2,4,128.17,4.08,512.68,508.6,0,On Time,Online,Current
1220,2024-07-02,846,107,1,3,49.65,23.84,148.95,125.11,0,On Time,In-Store,Current
1221,2025-12-03,657,23,6,4,87.41,18.18,349.64,331.46,0,On Time,Online,Future
1222,2024-09-04,59,119,5,2,21.52,2.59,43.04,40.45,0,On Time,Online,Current
1223,2024-04-30,921,42,5,2,65.4,9.89,130.8,120.91,0,On Time,In-Store,Future
1224,2024-02-25,70,105,6,1,45.95,30.96,45.95,14.99,0,On Time,Online,Future
1225,2024-11-17,407,108,2,3,50.05,4.22,150.15,145.93,2,Late,Click & Collect,Future
1226,2025-11-18,814,79,1,4,174.91,1.74,699.64,697.9,0,On Time,Online,Current
1227,2025-07-13,534,94,5,2,56.02,21.85,112.04,90.19,1,Late,In-Store,Current
1228,2024-07-22,113,92,6,2,46.38,2.19,92.76,90.57,0,On Time,Online,Future
1229,2025-08-12,934,83,4,2,73.64,15.53,147.28,131.75,0,On Time,Online,Future
1230,2025-03-30,246,57,1,4,144.33,0.86,577.32,576.46,0,On Time,Online,Current
1231,2024-02-14,826,33,3,2,219.29,5.44,438.58,433.14,5,Late,Click & Collect,Current
1232,2024-10-03,954,80,1,4,119.07,28.42,476.28,447.86,0,On Time,Click & Collect,Current
1233,2024-12-14,798,75,6,1,112.15,19.79,112.15,92.36,0,On Time,In-Store,Future
1234,2024-10-19,31,41,6,4,110.65,9.66,442.6,432.94,6,Late,Online,Current
1235,2024-01-09,930,103,6,2,113.76,15.14,227.52,212.38,0,On Time,Online,Future
1236,2025-01-25,455,74,2,4,120.32,14.72,481.28,466.56,0,On Time,Online,Current
1237,2024-10-29,948,101,4,4,123.75,15.96,495.0,479.04,0,On Time,Click & Collect,Future
1238,2025-01-17,934,8,2,4,62.57,22.57,250.28,227.71,0,On Time,Online,Future
1239,2024-05-13,364,53,6,3,103.59,11.52,310.77,299.25,0,On Time,Online,Future
1240,2024-03-02,664,36,5,2,162.38,27.88,324.76,296.88,0,On Time,Online,Current
1241,2024-04-22,925,21,5,3,44.65,3.07,133.95,130.88,0,On Time,In-Store,Future
1242,2025-11-24,34,113,2,4,120.7,3.52,482.8,479.28,0,On Time,Wholesale,Current
1243,2024-09-15,399,94,2,3,56.02,9.55,168.06,158.51,6,Late,Online,Current
1244,2025-07-05,732,14,3,1,85.15,26.53,85.15,58.62,0,On Time,Online,Current
1245,2024-12-07,368,77,6,1,132.93,34.92,132.93,98.01,0,On Time,Online,Current
1246,2025-02-28,682,109,2,2,65.96,28.85,131.92,103.07,5,Late,Online,Current
1247,2024-05-07,238,35,6,1,41.4,7.81,41.4,33.59,0,On Time,Online,Future
1248,2024-07-01,823,10,4,1,78.41,6.88,78.41,71.53,3,Late,Online,Current
1249,2025-08-26,658,99,1,1,170.64,17.55,170.64,153.09,0,On Time,In-Store,Future
1250,2024-06-29,581,23,6,4,87.41,6.39,349.64,343.25,0,On Time,Online,Future
1251,2025-06-14,134,68,6,4,76.01,8.25,304.04,295.79,1,Late,Online,Future
1252,2025-11-02,599,27,1,2,148.3,17.87,296.6,278.73,0,On Time,Wholesale,Current
1253,2024-05-13,219,79,6,1,174.91,12.27,174.91,162.64,0,On Time,Online,Future
1254,2025-11-28,753,52,6,2,18.05,20.76,36.1,15.34,0,On Time,Online,Current
1255,2024-08-06,478,111,3,3,139.05,2.05,417.15,415.1,0,On Time,Online,Current
1256,2024-09-19,695,115,6,1,131.17,25.7,131.17,105.47,0,On Time,Online,Future
1257,2024-03-30,893,78,1,2,57.86,20.05,115.72,95.67,0,On Time,Online,Current
1258,2024-08-17,203,86,3,4,102.94,33.42,411.76,378.34,0,On Time,Click & Collect,Current
1259,2025-05-21,465,111,5,2,139.05,2.84,278.1,275.26,2,Late,Wholesale,Current
1260,2025-11-28,871,81,1,1,110.75,3.48,110.75,107.27,2,Late,Click & Collect,Current
1261,2024-02-20,138,30,6,4,33.3,23.63,133.2,109.57,4,Late,Click & Collect,Current
1262,2025-04-12,85,52,2,2,18.05,29.39,36.1,6.71,0,On Time,Online,Current
1263,2024-05-12,396,114,6,3,83.67,9.72,251.01,241.29,0,On Time,Online,Future
1264,2024-11-08,290,6,5,2,127.67,28.96,255.34,226.38,0,On Time,Online,Current
1265,2024-05-06,46,17,6,3,141.85,32.83,425.55,392.72,0,On Time,Wholesale,Future
1266,2025-02-02,246,104,3,3,154.04,11.76,462.12,450.36,0,On Time,Click & Collect,Current
1267,2025-05-16,76,8,4,4,62.57,15.1,250.28,235.18,0,On Time,Online,Current
1268,2024-01-02,226,102,6,1,68.71,26.14,68.71,42.57,0,On Time,Online,Future
1269,2024-06-01,978,102,6,1,68.71,19.01,68.71,49.7,0,On Time,Online,Future
1270,2024-01-29,932,47,5,2,146.36,29.76,292.72,262.96,0,On Time,Online,Current
1271,2025-06-23,660,29,1,1,130.05,2.26,130.05,127.79,0,On Time,In-Store,Current
1272,2024-07-06,744,8,6,3,62.57,26.16,187.71,161.55,0,On Time,Online,Current
1273,2025-10-15,632,90,1,1,82.64,7.7,82.64,74.94,0,On Time,Online,Future
1274,2025-01-12,964,57,6,1,144.33,29.24,144.33,115.09,0,On Time,Online,Current
1275,2024-09-24,516,93,6,1,119.71,23.76,119.71,95.95,0,On Time,Online,Current
1276,2024-09-13,688,120,3,1,47.37,16.79,47.37,30.58,0,On Time,In-Store,Current
1277,2025-06-26,67,75,5,1,112.15,12.16,112.15,99.99,0,On Time,Online,Future
1278,2025-06-28,705,50,6,1,97.72,10.89,97.72,86.83,0,On Time,Online,Current
1279,2025-04-16,168,77,6,2,132.93,10.72,265.86,255.14,6,Late,Online,Current
1280,2025-01-09,464,44,5,3,107.15,19.42,321.45,302.03,0,On Time,Online,Current
1281,2025-06-16,783,30,4,3,33.3,30.37,99.9,69.53,0,On Time,Online,Current
1282,2024-08-01,540,5,6,4,140.44,8.04,561.76,553.72,0,On Time,Online,Future
1283,2024-02-15,887,68,6,4,76.01,29.61,304.04,274.43,0,On Time,Online,Future
1284,2025-09-26,913,2,1,2,200.36,30.0,400.72,370.72,0,On Time,In-Store,Future
1285,2024-01-31,763,93,6,2,119.71,5.63,239.42,233.79,0,On Time,Online,Current
1286,2025-08-06,802,13,5,4,109.25,24.53,437.0,412.47,0,On Time,In-Store,Current
1287,2025-11-21,401,102,5,4,68.71,1.92,274.84,272.92,0,On Time,In-Store,Current
1288,2025-12-26,887,41,1,3,110.65,9.79,331.95,322.16,0,On Time,Wholesale,Current
1289,2024-05-29,750,98,6,4,192.94,12.41,771.76,759.35,0,On Time,Online,Current
1290,2025-09-01,325,1,2,1,125.71,16.08,125.71,109.63,0,On Time,Wholesale,Future
1291,2024-08-20,373,117,6,2,131.87,9.69,263.74,254.05,0,On Time,Online,Future
1292,2024-04-18,975,2,2,2,200.36,11.5,400.72,389.22,0,On Time,Wholesale,Future
1293,2024-09-05,702,85,3,1,142.01,13.58,142.01,128.43,6,Late,Online,Current
1294,2024-06-06,658,82,6,2,135.39,0.28,270.78,270.5,5,Late,Online,Current
1295,2024-06-13,207,26,2,4,117.76,0.13,471.04,470.91,5,Late,Online,Current
1296,2024-04-07,547,119,5,4,21.52,34.67,86.08,51.41,0,On Time,Click & Collect,Current
1297,2024-03-26,674,111,6,1,139.05,7.29,139.05,131.76,1,Late,Online,Current
1298,2025-09-13,156,77,6,2,132.93,16.49,265.86,249.37,0,On Time,Online,Current
1299,2024-12-18,176,66,6,4,105.25,34.39,421.0,386.61,0,On Time,Online,Future
1300,2025-08-26,63,63,6,3,50.08,33.06,150.24,117.18,0,On Time,Online,Current
1301,2025-08-29,911,9,1,1,102.79,32.47,102.79,70.32,0,On Time,Online,Future
1302,2024-12-25,254,56,6,4,166.72,22.64,666.88,644.24,2,Late,Online,Future
1303,2024-08-13,917,39,5,2,128.17,29.91,256.34,226.43,0,On Time,In-Store,Future
1304,2025-03-15,223,95,1,4,168.8,32.47,675.2,642.73,4,Late,Online,Current
1305,2025-10-10,576,102,6,3,68.71,30.15,206.13,175.98,0,On Time,Online,Future
1306,2024-09-10,389,62,6,4,180.58,33.93,722.32,688.39,0,On Time,Online,Current
1307,2024-06-01,257,21,6,1,44.65,9.38,44.65,35.27,0,On Time,Online,Future
1308,2025-07-31,741,107,6,1,49.65,30.08,49.65,19.57,0,On Time,Online,Future
1309,2025-12-17,877,97,2,1,54.01,1.84,54.01,52.17,0,On Time,In-Store,Current
1310,2024-04-27,364,120,3,1,47.37,12.47,47.37,34.9,0,On Time,Online,Future
1311,2024-12-22,272,17,2,4,141.85,8.86,567.4,558.54,2,Late,Online,Current
1312,2025-08-02,835,51,4,3,110.62,22.94,331.86,308.92,0,On Time,Wholesale,Current
1313,2025-05-01,321,48,6,2,94.16,7.15,188.32,181.17,2,Late,Wholesale,Future
1314,2025-10-31,798,112,1,3,167.65,31.81,502.95,471.14,0,On Time,Online,Current
1315,2024-07-06,563,20,3,3,93.73,21.21,281.19,259.98,0,On Time,Click & Collect,Current
1316,2025-01-13,237,104,1,2,154.04,17.21,308.08,290.87,0,On Time,In-Store,Future
1317,2025-08-12,946,66,2,3,105.25,19.51,315.75,296.24,0,On Time,In-Store,Current
1318,2024-08-31,945,12,6,1,177.18,0.62,177.18,176.56,0,On Time,Online,Current
1319,2024-03-08,792,100,5,3,91.89,27.63,275.67,248.04,0,On Time,Online,Current
1320,2025-10-03,984,47,3,1,146.36,4.21,146.36,142.15,7,Late,Click & Collect,Current
1321,2024-03-31,847,16,4,2,103.76,7.77,207.52,199.75,0,On Time,Click & Collect,Current
1322,2025-02-20,19,107,3,4,49.65,21.45,198.6,177.15,0,On Time,Online,Current
1323,2025-05-08,585,88,4,4,41.48,30.56,165.92,135.36,0,On Time,Online,Current
1324,2025-05-15,694,29,6,3,130.05,2.47,390.15,387.68,0,On Time,Online,Current
1325,2024-01-14,509,106,4,3,28.51,18.85,85.53,66.68,0,On Time,Online,Future
1326,2025-01-31,858,14,6,2,85.15,10.03,170.3,160.27,0,On Time,In-Store,Future
1327,2025-11-12,295,14,4,2,85.15,16.86,170.3,153.44,3,Late,In-Store,Current
1328,2025-02-11,154,50,1,4,97.72,0.02,390.88,390.86,0,On Time,Wholesale,Current
1329,2025-07-02,671,28,3,3,154.21,5.9,462.63,456.73,0,On Time,Click & Collect,Future
1330,2025-06-04,225,5,2,3,140.44,26.46,421.32,394.86,0,On Time,Online,Future
1331,2024-06-06,158,23,6,3,87.41,8.64,262.23,253.59,0,On Time,Online,Current
1332,2025-06-16,891,47,6,1,146.36,7.98,146.36,138.38,0,On Time,Online,Current
1333,2025-02-21,868,82,1,1,135.39,26.18,135.39,109.21,0,On Time,Online,Future
1334,2024-02-21,573,96,6,2,44.65,22.1,89.3,67.2,0,On Time,Online,Future
1335,2024-01-11,463,35,2,2,41.4,6.51,82.8,76.29,0,On Time,In-Store,Current
1336,2025-08-09,736,43,2,1,129.42,19.23,129.42,110.19,0,On Time,In-Store,Current
1337,2024-08-25,98,52,4,1,18.05,25.55,18.05,-7.5,0,On Time,Online,Future
1338,2025-12-22,385,102,2,2,68.71,5.11,137.42,132.31,0,On Time,In-Store,Current
1339,2025-06-09,874,39,6,1,128.17,1.95,128.17,126.22,0,On Time,Online,Current
1340,2025-02-24,4,104,5,1,154.04,24.78,154.04,129.26,0,On Time,Online,Current
1341,2024-11-30,212,12,2,3,177.18,32.82,531.54,498.72,0,On Time,Online,Future
1342,2025-04-24,545,35,6,2,41.4,10.4,82.8,72.4,0,On Time,Online,Future
1343,2024-06-28,322,101,6,1,123.75,8.78,123.75,114.97,1,Late,Online,Future
1344,2024-07-12,995,28,2,4,154.21,20.35,616.84,596.49,2,Late,Online,Current
1345,2025-03-17,989,54,1,4,110.37,27.94,441.48,413.54,0,On Time,In-Store,Future
1346,2025-06-01,862,38,1,4,97.97,31.8,391.88,360.08,0,On Time,In-Store,Current
1347,2024-07-30,414,58,2,2,118.61,6.4,237.22,230.82,0,On Time,Online,Future
1348,2025-10-30,227,29,6,3,130.05,8.45,390.15,381.7,0,On Time,Online,Current
1349,2025-01-03,810,31,1,4,64.76,19.58,259.04,239.46,0,On Time,Wholesale,Current
1350,2025-03-26,544,89,6,3,144.37,4.48,433.11,428.63,2,Late,Online,Current
1351,2025-02-27,727,69,6,4,82.06,28.78,328.24,299.46,0,On Time,Online,Current
1352,2024-09-19,546,85,5,1,142.01,30.43,142.01,111.58,0,On Time,Click & Collect,Current
1353,2024-04-10,360,19,2,3,118.63,31.98,355.89,323.91,7,Late,Online,Current
1354,2024-04-03,758,58,6,1,118.61,27.39,118.61,91.22,0,On Time,Online,Future
1355,2025-07-26,214,109,1,1,65.96,31.75,65.96,34.21,0,On Time,Wholesale,Future
1356,2025-12-18,112,44,4,3,107.15,3.62,321.45,317.83,0,On Time,In-Store,Current
1357,2025-10-30,347,9,2,2,102.79,15.4,205.58,190.18,0,On Time,Click & Collect,Future
1358,2024-08-25,428,98,6,3,192.94,4.3,578.82,574.52,0,On Time,Online,Future
1359,2024-09-23,403,69,6,2,82.06,13.19,164.12,150.93,0,On Time,Online,Current
1360,2025-08-22,581,65,6,3,71.32,1.72,213.96,212.24,0,On Time,Online,Future
1361,2024-11-20,882,53,6,4,103.59,3.63,414.36,410.73,0,On Time,Online,Future
1362,2025-04-19,727,96,6,4,44.65,29.1,178.6,149.5,0,On Time,Online,Future
1363,2025-01-17,144,66,6,3,105.25,11.79,315.75,303.96,0,On Time,Online,Future
1364,2025-05-17,590,101,2,3,123.75,12.5,371.25,358.75,0,On Time,Wholesale,Future
1365,2024-10-17,667,72,3,4,141.82,31.45,567.28,535.83,0,On Time,In-Store,Current
1366,2024-10-17,601,93,1,2,119.71,2.79,239.42,236.63,0,On Time,Online,Future
1367,2025-01-20,458,75,5,1,112.15,34.12,112.15,78.03,1,Late,Click & Collect,Current
1368,2025-03-15,964,6,6,4,127.67,31.47,510.68,479.21,0,On Time,Online,Future
1369,2025-05-08,95,26,3,3,117.76,11.63,353.28,341.65,0,On Time,Online,Future
1370,2025-12-26,83,85,2,4,142.01,19.26,568.04,548.78,0,On Time,Click & Collect,Current
1371,2025-01-11,501,78,6,1,57.86,20.76,57.86,37.1,0,On Time,Online,Future
1372,2024-05-02,571,68,6,2,76.01,10.05,152.02,141.97,0,On Time,Online,Future
1373,2024-08-22,889,23,2,1,87.41,32.07,87.41,55.34,5,Late,Online,Current
1374,2025-08-27,791,21,6,1,44.65,27.04,44.65,17.61,0,On Time,Online,Future
1375,2024-07-01,755,31,6,2,64.76,20.12,129.52,109.4,0,On Time,Online,Future
1376,2025-04-18,746,61,4,2,82.33,0.55,164.66,164.11,0,On Time,Click & Collect,Current
1377,2024-04-24,827,83,6,4,73.64,14.68,294.56,279.88,0,On Time,Online,Current
1378,2025-05-05,254,97,1,1,54.01,19.32,54.01,34.69,0,On Time,Online,Current
1379,2025-08-25,505,109,1,1,65.96,31.89,65.96,34.07,0,On Time,Online,Current
1380,2024-02-08,126,97,5,3,54.01,0.71,162.03,161.32,0,On Time,Wholesale,Current
1381,2024-10-29,685,50,6,4,97.72,18.0,390.88,372.88,0,On Time,Online,Future
1382,2025-07-01,812,75,3,4,112.15,8.55,448.6,440.05,0,On Time,Online,Future
1383,2025-11-05,916,21,1,1,44.65,22.13,44.65,22.52,0,On Time,In-Store,Future
1384,2024-01-24,618,30,2,4,33.3,5.14,133.2,128.06,0,On Time,In-Store,Current
1385,2024-09-26,512,29,5,1,130.05,0.7,130.05,129.35,0,On Time,Online,Current
1386,2025-11-21,777,103,6,3,113.76,18.38,341.28,322.9,1,Late,Online,Current
1387,2025-08-13,773,13,6,4,109.25,12.03,437.0,424.97,0,On Time,Online,Future
1388,2024-02-10,280,43,2,1,129.42,29.03,129.42,100.39,0,On Time,Click & Collect,Current
1389,2024-03-03,33,22,3,2,118.48,2.5,236.96,234.46,2,Late,Wholesale,Current
1390,2025-08-12,209,35,6,3,41.4,34.28,124.2,89.92,0,On Time,Online,Future
1391,2025-04-19,862,4,6,2,143.64,15.17,287.28,272.11,5,Late,Online,Current
1392,2025-06-23,390,80,2,4,119.07,19.87,476.28,456.41,0,On Time,Online,Current
1393,2024-01-25,474,41,4,2,110.65,20.66,221.3,200.64,0,On Time,Click & Collect,Current
1394,2024-08-19,959,31,1,3,64.76,14.33,194.28,179.95,2,Late,Online,Current
1395,2024-07-30,755,115,6,1,131.17,3.75,131.17,127.42,0,On Time,Online,Future
1396,2025-08-18,69,66,4,3,105.25,0.48,315.75,315.27,0,On Time,Online,Current
1397,2024-05-25,985,36,6,1,162.38,32.63,162.38,129.75,0,On Time,Online,Current
1398,2025-03-02,615,57,6,4,144.33,30.63,577.32,546.69,0,On Time,Online,Current
1399,2024-10-14,282,88,6,1,41.48,0.64,41.48,40.84,0,On Time,Online,Current
1400,2024-09-18,173,99,1,4,170.64,5.38,682.56,677.18,0,On Time,Online,Current
1401,2024-11-09,114,17,5,2,141.85,28.42,283.7,255.28,0,On Time,Online,Current
1402,2024-09-20,940,51,6,3,110.62,33.5,331.86,298.36,0,On Time,Online,Current
1403,2025-03-16,696,107,1,3,49.65,5.48,148.95,143.47,0,On Time,Click & Collect,Future
1404,2024-04-10,113,113,6,3,120.7,18.88,362.1,343.22,0,On Time,Online,Future
1405,2024-07-13,649,120,1,1,47.37,20.79,47.37,26.58,7,Late,Online,Current
1406,2024-03-19,655,36,2,4,162.38,30.91,649.52,618.61,0,On Time,In-Store,Future
1407,2024-12-27,281,73,6,2,20.46,23.67,40.92,17.25,0,On Time,Online,Future
1408,2025-08-13,838,58,4,4,118.61,33.44,474.44,441.0,4,Late,Wholesale,Current
1409,2025-07-02,420,120,1,3,47.37,3.89,142.11,138.22,0,On Time,Click & Collect,Future
1410,2024-11-21,666,87,1,3,80.57,2.13,241.71,239.58,0,On Time,Online,Future
1411,2024-01-24,251,13,1,3,109.25,24.46,327.75,303.29,0,On Time,Click & Collect,Current
1412,2025-02-14,553,120,2,1,47.37,31.26,47.37,16.11,0,On Time,In-Store,Current
1413,2025-08-17,611,98,6,1,192.94,34.23,192.94,158.71,0,On Time,Online,Future
1414,2024-03-17,65,39,3,1,128.17,27.31,128.17,100.86,0,On Time,Click & Collect,Current
1415,2024-03-02,495,50,6,2,97.72,4.28,195.44,191.16,0,On Time,Online,Current
1416,2024-04-19,560,72,6,3,141.82,8.35,425.46,417.11,1,Late,Online,Current
1417,2024-09-22,74,104,1,2,154.04,4.43,308.08,303.65,0,On Time,In-Store,Current
1418,2025-01-18,657,116,1,2,159.24,12.96,318.48,305.52,6,Late,In-Store,Current
1419,2025-08-30,383,24,2,3,152.6,18.86,457.8,438.94,0,On Time,Click & Collect,Current
1420,2025-05-01,590,67,6,1,214.61,1.32,214.61,213.29,0,On Time,Online,Current
1421,2025-11-19,164,48,6,4,94.16,1.57,376.64,375.07,0,On Time,Online,Current
1422,2024-08-11,936,16,1,3,103.76,27.74,311.28,283.54,0,On Time,In-Store,Current
1423,2025-04-11,713,69,5,4,82.06,30.68,328.24,297.56,0,On Time,Online,Future
1424,2024-06-15,949,36,6,3,162.38,34.62,487.14,452.52,0,On Time,Online,Future
1425,2024-02-07,493,96,1,1,44.65,18.31,44.65,26.34,0,On Time,Click & Collect,Future
1426,2024-02-26,263,59,2,1,99.02,6.52,99.02,92.5,0,On Time,Wholesale,Future
1427,2025-08-29,3,88,5,3,41.48,28.51,124.44,95.93,0,On Time,Online,Current
1428,2025-03-01,408,84,6,3,108.1,26.66,324.3,297.64,0,On Time,Online,Current
1429,2025-01-21,646,39,1,4,128.17,10.63,512.68,502.05,0,On Time,Online,Future
1430,2025-08-26,63,117,3,4,131.87,21.44,527.48,506.04,0,On Time,Wholesale,Current
1431,2024-05-26,90,41,6,4,110.65,2.03,442.6,440.57,0,On Time,Online,Current
1432,2024-12-11,602,10,5,1,78.41,18.84,78.41,59.57,0,On Time,Click & Collect,Future
1433,2024-07-05,423,108,6,4,50.05,6.46,200.2,193.74,6,Late,Online,Current
1434,2024-06-21,491,30,1,3,33.3,25.18,99.9,74.72,0,On Time,Online,Current
1435,2025-05-15,869,51,3,3,110.62,29.27,331.86,302.59,0,On Time,Online,Current
1436,2025-09-03,27,104,6,3,154.04,31.04,462.12,431.08,0,On Time,Online,Future
1437,2025-10-07,893,12,3,2,177.18,21.07,354.36,333.29,0,On Time,In-Store,Future
1438,2024-08-13,133,98,1,2,192.94,1.4,385.88,384.48,0,On Time,Click & Collect,Future
1439,2024-01-23,572,107,1,2,49.65,31.12,99.3,68.18,0,On Time,Online,Current
1440,2024-07-19,853,34,1,2,116.01,34.07,232.02,197.95,0,On Time,In-Store,Future
1441,2024-08-16,97,114,1,3,83.67,2.57,251.01,248.44,1,Late,In-Store,Current
1442,2024-09-08,859,40,2,4,35.44,26.12,141.76,115.64,0,On Time,Wholesale,Current
1443,2024-01-04,184,89,6,4,144.37,26.31,577.48,551.17,0,On Time,Online,Future
1444,2025-02-10,913,3,2,1,182.39,16.39,182.39,166.0,3,Late,Wholesale,Current
1445,2025-09-02,737,49,6,2,134.92,13.24,269.84,256.6,0,On Time,Online,Future
1446,2024-06-25,489,5,6,2,140.44,32.97,280.88,247.91,0,On Time,Online,Current
1447,2024-07-17,244,116,3,1,159.24,16.3,159.24,142.94,0,On Time,Click & Collect,Current
1448,2024-04-01,896,48,6,3,94.16,5.29,282.48,277.19,0,On Time,Online,Current
1449,2025-12-26,646,45,3,2,29.58,9.74,59.16,49.42,0,On Time,Online,Future
1450,2025-05-02,109,101,6,4,123.75,22.9,495.0,472.1,2,Late,Online,Current
1451,2024-12-14,633,10,3,2,78.41,19.31,156.82,137.51,0,On Time,Online,Future
1452,2024-08-30,931,106,6,4,28.51,15.79,114.04,98.25,0,On Time,Online,Current
1453,2024-10-09,934,89,3,2,144.37,26.8,288.74,261.94,0,On Time,In-Store,Future
1454,2025-07-15,274,22,1,3,118.48,18.26,355.44,337.18,0,On Time,Click & Collect,Current
1455,2025-07-11,224,14,4,2,85.15,34.66,170.3,135.64,0,On Time,Online,Current
1456,2025-10-01,779,6,1,4,127.67,20.74,510.68,489.94,4,Late,Online,Current
1457,2024-12-09,852,84,6,1,108.1,6.53,108.1,101.57,0,On Time,Online,Current
1458,2024-03-16,670,95,2,3,168.8,29.85,506.4,476.55,0,On Time,Online,Future
1459,2024-10-04,500,112,3,2,167.65,17.0,335.3,318.3,0,On Time,Online,Current
1460,2024-09-02,925,27,6,4,148.3,17.25,593.2,575.95,0,On Time,Online,Current
1461,2025-11-13,296,115,4,1,131.17,1.98,131.17,129.19,0,On Time,In-Store,Current
1462,2024-03-19,332,32,2,3,183.92,6.68,551.76,545.08,0,On Time,Online,Future
1463,2025-01-11,442,23,3,3,87.41,8.58,262.23,253.65,0,On Time,Wholesale,Current
1464,2024-01-20,286,112,6,1,167.65,30.84,167.65,136.81,0,On Time,Click & Collect,Current
1465,2025-10-17,334,111,1,4,139.05,24.41,556.2,531.79,0,On Time,Click & Collect,Current
1466,2025-09-21,44,63,2,4,50.08,15.5,200.32,184.82,0,On Time,In-Store,Future
1467,2024-10-08,543,70,3,4,117.81,5.11,471.24,466.13,3,Late,Wholesale,Current
1468,2024-02-02,314,28,2,1,154.21,27.71,154.21,126.5,5,Late,In-Store,Current
1469,2025-12-01,75,36,1,3,162.38,18.36,487.14,468.78,0,On Time,Online,Current
1470,2025-02-08,935,78,1,3,57.86,1.7,173.58,171.88,2,Late,Wholesale,Current
1471,2024-06-12,71,62,6,3,180.58,21.87,541.74,519.87,0,On Time,Online,Future
1472,2024-06-16,953,72,6,2,141.82,12.94,283.64,270.7,1,Late,Online,Current
1473,2024-05-24,779,75,2,3,112.15,33.83,336.45,302.62,0,On Time,Online,Current
1474,2024-04-26,759,88,1,4,41.48,2.32,165.92,163.6,0,On Time,Wholesale,Current
1475,2025-11-09,180,48,3,2,94.16,8.79,188.32,179.53,0,On Time,Click & Collect,Current
1476,2024-08-22,450,23,6,1,87.41,3.73,87.41,83.68,0,On Time,Click & Collect,Current
1477,2025-12-25,873,110,6,2,159.94,30.41,319.88,289.47,0,On Time,Online,Current
1478,2025-03-24,439,10,3,4,78.41,29.93,313.64,283.71,0,On Time,Online,Current
1479,2025-11-26,443,40,5,1,35.44,6.95,35.44,28.49,0,On Time,Wholesale,Future
1480,2024-11-07,441,61,5,1,82.33,17.42,82.33,64.91,0,On Time,In-Store,Current
1481,2024-10-11,607,52,3,3,18.05,12.36,54.15,41.79,0,On Time,Online,Current
1482,2024-05-16,505,52,6,2,18.05,14.35,36.1,21.75,6,Late,Online,Current
1483,2024-03-04,617,17,4,4,141.85,33.59,567.4,533.81,1,Late,Online,Current
1484,2024-12-19,265,2,6,2,200.36,18.33,400.72,382.39,3,Late,Online,Current
1485,2024-08-15,535,52,6,4,18.05,7.89,72.2,64.31,0,On Time,Online,Current
1486,2024-12-04,906,69,6,4,82.06,19.84,328.24,308.4,0,On Time,In-Store,Future
1487,2024-10-27,855,45,3,4,29.58,8.92,118.32,109.4,0,On Time,Wholesale,Future
1488,2025-08-17,156,13,4,4,109.25,10.28,437.0,426.72,0,On Time,Online,Current
1489,2025-08-25,376,60,6,1,148.3,13.77,148.3,134.53,0,On Time,Online,Current
1490,2024-09-14,973,73,6,2,20.46,23.44,40.92,17.48,0,On Time,Online,Future
1491,2025-09-25,880,75,6,2,112.15,11.85,224.3,212.45,0,On Time,Online,Future
1492,2024-03-04,303,5,6,1,140.44,11.04,140.44,129.4,0,On Time,Online,Current
1493,2025-07-21,869,115,6,4,131.17,16.39,524.68,508.29,0,On Time,Online,Current
1494,2025-05-02,658,92,6,2,46.38,11.13,92.76,81.63,0,On Time,Online,Future
1495,2024-03-26,282,114,6,3,83.67,14.7,251.01,236.31,0,On Time,Online,Current
1496,2024-07-18,120,39,6,4,128.17,14.46,512.68,498.22,0,On Time,Online,Current
1497,2024-01-21,858,25,2,4,27.12,16.33,108.48,92.15,0,On Time,Online,Current
1498,2025-09-30,993,76,6,1,128.17,19.76,128.17,108.41,0,On Time,Online,Current
1499,2024-02-03,396,16,3,2,103.76,5.6,207.52,201.92,0,On Time,Online,Future
1500,2024-07-31,708,86,1,3,102.94,22.81,308.82,286.01,1,Late,Click & Collect,Current
1501,2024-07-23,418,116,1,2,159.24,19.04,318.48,299.44,7,Late,Online,Current
1502,2025-08-10,805,53,6,1,103.59,17.95,103.59,85.64,0,On Time,Online,Future
1503,2025-07-26,976,68,2,2,76.01,8.77,152.02,143.25,0,On Time,Click & Collect,Current
1504,2024-07-09,277,25,6,2,27.12,2.51,54.24,51.73,4,Late,Online,Current
1505,2025-09-06,374,28,2,3,154.21,7.04,462.63,455.59,2,Late,In-Store,Future
1506,2025-09-25,606,81,4,1,110.75,15.82,110.75,94.93,0,On Time,Online,Future
1507,2024-05-12,870,21,3,1,44.65,30.53,44.65,14.12,3,Late,In-Store,Current
1508,2025-10-27,169,50,4,4,97.72,14.06,390.88,376.82,0,On Time,Online,Future
1509,2024-04-16,221,87,6,2,80.57,21.1,161.14,140.04,1,Late,Online,Current
1510,2024-05-18,190,90,6,4,82.64,7.18,330.56,323.38,0,On Time,Online,Future
1511,2024-01-18,152,54,6,1,110.37,29.46,110.37,80.91,5,Late,Online,Current
1512,2025-07-02,219,89,6,3,144.37,6.93,433.11,426.18,0,On Time,Online,Future
1513,2025-10-15,356,76,6,3,128.17,17.49,384.51,367.02,0,On Time,Online,Current
1514,2025-11-12,965,87,2,3,80.57,8.98,241.71,232.73,0,On Time,Online,Current
1515,2025-05-25,945,19,6,3,118.63,30.36,355.89,325.53,0,On Time,Online,Future
1516,2024-09-18,774,33,6,1,219.29,6.34,219.29,212.95,0,On Time,Online,Future
1517,2024-03-15,445,111,2,4,139.05,17.06,556.2,539.14,5,Late,In-Store,Current
1518,2025-03-23,233,68,6,2,76.01,13.44,152.02,138.58,0,On Time,Online,Future
1519,2024-06-18,469,55,1,1,80.85,0.31,80.85,80.54,0,On Time,Online,Current
1520,2025-01-27,307,7,3,3,172.34,15.88,517.02,501.14,5,Late,Online,Current
1521,2024-05-29,1,8,6,3,62.57,30.3,187.71,157.41,0,On Time,Online,Future
1522,2024-07-31,458,88,5,4,41.48,3.5,165.92,162.42,1,Late,In-Store,Current
1523,2024-10-17,494,97,3,4,54.01,7.89,216.04,208.15,0,On Time,Online,Current
1524,2024-12-31,767,103,1,4,113.76,31.55,455.04,423.49,0,On Time,Click & Collect,Future
1525,2025-02-05,740,88,4,2,41.48,8.57,82.96,74.39,0,On Time,Click & Collect,Current
1526,2024-03-21,766,111,3,4,139.05,12.79,556.2,543.41,0,On Time,In-Store,Current
1527,2025-08-13,975,15,6,1,76.6,23.43,76.6,53.17,0,On Time,Online,Current
1528,2025-12-23,156,35,5,1,41.4,7.9,41.4,33.5,0,On Time,Online,Current
1529,2025-07-14,994,6,4,2,127.67,26.05,255.34,229.29,0,On Time,Online,Current
1530,2025-07-27,203,93,6,1,119.71,20.89,119.71,98.82,0,On Time,Online,Current
1531,2024-01-08,865,95,2,2,168.8,33.28,337.6,304.32,7,Late,In-Store,Current
1532,2024-08-30,224,98,1,2,192.94,22.79,385.88,363.09,0,On Time,Online,Future
1533,2025-08-13,392,75,6,3,112.15,24.9,336.45,311.55,0,On Time,Online,Current
1534,2024-12-14,765,12,6,3,177.18,2.72,531.54,528.82,0,On Time,Online,Future
1535,2024-07-14,671,41,6,1,110.65,15.09,110.65,95.56,0,On Time,Online,Current
1536,2025-08-12,324,80,4,2,119.07,16.64,238.14,221.5,0,On Time,Online,Current
1537,2025-08-17,640,38,3,3,97.97,3.8,293.91,290.11,0,On Time,Online,Future
1538,2025-07-10,88,58,3,4,118.61,26.87,474.44,447.57,0,On Time,Online,Future
1539,2025-03-28,125,7,4,1,172.34,7.36,172.34,164.98,0,On Time,In-Store,Current
1540,2024-01-02,111,63,1,1,50.08,2.57,50.08,47.51,0,On Time,Online,Future
1541,2024-07-03,68,3,6,4,182.39,21.21,729.56,708.35,0,On Time,In-Store,Current
1542,2024-03-05,195,31,2,4,64.76,14.04,259.04,245.0,3,Late,In-Store,Current
1543,2025-05-29,31,93,6,1,119.71,2.04,119.71,117.67,2,Late,Online,Current
1544,2025-12-09,140,26,6,1,117.76,34.75,117.76,83.01,0,On Time,Online,Current
1545,2024-12-13,864,78,3,1,57.86,19.09,57.86,38.77,0,On Time,Click & Collect,Current
1546,2025-11-28,53,115,6,3,131.17,13.15,393.51,380.36,5,Late,Click & Collect,Current
1547,2025-09-02,500,6,4,3,127.67,24.94,383.01,358.07,0,On Time,In-Store,Future
1548,2024-04-26,737,107,2,4,49.65,11.43,198.6,187.17,0,On Time,Click & Collect,Future
1549,2025-11-13,5,98,6,2,192.94,28.01,385.88,357.87,0,On Time,Online,Future
1550,2025-07-16,854,5,4,3,140.44,11.11,421.32,410.21,0,On Time,Online,Future
1551,2025-11-22,98,19,3,4,118.63,21.29,474.52,453.23,0,On Time,Click & Collect,Future
1552,2024-03-21,162,17,3,3,141.85,12.49,425.55,413.06,2,Late,Wholesale,Current
1553,2025-11-29,830,43,4,2,129.42,3.05,258.84,255.79,0,On Time,Click & Collect,Future
1554,2024-10-02,575,73,3,1,20.46,29.15,20.46,-8.69,2,Late,In-Store,Current
1555,2024-07-30,217,29,1,1,130.05,21.89,130.05,108.16,4,Late,Online,Current
1556,2024-03-27,978,105,1,4,45.95,21.13,183.8,162.67,0,On Time,Click & Collect,Future
1557,2025-03-24,601,97,6,3,54.01,9.76,162.03,152.27,3,Late,Online,Current
1558,2024-12-29,223,75,5,3,112.15,23.42,336.45,313.03,0,On Time,Online,Current
1559,2025-09-02,703,6,1,2,127.67,5.9,255.34,249.44,0,On Time,Online,Future
1560,2024-06-08,216,33,6,2,219.29,29.22,438.58,409.36,0,On Time,Online,Current
1561,2025-12-02,760,55,6,3,80.85,5.32,242.55,237.23,0,On Time,Online,Current
1562,2025-06-22,618,72,6,3,141.82,0.42,425.46,425.04,0,On Time,Online,Current
1563,2024-11-10,252,30,6,3,33.3,21.88,99.9,78.02,0,On Time,Online,Future
1564,2024-04-02,495,57,5,1,144.33,29.51,144.33,114.82,0,On Time,Wholesale,Current
1565,2024-07-19,847,51,3,1,110.62,16.57,110.62,94.05,0,On Time,Online,Current
1566,2024-06-24,587,57,3,3,144.33,25.21,432.99,407.78,0,On Time,Online,Future
1567,2025-04-26,603,96,1,4,44.65,20.46,178.6,158.14,0,On Time,Click & Collect,Future
1568,2024-03-07,808,104,3,1,154.04,5.24,154.04,148.8,0,On Time,Online,Future
1569,2025-11-27,406,116,3,2,159.24,13.96,318.48,304.52,0,On Time,In-Store,Future
1570,2025-01-09,186,33,4,2,219.29,6.85,438.58,431.73,0,On Time,In-Store,Current
1571,2024-06-18,21,11,2,3,40.32,12.47,120.96,108.49,0,On Time,Online,Future
1572,2024-09-11,554,8,1,3,62.57,5.3,187.71,182.41,0,On Time,Wholesale,Current
1573,2025-04-22,76,102,6,1,68.71,3.21,68.71,65.5,0,On Time,Online,Current
1574,2025-01-20,277,36,6,1,162.38,34.27,162.38,128.11,0,On Time,Online,Current
1575,2025-11-01,750,16,6,4,103.76,31.46,415.04,383.58,6,Late,Online,Current
1576,2024-06-18,330,109,4,1,65.96,11.4,65.96,54.56,0,On Time,Online,Current
1577,2025-11-23,457,32,6,2,183.92,17.53,367.84,350.31,2,Late,Online,Current
1578,2025-04-10,815,42,6,4,65.4,28.61,261.6,232.99,1,Late,Online,Current
1579,2024-04-18,629,55,3,1,80.85,25.93,80.85,54.92,0,On Time,Wholesale,Future
1580,2024-08-03,348,44,1,2,107.15,6.45,214.3,207.85,0,On Time,Online,Future
1581,2024-01-27,182,41,4,4,110.65,7.41,442.6,435.19,0,On Time,Online,Current
1582,2024-05-07,905,63,6,3,50.08,32.17,150.24,118.07,0,On Time,Online,Future
1583,2024-03-22,749,108,6,3,50.05,14.27,150.15,135.88,0,On Time,Online,Current
1584,2025-01-06,402,111,6,2,139.05,31.01,278.1,247.09,0,On Time,Online,Future
1585,2025-07-30,268,62,6,4,180.58,27.23,722.32,695.09,0,On Time,Online,Current
1586,2025-02-20,9,28,1,1,154.21,28.51,154.21,125.7,0,On Time,Online,Current
1587,2024-08-29,114,67,1,2,214.61,18.72,429.22,410.5,0,On Time,Online,Future
1588,2025-08-10,448,86,6,4,102.94,31.89,411.76,379.87,0,On Time,In-Store,Future
1589,2024-06-02,46,5,6,2,140.44,10.06,280.88,270.82,0,On Time,Online,Future
1590,2025-04-18,326,35,3,1,41.4,22.53,41.4,18.87,2,Late,Online,Current
1591,2024-02-22,797,19,6,4,118.63,28.17,474.52,446.35,0,On Time,Online,Current
1592,2024-03-14,566,77,4,2,132.93,17.32,265.86,248.54,0,On Time,Wholesale,Future
1593,2025-08-10,151,4,2,3,143.64,5.4,430.92,425.52,0,On Time,Online,Current
1594,2024-06-14,777,3,2,2,182.39,33.59,364.78,331.19,0,On Time,Click & Collect,Current
1595,2024-03-05,420,18,6,1,53.11,22.19,53.11,30.92,0,On Time,Online,Current
1596,2024-05-10,910,56,1,2,166.72,1.11,333.44,332.33,0,On Time,Online,Current
1597,2024-07-24,539,41,1,4,110.65,4.45,442.6,438.15,0,On Time,Online,Future
1598,2025-10-17,952,51,6,1,110.62,1.55,110.62,109.07,0,On Time,Online,Current
1599,2025-11-24,614,89,4,4,144.37,19.73,577.48,557.75,0,On Time,Online,Current
1600,2025-09-01,57,82,2,3,135.39,15.93,406.17,390.24,3,Late,Online,Current
1601,2025-12-19,877,10,6,1,78.41,16.64,78.41,61.77,0,On Time,Online,Current
1602,2025-11-26,270,56,3,4,166.72,16.27,666.88,650.61,0,On Time,Online,Future
1603,2024-06-21,900,100,6,1,91.89,26.34,91.89,65.55,0,On Time,Online,Future
1604,2024-12-24,211,63,2,3,50.08,20.21,150.24,130.03,0,On Time,Online,Future
1605,2025-06-18,238,99,1,1,170.64,27.1,170.64,143.54,0,On Time,In-Store,Current
1606,2024-08-20,968,119,6,2,21.52,16.87,43.04,26.17,0,On Time,Online,Current
1607,2025-05-05,234,48,6,4,94.16,1.13,376.64,375.51,0,On Time,Online,Future
1608,2025-10-15,715,9,2,1,102.79,18.44,102.79,84.35,0,On Time,Online,Future
1609,2025-08-14,326,66,6,4,105.25,0.33,421.0,420.67,0,On Time,Online,Current
1610,2025-01-19,963,13,6,1,109.25,21.51,109.25,87.74,0,On Time,Online,Future
1611,2025-10-04,54,70,2,4,117.81,18.21,471.24,453.03,0,On Time,Wholesale,Current
1612,2025-08-02,566,21,2,2,44.65,2.55,89.3,86.75,0,On Time,Wholesale,Future
1613,2025-11-09,815,1,6,3,125.71,19.24,377.13,357.89,0,On Time,Online,Future
1614,2025-07-04,674,4,1,4,143.64,1.2,574.56,573.36,2,Late,In-Store,Current
1615,2024-07-13,71,30,2,3,33.3,2.49,99.9,97.41,0,On Time,Online,Future
1616,2024-07-31,859,3,3,4,182.39,14.19,729.56,715.37,7,Late,In-Store,Current
1617,2024-11-21,62,79,5,1,174.91,26.29,174.91,148.62,7,Late,Online,Current
1618,2025-03-11,186,100,6,3,91.89,27.27,275.67,248.4,3,Late,Online,Current
1619,2025-02-08,451,57,3,3,144.33,10.96,432.99,422.03,1,Late,Online,Current
1620,2025-11-29,170,36,4,2,162.38,0.56,324.76,324.2,0,On Time,In-Store,Future
1621,2024-03-15,901,84,1,3,108.1,15.69,324.3,308.61,0,On Time,Online,Current
1622,2024-09-21,131,55,6,1,80.85,31.42,80.85,49.43,0,On Time,Online,Current
1623,2024-04-15,906,71,1,4,135.62,17.93,542.48,524.55,0,On Time,In-Store,Future
1624,2024-05-12,87,79,6,3,174.91,11.71,524.73,513.02,0,On Time,Online,Future
1625,2024-09-26,443,57,2,3,144.33,24.18,432.99,408.81,0,On Time,Click & Collect,Future
1626,2025-03-06,262,115,2,4,131.17,17.29,524.68,507.39,0,On Time,Online,Future
1627,2025-10-12,600,31,1,4,64.76,33.62,259.04,225.42,3,Late,In-Store,Current
1628,2024-11-21,18,45,5,4,29.58,31.47,118.32,86.85,0,On Time,Online,Current
1629,2024-09-14,444,27,2,4,148.3,2.4,593.2,590.8,0,On Time,Click & Collect,Current
1630,2024-10-02,877,108,2,2,50.05,20.54,100.1,79.56,0,On Time,Online,Current
1631,2024-06-19,219,74,4,1,120.32,4.47,120.32,115.85,7,Late,In-Store,Current
1632,2025-12-21,637,77,6,2,132.93,32.69,265.86,233.17,0,On Time,Online,Current
1633,2025-07-04,386,3,6,1,182.39,18.57,182.39,163.82,0,On Time,Online,Current
1634,2024-04-23,461,120,3,2,47.37,10.2,94.74,84.54,0,On Time,In-Store,Current
1635,2025-05-22,340,41,1,2,110.65,15.37,221.3,205.93,0,On Time,Click & Collect,Current
1636,2024-09-10,126,60,4,1,148.3,30.61,148.3,117.69,6,Late,Click & Collect,Current
1637,2024-12-12,813,27,6,2,148.3,5.88,296.6,290.72,0,On Time,Online,Current
1638,2024-04-11,269,19,4,4,118.63,10.08,474.52,464.44,1,Late,Online,Current
1639,2024-10-01,654,63,4,1,50.08,12.0,50.08,38.08,0,On Time,In-Store,Future
1640,2024-08-06,585,53,3,2,103.59,4.36,207.18,202.82,0,On Time,Online,Current
1641,2025-10-11,861,26,3,4,117.76,7.74,471.04,463.3,0,On Time,Click & Collect,Current
1642,2024-06-26,500,71,2,1,135.62,33.49,135.62,102.13,0,On Time,Wholesale,Future
1643,2024-11-12,356,102,3,2,68.71,9.2,137.42,128.22,0,On Time,Online,Current
1644,2024-11-19,365,45,2,4,29.58,14.84,118.32,103.48,0,On Time,Click & Collect,Future
1645,2024-04-14,362,35,3,3,41.4,1.67,124.2,122.53,0,On Time,Online,Current
1646,2025-05-04,226,73,2,2,20.46,12.98,40.92,27.94,0,On Time,Wholesale,Current
1647,2025-12-05,38,99,2,1,170.64,3.91,170.64,166.73,0,On Time,In-Store,Future
1648,2025-03-17,507,38,6,1,97.97,33.19,97.97,64.78,0,On Time,Click & Collect,Current
1649,2025-06-08,730,3,6,2,182.39,2.83,364.78,361.95,0,On Time,Online,Current
1650,2024-07-22,993,42,2,1,65.4,23.36,65.4,42.04,0,On Time,Wholesale,Future
1651,2024-11-02,535,112,6,4,167.65,13.55,670.6,657.05,0,On Time,Online,Current
1652,2025-08-12,913,6,3,2,127.67,6.22,255.34,249.12,0,On Time,Online,Future
1653,2024-03-30,774,61,6,3,82.33,10.69,246.99,236.3,0,On Time,Online,Future
1654,2024-09-04,736,3,1,1,182.39,33.77,182.39,148.62,2,Late,Online,Current
1655,2024-10-17,66,67,6,4,214.61,0.15,858.44,858.29,0,On Time,Online,Future
1656,2024-10-14,500,31,2,2,64.76,2.84,129.52,126.68,0,On Time,In-Store,Current
1657,2025-12-25,105,46,6,2,117.41,7.28,234.82,227.54,0,On Time,Online,Future
1658,2025-03-23,729,77,6,4,132.93,14.13,531.72,517.59,0,On Time,Online,Future
1659,2024-06-20,295,118,6,4,167.17,30.65,668.68,638.03,2,Late,Online,Future
1660,2025-08-13,231,92,6,4,46.38,28.35,185.52,157.17,0,On Time,Online,Current
1661,2024-08-27,851,93,1,2,119.71,25.77,239.42,213.65,0,On Time,Online,Current
1662,2024-08-09,1,55,6,2,80.85,11.96,161.7,149.74,1,Late,Online,Current
1663,2025-05-24,234,60,6,4,148.3,28.72,593.2,564.48,0,On Time,Online,Future
1664,2025-11-10,716,61,5,2,82.33,2.59,164.66,162.07,0,On Time,Online,Future
1665,2024-04-15,896,79,5,2,174.91,21.72,349.82,328.1,3,Late,Online,Current
1666,2025-11-21,33,25,6,1,27.12,4.38,27.12,22.74,0,On Time,Online,Current
1667,2025-01-17,892,101,1,2,123.75,30.49,247.5,217.01,0,On Time,Click & Collect,Future
1668,2024-03-19,699,62,6,4,180.58,24.56,722.32,697.76,0,On Time,Online,Current
1669,2025-08-31,961,16,5,1,103.76,1.57,103.76,102.19,0,On Time,Online,Current
1670,2024-01-10,804,30,4,4,33.3,27.24,133.2,105.96,0,On Time,Online,Future
1671,2025-12-08,87,36,6,4,162.38,30.94,649.52,618.58,1,Late,Online,Current
1672,2025-05-07,744,60,6,3,148.3,13.19,444.9,431.71,0,On Time,Online,Current
1673,2024-10-03,669,1,6,2,125.71,22.82,251.42,228.6,0,On Time,Online,Future
1674,2024-04-20,401,95,6,2,168.8,33.06,337.6,304.54,2,Late,Online,Current
1675,2024-12-14,288,58,1,4,118.61,3.64,474.44,470.8,1,Late,Click & Collect,Current
1676,2025-10-18,495,105,1,2,45.95,19.8,91.9,72.1,0,On Time,Wholesale,Current
1677,2024-09-21,864,5,1,3,140.44,27.23,421.32,394.09,0,On Time,Online,Current
1678,2025-10-14,789,42,6,1,65.4,34.57,65.4,30.83,5,Late,Online,Current
1679,2025-01-16,954,102,6,2,68.71,24.82,137.42,112.6,0,On Time,Click & Collect,Future
1680,2025-03-24,549,86,4,2,102.94,15.74,205.88,190.14,4,Late,Online,Current
1681,2025-11-16,270,8,3,1,62.57,22.6,62.57,39.97,0,On Time,Click & Collect,Current
1682,2024-05-26,955,96,6,1,44.65,18.89,44.65,25.76,0,On Time,Online,Future
1683,2025-07-13,808,7,2,4,172.34,34.14,689.36,655.22,0,On Time,In-Store,Current
1684,2025-02-11,608,35,6,1,41.4,19.09,41.4,22.31,0,On Time,Online,Future
1685,2025-02-12,725,63,5,4,50.08,25.08,200.32,175.24,5,Late,In-Store,Current
1686,2025-09-03,211,81,1,4,110.75,1.6,443.0,441.4,2,Late,Wholesale,Future
1687,2024-01-29,308,2,6,4,200.36,25.18,801.44,776.26,1,Late,Online,Current
1688,2024-06-06,353,26,6,3,117.76,17.54,353.28,335.74,0,On Time,Online,Current
1689,2025-07-16,703,86,4,4,102.94,5.95,411.76,405.81,0,On Time,Wholesale,Current
1690,2024-10-01,869,21,1,1,44.65,12.65,44.65,32.0,1,Late,Online,Current
1691,2024-08-17,615,73,6,3,20.46,24.1,61.38,37.28,0,On Time,Online,Current
1692,2025-11-23,312,30,5,3,33.3,23.87,99.9,76.03,2,Late,In-Store,Current
1693,2025-05-29,267,13,2,2,109.25,6.01,218.5,212.49,0,On Time,Click & Collect,Current
1694,2025-05-11,770,94,2,4,56.02,25.04,224.08,199.04,0,On Time,Click & Collect,Current
1695,2024-12-05,111,49,6,3,134.92,0.61,404.76,404.15,0,On Time,Online,Future
1696,2024-02-22,107,12,2,1,177.18,3.4,177.18,173.78,0,On Time,Online,Future
1697,2024-02-10,407,51,6,3,110.62,11.89,331.86,319.97,0,On Time,Online,Future
1698,2025-03-09,851,103,3,1,113.76,27.88,113.76,85.88,6,Late,Online,Current
1699,2024-11-04,883,94,4,1,56.02,1.44,56.02,54.58,0,On Time,Click & Collect,Current
1700,2024-08-08,939,100,2,4,91.89,31.71,367.56,335.85,0,On Time,Online,Future
1701,2024-07-03,447,21,6,1,44.65,19.53,44.65,25.12,1,Late,Online,Current
1702,2024-02-15,321,66,3,1,105.25,12.94,105.25,92.31,0,On Time,Click & Collect,Future
1703,2025-09-18,893,63,3,1,50.08,16.31,50.08,33.77,0,On Time,Click & Collect,Future
1704,2025-07-16,670,2,6,3,200.36,33.57,601.08,567.51,0,On Time,Online,Current
1705,2024-09-25,524,106,3,2,28.51,27.77,57.02,29.25,0,On Time,Wholesale,Current
1706,2024-03-01,564,43,3,1,129.42,30.52,129.42,98.9,0,On Time,In-Store,Current
1707,2024-04-12,95,72,3,1,141.82,14.71,141.82,127.11,0,On Time,In-Store,Current
1708,2025-10-05,910,41,4,1,110.65,15.01,110.65,95.64,0,On Time,Wholesale,Current
1709,2025-01-18,518,106,6,3,28.51,23.53,85.53,62.0,0,On Time,Online,Current
1710,2025-09-10,661,86,6,1,102.94,4.3,102.94,98.64,0,On Time,Online,Current
1711,2024-08-03,104,58,3,2,118.61,27.85,237.22,209.37,0,On Time,Online,Future
1712,2024-09-20,288,115,2,2,131.17,9.31,262.34,253.03,0,On Time,Online,Future
1713,2025-09-06,807,90,5,1,82.64,19.74,82.64,62.9,0,On Time,In-Store,Current
1714,2025-05-02,210,32,3,3,183.92,33.24,551.76,518.52,0,On Time,In-Store,Future
1715,2024-03-27,9,73,2,1,20.46,20.96,20.46,-0.5,1,Late,Online,Current
1716,2025-02-15,103,9,4,1,102.79,10.52,102.79,92.27,2,Late,Click & Collect,Future
1717,2024-03-03,120,37,3,4,141.5,17.5,566.0,548.5,0,On Time,Online,Future
1718,2024-10-22,130,60,4,4,148.3,31.73,593.2,561.47,1,Late,Wholesale,Current
1719,2024-04-17,542,100,6,1,91.89,23.62,91.89,68.27,0,On Time,Online,Future
1720,2025-08-18,869,101,6,2,123.75,11.65,247.5,235.85,0,On Time,Online,Future
1721,2025-03-19,698,83,6,3,73.64,19.86,220.92,201.06,6,Late,Online,Current
1722,2024-07-21,819,49,3,3,134.92,16.96,404.76,387.8,0,On Time,Online,Current
1723,2024-07-23,187,93,1,2,119.71,22.67,239.42,216.75,0,On Time,Click & Collect,Future
1724,2024-09-24,529,23,1,3,87.41,33.32,262.23,228.91,0,On Time,Wholesale,Future
1725,2025-05-05,102,67,6,2,214.61,31.03,429.22,398.19,0,On Time,Online,Future
1726,2024-09-20,914,117,2,4,131.87,19.07,527.48,508.41,0,On Time,Click & Collect,Future
1727,2024-08-24,463,118,4,2,167.17,16.49,334.34,317.85,6,Late,Wholesale,Current
1728,2024-05-15,956,104,6,3,154.04,1.31,462.12,460.81,7,Late,Online,Current
1729,2024-12-10,740,54,3,2,110.37,32.96,220.74,187.78,7,Late,Online,Current
1730,2024-07-08,327,35,1,1,41.4,20.23,41.4,21.17,0,On Time,Online,Future
1731,2024-05-27,380,103,3,1,113.76,15.77,113.76,97.99,0,On Time,Online,Current
1732,2024-02-22,313,96,6,1,44.65,11.36,44.65,33.29,0,On Time,Online,Future
1733,2024-11-24,508,37,6,2,141.5,22.39,283.0,260.61,0,On Time,Online,Current
1734,2024-01-13,856,77,6,3,132.93,15.79,398.79,383.0,0,On Time,Online,Future
1735,2025-06-15,646,3,3,1,182.39,11.36,182.39,171.03,2,Late,Online,Future
1736,2025-12-06,240,98,2,1,192.94,29.77,192.94,163.17,0,On Time,Online,Current
1737,2025-08-04,457,39,6,1,128.17,3.38,128.17,124.79,0,On Time,Online,Future
1738,2024-01-20,547,81,6,4,110.75,22.86,443.0,420.14,0,On Time,Online,Future
1739,2025-02-21,480,109,6,2,65.96,2.02,131.92,129.9,0,On Time,Online,Current
1740,2025-03-13,202,80,2,1,119.07,21.06,119.07,98.01,0,On Time,Wholesale,Current
1741,2024-05-01,124,88,4,1,41.48,20.23,41.48,21.25,0,On Time,In-Store,Current
1742,2025-04-07,323,105,6,1,45.95,20.34,45.95,25.61,0,On Time,Online,Current
1743,2025-12-25,467,46,5,1,117.41,22.68,117.41,94.73,0,On Time,In-Store,Future
1744,2025-04-20,54,81,3,2,110.75,3.36,221.5,218.14,0,On Time,In-Store,Current
1745,2025-11-07,501,4,3,3,143.64,25.04,430.92,405.88,0,On Time,Wholesale,Future
1746,2025-06-17,893,81,5,2,110.75,33.15,221.5,188.35,0,On Time,Wholesale,Current
1747,2024-06-24,711,95,5,4,168.8,32.94,675.2,642.26,0,On Time,In-Store,Current
1748,2024-10-21,762,43,2,3,129.42,1.06,388.26,387.2,0,On Time,Online,Current
1749,2025-12-14,655,43,4,2,129.42,21.97,258.84,236.87,0,On Time,Online,Future
1750,2025-04-05,544,107,2,2,49.65,27.48,99.3,71.82,0,On Time,Online,Current
1751,2024-06-23,274,98,6,3,192.94,32.57,578.82,546.25,7,Late,Online,Current
1752,2024-08-03,738,61,2,4,82.33,25.53,329.32,303.79,0,On Time,Wholesale,Current
1753,2024-02-22,152,106,2,3,28.51,27.39,85.53,58.14,0,On Time,In-Store,Current
1754,2025-06-18,389,64,1,2,106.6,7.22,213.2,205.98,0,On Time,Click & Collect,Current
1755,2025-11-14,560,106,6,2,28.51,17.58,57.02,39.44,0,On Time,Wholesale,Current
1756,2025-02-10,115,36,3,1,162.38,32.45,162.38,129.93,0,On Time,Click & Collect,Future
1757,2024-07-08,93,75,2,2,112.15,8.14,224.3,216.16,7,Late,Online,Current
1758,2024-02-16,285,62,1,2,180.58,17.69,361.16,343.47,0,On Time,Click & Collect,Future
1759,2025-01-20,298,27,4,1,148.3,32.09,148.3,116.21,0,On Time,In-Store,Future
1760,2024-11-12,503,50,4,3,97.72,6.91,293.16,286.25,0,On Time,Online,Future
1761,2024-01-14,198,112,1,1,167.65,27.81,167.65,139.84,0,On Time,Click & Collect,Future
1762,2024-10-12,656,43,4,3,129.42,5.38,388.26,382.88,0,On Time,Wholesale,Future
1763,2024-12-30,598,105,4,2,45.95,32.27,91.9,59.63,0,On Time,Online,Current
1764,2025-09-04,994,82,4,2,135.39,23.79,270.78,246.99,0,On Time,Online,Future
1765,2024-12-28,339,67,1,4,214.61,19.22,858.44,839.22,0,On Time,Wholesale,Current
1766,2025-06-02,619,110,2,3,159.94,12.73,479.82,467.09,0,On Time,Online,Future
1767,2025-05-14,63,46,5,1,117.41,21.46,117.41,95.95,4,Late,Click & Collect,Current
1768,2025-09-25,256,61,4,2,82.33,11.76,164.66,152.9,0,On Time,Wholesale,Future
1769,2025-12-12,393,18,6,3,53.11,2.33,159.33,157.0,4,Late,Online,Current
1770,2024-03-19,582,112,6,2,167.65,33.08,335.3,302.22,0,On Time,Online,Future
1771,2024-05-14,305,9,6,2,102.79,2.18,205.58,203.4,0,On Time,Online,Future
1772,2025-08-10,904,12,2,2,177.18,33.25,354.36,321.11,0,On Time,Online,Current
1773,2025-01-17,511,52,1,2,18.05,20.7,36.1,15.4,3,Late,Online,Current
1774,2025-06-26,195,73,5,4,20.46,23.53,81.84,58.31,0,On Time,Online,Future
1775,2024-11-29,936,48,6,2,94.16,2.84,188.32,185.48,0,On Time,Online,Future
1776,2025-12-26,729,30,6,2,33.3,24.46,66.6,42.14,0,On Time,Online,Future
1777,2024-01-03,358,115,1,3,131.17,12.19,393.51,381.32,0,On Time,Online,Future
1778,2025-08-08,567,34,3,3,116.01,22.17,348.03,325.86,0,On Time,Online,Future
1779,2025-06-13,852,103,6,3,113.76,28.25,341.28,313.03,0,On Time,Wholesale,Current
1780,2025-06-17,340,15,2,3,76.6,32.84,229.8,196.96,0,On Time,Online,Future
1781,2024-11-24,764,3,2,4,182.39,34.04,729.56,695.52,7,Late,Wholesale,Current
1782,2024-12-24,354,96,1,2,44.65,12.17,89.3,77.13,0,On Time,Online,Current
1783,2025-11-02,857,53,6,4,103.59,20.51,414.36,393.85,0,On Time,Online,Current
1784,2024-02-13,160,61,6,4,82.33,1.33,329.32,327.99,0,On Time,Online,Current
1785,2025-08-27,400,96,1,3,44.65,2.49,133.95,131.46,0,On Time,Click & Collect,Future
1786,2025-07-05,648,112,6,2,167.65,25.45,335.3,309.85,0,On Time,Online,Current
1787,2024-03-26,292,59,1,3,99.02,11.97,297.06,285.09,0,On Time,Click & Collect,Current
1788,2025-03-12,418,98,3,1,192.94,8.65,192.94,184.29,0,On Time,Online,Future
1789,2025-06-06,883,22,1,2,118.48,33.18,236.96,203.78,0,On Time,Wholesale,Current
1790,2025-01-11,740,96,5,1,44.65,12.22,44.65,32.43,0,On Time,In-Store,Future
1791,2024-06-21,699,12,6,4,177.18,16.82,708.72,691.9,0,On Time,Online,Future
1792,2025-06-13,22,15,6,3,76.6,10.84,229.8,218.96,0,On Time,Online,Current
1793,2025-07-31,764,83,6,2,73.64,24.38,147.28,122.9,0,On Time,Online,Future
1794,2025-05-05,636,119,3,3,21.52,22.97,64.56,41.59,0,On Time,Online,Future
1795,2024-12-13,98,80,2,4,119.07,11.58,476.28,464.7,0,On Time,Online,Future
1796,2025-08-02,592,71,6,3,135.62,3.25,406.86,403.61,0,On Time,Online,Future
1797,2024-09-02,567,48,6,3,94.16,18.82,282.48,263.66,6,Late,Online,Current
1798,2024-11-14,185,100,3,1,91.89,28.74,91.89,63.15,0,On Time,Wholesale,Future
1799,2024-05-26,4,33,6,2,219.29,33.91,438.58,404.67,0,On Time,Online,Current
1800,2025-08-28,370,86,6,4,102.94,0.76,411.76,411.0,0,On Time,Online,Future
1801,2024-10-13,427,5,6,2,140.44,29.22,280.88,251.66,0,On Time,Online,Future
1802,2024-10-31,361,86,2,3,102.94,4.94,308.82,303.88,0,On Time,Wholesale,Future
1803,2025-01-09,865,22,2,1,118.48,7.24,118.48,111.24,0,On Time,Wholesale,Current
1804,2024-02-24,873,41,2,2,110.65,20.05,221.3,201.25,4,Late,Wholesale,Current
1805,2025-09-29,573,98,5,1,192.94,32.65,192.94,160.29,0,On Time,Online,Current
1806,2024-03-29,701,62,6,3,180.58,0.37,541.74,541.37,0,On Time,Online,Current
1807,2024-07-26,93,116,1,3,159.24,19.4,477.72,458.32,3,Late,Online,Current
1808,2024-05-16,969,76,3,4,128.17,10.65,512.68,502.03,0,On Time,Click & Collect,Current
1809,2025-04-29,485,77,6,4,132.93,27.81,531.72,503.91,0,On Time,Online,Future
1810,2025-07-26,329,37,6,1,141.5,18.61,141.5,122.89,2,Late,Online,Future
1811,2024-10-19,368,29,1,1,130.05,1.35,130.05,128.7,0,On Time,Online,Current
1812,2024-05-31,819,94,6,4,56.02,3.17,224.08,220.91,0,On Time,Click & Collect,Current
1813,2024-03-05,547,43,6,2,129.42,5.5,258.84,253.34,0,On Time,Online,Current
1814,2024-02-11,252,29,1,1,130.05,5.87,130.05,124.18,0,On Time,Online,Current
1815,2024-05-09,871,36,5,4,162.38,26.96,649.52,622.56,0,On Time,Online,Current
1816,2024-07-11,283,101,6,1,123.75,10.25,123.75,113.5,0,On Time,Online,Current
1817,2024-05-24,387,104,4,4,154.04,29.72,616.16,586.44,0,On Time,In-Store,Future
1818,2025-08-14,603,102,6,4,68.71,34.9,274.84,239.94,0,On Time,Online,Current
1819,2024-06-19,147,27,6,3,148.3,2.44,444.9,442.46,0,On Time,Online,Current
1820,2024-04-23,101,25,1,3,27.12,23.36,81.36,58.0,0,On Time,Online,Future
1821,2024-10-03,333,10,2,3,78.41,13.68,235.23,221.55,0,On Time,In-Store,Current
1822,2024-03-01,791,61,6,2,82.33,34.14,164.66,130.52,0,On Time,Online,Future
1823,2024-06-26,499,92,2,4,46.38,6.88,185.52,178.64,0,On Time,Online,Current
1824,2024-12-06,16,21,1,4,44.65,16.0,178.6,162.6,0,On Time,Wholesale,Current
1825,2024-03-30,977,52,1,3,18.05,31.01,54.15,23.14,0,On Time,Click & Collect,Current
1826,2024-10-13,257,35,6,1,41.4,16.38,41.4,25.02,0,On Time,Online,Current
1827,2024-06-10,356,81,6,3,110.75,8.34,332.25,323.91,0,On Time,Online,Future
1828,2024-08-10,357,108,2,4,50.05,18.81,200.2,181.39,6,Late,Online,Current
1829,2024-10-15,107,62,6,1,180.58,13.93,180.58,166.65,0,On Time,Online,Current
1830,2024-09-12,350,16,6,3,103.76,25.38,311.28,285.9,1,Late,Online,Future
1831,2024-01-02,549,110,2,2,159.94,25.91,319.88,293.97,0,On Time,Click & Collect,Current
1832,2025-06-03,694,34,2,2,116.01,20.81,232.02,211.21,0,On Time,Wholesale,Current
1833,2024-02-26,847,53,1,4,103.59,22.11,414.36,392.25,1,Late,Online,Current
1834,2024-03-21,273,10,3,3,78.41,28.13,235.23,207.1,0,On Time,Online,Current
1835,2024-09-02,642,120,2,4,47.37,29.97,189.48,159.51,0,On Time,In-Store,Current
1836,2024-04-30,361,48,4,3,94.16,33.63,282.48,248.85,0,On Time,Online,Current
1837,2024-01-30,852,76,2,4,128.17,11.35,512.68,501.33,0,On Time,Online,Current
1838,2024-05-11,308,94,2,2,56.02,28.34,112.04,83.7,0,On Time,Online,Current
1839,2024-01-03,15,23,6,1,87.41,12.88,87.41,74.53,0,On Time,Online,Current
1840,2024-05-30,38,42,2,3,65.4,5.93,196.2,190.27,0,On Time,Online,Future
1841,2024-10-20,62,101,5,4,123.75,22.79,495.0,472.21,0,On Time,Online,Current
1842,2024-11-28,699,108,1,2,50.05,14.05,100.1,86.05,0,On Time,Click & Collect,Current
1843,2025-12-04,360,98,4,4,192.94,33.07,771.76,738.69,0,On Time,Click & Collect,Future
1844,2024-11-21,863,10,2,3,78.41,5.95,235.23,229.28,0,On Time,In-Store,Current
1845,2024-12-29,611,101,2,2,123.75,0.61,247.5,246.89,0,On Time,Online,Future
1846,2025-07-10,374,113,6,1,120.7,15.39,120.7,105.31,0,On Time,Online,Future
1847,2025-03-28,390,100,5,4,91.89,5.43,367.56,362.13,0,On Time,Click & Collect,Current
1848,2025-03-26,81,48,6,2,94.16,26.04,188.32,162.28,2,Late,Online,Current
1849,2025-11-04,257,93,6,2,119.71,25.64,239.42,213.78,0,On Time,Wholesale,Future
1850,2024-09-19,178,103,6,1,113.76,12.57,113.76,101.19,0,On Time,Online,Future
1851,2024-05-04,364,119,6,2,21.52,5.08,43.04,37.96,4,Late,Online,Current
1852,2025-11-13,243,49,2,1,134.92,20.41,134.92,114.51,4,Late,In-Store,Current
1853,2025-10-11,638,49,3,3,134.92,3.87,404.76,400.89,1,Late,In-Store,Current
1854,2024-06-11,348,98,6,3,192.94,2.26,578.82,576.56,0,On Time,Online,Future
1855,2024-09-03,620,108,4,3,50.05,5.69,150.15,144.46,0,On Time,Wholesale,Current
1856,2025-04-16,140,55,6,4,80.85,32.27,323.4,291.13,0,On Time,Online,Future
1857,2025-08-10,787,46,1,2,117.41,4.75,234.82,230.07,2,Late,Wholesale,Future
1858,2025-07-26,904,17,5,2,141.85,34.51,283.7,249.19,0,On Time,In-Store,Future
1859,2025-09-29,944,19,6,4,118.63,28.84,474.52,445.68,0,On Time,Online,Future
1860,2025-12-28,84,80,4,2,119.07,14.68,238.14,223.46,5,Late,In-Store,Current
1861,2024-09-11,445,58,2,2,118.61,32.78,237.22,204.44,0,On Time,Wholesale,Current
1862,2024-03-30,763,60,4,1,148.3,21.63,148.3,126.67,0,On Time,Wholesale,Current
1863,2025-02-10,512,102,3,2,68.71,12.85,137.42,124.57,0,On Time,In-Store,Future
1864,2025-10-31,349,75,3,4,112.15,7.09,448.6,441.51,4,Late,Online,Current
1865,2025-10-09,388,3,6,2,182.39,11.59,364.78,353.19,0,On Time,Online,Current
1866,2025-09-01,60,9,1,2,102.79,32.54,205.58,173.04,0,On Time,Click & Collect,Current
1867,2024-01-08,670,15,4,3,76.6,20.55,229.8,209.25,0,On Time,In-Store,Current
1868,2024-09-24,655,114,6,1,83.67,21.33,83.67,62.34,0,On Time,Online,Future
1869,2024-02-13,542,80,6,4,119.07,22.06,476.28,454.22,0,On Time,Online,Future
1870,2024-02-04,558,5,4,3,140.44,32.64,421.32,388.68,0,On Time,Click & Collect,Future
1871,2024-07-04,863,84,6,2,108.1,6.66,216.2,209.54,5,Late,Online,Current
1872,2024-05-06,744,41,3,1,110.65,22.19,110.65,88.46,1,Late,Online,Current
1873,2024-11-10,939,19,6,4,118.63,21.06,474.52,453.46,0,On Time,Online,Current
1874,2024-11-04,432,26,6,1,117.76,29.99,117.76,87.77,0,On Time,Online,Current
1875,2024-05-18,824,66,6,4,105.25,26.97,421.0,394.03,0,On Time,Online,Current
1876,2025-08-29,216,81,6,2,110.75,3.1,221.5,218.4,0,On Time,Online,Current
1877,2025-02-10,628,3,6,3,182.39,31.41,547.17,515.76,0,On Time,Online,Future
1878,2024-01-18,200,12,4,2,177.18,1.99,354.36,352.37,7,Late,Online,Current
1879,2025-08-12,411,16,6,1,103.76,30.37,103.76,73.39,0,On Time,Online,Current
1880,2025-09-19,545,13,2,4,109.25,8.03,437.0,428.97,0,On Time,Online,Future
1881,2025-06-19,25,68,1,2,76.01,28.49,152.02,123.53,0,On Time,Online,Future
1882,2024-10-19,909,18,6,1,53.11,2.62,53.11,50.49,1,Late,Online,Future
1883,2025-03-12,614,104,6,2,154.04,25.03,308.08,283.05,0,On Time,Online,Future
1884,2025-10-17,774,20,1,4,93.73,8.74,374.92,366.18,5,Late,In-Store,Current
1885,2025-10-13,605,108,6,2,50.05,30.59,100.1,69.51,0,On Time,Online,Current
1886,2025-12-26,716,53,4,2,103.59,15.83,207.18,191.35,0,On Time,Wholesale,Current
1887,2024-04-07,642,38,5,3,97.97,12.07,293.91,281.84,0,On Time,Click & Collect,Future
1888,2024-01-19,640,27,3,3,148.3,28.18,444.9,416.72,0,On Time,Click & Collect,Future
1889,2024-05-24,702,33,5,1,219.29,2.15,219.29,217.14,0,On Time,Online,Current
1890,2024-11-15,992,99,4,3,170.64,29.99,511.92,481.93,0,On Time,Online,Future
1891,2024-06-08,753,57,1,1,144.33,19.93,144.33,124.4,0,On Time,Click & Collect,Current
1892,2024-10-29,326,52,5,4,18.05,20.65,72.2,51.55,0,On Time,Online,Future
1893,2025-01-13,340,58,4,1,118.61,24.7,118.61,93.91,7,Late,In-Store,Current
1894,2025-07-22,714,103,4,4,113.76,27.09,455.04,427.95,0,On Time,Online,Future
1895,2024-01-23,693,102,1,2,68.71,34.96,137.42,102.46,0,On Time,Online,Future
1896,2025-07-27,456,12,4,4,177.18,13.34,708.72,695.38,3,Late,In-Store,Current
1897,2024-07-31,122,85,6,3,142.01,34.63,426.03,391.4,6,Late,Online,Current
1898,2025-01-11,668,36,3,1,162.38,30.82,162.38,131.56,0,On Time,Online,Current
1899,2025-07-28,806,10,3,1,78.41,25.96,78.41,52.45,0,On Time,Click & Collect,Current
1900,2025-05-21,270,75,6,3,112.15,2.63,336.45,333.82,0,On Time,Online,Current
1901,2025-03-28,678,54,6,4,110.37,10.63,441.48,430.85,2,Late,Online,Current
1902,2024-09-29,428,81,6,2,110.75,9.23,221.5,212.27,0,On Time,Click & Collect,Current
1903,2025-09-21,265,5,5,2,140.44,10.54,280.88,270.34,0,On Time,Online,Future
1904,2024-04-08,266,73,1,4,20.46,22.43,81.84,59.41,4,Late,Online,Current
1905,2025-12-19,725,19,4,4,118.63,26.89,474.52,447.63,5,Late,Wholesale,Current
1906,2024-03-20,931,35,6,1,41.4,25.11,41.4,16.29,0,On Time,Online,Current
1907,2025-02-23,309,25,1,1,27.12,12.26,27.12,14.86,0,On Time,Wholesale,Current
1908,2024-11-13,70,104,6,1,154.04,9.72,154.04,144.32,0,On Time,Online,Future
1909,2024-09-11,816,104,6,4,154.04,20.51,616.16,595.65,0,On Time,Online,Current
1910,2024-07-12,590,42,6,2,65.4,33.51,130.8,97.29,0,On Time,Online,Current
1911,2024-06-06,773,106,2,4,28.51,31.78,114.04,82.26,0,On Time,Online,Future
1912,2024-05-31,977,32,1,1,183.92,21.96,183.92,161.96,1,Late,Online,Current
1913,2024-10-13,548,112,5,3,167.65,4.01,502.95,498.94,0,On Time,Click & Collect,Current
1914,2025-12-25,864,12,6,3,177.18,15.97,531.54,515.57,0,On Time,Online,Current
1915,2024-01-19,285,119,5,1,21.52,27.59,21.52,-6.07,0,On Time,Online,Current
1916,2025-10-22,260,54,3,1,110.37,0.27,110.37,110.1,0,On Time,In-Store,Current
1917,2024-06-07,576,56,6,2,166.72,21.47,333.44,311.97,2,Late,Online,Future
1918,2024-05-13,730,78,4,2,57.86,19.17,115.72,96.55,0,On Time,Wholesale,Current
1919,2025-07-22,5,76,6,4,128.17,20.16,512.68,492.52,0,On Time,Online,Current
1920,2024-09-03,318,41,4,2,110.65,9.78,221.3,211.52,0,On Time,Online,Future
1921,2025-08-28,895,20,4,1,93.73,27.35,93.73,66.38,7,Late,Online,Current
1922,2024-03-29,265,80,3,4,119.07,18.42,476.28,457.86,0,On Time,Wholesale,Future
1923,2024-12-02,162,28,6,1,154.21,20.04,154.21,134.17,0,On Time,Online,Current
1924,2024-06-11,674,74,5,4,120.32,13.33,481.28,467.95,0,On Time,In-Store,Future
1925,2024-12-16,493,54,6,1,110.37,16.2,110.37,94.17,5,Late,Online,Current
1926,2024-08-05,608,6,2,4,127.67,12.96,510.68,497.72,0,On Time,Click & Collect,Current
1927,2025-02-05,503,79,6,1,174.91,9.23,174.91,165.68,0,On Time,Online,Future
1928,2025-12-13,162,47,4,2,146.36,26.42,292.72,266.3,0,On Time,Online,Future
1929,2025-09-16,445,115,6,3,131.17,24.85,393.51,368.66,1,Late,Online,Current
1930,2024-07-31,514,38,6,2,97.97,14.25,195.94,181.69,1,Late,Online,Current
1931,2025-01-05,756,97,6,4,54.01,30.97,216.04,185.07,0,On Time,Online,Future
1932,2025-12-02,164,67,6,3,214.61,7.64,643.83,636.19,0,On Time,Online,Future
1933,2025-12-12,627,105,3,3,45.95,3.88,137.85,133.97,0,On Time,Wholesale,Current
1934,2025-08-14,35,103,3,4,113.76,6.95,455.04,448.09,0,On Time,Click & Collect,Current
1935,2024-05-13,735,24,4,4,152.6,23.0,610.4,587.4,0,On Time,In-Store,Current
1936,2025-11-21,121,27,1,1,148.3,24.8,148.3,123.5,0,On Time,Click & Collect,Current
1937,2024-05-14,232,75,5,4,112.15,24.38,448.6,424.22,0,On Time,Online,Future
1938,2024-01-17,636,34,5,4,116.01,14.08,464.04,449.96,0,On Time,Wholesale,Current
1939,2024-11-23,190,42,3,2,65.4,4.89,130.8,125.91,0,On Time,In-Store,Future
1940,2024-08-30,391,67,5,4,214.61,7.28,858.44,851.16,0,On Time,Click & Collect,Future
1941,2024-03-25,861,11,1,3,40.32,3.36,120.96,117.6,0,On Time,Online,Future
1942,2024-04-30,676,19,6,2,118.63,29.51,237.26,207.75,0,On Time,Online,Future
1943,2025-10-08,900,2,2,4,200.36,1.26,801.44,800.18,0,On Time,Online,Future
1944,2024-09-27,190,58,2,4,118.61,30.86,474.44,443.58,5,Late,Online,Current
1945,2024-12-01,149,118,3,4,167.17,1.08,668.68,667.6,0,On Time,Online,Future
1946,2025-06-16,413,48,6,4,94.16,2.06,376.64,374.58,0,On Time,Online,Future
1947,2025-09-21,85,75,2,2,112.15,30.42,224.3,193.88,2,Late,Online,Future
1948,2025-09-25,244,48,3,4,94.16,31.54,376.64,345.1,0,On Time,Online,Future
1949,2025-04-08,539,73,1,2,20.46,9.29,40.92,31.63,0,On Time,Online,Future
1950,2024-01-04,488,117,4,3,131.87,32.71,395.61,362.9,3,Late,Online,Current
1951,2024-09-25,568,59,3,4,99.02,28.17,396.08,367.91,0,On Time,Online,Current
1952,2024-07-19,541,95,6,1,168.8,33.28,168.8,135.52,0,On Time,Online,Future
1953,2024-04-12,146,50,1,3,97.72,31.43,293.16,261.73,0,On Time,Wholesale,Current
1954,2024-01-26,958,19,2,1,118.63,17.71,118.63,100.92,0,On Time,Click & Collect,Current
1955,2025-11-03,105,66,1,2,105.25,12.71,210.5,197.79,0,On Time,Wholesale,Current
1956,2024-08-10,519,54,6,3,110.37,12.79,331.11,318.32,0,On Time,Online,Current
1957,2025-12-08,981,5,6,3,140.44,25.59,421.32,395.73,0,On Time,Online,Future
1958,2025-06-15,174,50,1,4,97.72,7.97,390.88,382.91,0,On Time,Online,Current
1959,2025-02-01,16,37,2,1,141.5,21.74,141.5,119.76,0,On Time,Online,Current
1960,2025-09-13,486,19,1,4,118.63,31.4,474.52,443.12,0,On Time,Online,Current
1961,2025-05-26,925,17,6,2,141.85,24.53,283.7,259.17,0,On Time,Online,Current
1962,2025-03-13,291,69,6,3,82.06,34.43,246.18,211.75,0,On Time,Online,Future
1963,2024-10-28,746,113,3,2,120.7,2.88,241.4,238.52,0,On Time,Online,Current
1964,2024-04-23,513,103,6,2,113.76,32.18,227.52,195.34,0,On Time,Online,Current
1965,2024-09-29,933,80,4,1,119.07,26.45,119.07,92.62,0,On Time,Online,Future
1966,2025-12-14,89,58,2,4,118.61,34.08,474.44,440.36,0,On Time,Click & Collect,Current
1967,2025-10-30,107,108,6,4,50.05,21.79,200.2,178.41,0,On Time,Online,Current
1968,2025-02-06,767,93,5,4,119.71,6.8,478.84,472.04,1,Late,Click & Collect,Current
1969,2024-12-16,310,82,5,1,135.39,5.84,135.39,129.55,0,On Time,Wholesale,Current
1970,2024-03-26,533,102,1,3,68.71,23.5,206.13,182.63,0,On Time,Online,Current
1971,2024-04-04,662,77,6,3,132.93,12.24,398.79,386.55,0,On Time,Online,Current
1972,2025-05-05,162,23,6,1,87.41,10.49,87.41,76.92,0,On Time,Online,Future
1973,2025-12-24,135,93,3,3,119.71,27.2,359.13,331.93,0,On Time,Online,Current
1974,2024-11-22,337,55,1,3,80.85,7.41,242.55,235.14,1,Late,Online,Future
1975,2025-08-03,858,23,6,2,87.41,10.73,174.82,164.09,0,On Time,Online,Future
1976,2024-08-23,290,24,1,1,152.6,16.52,152.6,136.08,4,Late,Click & Collect,Current
1977,2024-04-14,939,66,1,1,105.25,17.94,105.25,87.31,3,Late,Online,Current
1978,2025-02-22,262,35,3,2,41.4,25.89,82.8,56.91,1,Late,In-Store,Future
1979,2024-12-05,254,66,6,1,105.25,28.73,105.25,76.52,4,Late,Online,Current
1980,2025-10-17,7,57,3,3,144.33,17.86,432.99,415.13,0,On Time,Online,Future
1981,2025-11-30,970,91,6,2,85.5,6.56,171.0,164.44,0,On Time,Online,Future
1982,2025-11-24,327,66,4,2,105.25,18.02,210.5,192.48,0,On Time,Online,Current
1983,2025-08-24,318,53,1,4,103.59,32.71,414.36,381.65,0,On Time,Click & Collect,Current
1984,2025-01-04,472,90,6,2,82.64,27.29,165.28,137.99,0,On Time,Online,Future
1985,2024-07-31,355,96,1,4,44.65,10.98,178.6,167.62,4,Late,Online,Current
1986,2025-05-20,115,17,3,3,141.85,10.43,425.55,415.12,0,On Time,Wholesale,Current
1987,2024-02-11,381,45,6,1,29.58,26.87,29.58,2.71,0,On Time,Online,Current
1988,2025-10-06,685,43,6,3,129.42,8.97,388.26,379.29,0,On Time,Online,Future
1989,2024-05-17,765,28,1,3,154.21,3.51,462.63,459.12,0,On Time,Click & Collect,Current
1990,2025-07-04,223,116,6,1,159.24,5.91,159.24,153.33,0,On Time,Online,Future
1991,2025-08-06,239,71,6,2,135.62,4.74,271.24,266.5,0,On Time,Online,Current
1992,2024-01-23,195,90,6,3,82.64,2.04,247.92,245.88,0,On Time,Online,Future
1993,2024-06-15,914,90,6,1,82.64,9.65,82.64,72.99,0,On Time,Online,Current
1994,2024-09-21,244,28,6,2,154.21,21.11,308.42,287.31,0,On Time,Online,Future
1995,2025-04-20,916,104,6,4,154.04,2.22,616.16,613.94,0,On Time,Online,Future
1996,2025-05-30,859,112,3,3,167.65,21.63,502.95,481.32,0,On Time,Online,Future
1997,2024-11-24,761,96,6,1,44.65,29.09,44.65,15.56,0,On Time,Online,Future
1998,2024-12-16,285,109,5,4,65.96,8.65,263.84,255.19,0,On Time,Wholesale,Current
1999,2024-02-01,693,92,6,4,46.38,26.27,185.52,159.25,0,On Time,Online,Current
2000,2025-04-28,598,80,3,1,119.07,16.27,119.07,102.8,0,On Time,Click & Collect,Future
2001,2025-07-28,45,94,6,4,56.02,5.01,224.08,219.07,0,On Time,Click & Collect,Future
2002,2025-09-11,966,34,1,4,116.01,20.99,464.04,443.05,0,On Time,Wholesale,Current
2003,2025-09-25,92,23,6,2,87.41,17.48,174.82,157.34,4,Late,Online,Current
2004,2025-12-27,850,112,6,4,167.65,9.98,670.6,660.62,0,On Time,Online,Future
2005,2024-12-12,347,102,6,3,68.71,20.17,206.13,185.96,0,On Time,Online,Future
2006,2025-10-28,771,100,3,3,91.89,34.81,275.67,240.86,0,On Time,Wholesale,Future
2007,2025-11-04,301,18,2,1,53.11,27.09,53.11,26.02,0,On Time,Wholesale,Current
2008,2025-02-18,354,4,6,3,143.64,2.28,430.92,428.64,0,On Time,Online,Current
2009,2024-07-06,631,95,2,1,168.8,25.67,168.8,143.13,0,On Time,Wholesale,Future
2010,2024-03-07,17,84,5,1,108.1,23.5,108.1,84.6,0,On Time,In-Store,Future
2011,2024-07-28,941,43,6,2,129.42,25.11,258.84,233.73,0,On Time,Online,Future
2012,2025-02-24,491,97,3,4,54.01,20.81,216.04,195.23,0,On Time,Online,Current
2013,2024-05-05,863,106,5,3,28.51,23.54,85.53,61.99,1,Late,Online,Future
2014,2025-08-16,402,84,2,2,108.1,5.61,216.2,210.59,6,Late,Click & Collect,Current
2015,2025-05-13,199,97,4,4,54.01,24.76,216.04,191.28,0,On Time,Wholesale,Future
2016,2024-01-14,478,8,1,2,62.57,30.87,125.14,94.27,0,On Time,Online,Future
2017,2024-04-30,656,65,6,2,71.32,33.5,142.64,109.14,5,Late,Online,Current
2018,2025-01-04,608,52,3,1,18.05,28.51,18.05,-10.46,0,On Time,Online,Future
2019,2025-11-14,559,103,4,4,113.76,11.54,455.04,443.5,0,On Time,Online,Current
2020,2025-12-27,162,25,6,3,27.12,25.07,81.36,56.29,0,On Time,Online,Current
2021,2024-02-16,396,85,1,3,142.01,6.52,426.03,419.51,0,On Time,Online,Current
2022,2024-03-12,323,101,1,4,123.75,10.46,495.0,484.54,0,On Time,Online,Future
2023,2025-07-24,986,89,2,2,144.37,24.47,288.74,264.27,0,On Time,Online,Current
2024,2025-03-06,751,110,6,1,159.94,15.92,159.94,144.02,0,On Time,Online,Current
2025,2025-01-05,629,115,6,1,131.17,14.14,131.17,117.03,0,On Time,Online,Current
2026,2024-11-30,350,119,3,4,21.52,10.72,86.08,75.36,0,On Time,Online,Current
2027,2024-03-20,439,76,6,4,128.17,5.35,512.68,507.33,0,On Time,Online,Current
2028,2025-06-21,36,15,3,4,76.6,10.31,306.4,296.09,0,On Time,Online,Future
2029,2025-12-30,868,31,6,1,64.76,2.31,64.76,62.45,0,On Time,Online,Current
2030,2025-12-01,576,61,3,2,82.33,4.96,164.66,159.7,0,On Time,In-Store,Future
2031,2024-06-17,947,3,6,2,182.39,21.71,364.78,343.07,7,Late,Online,Current
2032,2024-07-22,944,67,6,2,214.61,1.04,429.22,428.18,0,On Time,Online,Future
2033,2025-01-02,638,35,6,1,41.4,34.69,41.4,6.71,0,On Time,Online,Current
2034,2024-10-16,350,115,6,4,131.17,29.94,524.68,494.74,0,On Time,Online,Current
2035,2024-04-13,663,47,6,1,146.36,25.35,146.36,121.01,0,On Time,Online,Future
2036,2024-06-29,365,51,6,1,110.62,29.85,110.62,80.77,0,On Time,Online,Current
2037,2025-01-24,922,91,6,2,85.5,23.75,171.0,147.25,0,On Time,Online,Current
2038,2024-07-13,314,71,2,1,135.62,33.85,135.62,101.77,3,Late,Click & Collect,Current
2039,2024-07-11,693,56,6,4,166.72,18.74,666.88,648.14,0,On Time,Wholesale,Current
2040,2024-07-27,157,104,6,2,154.04,20.24,308.08,287.84,0,On Time,In-Store,Future
2041,2024-02-02,978,41,2,1,110.65,29.66,110.65,80.99,0,On Time,Online,Current
2042,2024-01-04,866,100,6,4,91.89,22.43,367.56,345.13,0,On Time,Online,Future
2043,2024-09-07,746,20,6,1,93.73,31.49,93.73,62.24,0,On Time,Online,Future
2044,2024-12-30,207,42,1,1,65.4,33.33,65.4,32.07,0,On Time,Online,Current
2045,2024-12-17,973,82,6,1,135.39,23.09,135.39,112.3,0,On Time,Online,Future
2046,2024-07-10,315,99,6,1,170.64,24.75,170.64,145.89,0,On Time,Online,Current
2047,2025-10-20,72,48,6,2,94.16,2.85,188.32,185.47,0,On Time,Online,Current
2048,2025-07-08,878,47,6,1,146.36,3.49,146.36,142.87,0,On Time,Online,Future
2049,2024-06-24,657,72,6,4,141.82,13.62,567.28,553.66,0,On Time,In-Store,Future
2050,2025-06-15,332,106,4,2,28.51,24.22,57.02,32.8,0,On Time,Online,Current
2051,2025-08-23,231,51,6,3,110.62,6.6,331.86,325.26,0,On Time,Online,Future
2052,2025-06-30,448,86,2,2,102.94,21.71,205.88,184.17,0,On Time,Online,Future
2053,2025-02-05,986,54,1,3,110.37,5.64,331.11,325.47,0,On Time,Online,Current
2054,2025-10-05,521,33,4,3,219.29,6.11,657.87,651.76,0,On Time,Online,Current
2055,2025-12-22,733,111,1,1,139.05,31.15,139.05,107.9,0,On Time,Wholesale,Current
2056,2025-05-23,256,54,6,2,110.37,0.56,220.74,220.18,0,On Time,Online,Future
2057,2024-07-11,269,45,2,3,29.58,22.64,88.74,66.1,0,On Time,Wholesale,Future
2058,2025-11-02,449,84,6,3,108.1,23.63,324.3,300.67,0,On Time,In-Store,Future
2059,2024-04-15,702,37,6,3,141.5,15.01,424.5,409.49,0,On Time,Online,Future
2060,2025-03-26,211,105,6,3,45.95,20.97,137.85,116.88,0,On Time,Online,Current
2061,2025-08-25,969,34,2,2,116.01,3.15,232.02,228.87,0,On Time,Click & Collect,Current
2062,2024-11-12,558,82,2,2,135.39,7.71,270.78,263.07,0,On Time,Online,Current
2063,2025-01-14,22,106,6,1,28.51,25.7,28.51,2.81,0,On Time,Online,Current
2064,2025-05-22,540,38,4,3,97.97,20.58,293.91,273.33,0,On Time,In-Store,Current
2065,2025-07-16,449,103,6,3,113.76,17.19,341.28,324.09,0,On Time,Online,Current
2066,2024-03-07,502,57,6,2,144.33,8.63,288.66,280.03,0,On Time,Online,Current
2067,2024-05-22,750,110,6,3,159.94,12.41,479.82,467.41,0,On Time,Online,Current
2068,2024-07-17,775,90,1,3,82.64,25.99,247.92,221.93,0,On Time,Wholesale,Future
2069,2024-09-24,208,103,1,3,113.76,21.59,341.28,319.69,0,On Time,Online,Current
2070,2024-01-06,238,113,6,2,120.7,29.64,241.4,211.76,0,On Time,Online,Current
2071,2024-06-11,615,54,1,2,110.37,15.26,220.74,205.48,0,On Time,Wholesale,Current
2072,2024-05-23,348,87,2,2,80.57,4.54,161.14,156.6,0,On Time,Click & Collect,Future
2073,2025-07-03,88,33,3,4,219.29,1.73,877.16,875.43,3,Late,Online,Current
2074,2025-03-25,555,21,2,2,44.65,7.97,89.3,81.33,0,On Time,Wholesale,Current
2075,2025-08-20,96,84,6,4,108.1,23.98,432.4,408.42,0,On Time,Online,Future
2076,2024-06-17,247,120,6,2,47.37,9.83,94.74,84.91,0,On Time,Online,Future
2077,2025-09-18,945,4,6,2,143.64,33.79,287.28,253.49,0,On Time,Online,Current
2078,2024-12-15,692,47,6,1,146.36,2.1,146.36,144.26,5,Late,Online,Current
2079,2024-01-09,618,120,5,2,47.37,2.27,94.74,92.47,0,On Time,Wholesale,Future
2080,2025-01-04,970,68,6,4,76.01,31.01,304.04,273.03,0,On Time,Online,Current
2081,2025-08-24,658,66,2,2,105.25,21.28,210.5,189.22,0,On Time,In-Store,Future
2082,2024-05-14,260,117,6,4,131.87,12.1,527.48,515.38,0,On Time,Online,Current
2083,2024-08-15,95,89,1,2,144.37,33.07,288.74,255.67,2,Late,In-Store,Future
2084,2025-05-13,741,52,6,4,18.05,7.86,72.2,64.34,0,On Time,Online,Current
2085,2024-11-05,406,32,6,1,183.92,7.07,183.92,176.85,1,Late,Online,Future
2086,2024-11-29,321,63,2,2,50.08,33.02,100.16,67.14,0,On Time,Online,Current
2087,2024-11-12,949,3,1,3,182.39,2.11,547.17,545.06,0,On Time,In-Store,Future
2088,2024-03-23,355,92,2,3,46.38,18.04,139.14,121.1,0,On Time,Online,Current
2089,2025-02-17,880,8,3,3,62.57,31.82,187.71,155.89,0,On Time,In-Store,Current
2090,2024-02-05,126,109,6,4,65.96,26.82,263.84,237.02,0,On Time,Online,Future
2091,2025-06-05,205,116,1,2,159.24,29.62,318.48,288.86,0,On Time,Online,Future
2092,2024-11-19,456,114,2,4,83.67,20.2,334.68,314.48,0,On Time,Wholesale,Current
2093,2025-12-16,75,80,3,2,119.07,5.64,238.14,232.5,2,Late,Click & Collect,Future
2094,2024-05-20,845,34,3,2,116.01,34.35,232.02,197.67,7,Late,Online,Current
2095,2025-11-20,829,115,5,1,131.17,16.24,131.17,114.93,0,On Time,In-Store,Current
2096,2025-12-28,191,100,1,2,91.89,28.82,183.78,154.96,2,Late,In-Store,Current
2097,2025-01-01,128,68,4,3,76.01,16.24,228.03,211.79,0,On Time,Online,Current
2098,2024-11-05,557,101,6,4,123.75,9.65,495.0,485.35,0,On Time,Online,Future
2099,2024-04-11,874,81,6,2,110.75,0.37,221.5,221.13,0,On Time,Online,Future
2100,2024-05-02,447,11,5,1,40.32,18.3,40.32,22.02,0,On Time,Online,Future
2101,2024-09-25,466,50,2,4,97.72,21.47,390.88,369.41,0,On Time,Click & Collect,Current
2102,2025-02-23,57,86,5,1,102.94,4.28,102.94,98.66,0,On Time,Online,Future
2103,2025-02-27,647,24,1,2,152.6,1.71,305.2,303.49,6,Late,Online,Current
2104,2025-09-18,520,91,3,3,85.5,24.1,256.5,232.4,0,On Time,In-Store,Current
2105,2024-08-11,738,58,3,2,118.61,34.95,237.22,202.27,3,Late,Online,Current
2106,2024-05-11,406,17,6,3,141.85,25.61,425.55,399.94,0,On Time,Online,Current
2107,2025-12-16,68,31,1,1,64.76,18.97,64.76,45.79,0,On Time,Online,Current
2108,2024-10-25,44,47,6,3,146.36,33.36,439.08,405.72,0,On Time,Online,Current
2109,2024-07-26,425,102,6,2,68.71,28.4,137.42,109.02,0,On Time,Online,Future
2110,2024-12-07,134,80,4,1,119.07,7.22,119.07,111.85,0,On Time,Click & Collect,Current
2111,2025-12-26,799,4,1,3,143.64,6.88,430.92,424.04,0,On Time,Wholesale,Future
2112,2025-06-15,884,58,6,1,118.61,25.43,118.61,93.18,0,On Time,Online,Future
2113,2025-02-23,169,80,6,2,119.07,22.7,238.14,215.44,0,On Time,Online,Current
2114,2024-10-18,88,108,4,1,50.05,33.36,50.05,16.69,0,On Time,In-Store,Future
2115,2024-12-22,417,60,4,2,148.3,15.11,296.6,281.49,7,Late,Online,Current
2116,2024-01-06,932,73,3,1,20.46,23.92,20.46,-3.46,0,On Time,In-Store,Current
2117,2025-03-24,889,54,2,3,110.37,22.94,331.11,308.17,0,On Time,Online,Current
2118,2025-09-18,369,19,2,2,118.63,14.67,237.26,222.59,1,Late,Online,Future
2119,2024-03-21,60,60,3,2,148.3,5.66,296.6,290.94,0,On Time,Wholesale,Current
2120,2025-05-14,944,44,2,3,107.15,27.67,321.45,293.78,0,On Time,Online,Current
2121,2025-09-29,699,47,4,3,146.36,5.29,439.08,433.79,0,On Time,Wholesale,Current
2122,2025-07-14,996,78,6,3,57.86,9.83,173.58,163.75,0,On Time,Online,Current
2123,2025-05-01,569,18,6,4,53.11,28.87,212.44,183.57,0,On Time,Online,Future
2124,2024-11-21,842,91,6,4,85.5,6.2,342.0,335.8,6,Late,Online,Current
2125,2025-07-27,45,7,1,3,172.34,33.09,517.02,483.93,1,Late,In-Store,Current
2126,2024-02-20,657,72,2,4,141.82,20.69,567.28,546.59,0,On Time,Wholesale,Current
2127,2025-05-06,240,81,6,1,110.75,21.02,110.75,89.73,0,On Time,Online,Future
2128,2025-12-17,74,103,3,4,113.76,6.99,455.04,448.05,0,On Time,In-Store,Future
2129,2025-04-23,713,68,6,3,76.01,28.76,228.03,199.27,0,On Time,Online,Future
2130,2025-05-29,132,93,1,3,119.71,10.26,359.13,348.87,0,On Time,In-Store,Future
2131,2024-08-31,828,91,6,1,85.5,28.46,85.5,57.04,0,On Time,Online,Current
2132,2025-06-21,768,51,6,2,110.62,7.38,221.24,213.86,0,On Time,Online,Current
2133,2025-12-25,373,78,6,2,57.86,30.4,115.72,85.32,2,Late,Online,Future
2134,2024-12-31,716,83,6,4,73.64,4.43,294.56,290.13,1,Late,Wholesale,Current
2135,2025-03-05,13,57,3,3,144.33,19.86,432.99,413.13,0,On Time,Online,Current
2136,2025-01-17,674,49,4,3,134.92,5.14,404.76,399.62,0,On Time,Online,Current
2137,2024-10-18,418,29,1,2,130.05,12.88,260.1,247.22,0,On Time,Online,Current
2138,2025-11-01,645,9,2,3,102.79,17.21,308.37,291.16,0,On Time,In-Store,Current
2139,2024-12-20,803,78,6,1,57.86,15.51,57.86,42.35,0,On Time,Online,Current
2140,2025-01-16,199,33,3,3,219.29,4.83,657.87,653.04,0,On Time,Online,Future
2141,2025-12-15,994,90,2,3,82.64,17.99,247.92,229.93,0,On Time,Online,Future
2142,2024-02-09,891,36,3,3,162.38,28.09,487.14,459.05,0,On Time,Online,Current
2143,2025-06-28,649,119,6,2,21.52,19.77,43.04,23.27,0,On Time,Online,Current
2144,2024-03-03,183,51,1,4,110.62,11.77,442.48,430.71,0,On Time,Online,Current
2145,2025-04-02,706,65,6,2,71.32,12.18,142.64,130.46,0,On Time,Online,Current
2146,2024-02-21,561,100,4,1,91.89,2.61,91.89,89.28,0,On Time,Online,Current
2147,2024-12-27,352,75,3,3,112.15,23.53,336.45,312.92,3,Late,Click & Collect,Current
2148,2024-06-02,698,69,1,4,82.06,22.96,328.24,305.28,1,Late,Online,Current
2149,2024-04-23,414,21,2,1,44.65,31.18,44.65,13.47,0,On Time,Online,Future
2150,2025-04-07,65,11,3,2,40.32,11.61,80.64,69.03,0,On Time,Online,Future
2151,2025-04-25,990,56,6,2,166.72,19.21,333.44,314.23,0,On Time,Online,Current
2152,2025-04-06,355,89,6,3,144.37,6.58,433.11,426.53,0,On Time,Online,Current
2153,2024-02-20,331,52,6,4,18.05,25.94,72.2,46.26,0,On Time,Online,Current
2154,2024-09-05,163,27,6,2,148.3,34.55,296.6,262.05,0,On Time,Online,Future
2155,2024-12-29,318,62,1,1,180.58,7.67,180.58,172.91,0,On Time,Click & Collect,Current
2156,2024-10-02,523,11,6,3,40.32,4.67,120.96,116.29,2,Late,Online,Current
2157,2025-06-17,438,71,6,4,135.62,1.53,542.48,540.95,0,On Time,Online,Current
2158,2025-12-12,944,111,3,1,139.05,4.15,139.05,134.9,0,On Time,Wholesale,Future
2159,2024-03-07,325,111,3,3,139.05,25.3,417.15,391.85,0,On Time,In-Store,Current
2160,2024-02-21,160,1,2,2,125.71,27.13,251.42,224.29,0,On Time,Online,Current
2161,2024-08-03,904,105,2,4,45.95,1.74,183.8,182.06,1,Late,Online,Current
2162,2024-02-19,494,31,6,3,64.76,11.67,194.28,182.61,3,Late,Online,Current
2163,2024-11-23,519,63,2,4,50.08,34.93,200.32,165.39,0,On Time,Online,Current
2164,2024-03-08,769,87,1,1,80.57,23.22,80.57,57.35,1,Late,In-Store,Future
2165,2024-12-10,927,68,6,4,76.01,9.42,304.04,294.62,0,On Time,Online,Future
2166,2025-02-27,660,17,4,2,141.85,10.11,283.7,273.59,0,On Time,Online,Current
2167,2025-04-02,632,70,2,3,117.81,17.94,353.43,335.49,0,On Time,Online,Future
2168,2025-12-14,117,117,6,1,131.87,34.93,131.87,96.94,0,On Time,Online,Current
2169,2024-04-22,398,95,2,2,168.8,14.19,337.6,323.41,0,On Time,Wholesale,Current
2170,2024-04-10,884,119,3,2,21.52,33.3,43.04,9.74,0,On Time,Click & Collect,Future
2171,2024-10-02,364,11,2,3,40.32,13.75,120.96,107.21,0,On Time,Online,Current
2172,2025-01-23,894,24,1,2,152.6,30.43,305.2,274.77,5,Late,Click & Collect,Current
2173,2025-11-04,958,37,4,2,141.5,22.02,283.0,260.98,0,On Time,Wholesale,Current
2174,2025-02-21,649,34,6,2,116.01,4.76,232.02,227.26,0,On Time,Online,Current
2175,2024-10-25,167,66,1,1,105.25,4.09,105.25,101.16,0,On Time,Online,Current
2176,2024-04-22,667,102,4,2,68.71,12.07,137.42,125.35,0,On Time,In-Store,Future
2177,2024-12-14,761,4,1,1,143.64,14.32,143.64,129.32,0,On Time,Wholesale,Future
2178,2024-08-11,199,63,2,2,50.08,23.97,100.16,76.19,0,On Time,Click & Collect,Future
2179,2025-03-28,992,36,3,2,162.38,21.04,324.76,303.72,0,On Time,Online,Future
2180,2025-08-11,292,43,3,4,129.42,0.12,517.68,517.56,0,On Time,Wholesale,Future
2181,2025-08-18,483,7,6,2,172.34,24.02,344.68,320.66,0,On Time,Online,Current
2182,2024-02-08,991,84,6,4,108.1,26.87,432.4,405.53,0,On Time,Online,Future
2183,2025-10-10,668,73,3,1,20.46,10.33,20.46,10.13,0,On Time,Online,Current
2184,2024-02-22,287,55,1,1,80.85,13.08,80.85,67.77,0,On Time,In-Store,Current
2185,2025-03-16,450,98,6,1,192.94,2.82,192.94,190.12,1,Late,Online,Future
2186,2024-02-19,277,5,6,4,140.44,10.89,561.76,550.87,0,On Time,Online,Current
2187,2025-11-10,951,53,6,2,103.59,11.44,207.18,195.74,0,On Time,Online,Current
2188,2025-08-17,413,66,3,4,105.25,11.28,421.0,409.72,0,On Time,Online,Current
2189,2024-11-22,561,66,2,2,105.25,18.15,210.5,192.35,3,Late,Online,Current
2190,2025-04-30,656,15,2,3,76.6,19.34,229.8,210.46,0,On Time,Online,Current
2191,2024-05-15,567,39,6,4,128.17,17.4,512.68,495.28,0,On Time,Online,Current
2192,2025-12-28,545,69,2,3,82.06,6.58,246.18,239.6,1,Late,Online,Future
2193,2024-06-16,857,30,2,4,33.3,12.4,133.2,120.8,0,On Time,Online,Current
2194,2024-02-05,504,69,1,1,82.06,31.4,82.06,50.66,0,On Time,Wholesale,Current
2195,2025-05-05,540,63,6,4,50.08,22.14,200.32,178.18,0,On Time,Online,Current
2196,2025-02-28,486,38,6,1,97.97,6.57,97.97,91.4,0,On Time,Online,Future
2197,2024-04-24,635,116,6,2,159.24,5.62,318.48,312.86,0,On Time,Click & Collect,Future
2198,2025-11-04,925,55,6,1,80.85,27.49,80.85,53.36,0,On Time,Online,Current
2199,2025-12-05,667,110,6,1,159.94,13.73,159.94,146.21,0,On Time,Online,Current
2200,2025-01-17,362,81,3,1,110.75,29.49,110.75,81.26,0,On Time,In-Store,Current
2201,2025-08-03,690,28,2,1,154.21,31.92,154.21,122.29,0,On Time,Wholesale,Future
2202,2024-11-22,523,116,6,3,159.24,2.88,477.72,474.84,0,On Time,Online,Current
2203,2024-02-07,639,56,1,3,166.72,17.0,500.16,483.16,0,On Time,In-Store,Current
2204,2025-08-24,882,79,1,2,174.91,8.65,349.82,341.17,1,Late,Wholesale,Future
2205,2024-12-17,793,99,1,2,170.64,1.51,341.28,339.77,0,On Time,Online,Current
2206,2025-12-07,321,12,1,2,177.18,32.11,354.36,322.25,0,On Time,In-Store,Future
2207,2024-09-28,893,71,1,3,135.62,33.71,406.86,373.15,0,On Time,Wholesale,Current
2208,2025-03-22,563,24,3,4,152.6,3.59,610.4,606.81,0,On Time,In-Store,Current
2209,2025-12-13,832,77,3,1,132.93,15.34,132.93,117.59,4,Late,Click & Collect,Current
2210,2024-03-15,623,11,6,4,40.32,20.69,161.28,140.59,0,On Time,Online,Current
2211,2025-02-26,518,91,1,3,85.5,8.36,256.5,248.14,0,On Time,Online,Future
2212,2025-09-25,883,58,6,2,118.61,20.04,237.22,217.18,0,On Time,Online,Current
2213,2024-12-20,405,67,1,1,214.61,9.78,214.61,204.83,0,On Time,In-Store,Current
2214,2024-11-09,185,7,6,1,172.34,20.92,172.34,151.42,4,Late,Online,Current
2215,2025-02-04,902,11,4,1,40.32,24.2,40.32,16.12,0,On Time,Wholesale,Future
2216,2024-04-17,627,83,5,3,73.64,9.56,220.92,211.36,6,Late,Click & Collect,Current
2217,2025-12-07,301,103,5,1,113.76,26.72,113.76,87.04,2,Late,Wholesale,Current
2218,2024-05-28,994,76,1,1,128.17,16.36,128.17,111.81,0,On Time,Wholesale,Current
2219,2024-09-02,141,78,3,3,57.86,14.86,173.58,158.72,1,Late,Click & Collect,Current
2220,2025-07-20,731,91,4,1,85.5,0.22,85.5,85.28,0,On Time,Online,Future
2221,2024-01-20,475,84,6,1,108.1,7.45,108.1,100.65,0,On Time,Online,Current
2222,2025-09-27,323,107,6,1,49.65,14.51,49.65,35.14,0,On Time,Online,Future
2223,2025-11-20,832,63,6,3,50.08,6.66,150.24,143.58,0,On Time,Online,Current
2224,2024-07-13,938,78,6,4,57.86,13.49,231.44,217.95,0,On Time,Online,Future
2225,2025-11-13,898,40,6,2,35.44,19.77,70.88,51.11,0,On Time,Online,Current
2226,2025-10-27,310,83,5,2,73.64,1.58,147.28,145.7,0,On Time,Online,Future
2227,2025-02-02,7,33,6,4,219.29,6.85,877.16,870.31,0,On Time,Online,Future
2228,2024-01-09,355,76,5,3,128.17,28.11,384.51,356.4,7,Late,Online,Current
2229,2024-11-25,78,112,6,3,167.65,2.63,502.95,500.32,2,Late,Online,Current
2230,2025-08-27,544,104,6,1,154.04,19.65,154.04,134.39,0,On Time,Online,Current
2231,2025-12-16,25,5,6,2,140.44,14.51,280.88,266.37,0,On Time,Online,Current
2232,2024-12-24,526,101,2,3,123.75,11.65,371.25,359.6,0,On Time,Online,Future
2233,2025-02-24,860,87,3,3,80.57,24.74,241.71,216.97,4,Late,Online,Current
2234,2025-07-05,246,119,6,3,21.52,33.15,64.56,31.41,0,On Time,Online,Future
2235,2025-07-26,484,116,2,2,159.24,23.74,318.48,294.74,7,Late,Online,Current
2236,2024-09-19,509,7,6,3,172.34,25.6,517.02,491.42,0,On Time,Online,Future
2237,2025-03-21,472,39,1,3,128.17,17.46,384.51,367.05,4,Late,Click & Collect,Current
2238,2025-10-01,60,36,2,1,162.38,18.49,162.38,143.89,0,On Time,Wholesale,Current
2239,2024-05-30,438,95,2,1,168.8,10.86,168.8,157.94,0,On Time,Click & Collect,Future
2240,2024-11-01,908,69,6,4,82.06,34.97,328.24,293.27,0,On Time,Online,Current
2241,2024-08-13,272,112,6,2,167.65,17.28,335.3,318.02,0,On Time,Online,Future
2242,2025-12-24,594,83,6,3,73.64,34.29,220.92,186.63,0,On Time,Online,Current
2243,2024-09-27,379,104,6,1,154.04,27.4,154.04,126.64,0,On Time,Online,Future
2244,2025-05-24,993,57,4,3,144.33,21.27,432.99,411.72,0,On Time,In-Store,Current
2245,2025-05-29,904,18,5,3,53.11,30.47,159.33,128.86,0,On Time,In-Store,Future
2246,2025-04-25,425,22,6,4,118.48,12.85,473.92,461.07,0,On Time,Online,Current
2247,2024-06-07,990,85,1,3,142.01,18.55,426.03,407.48,0,On Time,Click & Collect,Current
2248,2024-12-20,147,34,5,2,116.01,8.47,232.02,223.55,3,Late,In-Store,Current
2249,2024-06-05,956,76,1,4,128.17,18.78,512.68,493.9,3,Late,Wholesale,Current
2250,2024-08-18,684,11,2,4,40.32,10.83,161.28,150.45,0,On Time,Online,Current
2251,2024-02-23,648,64,2,2,106.6,27.47,213.2,185.73,0,On Time,Online,Future
2252,2025-09-10,851,22,6,4,118.48,22.86,473.92,451.06,0,On Time,Online,Future
2253,2025-07-26,794,96,2,1,44.65,28.95,44.65,15.7,0,On Time,Click & Collect,Current
2254,2025-03-12,839,20,6,3,93.73,13.41,281.19,267.78,6,Late,Online,Current
2255,2025-08-11,392,85,2,4,142.01,18.57,568.04,549.47,0,On Time,Online,Future
2256,2025-01-31,37,92,2,4,46.38,11.67,185.52,173.85,0,On Time,Wholesale,Future
2257,2025-06-16,139,76,5,3,128.17,21.17,384.51,363.34,1,Late,Online,Current
2258,2024-04-21,407,120,1,1,47.37,11.54,47.37,35.83,0,On Time,Online,Future
2259,2025-05-19,821,56,5,2,166.72,15.33,333.44,318.11,0,On Time,In-Store,Current
2260,2025-11-07,274,120,5,4,47.37,8.06,189.48,181.42,0,On Time,Online,Current
2261,2024-01-20,85,27,6,1,148.3,3.47,148.3,144.83,4,Late,In-Store,Current
2262,2024-05-17,524,66,6,1,105.25,31.96,105.25,73.29,0,On Time,Online,Future
2263,2025-02-05,533,64,4,2,106.6,22.92,213.2,190.28,3,Late,Online,Current
2264,2024-10-29,503,92,5,4,46.38,26.66,185.52,158.86,0,On Time,Online,Current
2265,2025-07-11,257,115,3,2,131.17,27.36,262.34,234.98,0,On Time,Online,Current
2266,2025-12-12,653,9,4,2,102.79,24.44,205.58,181.14,0,On Time,Online,Future
2267,2025-09-06,447,9,2,1,102.79,21.32,102.79,81.47,3,Late,Online,Current
2268,2024-05-04,801,43,1,1,129.42,26.53,129.42,102.89,0,On Time,Online,Future
2269,2025-09-13,471,56,2,2,166.72,5.11,333.44,328.33,0,On Time,Online,Future
2270,2024-12-02,262,1,1,3,125.71,18.56,377.13,358.57,5,Late,Wholesale,Current
2271,2025-12-04,710,72,2,1,141.82,16.11,141.82,125.71,0,On Time,Online,Current
2272,2025-12-30,743,40,2,2,35.44,27.36,70.88,43.52,0,On Time,In-Store,Current
2273,2025-07-17,892,38,3,2,97.97,13.13,195.94,182.81,0,On Time,In-Store,Future
2274,2024-03-01,465,58,3,4,118.61,19.82,474.44,454.62,0,On Time,In-Store,Future
2275,2024-02-06,807,34,6,4,116.01,12.64,464.04,451.4,0,On Time,Online,Current
2276,2025-09-09,212,11,6,4,40.32,25.56,161.28,135.72,0,On Time,Online,Future
2277,2025-02-04,773,16,6,4,103.76,29.36,415.04,385.68,0,On Time,Online,Current
2278,2024-12-08,144,111,6,2,139.05,19.55,278.1,258.55,0,On Time,Online,Current
2279,2024-04-09,40,86,6,4,102.94,17.55,411.76,394.21,0,On Time,Online,Future
2280,2025-06-14,746,110,6,4,159.94,15.57,639.76,624.19,0,On Time,Online,Future
2281,2024-09-01,863,6,3,1,127.67,1.47,127.67,126.2,0,On Time,Online,Future
2282,2024-04-16,570,13,4,2,109.25,13.54,218.5,204.96,0,On Time,Online,Future
2283,2025-07-23,548,66,6,3,105.25,9.37,315.75,306.38,2,Late,Online,Current
2284,2025-08-02,98,64,2,4,106.6,17.81,426.4,408.59,0,On Time,Online,Current
2285,2025-05-04,270,2,6,2,200.36,27.35,400.72,373.37,0,On Time,Online,Future
2286,2024-02-10,357,104,1,1,154.04,30.85,154.04,123.19,2,Late,In-Store,Future
2287,2025-06-23,260,62,6,2,180.58,4.06,361.16,357.1,0,On Time,Online,Current
2288,2025-04-30,325,49,5,3,134.92,10.0,404.76,394.76,0,On Time,Online,Current
2289,2025-11-04,316,111,4,4,139.05,8.17,556.2,548.03,0,On Time,Online,Future
2290,2024-11-14,585,85,6,2,142.01,2.4,284.02,281.62,0,On Time,Online,Future
2291,2025-12-12,524,108,1,1,50.05,31.5,50.05,18.55,0,On Time,Online,Future
2292,2025-04-10,233,83,6,2,73.64,22.6,147.28,124.68,4,Late,Online,Current
2293,2024-10-08,642,94,4,4,56.02,22.82,224.08,201.26,0,On Time,Click & Collect,Current
2294,2024-09-01,903,57,6,4,144.33,26.95,577.32,550.37,0,On Time,Online,Current
2295,2025-05-04,256,88,6,4,41.48,17.36,165.92,148.56,0,On Time,Online,Future
2296,2024-05-20,382,34,1,3,116.01,2.48,348.03,345.55,0,On Time,Wholesale,Current
2297,2024-01-04,154,120,1,2,47.37,12.81,94.74,81.93,0,On Time,Online,Future
2298,2024-09-14,7,51,1,3,110.62,32.15,331.86,299.71,0,On Time,Wholesale,Future
2299,2025-11-01,586,93,2,4,119.71,14.14,478.84,464.7,0,On Time,Online,Current
2300,2025-02-01,699,58,1,4,118.61,27.79,474.44,446.65,5,Late,Click & Collect,Current
2301,2025-06-02,323,59,1,4,99.02,24.92,396.08,371.16,0,On Time,Online,Current
2302,2024-08-30,116,61,5,4,82.33,16.09,329.32,313.23,0,On Time,Click & Collect,Current
2303,2025-12-10,537,93,6,2,119.71,15.83,239.42,223.59,0,On Time,Online,Future
2304,2024-02-19,490,11,4,3,40.32,6.74,120.96,114.22,0,On Time,Wholesale,Current
2305,2024-01-10,369,93,6,3,119.71,33.8,359.13,325.33,0,On Time,In-Store,Future
2306,2025-06-26,128,90,6,3,82.64,5.33,247.92,242.59,0,On Time,Online,Current
2307,2024-02-16,577,37,3,2,141.5,31.68,283.0,251.32,4,Late,In-Store,Current
2308,2025-03-20,10,101,2,3,123.75,16.51,371.25,354.74,0,On Time,Wholesale,Current
2309,2024-11-03,460,90,3,1,82.64,2.8,82.64,79.84,1,Late,Online,Future
2310,2024-05-16,140,37,6,3,141.5,26.52,424.5,397.98,0,On Time,Online,Future
2311,2025-03-14,88,77,6,2,132.93,12.28,265.86,253.58,0,On Time,Online,Current
2312,2025-04-26,766,95,1,3,168.8,11.55,506.4,494.85,0,On Time,In-Store,Current
2313,2024-01-29,370,93,6,3,119.71,28.39,359.13,330.74,0,On Time,Online,Current
2314,2025-08-12,327,87,6,2,80.57,4.86,161.14,156.28,5,Late,Online,Current
2315,2024-12-08,362,22,6,4,118.48,28.54,473.92,445.38,0,On Time,Online,Future
2316,2024-05-02,64,4,1,1,143.64,4.37,143.64,139.27,0,On Time,Online,Future
2317,2025-05-17,117,105,4,2,45.95,33.47,91.9,58.43,0,On Time,Online,Current
2318,2024-12-17,740,65,1,4,71.32,11.63,285.28,273.65,0,On Time,Click & Collect,Future
2319,2024-08-23,567,105,1,1,45.95,23.22,45.95,22.73,0,On Time,Click & Collect,Future
2320,2024-02-18,215,75,3,4,112.15,21.01,448.6,427.59,2,Late,Online,Future
2321,2024-05-17,634,105,3,1,45.95,8.94,45.95,37.01,0,On Time,Online,Current
2322,2025-04-11,62,54,1,1,110.37,18.04,110.37,92.33,0,On Time,Wholesale,Current
2323,2025-06-18,797,115,6,2,131.17,30.53,262.34,231.81,0,On Time,Online,Future
2324,2024-04-23,340,119,6,4,21.52,32.81,86.08,53.27,0,On Time,Online,Future
2325,2024-12-09,621,77,2,2,132.93,7.46,265.86,258.4,0,On Time,Online,Current
2326,2024-07-02,881,51,6,3,110.62,23.97,331.86,307.89,0,On Time,Wholesale,Future
2327,2024-08-17,799,51,5,1,110.62,25.99,110.62,84.63,0,On Time,Wholesale,Future
2328,2024-09-12,824,111,6,2,139.05,30.31,278.1,247.79,0,On Time,Online,Current
2329,2025-07-15,509,54,6,4,110.37,22.34,441.48,419.14,0,On Time,Online,Current
2330,2024-12-10,263,12,1,4,177.18,6.38,708.72,702.34,0,On Time,Online,Current
2331,2025-03-26,741,105,2,2,45.95,2.02,91.9,89.88,0,On Time,In-Store,Current
2332,2025-02-12,423,115,4,3,131.17,7.66,393.51,385.85,0,On Time,Online,Future
2333,2024-11-16,22,112,2,4,167.65,23.79,670.6,646.81,1,Late,Online,Future
2334,2025-03-16,397,101,4,4,123.75,4.72,495.0,490.28,0,On Time,In-Store,Future
2335,2025-05-21,977,112,4,2,167.65,16.73,335.3,318.57,0,On Time,In-Store,Current
2336,2024-05-16,956,110,3,2,159.94,30.34,319.88,289.54,0,On Time,Online,Current
2337,2024-06-24,477,112,2,4,167.65,1.89,670.6,668.71,0,On Time,Online,Future
2338,2024-10-11,339,22,6,1,118.48,29.59,118.48,88.89,0,On Time,Online,Future
2339,2025-11-07,789,37,3,1,141.5,14.2,141.5,127.3,0,On Time,Wholesale,Future
2340,2024-11-01,365,98,1,3,192.94,31.94,578.82,546.88,2,Late,Online,Future
2341,2025-12-09,449,41,2,4,110.65,26.67,442.6,415.93,0,On Time,Online,Future
2342,2025-07-30,412,77,2,2,132.93,13.33,265.86,252.53,1,Late,Online,Current
2343,2025-09-12,767,56,6,2,166.72,6.14,333.44,327.3,0,On Time,Online,Future
2344,2025-09-06,725,9,4,3,102.79,7.8,308.37,300.57,0,On Time,Wholesale,Future
2345,2024-12-20,80,37,6,4,141.5,24.14,566.0,541.86,0,On Time,Online,Current
2346,2025-08-15,982,65,6,1,71.32,0.52,71.32,70.8,6,Late,Online,Current
2347,2025-02-02,620,96,1,3,44.65,8.59,133.95,125.36,0,On Time,In-Store,Future
2348,2024-06-12,247,109,5,3,65.96,5.16,197.88,192.72,0,On Time,In-Store,Current
2349,2025-11-11,43,78,6,3,57.86,23.3,173.58,150.28,0,On Time,Online,Future
2350,2025-07-06,830,60,1,1,148.3,21.51,148.3,126.79,0,On Time,Online,Current
2351,2024-08-17,100,101,6,4,123.75,22.68,495.0,472.32,2,Late,Online,Current
2352,2024-12-16,434,116,1,4,159.24,33.06,636.96,603.9,0,On Time,Click & Collect,Current
2353,2025-10-23,861,54,6,4,110.37,5.42,441.48,436.06,3,Late,Online,Current
2354,2024-08-13,517,54,6,4,110.37,20.75,441.48,420.73,0,On Time,Online,Future
2355,2025-01-22,258,65,6,2,71.32,22.02,142.64,120.62,0,On Time,Online,Current
2356,2024-12-25,735,33,1,3,219.29,29.92,657.87,627.95,1,Late,Online,Future
2357,2024-04-30,339,90,6,4,82.64,21.94,330.56,308.62,0,On Time,Online,Future
2358,2024-03-06,810,109,6,4,65.96,4.95,263.84,258.89,0,On Time,Online,Future
2359,2025-08-03,718,101,1,3,123.75,4.94,371.25,366.31,0,On Time,Click & Collect,Future
2360,2025-09-24,801,52,5,2,18.05,8.37,36.1,27.73,0,On Time,In-Store,Current
2361,2024-10-11,32,100,3,1,91.89,5.28,91.89,86.61,0,On Time,Wholesale,Current
2362,2024-12-07,320,39,6,4,128.17,7.41,512.68,505.27,0,On Time,Online,Current
2363,2025-01-02,105,8,3,1,62.57,5.48,62.57,57.09,0,On Time,In-Store,Future
2364,2025-04-13,64,17,4,3,141.85,21.94,425.55,403.61,0,On Time,Click & Collect,Future
2365,2025-10-04,795,60,6,3,148.3,31.29,444.9,413.61,0,On Time,Online,Future
2366,2024-12-27,35,107,1,1,49.65,10.82,49.65,38.83,7,Late,Online,Current
2367,2025-12-23,297,92,6,3,46.38,26.71,139.14,112.43,0,On Time,Online,Future
2368,2024-04-03,985,111,6,2,139.05,5.08,278.1,273.02,7,Late,In-Store,Current
2369,2024-11-27,60,105,2,4,45.95,21.73,183.8,162.07,0,On Time,Click & Collect,Current
2370,2025-08-26,852,6,6,4,127.67,15.33,510.68,495.35,4,Late,Online,Current
2371,2024-02-29,208,86,6,4,102.94,24.86,411.76,386.9,0,On Time,Online,Current
2372,2025-12-27,393,112,6,1,167.65,8.59,167.65,159.06,1,Late,Online,Future
2373,2024-01-16,273,101,6,1,123.75,11.54,123.75,112.21,0,On Time,Online,Future
2374,2025-09-28,867,79,6,2,174.91,5.08,349.82,344.74,0,On Time,Online,Future
2375,2024-10-08,981,27,5,3,148.3,16.74,444.9,428.16,0,On Time,Online,Future
2376,2025-09-06,188,2,5,2,200.36,33.66,400.72,367.06,0,On Time,Click & Collect,Current
2377,2024-11-10,757,5,6,4,140.44,0.47,561.76,561.29,0,On Time,Online,Current
2378,2024-04-25,434,27,6,3,148.3,14.39,444.9,430.51,0,On Time,Online,Current
2379,2024-08-05,581,28,6,2,154.21,9.59,308.42,298.83,0,On Time,Online,Future
2380,2024-01-30,402,65,3,2,71.32,24.56,142.64,118.08,0,On Time,Online,Future
2381,2025-02-06,913,11,1,3,40.32,6.49,120.96,114.47,0,On Time,In-Store,Future
2382,2025-02-26,409,19,4,4,118.63,27.09,474.52,447.43,0,On Time,In-Store,Current
2383,2024-11-23,248,48,6,1,94.16,28.4,94.16,65.76,0,On Time,Online,Future
2384,2025-01-31,121,54,3,4,110.37,2.73,441.48,438.75,0,On Time,In-Store,Current
2385,2025-08-27,489,66,4,2,105.25,11.34,210.5,199.16,0,On Time,Online,Future
2386,2025-08-20,514,69,3,1,82.06,34.62,82.06,47.44,0,On Time,Online,Current
2387,2024-10-21,51,4,2,1,143.64,24.79,143.64,118.85,0,On Time,Online,Future
2388,2024-02-24,41,48,6,1,94.16,10.53,94.16,83.63,5,Late,Online,Current
2389,2025-07-24,795,28,6,1,154.21,26.51,154.21,127.7,0,On Time,Online,Future
2390,2024-01-14,983,1,6,1,125.71,5.97,125.71,119.74,0,On Time,Online,Current
2391,2025-09-16,594,72,3,2,141.82,9.22,283.64,274.42,0,On Time,Wholesale,Future
2392,2024-10-23,751,41,2,2,110.65,31.7,221.3,189.6,0,On Time,In-Store,Current
2393,2024-12-31,869,120,6,4,47.37,20.8,189.48,168.68,0,On Time,Online,Future
2394,2024-01-11,626,48,1,3,94.16,26.83,282.48,255.65,0,On Time,Online,Future
2395,2024-05-14,488,75,2,4,112.15,13.96,448.6,434.64,1,Late,Wholesale,Current
2396,2024-09-12,836,81,6,2,110.75,6.33,221.5,215.17,0,On Time,Online,Current
2397,2024-10-26,803,11,1,4,40.32,18.02,161.28,143.26,0,On Time,Click & Collect,Future
2398,2024-03-15,547,77,6,4,132.93,13.05,531.72,518.67,0,On Time,Online,Current
2399,2025-07-23,571,11,1,3,40.32,20.36,120.96,100.6,0,On Time,Online,Current
2400,2024-03-21,854,22,1,1,118.48,22.82,118.48,95.66,0,On Time,Online,Future
2401,2024-08-06,669,75,2,2,112.15,0.35,224.3,223.95,0,On Time,Online,Current
2402,2025-06-24,707,88,6,4,41.48,3.33,165.92,162.59,0,On Time,Online,Future
2403,2024-03-29,953,73,2,4,20.46,18.21,81.84,63.63,0,On Time,In-Store,Current
2404,2024-09-10,331,21,4,2,44.65,4.51,89.3,84.79,0,On Time,Wholesale,Future
2405,2025-07-28,32,68,1,2,76.01,23.26,152.02,128.76,0,On Time,Online,Current
2406,2024-05-02,374,66,6,2,105.25,8.12,210.5,202.38,0,On Time,Online,Future
2407,2025-05-15,791,99,2,1,170.64,20.41,170.64,150.23,0,On Time,Online,Current
2408,2024-06-27,612,31,1,3,64.76,31.7,194.28,162.58,0,On Time,Online,Future
2409,2024-10-28,486,93,4,1,119.71,19.21,119.71,100.5,0,On Time,In-Store,Current
2410,2024-01-27,320,104,6,4,154.04,20.5,616.16,595.66,6,Late,Online,Current
2411,2025-02-02,725,28,5,2,154.21,6.77,308.42,301.65,0,On Time,In-Store,Current
2412,2024-10-25,255,87,1,4,80.57,6.16,322.28,316.12,0,On Time,Online,Current
2413,2024-05-28,660,117,6,2,131.87,15.94,263.74,247.8,0,On Time,Online,Future
2414,2024-05-08,569,42,2,1,65.4,9.43,65.4,55.97,0,On Time,Online,Future
2415,2025-03-23,762,5,4,1,140.44,26.08,140.44,114.36,0,On Time,Online,Current
2416,2024-03-09,159,38,1,2,97.97,30.14,195.94,165.8,0,On Time,Online,Current
2417,2025-10-11,785,45,4,3,29.58,26.02,88.74,62.72,0,On Time,Wholesale,Current
2418,2024-08-23,764,101,1,3,123.75,22.32,371.25,348.93,0,On Time,Online,Future
2419,2025-07-14,243,72,2,3,141.82,18.5,425.46,406.96,1,Late,Online,Future
2420,2024-03-31,878,96,1,1,44.65,31.53,44.65,13.12,0,On Time,Wholesale,Future
2421,2024-05-15,950,38,3,1,97.97,4.89,97.97,93.08,0,On Time,Online,Future
2422,2024-07-27,829,29,4,3,130.05,7.44,390.15,382.71,7,Late,Online,Current
2423,2025-07-21,510,23,3,3,87.41,20.98,262.23,241.25,0,On Time,Wholesale,Current
2424,2025-07-22,656,48,5,3,94.16,28.17,282.48,254.31,2,Late,Online,Current
2425,2025-11-21,978,77,6,2,132.93,10.52,265.86,255.34,0,On Time,Online,Current
2426,2024-03-25,53,94,6,3,56.02,8.98,168.06,159.08,0,On Time,Online,Future
2427,2024-03-16,965,49,4,1,134.92,26.13,134.92,108.79,0,On Time,Online,Current
2428,2025-09-17,588,29,2,4,130.05,6.13,520.2,514.07,0,On Time,Online,Future
2429,2024-02-11,517,61,6,4,82.33,33.77,329.32,295.55,0,On Time,Online,Future
2430,2024-11-28,21,90,1,1,82.64,6.34,82.64,76.3,0,On Time,Online,Current
2431,2025-03-20,204,107,6,2,49.65,1.85,99.3,97.45,6,Late,Online,Current
2432,2024-08-31,30,15,3,2,76.6,25.84,153.2,127.36,0,On Time,Online,Future
2433,2025-02-05,866,107,2,4,49.65,4.56,198.6,194.04,0,On Time,Online,Current
2434,2025-09-04,938,97,6,3,54.01,12.83,162.03,149.2,0,On Time,Online,Future
2435,2024-03-11,343,52,1,2,18.05,16.88,36.1,19.22,0,On Time,Click & Collect,Current
2436,2024-06-29,523,85,1,1,142.01,5.15,142.01,136.86,0,On Time,Online,Current
2437,2025-03-08,186,90,6,3,82.64,27.94,247.92,219.98,0,On Time,Online,Future
2438,2025-08-30,284,28,6,1,154.21,1.37,154.21,152.84,3,Late,Online,Current
2439,2025-05-05,488,28,6,4,154.21,29.63,616.84,587.21,0,On Time,Wholesale,Current
2440,2024-06-12,687,119,5,4,21.52,29.09,86.08,56.99,0,On Time,In-Store,Current
2441,2024-11-12,733,100,6,4,91.89,13.34,367.56,354.22,0,On Time,Online,Future
2442,2024-09-29,127,24,1,3,152.6,3.27,457.8,454.53,0,On Time,Online,Current
2443,2024-06-12,117,77,6,2,132.93,1.87,265.86,263.99,0,On Time,Online,Current
2444,2025-02-07,761,29,5,4,130.05,34.93,520.2,485.27,0,On Time,In-Store,Current
2445,2025-02-21,774,44,4,3,107.15,22.07,321.45,299.38,0,On Time,Online,Future
2446,2025-04-26,946,12,1,2,177.18,31.34,354.36,323.02,0,On Time,In-Store,Current
2447,2025-09-01,75,64,5,2,106.6,27.03,213.2,186.17,0,On Time,Click & Collect,Current
2448,2025-10-02,380,101,1,2,123.75,32.35,247.5,215.15,0,On Time,In-Store,Future
2449,2025-02-02,451,77,6,1,132.93,30.15,132.93,102.78,0,On Time,Online,Current
2450,2024-10-25,692,60,1,3,148.3,3.34,444.9,441.56,1,Late,Online,Current
2451,2025-01-12,285,46,6,1,117.41,18.32,117.41,99.09,3,Late,Online,Current
2452,2025-08-01,932,19,2,4,118.63,33.85,474.52,440.67,0,On Time,Wholesale,Future
2453,2024-12-05,53,6,6,1,127.67,17.4,127.67,110.27,0,On Time,Wholesale,Current
2454,2025-06-11,529,78,6,2,57.86,16.66,115.72,99.06,0,On Time,Online,Future
2455,2025-03-29,91,79,6,3,174.91,33.91,524.73,490.82,0,On Time,Online,Current
2456,2024-08-02,862,89,6,1,144.37,31.7,144.37,112.67,0,On Time,Online,Current
2457,2024-07-25,161,99,6,3,170.64,19.4,511.92,492.52,0,On Time,Online,Future
2458,2025-10-14,281,62,6,4,180.58,9.76,722.32,712.56,0,On Time,Online,Current
2459,2025-05-29,945,24,1,1,152.6,33.69,152.6,118.91,0,On Time,Online,Current
2460,2025-07-09,664,44,3,1,107.15,6.98,107.15,100.17,0,On Time,Online,Future
2461,2024-05-16,281,94,6,3,56.02,3.81,168.06,164.25,0,On Time,Online,Future
2462,2025-07-16,47,44,2,1,107.15,15.81,107.15,91.34,0,On Time,Online,Future
2463,2025-02-07,165,5,4,1,140.44,7.24,140.44,133.2,0,On Time,Online,Current
2464,2024-09-02,421,20,5,4,93.73,16.08,374.92,358.84,7,Late,Online,Current
2465,2024-07-21,33,8,6,2,62.57,34.14,125.14,91.0,4,Late,Online,Current
2466,2024-01-23,9,16,4,1,103.76,19.95,103.76,83.81,0,On Time,In-Store,Future
2467,2025-06-07,489,79,4,2,174.91,19.32,349.82,330.5,0,On Time,Online,Current
2468,2024-06-21,627,2,1,4,200.36,16.68,801.44,784.76,0,On Time,Online,Current
2469,2024-05-03,149,82,2,1,135.39,29.38,135.39,106.01,0,On Time,Click & Collect,Current
2470,2024-04-17,296,107,3,1,49.65,1.53,49.65,48.12,0,On Time,Wholesale,Current
2471,2024-07-20,513,20,2,4,93.73,17.31,374.92,357.61,0,On Time,Online,Current
2472,2025-07-22,929,118,1,1,167.17,11.94,167.17,155.23,0,On Time,Online,Future
2473,2025-06-28,257,88,6,3,41.48,24.61,124.44,99.83,0,On Time,Click & Collect,Current
2474,2025-07-05,897,99,2,3,170.64,23.42,511.92,488.5,6,Late,Wholesale,Current
2475,2025-06-08,915,52,1,2,18.05,32.44,36.1,3.66,0,On Time,Online,Current
2476,2025-01-27,162,29,4,2,130.05,11.79,260.1,248.31,0,On Time,Wholesale,Current
2477,2024-10-15,165,23,6,4,87.41,7.95,349.64,341.69,0,On Time,Online,Future
2478,2024-11-09,766,92,1,4,46.38,16.67,185.52,168.85,1,Late,Online,Future
2479,2025-05-04,289,92,1,3,46.38,16.49,139.14,122.65,0,On Time,Online,Future
2480,2025-05-12,7,100,6,2,91.89,12.7,183.78,171.08,0,On Time,Online,Current
2481,2024-10-05,93,114,3,4,83.67,28.97,334.68,305.71,0,On Time,Online,Future
2482,2024-02-06,181,109,6,3,65.96,14.72,197.88,183.16,0,On Time,Online,Future
2483,2025-11-13,686,5,1,4,140.44,30.52,561.76,531.24,0,On Time,Click & Collect,Current
2484,2024-02-05,882,52,2,2,18.05,3.92,36.1,32.18,0,On Time,Online,Current
2485,2024-08-16,461,103,4,2,113.76,12.09,227.52,215.43,0,On Time,Click & Collect,Current
2486,2025-04-01,612,106,6,4,28.51,3.42,114.04,110.62,5,Late,Online,Current
2487,2024-05-24,811,15,6,3,76.6,19.86,229.8,209.94,0,On Time,Online,Future
2488,2025-12-20,471,108,6,3,50.05,6.53,150.15,143.62,2,Late,Online,Current
2489,2025-11-24,861,20,6,4,93.73,1.45,374.92,373.47,0,On Time,Online,Current
2490,2025-09-04,761,103,6,2,113.76,33.26,227.52,194.26,0,On Time,Online,Current
2491,2024-09-03,529,17,6,3,141.85,28.62,425.55,396.93,0,On Time,Online,Current
2492,2025-09-15,791,82,6,1,135.39,29.56,135.39,105.83,7,Late,Online,Current
2493,2025-12-21,11,19,1,2,118.63,6.28,237.26,230.98,0,On Time,Online,Future
2494,2024-05-27,984,83,6,2,73.64,7.35,147.28,139.93,0,On Time,Online,Current
2495,2024-07-03,157,69,1,1,82.06,7.63,82.06,74.43,0,On Time,Online,Future
2496,2024-03-22,289,20,1,2,93.73,21.71,187.46,165.75,0,On Time,In-Store,Current
2497,2024-01-17,952,49,6,1,134.92,24.08,134.92,110.84,0,On Time,Online,Future
2498,2024-01-16,726,90,6,2,82.64,22.06,165.28,143.22,0,On Time,In-Store,Current
2499,2024-09-03,397,49,6,1,134.92,24.55,134.92,110.37,2,Late,Online,Current
2500,2024-01-20,679,14,3,3,85.15,33.35,255.45,222.1,6,Late,Online,Current
2501,2024-07-30,605,108,2,1,50.05,32.22,50.05,17.83,0,On Time,Online,Current
2502,2025-03-31,442,95,6,3,168.8,12.18,506.4,494.22,4,Late,Online,Current
2503,2024-03-12,697,108,4,3,50.05,26.76,150.15,123.39,0,On Time,In-Store,Future
2504,2024-09-07,423,21,4,3,44.65,17.5,133.95,116.45,0,On Time,Online,Future
2505,2024-07-24,242,57,1,4,144.33,1.31,577.32,576.01,0,On Time,Online,Current
2506,2024-01-31,495,1,6,3,125.71,9.96,377.13,367.17,0,On Time,Online,Future
2507,2025-07-29,556,78,2,3,57.86,18.51,173.58,155.07,0,On Time,Click & Collect,Future
2508,2025-11-05,447,48,6,2,94.16,34.83,188.32,153.49,0,On Time,Wholesale,Current
2509,2024-12-13,44,34,5,3,116.01,24.99,348.03,323.04,0,On Time,Online,Future
2510,2024-11-10,763,108,1,2,50.05,17.09,100.1,83.01,1,Late,Online,Current
2511,2025-04-27,709,71,5,2,135.62,16.06,271.24,255.18,1,Late,Online,Current
2512,2024-12-04,343,17,3,4,141.85,24.02,567.4,543.38,5,Late,Wholesale,Current
2513,2024-04-28,785,48,1,1,94.16,10.5,94.16,83.66,0,On Time,Online,Future
2514,2025-11-24,292,3,1,3,182.39,29.69,547.17,517.48,1,Late,Online,Future
2515,2025-06-11,469,108,2,3,50.05,11.51,150.15,138.64,1,Late,Wholesale,Current
2516,2025-12-17,522,74,2,2,120.32,9.43,240.64,231.21,0,On Time,Online,Future
2517,2024-03-12,431,115,6,4,131.17,19.56,524.68,505.12,0,On Time,Online,Current
2518,2024-06-11,613,57,6,4,144.33,22.86,577.32,554.46,0,On Time,In-Store,Current
2519,2024-08-31,300,44,6,4,107.15,32.02,428.6,396.58,0,On Time,Online,Future
2520,2024-12-15,649,2,6,1,200.36,27.23,200.36,173.13,0,On Time,Online,Future
2521,2025-03-30,585,79,4,4,174.91,9.6,699.64,690.04,0,On Time,Wholesale,Current
2522,2024-12-15,874,67,2,3,214.61,7.35,643.83,636.48,0,On Time,Online,Current
2523,2025-03-16,735,40,2,2,35.44,4.42,70.88,66.46,1,Late,Click & Collect,Future
2524,2025-01-19,660,5,6,4,140.44,22.68,561.76,539.08,1,Late,Online,Current
2525,2024-03-17,615,30,6,3,33.3,2.23,99.9,97.67,0,On Time,Online,Future
2526,2025-01-02,445,76,3,2,128.17,32.75,256.34,223.59,0,On Time,Online,Current
2527,2024-08-14,475,3,2,1,182.39,0.14,182.39,182.25,0,On Time,Online,Current
2528,2024-02-02,538,74,1,3,120.32,30.3,360.96,330.66,0,On Time,Online,Future
2529,2025-09-01,298,65,6,4,71.32,8.8,285.28,276.48,0,On Time,Online,Current
2530,2025-11-16,169,108,1,4,50.05,8.06,200.2,192.14,0,On Time,Click & Collect,Future
2531,2024-11-22,421,55,3,1,80.85,15.48,80.85,65.37,0,On Time,Wholesale,Future
2532,2024-06-21,703,102,6,1,68.71,13.69,68.71,55.02,6,Late,Online,Current
2533,2024-04-10,425,5,1,3,140.44,15.05,421.32,406.27,1,Late,Online,Current
2534,2025-01-20,431,107,6,1,49.65,10.12,49.65,39.53,0,On Time,Online,Future
2535,2025-11-17,563,44,3,1,107.15,8.07,107.15,99.08,0,On Time,Click & Collect,Future
2536,2025-09-20,464,14,6,4,85.15,31.15,340.6,309.45,1,Late,Online,Current
2537,2025-04-06,735,23,6,1,87.41,27.48,87.41,59.93,0,On Time,Online,Future
2538,2024-11-17,824,96,3,1,44.65,1.52,44.65,43.13,1,Late,In-Store,Future
2539,2024-06-22,556,76,1,3,128.17,3.75,384.51,380.76,0,On Time,Wholesale,Current
2540,2024-09-04,720,13,1,2,109.25,28.6,218.5,189.9,0,On Time,Wholesale,Current
2541,2024-11-06,620,120,3,1,47.37,19.08,47.37,28.29,0,On Time,Online,Future
2542,2025-04-21,750,41,2,1,110.65,18.03,110.65,92.62,0,On Time,Click & Collect,Future
2543,2025-12-22,340,99,2,2,170.64,28.82,341.28,312.46,0,On Time,Online,Future
2544,2025-07-07,825,42,3,4,65.4,0.47,261.6,261.13,0,On Time,In-Store,Future
2545,2024-05-21,624,19,3,3,118.63,24.88,355.89,331.01,0,On Time,Online,Future
2546,2025-08-06,935,38,4,2,97.97,3.21,195.94,192.73,0,On Time,Click & Collect,Current
2547,2024-06-24,189,80,4,3,119.07,15.14,357.21,342.07,0,On Time,Online,Future
2548,2024-02-05,331,107,2,2,49.65,15.29,99.3,84.01,0,On Time,In-Store,Current
2549,2025-02-01,37,63,2,3,50.08,22.28,150.24,127.96,0,On Time,Online,Current
2550,2024-04-21,333,55,1,3,80.85,0.51,242.55,242.04,0,On Time,Click & Collect,Future
2551,2024-03-10,664,38,2,4,97.97,31.48,391.88,360.4,0,On Time,In-Store,Future
2552,2024-04-06,726,93,3,2,119.71,20.71,239.42,218.71,0,On Time,Online,Future
2553,2025-08-05,383,58,1,2,118.61,26.76,237.22,210.46,2,Late,Online,Current
2554,2025-01-16,330,49,6,2,134.92,4.6,269.84,265.24,0,On Time,Online,Future
2555,2025-11-15,663,13,6,1,109.25,24.97,109.25,84.28,0,On Time,Online,Current
2556,2025-10-15,11,86,6,1,102.94,17.13,102.94,85.81,0,On Time,Online,Current
2557,2025-12-23,736,36,2,1,162.38,6.91,162.38,155.47,0,On Time,In-Store,Future
2558,2025-01-10,515,23,2,4,87.41,13.55,349.64,336.09,0,On Time,Wholesale,Current
2559,2024-10-18,737,63,6,4,50.08,5.72,200.32,194.6,0,On Time,Online,Future
2560,2025-04-05,771,10,6,2,78.41,10.02,156.82,146.8,0,On Time,Online,Future
2561,2024-06-08,391,78,2,1,57.86,19.37,57.86,38.49,7,Late,Online,Current
2562,2024-10-15,831,106,6,3,28.51,5.18,85.53,80.35,0,On Time,Online,Future
2563,2025-07-07,221,27,2,4,148.3,22.54,593.2,570.66,0,On Time,Wholesale,Current
2564,2024-01-02,777,64,6,3,106.6,16.66,319.8,303.14,0,On Time,Online,Current
2565,2025-08-17,454,120,6,1,47.37,34.86,47.37,12.51,0,On Time,Online,Current
2566,2024-01-01,391,117,2,1,131.87,27.92,131.87,103.95,0,On Time,Click & Collect,Future
2567,2024-11-13,547,80,2,3,119.07,9.96,357.21,347.25,6,Late,Online,Current
2568,2025-06-21,977,4,6,3,143.64,22.87,430.92,408.05,0,On Time,Online,Current
2569,2024-01-31,975,115,3,2,131.17,6.31,262.34,256.03,0,On Time,In-Store,Future
2570,2025-11-29,727,79,5,1,174.91,26.65,174.91,148.26,0,On Time,Online,Current
2571,2025-12-10,245,116,6,3,159.24,6.55,477.72,471.17,0,On Time,Online,Future
2572,2024-10-04,707,72,6,4,141.82,28.0,567.28,539.28,0,On Time,Online,Future
2573,2024-09-15,489,38,6,4,97.97,14.86,391.88,377.02,0,On Time,Online,Future
2574,2025-04-11,37,58,6,1,118.61,8.66,118.61,109.95,0,On Time,Online,Future
2575,2025-04-27,381,55,6,3,80.85,13.74,242.55,228.81,0,On Time,Online,Future
2576,2025-09-11,220,88,3,4,41.48,12.17,165.92,153.75,0,On Time,Online,Current
2577,2024-06-14,718,51,1,1,110.62,27.94,110.62,82.68,0,On Time,Online,Future
2578,2024-06-01,347,20,1,2,93.73,26.62,187.46,160.84,6,Late,Online,Current
2579,2024-04-07,623,87,6,1,80.57,34.79,80.57,45.78,0,On Time,Online,Future
2580,2024-04-07,156,39,6,1,128.17,31.22,128.17,96.95,0,On Time,Online,Current
2581,2025-07-01,898,19,6,1,118.63,17.55,118.63,101.08,1,Late,Online,Future
2582,2025-12-19,733,20,2,4,93.73,28.64,374.92,346.28,0,On Time,Online,Current
2583,2024-10-23,488,54,6,4,110.37,21.59,441.48,419.89,0,On Time,Online,Future
2584,2024-12-30,963,83,3,1,73.64,9.76,73.64,63.88,1,Late,Click & Collect,Future
2585,2025-11-11,103,111,5,1,139.05,26.61,139.05,112.44,0,On Time,Online,Future
2586,2024-03-27,306,42,6,4,65.4,34.28,261.6,227.32,6,Late,Online,Current
2587,2025-03-17,584,111,6,4,139.05,28.65,556.2,527.55,0,On Time,Online,Current
2588,2025-09-06,13,33,2,1,219.29,2.68,219.29,216.61,1,Late,Wholesale,Current
2589,2025-05-22,37,88,2,2,41.48,19.39,82.96,63.57,0,On Time,Wholesale,Future
2590,2024-11-24,344,67,6,4,214.61,23.33,858.44,835.11,0,On Time,Online,Current
2591,2024-10-28,37,6,1,2,127.67,1.98,255.34,253.36,0,On Time,Online,Future
2592,2025-01-18,596,103,1,2,113.76,28.58,227.52,198.94,0,On Time,Online,Current
2593,2025-03-06,775,58,6,1,118.61,33.87,118.61,84.74,0,On Time,Online,Current
2594,2024-11-03,269,25,4,3,27.12,0.7,81.36,80.66,0,On Time,Online,Current
2595,2025-10-02,643,23,1,2,87.41,30.85,174.82,143.97,0,On Time,Online,Future
2596,2024-03-30,724,2,1,4,200.36,4.07,801.44,797.37,0,On Time,Online,Current
2597,2025-01-08,181,35,6,4,41.4,26.83,165.6,138.77,3,Late,Online,Current
2598,2024-03-08,133,64,6,2,106.6,1.61,213.2,211.59,0,On Time,Online,Current
2599,2024-05-23,761,49,6,4,134.92,10.63,539.68,529.05,0,On Time,Online,Current
2600,2025-09-26,167,24,6,2,152.6,16.55,305.2,288.65,3,Late,Online,Current
2601,2025-07-13,623,16,3,2,103.76,2.67,207.52,204.85,0,On Time,In-Store,Current
2602,2025-10-19,862,97,6,2,54.01,20.3,108.02,87.72,0,On Time,Online,Future
2603,2025-01-13,955,60,2,4,148.3,7.77,593.2,585.43,0,On Time,Online,Current
2604,2025-01-27,356,120,1,3,47.37,33.01,142.11,109.1,0,On Time,In-Store,Future
2605,2024-08-02,290,22,6,3,118.48,24.73,355.44,330.71,5,Late,Online,Current
2606,2025-01-31,125,32,6,3,183.92,16.2,551.76,535.56,0,On Time,Online,Current
2607,2025-01-26,273,40,1,1,35.44,27.85,35.44,7.59,0,On Time,Wholesale,Current
2608,2025-08-12,124,108,3,2,50.05,14.67,100.1,85.43,0,On Time,Online,Future
2609,2024-02-19,842,63,6,1,50.08,31.53,50.08,18.55,7,Late,Online,Current
2610,2025-11-29,722,79,1,4,174.91,18.46,699.64,681.18,0,On Time,Online,Future
2611,2025-10-09,988,106,6,2,28.51,0.39,57.02,56.63,0,On Time,Online,Current
2612,2025-05-01,996,14,6,2,85.15,27.15,170.3,143.15,0,On Time,Online,Current
2613,2024-10-18,895,115,2,2,131.17,3.59,262.34,258.75,0,On Time,Online,Future
2614,2025-08-10,369,80,6,1,119.07,26.03,119.07,93.04,1,Late,In-Store,Current
2615,2025-09-03,32,70,6,1,117.81,21.73,117.81,96.08,6,Late,In-Store,Current
2616,2025-02-07,936,16,4,1,103.76,20.12,103.76,83.64,0,On Time,Click & Collect,Current
2617,2025-08-08,717,80,6,3,119.07,6.57,357.21,350.64,0,On Time,Online,Current
2618,2024-10-26,842,85,5,1,142.01,17.77,142.01,124.24,0,On Time,Wholesale,Future
2619,2024-01-06,758,64,6,1,106.6,34.73,106.6,71.87,0,On Time,Online,Future
2620,2024-11-14,119,68,6,4,76.01,23.02,304.04,281.02,7,Late,Online,Current
2621,2025-01-21,394,74,1,1,120.32,34.01,120.32,86.31,0,On Time,Click & Collect,Current
2622,2025-09-17,630,79,2,4,174.91,16.5,699.64,683.14,0,On Time,Click & Collect,Future
2623,2025-05-01,74,98,2,4,192.94,21.3,771.76,750.46,0,On Time,Click & Collect,Current
2624,2024-01-02,651,55,1,3,80.85,9.96,242.55,232.59,0,On Time,Online,Future
2625,2024-10-18,190,36,6,2,162.38,28.92,324.76,295.84,0,On Time,Online,Current
2626,2024-07-24,804,108,6,1,50.05,12.05,50.05,38.0,0,On Time,Online,Future
2627,2024-10-30,811,89,6,4,144.37,30.38,577.48,547.1,6,Late,Online,Current
2628,2024-02-20,328,114,1,1,83.67,27.14,83.67,56.53,0,On Time,Online,Current
2629,2025-05-25,871,56,6,3,166.72,0.31,500.16,499.85,1,Late,Online,Current
2630,2024-04-05,76,103,2,1,113.76,20.72,113.76,93.04,5,Late,Online,Current
2631,2024-02-14,614,53,3,4,103.59,23.46,414.36,390.9,0,On Time,Online,Current
2632,2025-01-01,611,94,2,4,56.02,25.33,224.08,198.75,0,On Time,Click & Collect,Current
2633,2024-09-15,538,25,3,4,27.12,17.9,108.48,90.58,0,On Time,Online,Current
2634,2024-03-04,155,12,5,4,177.18,30.66,708.72,678.06,0,On Time,Wholesale,Current
2635,2024-11-16,616,66,6,4,105.25,9.53,421.0,411.47,0,On Time,Online,Future
2636,2024-11-30,171,112,2,4,167.65,22.19,670.6,648.41,0,On Time,Online,Future
2637,2025-07-24,952,47,2,1,146.36,12.17,146.36,134.19,0,On Time,Online,Future
2638,2024-05-27,315,16,1,3,103.76,28.71,311.28,282.57,7,Late,Online,Current
2639,2025-12-03,994,40,1,2,35.44,9.07,70.88,61.81,0,On Time,Online,Future
2640,2024-09-29,388,76,5,3,128.17,20.89,384.51,363.62,0,On Time,Click & Collect,Future
2641,2025-06-11,819,74,6,4,120.32,29.4,481.28,451.88,0,On Time,Online,Future
2642,2024-03-08,889,50,1,3,97.72,2.05,293.16,291.11,0,On Time,Click & Collect,Current
2643,2024-06-28,378,112,1,4,167.65,9.7,670.6,660.9,5,Late,Wholesale,Current
2644,2025-02-06,356,48,4,2,94.16,14.68,188.32,173.64,0,On Time,Online,Future
2645,2024-11-28,915,13,6,1,109.25,32.86,109.25,76.39,0,On Time,Online,Current
2646,2025-04-18,400,33,1,2,219.29,29.92,438.58,408.66,0,On Time,Online,Current
2647,2024-08-27,218,14,2,3,85.15,9.69,255.45,245.76,0,On Time,Click & Collect,Current
2648,2025-06-10,443,113,6,4,120.7,20.03,482.8,462.77,0,On Time,Online,Future
2649,2024-07-06,381,105,2,1,45.95,27.57,45.95,18.38,0,On Time,Online,Future
2650,2025-09-13,358,85,2,3,142.01,21.83,426.03,404.2,0,On Time,In-Store,Future
2651,2025-09-01,888,95,3,1,168.8,31.27,168.8,137.53,0,On Time,Wholesale,Future
2652,2025-07-12,190,15,4,4,76.6,31.69,306.4,274.71,4,Late,Click & Collect,Current
2653,2024-02-10,493,9,3,1,102.79,1.02,102.79,101.77,0,On Time,Wholesale,Current
2654,2025-11-16,24,40,1,3,35.44,23.59,106.32,82.73,0,On Time,Online,Current
2655,2025-07-17,509,118,6,2,167.17,26.63,334.34,307.71,0,On Time,Click & Collect,Future
2656,2025-07-29,730,64,3,4,106.6,22.14,426.4,404.26,0,On Time,In-Store,Future
2657,2024-09-02,164,40,6,4,35.44,16.26,141.76,125.5,0,On Time,Online,Future
2658,2025-07-27,368,24,6,2,152.6,5.91,305.2,299.29,0,On Time,Online,Current
2659,2025-05-04,151,116,1,4,159.24,28.99,636.96,607.97,0,On Time,In-Store,Current
2660,2025-10-04,9,41,2,3,110.65,24.15,331.95,307.8,4,Late,In-Store,Current
2661,2025-01-09,271,98,6,2,192.94,8.75,385.88,377.13,0,On Time,Online,Future
2662,2025-02-22,915,88,1,4,41.48,21.99,165.92,143.93,0,On Time,Wholesale,Current
2663,2025-03-27,989,109,2,3,65.96,11.79,197.88,186.09,0,On Time,Wholesale,Current
2664,2025-03-03,779,114,2,2,83.67,2.34,167.34,165.0,0,On Time,Online,Future
2665,2025-01-18,956,41,1,4,110.65,34.15,442.6,408.45,0,On Time,In-Store,Future
2666,2024-02-07,300,61,3,4,82.33,11.32,329.32,318.0,0,On Time,Online,Current
2667,2025-12-14,340,113,6,2,120.7,28.02,241.4,213.38,2,Late,Online,Future
2668,2025-11-01,541,90,6,1,82.64,27.03,82.64,55.61,0,On Time,Online,Current
2669,2024-06-01,320,63,2,3,50.08,32.28,150.24,117.96,0,On Time,Online,Future
2670,2024-01-05,47,36,4,1,162.38,6.23,162.38,156.15,0,On Time,Online,Current
2671,2024-09-16,200,67,1,2,214.61,11.97,429.22,417.25,0,On Time,In-Store,Future
2672,2025-02-22,770,49,2,4,134.92,18.55,539.68,521.13,0,On Time,In-Store,Future
2673,2024-10-23,409,67,1,3,214.61,10.13,643.83,633.7,0,On Time,Click & Collect,Current
2674,2025-09-18,424,120,4,3,47.37,2.83,142.11,139.28,0,On Time,Wholesale,Current
2675,2024-10-31,273,8,2,3,62.57,22.42,187.71,165.29,0,On Time,Online,Future
2676,2024-01-13,33,9,3,2,102.79,6.65,205.58,198.93,0,On Time,In-Store,Future
2677,2024-07-24,934,79,3,1,174.91,2.77,174.91,172.14,0,On Time,Click & Collect,Current
2678,2025-06-15,104,50,6,2,97.72,30.38,195.44,165.06,0,On Time,Online,Current
2679,2025-04-28,131,25,6,4,27.12,23.16,108.48,85.32,0,On Time,Online,Current
2680,2024-04-29,970,53,6,1,103.59,31.59,103.59,72.0,0,On Time,Online,Current
2681,2024-04-06,586,29,1,1,130.05,5.45,130.05,124.6,2,Late,Online,Future
2682,2025-03-11,526,51,6,4,110.62,19.62,442.48,422.86,0,On Time,Online,Current
2683,2025-02-27,865,114,6,4,83.67,4.63,334.68,330.05,1,Late,Online,Future
2684,2024-04-24,3,71,2,4,135.62,11.63,542.48,530.85,6,Late,Click & Collect,Current
2685,2025-11-20,76,114,5,4,83.67,33.2,334.68,301.48,0,On Time,Online,Current
2686,2025-02-22,560,101,6,3,123.75,19.19,371.25,352.06,0,On Time,Online,Current
2687,2024-05-23,818,110,5,2,159.94,11.24,319.88,308.64,5,Late,Click & Collect,Current
2688,2025-07-04,665,33,6,3,219.29,1.95,657.87,655.92,0,On Time,Online,Future
2689,2024-03-01,905,68,1,1,76.01,22.94,76.01,53.07,0,On Time,Click & Collect,Future
2690,2024-07-12,483,106,1,3,28.51,19.0,85.53,66.53,0,On Time,Online,Future
2691,2025-08-25,245,107,1,1,49.65,13.87,49.65,35.78,0,On Time,In-Store,Future
2692,2024-01-26,221,25,6,2,27.12,18.06,54.24,36.18,0,On Time,Online,Current
2693,2025-05-09,765,92,6,3,46.38,6.96,139.14,132.18,0,On Time,Online,Current
2694,2024-03-20,192,70,6,1,117.81,10.03,117.81,107.78,0,On Time,Online,Current
2695,2024-03-23,860,79,6,1,174.91,19.53,174.91,155.38,0,On Time,Online,Current
2696,2024-08-01,518,25,2,3,27.12,13.66,81.36,67.7,0,On Time,Click & Collect,Future
2697,2025-08-27,170,34,4,3,116.01,5.43,348.03,342.6,0,On Time,Wholesale,Future
2698,2024-12-03,404,99,1,4,170.64,11.43,682.56,671.13,2,Late,Click & Collect,Future
2699,2025-07-29,680,22,6,2,118.48,33.19,236.96,203.77,0,On Time,Online,Future
2700,2025-02-24,962,10,6,3,78.41,14.46,235.23,220.77,2,Late,Online,Current
2701,2024-06-30,595,42,4,1,65.4,18.11,65.4,47.29,0,On Time,In-Store,Current
2702,2024-12-07,178,13,6,1,109.25,26.04,109.25,83.21,0,On Time,Online,Future
2703,2024-11-27,412,4,6,1,143.64,19.66,143.64,123.98,0,On Time,Online,Future
2704,2025-04-11,749,10,6,1,78.41,8.27,78.41,70.14,0,On Time,In-Store,Current
2705,2024-03-09,360,62,6,2,180.58,14.59,361.16,346.57,0,On Time,Wholesale,Future
2706,2024-04-11,551,49,6,2,134.92,27.08,269.84,242.76,3,Late,In-Store,Current
2707,2024-05-10,872,87,3,4,80.57,3.55,322.28,318.73,0,On Time,Online,Current
2708,2025-08-24,40,28,2,1,154.21,11.5,154.21,142.71,2,Late,Click & Collect,Current
2709,2025-05-01,189,106,5,4,28.51,1.47,114.04,112.57,0,On Time,Click & Collect,Future
2710,2024-12-26,364,105,3,4,45.95,2.46,183.8,181.34,0,On Time,Online,Current
2711,2024-12-17,193,23,3,1,87.41,30.35,87.41,57.06,0,On Time,Click & Collect,Current
2712,2024-07-10,743,22,1,4,118.48,27.93,473.92,445.99,5,Late,Online,Current
2713,2024-05-28,384,5,3,3,140.44,24.93,421.32,396.39,4,Late,Online,Current
2714,2025-03-26,524,102,6,2,68.71,34.96,137.42,102.46,0,On Time,Online,Future
2715,2025-12-03,80,119,5,4,21.52,27.16,86.08,58.92,6,Late,In-Store,Current
2716,2025-03-09,453,98,4,2,192.94,1.55,385.88,384.33,7,Late,Wholesale,Current
2717,2025-01-31,125,69,3,4,82.06,8.4,328.24,319.84,0,On Time,Online,Future
2718,2025-11-09,724,115,6,1,131.17,18.82,131.17,112.35,0,On Time,Online,Current
2719,2024-11-02,444,49,6,4,134.92,8.12,539.68,531.56,0,On Time,Online,Future
2720,2024-01-25,905,44,6,2,107.15,6.81,214.3,207.49,0,On Time,Online,Current
2721,2025-02-07,867,35,5,3,41.4,20.07,124.2,104.13,0,On Time,Online,Future
2722,2024-06-27,336,54,2,4,110.37,1.61,441.48,439.87,0,On Time,Wholesale,Current
2723,2025-01-05,223,33,2,2,219.29,13.06,438.58,425.52,0,On Time,Wholesale,Current
2724,2025-01-16,227,43,3,2,129.42,19.85,258.84,238.99,0,On Time,Wholesale,Current
2725,2024-07-08,550,61,6,4,82.33,15.86,329.32,313.46,2,Late,Online,Current
2726,2025-05-20,500,40,1,4,35.44,3.36,141.76,138.4,5,Late,Wholesale,Current
2727,2025-04-14,357,110,4,1,159.94,34.99,159.94,124.95,0,On Time,Wholesale,Future
2728,2024-12-16,165,3,1,2,182.39,28.04,364.78,336.74,0,On Time,Online,Current
2729,2024-01-06,609,105,2,1,45.95,10.28,45.95,35.67,0,On Time,Online,Current
2730,2025-07-05,211,59,6,1,99.02,0.72,99.02,98.3,0,On Time,Online,Current
2731,2025-03-14,419,80,4,4,119.07,32.04,476.28,444.24,0,On Time,Wholesale,Current
2732,2025-11-21,987,103,6,2,113.76,32.7,227.52,194.82,0,On Time,Online,Current
2733,2025-04-21,267,98,6,4,192.94,18.87,771.76,752.89,3,Late,Online,Current
2734,2024-07-30,561,119,1,4,21.52,18.98,86.08,67.1,4,Late,Online,Current
2735,2025-09-07,185,107,5,3,49.65,34.59,148.95,114.36,0,On Time,Online,Future
2736,2024-08-04,928,87,2,1,80.57,28.6,80.57,51.97,0,On Time,In-Store,Current
2737,2024-07-20,799,32,1,1,183.92,13.21,183.92,170.71,0,On Time,Wholesale,Future
2738,2025-11-17,400,111,6,4,139.05,4.25,556.2,551.95,0,On Time,Click & Collect,Current
2739,2025-08-06,212,75,6,2,112.15,24.31,224.3,199.99,0,On Time,Online,Future
2740,2024-09-29,637,80,4,4,119.07,22.04,476.28,454.24,5,Late,In-Store,Current
2741,2024-03-18,861,53,6,1,103.59,16.63,103.59,86.96,0,On Time,Online,Current
2742,2025-08-12,800,36,5,1,162.38,29.3,162.38,133.08,0,On Time,Online,Current
2743,2025-08-06,754,1,2,4,125.71,32.05,502.84,470.79,5,Late,Click & Collect,Current
2744,2025-06-14,911,61,1,3,82.33,9.37,246.99,237.62,0,On Time,In-Store,Future
2745,2024-07-10,715,86,6,2,102.94,33.89,205.88,171.99,0,On Time,Click & Collect,Future
2746,2024-07-11,628,52,6,3,18.05,10.77,54.15,43.38,0,On Time,Online,Current
2747,2025-01-24,564,105,2,3,45.95,14.28,137.85,123.57,4,Late,Online,Current
2748,2024-05-22,473,58,3,3,118.61,33.38,355.83,322.45,1,Late,Online,Current
2749,2024-07-22,189,82,4,3,135.39,7.83,406.17,398.34,0,On Time,In-Store,Future
2750,2025-10-30,629,30,6,4,33.3,24.35,133.2,108.85,3,Late,Online,Current
2751,2024-02-04,524,5,2,4,140.44,16.53,561.76,545.23,0,On Time,Online,Current
2752,2025-11-14,358,26,6,2,117.76,24.04,235.52,211.48,0,On Time,Online,Future
2753,2025-08-20,173,115,2,2,131.17,2.17,262.34,260.17,0,On Time,Online,Future
2754,2025-07-26,837,59,5,3,99.02,15.96,297.06,281.1,0,On Time,Online,Current
2755,2025-01-23,493,10,6,1,78.41,22.76,78.41,55.65,0,On Time,Online,Current
2756,2025-12-05,309,35,1,3,41.4,14.3,124.2,109.9,0,On Time,Online,Future
2757,2025-11-08,489,29,4,2,130.05,34.3,260.1,225.8,0,On Time,Click & Collect,Future
2758,2024-07-26,442,2,5,4,200.36,25.4,801.44,776.04,0,On Time,Online,Current
2759,2024-05-14,119,6,3,4,127.67,25.73,510.68,484.95,1,Late,Online,Current
2760,2024-08-24,255,77,1,4,132.93,28.19,531.72,503.53,0,On Time,Wholesale,Future
2761,2024-02-28,68,29,1,1,130.05,17.55,130.05,112.5,0,On Time,Click & Collect,Future
2762,2025-04-04,285,32,1,2,183.92,20.35,367.84,347.49,0,On Time,Online,Current
2763,2024-11-23,675,19,6,3,118.63,31.5,355.89,324.39,3,Late,Online,Current
2764,2024-12-31,958,51,6,4,110.62,29.11,442.48,413.37,0,On Time,Online,Current
2765,2024-01-02,553,96,6,3,44.65,23.56,133.95,110.39,6,Late,Online,Current
2766,2024-03-02,449,3,6,3,182.39,19.85,547.17,527.32,0,On Time,Online,Current
2767,2025-02-21,469,72,3,2,141.82,13.0,283.64,270.64,0,On Time,Online,Future
2768,2024-10-16,311,44,5,4,107.15,13.86,428.6,414.74,0,On Time,Online,Current
2769,2025-02-13,581,103,2,3,113.76,30.42,341.28,310.86,0,On Time,In-Store,Current
2770,2024-01-02,859,89,6,3,144.37,15.08,433.11,418.03,0,On Time,Online,Current
2771,2025-10-10,191,49,5,2,134.92,26.39,269.84,243.45,7,Late,Online,Current
2772,2025-03-01,158,36,1,3,162.38,11.34,487.14,475.8,0,On Time,Click & Collect,Future
2773,2024-02-23,566,40,1,3,35.44,30.74,106.32,75.58,2,Late,Click & Collect,Future
2774,2024-02-15,550,111,3,2,139.05,7.95,278.1,270.15,0,On Time,Click & Collect,Current
2775,2024-09-12,466,40,6,1,35.44,24.46,35.44,10.98,0,On Time,Online,Current
2776,2025-11-02,322,26,1,1,117.76,1.6,117.76,116.16,0,On Time,Online,Future
2777,2025-06-20,871,93,3,2,119.71,11.42,239.42,228.0,1,Late,In-Store,Current
2778,2025-01-27,581,96,1,2,44.65,22.98,89.3,66.32,1,Late,Click & Collect,Current
2779,2025-06-22,175,91,6,2,85.5,12.79,171.0,158.21,0,On Time,Online,Future
2780,2024-07-03,759,89,6,2,144.37,15.2,288.74,273.54,0,On Time,Online,Future
2781,2024-11-05,383,36,1,4,162.38,10.2,649.52,639.32,2,Late,In-Store,Current
2782,2025-12-10,917,15,6,4,76.6,34.59,306.4,271.81,0,On Time,Online,Future
2783,2024-08-14,961,8,6,2,62.57,15.35,125.14,109.79,0,On Time,Online,Current
2784,2025-02-17,654,79,2,1,174.91,14.32,174.91,160.59,0,On Time,Click & Collect,Future
2785,2024-12-16,898,25,3,1,27.12,30.66,27.12,-3.54,0,On Time,Click & Collect,Current
2786,2025-11-04,21,2,6,2,200.36,15.09,400.72,385.63,0,On Time,Online,Future
2787,2024-10-22,259,75,5,2,112.15,0.6,224.3,223.7,0,On Time,Online,Current
2788,2025-07-19,594,114,6,4,83.67,7.13,334.68,327.55,0,On Time,Online,Current
2789,2025-08-13,636,24,3,4,152.6,33.39,610.4,577.01,0,On Time,In-Store,Future
2790,2024-07-27,515,51,1,1,110.62,26.16,110.62,84.46,0,On Time,Online,Future
2791,2024-06-15,387,32,6,2,183.92,14.94,367.84,352.9,0,On Time,Online,Current
2792,2024-01-13,813,38,3,3,97.97,21.34,293.91,272.57,0,On Time,In-Store,Current
2793,2024-08-23,299,37,6,4,141.5,5.38,566.0,560.62,0,On Time,Online,Current
2794,2024-10-04,461,31,1,1,64.76,1.12,64.76,63.64,0,On Time,In-Store,Current
2795,2024-07-02,997,74,4,2,120.32,11.88,240.64,228.76,0,On Time,Wholesale,Current
2796,2025-06-20,232,52,6,3,18.05,2.75,54.15,51.4,0,On Time,Online,Future
2797,2025-01-18,1000,94,6,4,56.02,30.76,224.08,193.32,2,Late,Online,Future
2798,2024-02-27,388,80,2,2,119.07,0.01,238.14,238.13,0,On Time,Online,Current
2799,2024-07-16,457,27,3,4,148.3,18.05,593.2,575.15,0,On Time,Online,Future
2800,2024-08-08,838,94,6,2,56.02,24.0,112.04,88.04,0,On Time,Online,Current
2801,2025-05-05,52,54,4,2,110.37,26.21,220.74,194.53,0,On Time,Online,Current
2802,2025-02-02,413,73,3,2,20.46,19.56,40.92,21.36,1,Late,Wholesale,Current
2803,2024-01-22,826,58,5,1,118.61,5.58,118.61,113.03,0,On Time,Online,Current
2804,2025-02-27,780,37,6,2,141.5,18.63,283.0,264.37,0,On Time,Online,Current
2805,2024-02-24,656,106,6,4,28.51,21.54,114.04,92.5,6,Late,Online,Current
2806,2025-09-18,818,11,2,1,40.32,24.95,40.32,15.37,0,On Time,Online,Future
2807,2024-12-20,227,76,2,2,128.17,25.38,256.34,230.96,1,Late,Wholesale,Current
2808,2024-08-05,973,66,6,1,105.25,28.17,105.25,77.08,5,Late,Online,Current
2809,2025-03-09,121,88,6,4,41.48,6.63,165.92,159.29,0,On Time,Online,Current
2810,2025-08-03,487,114,6,4,83.67,20.86,334.68,313.82,0,On Time,Online,Future
2811,2024-07-03,171,67,6,1,214.61,6.24,214.61,208.37,1,Late,Online,Current
2812,2025-10-11,727,101,6,1,123.75,9.91,123.75,113.84,0,On Time,Online,Future
2813,2024-07-01,818,97,6,3,54.01,33.35,162.03,128.68,3,Late,Online,Current
2814,2025-07-05,24,68,6,2,76.01,19.61,152.02,132.41,0,On Time,Online,Future
2815,2024-07-04,810,93,3,2,119.71,31.09,239.42,208.33,0,On Time,Click & Collect,Current
2816,2025-11-28,756,50,6,1,97.72,28.16,97.72,69.56,3,Late,Online,Current
2817,2025-09-15,830,25,6,3,27.12,17.72,81.36,63.64,0,On Time,Online,Current
2818,2024-07-26,126,50,6,2,97.72,11.19,195.44,184.25,0,On Time,Online,Current
2819,2024-12-11,748,51,2,3,110.62,13.53,331.86,318.33,0,On Time,Online,Current
2820,2025-07-22,912,89,6,4,144.37,13.48,577.48,564.0,0,On Time,Online,Future
2821,2025-11-21,288,61,1,4,82.33,22.84,329.32,306.48,0,On Time,Wholesale,Future
2822,2025-08-06,609,33,3,1,219.29,16.01,219.29,203.28,0,On Time,Wholesale,Future
2823,2024-05-04,214,29,2,4,130.05,16.81,520.2,503.39,0,On Time,Wholesale,Current
2824,2024-10-09,704,11,1,3,40.32,29.22,120.96,91.74,0,On Time,In-Store,Future
2825,2025-01-29,109,91,4,2,85.5,14.49,171.0,156.51,0,On Time,In-Store,Future
2826,2025-05-20,528,64,6,4,106.6,27.13,426.4,399.27,0,On Time,Online,Current
2827,2024-09-13,288,80,6,3,119.07,3.32,357.21,353.89,0,On Time,Online,Future
2828,2025-10-29,364,91,2,1,85.5,18.62,85.5,66.88,4,Late,Click & Collect,Current
2829,2025-12-28,133,90,6,2,82.64,22.62,165.28,142.66,6,Late,Online,Current
2830,2025-02-17,914,9,1,2,102.79,3.55,205.58,202.03,2,Late,In-Store,Current
2831,2025-12-04,355,36,2,4,162.38,20.59,649.52,628.93,7,Late,Online,Current
2832,2025-08-05,422,108,2,2,50.05,2.05,100.1,98.05,0,On Time,Online,Future
2833,2024-08-22,560,86,4,4,102.94,3.35,411.76,408.41,1,Late,Online,Future
2834,2025-11-28,744,59,1,4,99.02,14.92,396.08,381.16,0,On Time,Online,Future
2835,2025-05-12,343,48,6,4,94.16,18.69,376.64,357.95,0,On Time,Online,Current
2836,2025-02-20,729,73,6,1,20.46,12.15,20.46,8.31,0,On Time,Online,Future
2837,2024-11-23,394,69,2,1,82.06,24.98,82.06,57.08,0,On Time,Click & Collect,Current
2838,2025-07-14,826,29,1,3,130.05,3.68,390.15,386.47,7,Late,Online,Current
2839,2024-07-14,902,61,2,4,82.33,32.85,329.32,296.47,0,On Time,Click & Collect,Current
2840,2024-05-04,976,42,6,3,65.4,7.62,196.2,188.58,0,On Time,Online,Future
2841,2025-04-23,873,72,6,3,141.82,8.71,425.46,416.75,0,On Time,Online,Current
2842,2025-10-16,259,15,6,1,76.6,34.33,76.6,42.27,0,On Time,Online,Future
2843,2024-06-09,984,119,1,2,21.52,17.78,43.04,25.26,0,On Time,Click & Collect,Current
2844,2025-03-05,92,72,6,2,141.82,21.19,283.64,262.45,0,On Time,Online,Current
2845,2024-11-13,387,81,2,3,110.75,2.64,332.25,329.61,0,On Time,Online,Future
2846,2025-06-16,870,98,6,1,192.94,1.64,192.94,191.3,0,On Time,Wholesale,Future
2847,2024-02-02,361,1,1,1,125.71,3.22,125.71,122.49,0,On Time,Online,Current
2848,2025-06-17,49,35,6,1,41.4,14.41,41.4,26.99,0,On Time,Online,Future
2849,2025-03-23,231,48,3,3,94.16,23.59,282.48,258.89,0,On Time,In-Store,Future
2850,2025-11-25,911,74,3,2,120.32,28.33,240.64,212.31,0,On Time,Click & Collect,Current
2851,2024-07-29,778,5,4,2,140.44,29.51,280.88,251.37,5,Late,In-Store,Current
2852,2024-03-27,337,85,6,3,142.01,32.04,426.03,393.99,0,On Time,Online,Current
2853,2024-01-05,983,79,6,2,174.91,17.57,349.82,332.25,2,Late,Online,Current
2854,2024-05-23,579,72,1,1,141.82,2.67,141.82,139.15,0,On Time,Online,Current
2855,2025-03-07,456,76,6,3,128.17,23.37,384.51,361.14,2,Late,Online,Current
2856,2024-12-02,60,36,1,3,162.38,20.43,487.14,466.71,6,Late,Online,Current
2857,2024-07-26,796,28,6,3,154.21,33.48,462.63,429.15,0,On Time,Online,Current
2858,2025-06-30,152,94,6,3,56.02,27.24,168.06,140.82,0,On Time,In-Store,Future
2859,2025-10-01,618,62,5,3,180.58,29.92,541.74,511.82,0,On Time,Wholesale,Future
2860,2025-09-08,720,100,5,1,91.89,6.0,91.89,85.89,0,On Time,Wholesale,Current
2861,2024-07-28,345,93,6,2,119.71,18.21,239.42,221.21,0,On Time,Online,Future
2862,2025-10-23,300,36,2,2,162.38,22.62,324.76,302.14,0,On Time,Online,Current
2863,2024-09-02,28,70,3,3,117.81,20.87,353.43,332.56,0,On Time,Click & Collect,Current
2864,2025-01-23,266,82,6,4,135.39,12.48,541.56,529.08,0,On Time,Online,Future
2865,2024-07-15,32,11,2,4,40.32,23.18,161.28,138.1,0,On Time,Wholesale,Current
2866,2025-11-14,975,58,2,1,118.61,1.47,118.61,117.14,0,On Time,In-Store,Future
2867,2024-11-01,564,41,2,3,110.65,19.61,331.95,312.34,0,On Time,Wholesale,Current
2868,2025-04-21,943,23,6,1,87.41,27.64,87.41,59.77,6,Late,Online,Current
2869,2025-02-26,549,48,6,1,94.16,17.22,94.16,76.94,0,On Time,Online,Current
2870,2024-01-21,196,58,4,2,118.61,4.03,237.22,233.19,2,Late,In-Store,Future
2871,2024-01-15,479,44,6,3,107.15,19.18,321.45,302.27,0,On Time,Online,Current
2872,2024-08-23,3,7,6,4,172.34,31.98,689.36,657.38,0,On Time,Online,Future
2873,2024-03-21,659,114,6,1,83.67,11.01,83.67,72.66,0,On Time,Online,Current
2874,2024-11-30,185,111,5,2,139.05,16.33,278.1,261.77,0,On Time,In-Store,Current
2875,2024-08-19,447,117,2,2,131.87,33.98,263.74,229.76,6,Late,In-Store,Current
2876,2025-02-09,602,48,6,1,94.16,6.06,94.16,88.1,2,Late,Online,Current
2877,2024-09-06,526,75,1,2,112.15,18.3,224.3,206.0,1,Late,Online,Future
2878,2024-11-25,654,77,3,4,132.93,26.27,531.72,505.45,0,On Time,In-Store,Future
2879,2025-12-16,629,104,1,1,154.04,21.25,154.04,132.79,2,Late,In-Store,Current
2880,2025-01-08,38,71,6,4,135.62,34.98,542.48,507.5,1,Late,Online,Future
2881,2024-01-08,833,71,4,4,135.62,27.24,542.48,515.24,0,On Time,In-Store,Future
2882,2024-04-09,281,61,1,3,82.33,22.12,246.99,224.87,0,On Time,Wholesale,Current
2883,2025-11-08,244,42,6,2,65.4,29.79,130.8,101.01,0,On Time,Online,Future
2884,2025-08-07,31,120,6,2,47.37,27.67,94.74,67.07,0,On Time,Online,Current
2885,2025-05-30,347,17,6,4,141.85,28.31,567.4,539.09,0,On Time,Online,Current
2886,2025-05-22,938,21,4,3,44.65,21.38,133.95,112.57,0,On Time,Online,Current
2887,2024-08-08,454,116,4,3,159.24,18.6,477.72,459.12,0,On Time,In-Store,Future
2888,2025-04-30,768,114,1,2,83.67,18.9,167.34,148.44,4,Late,Online,Current
2889,2024-11-15,241,12,1,3,177.18,16.11,531.54,515.43,0,On Time,Wholesale,Current
2890,2024-06-17,80,20,2,4,93.73,20.55,374.92,354.37,0,On Time,Online,Current
2891,2024-07-26,425,41,6,3,110.65,30.44,331.95,301.51,4,Late,Online,Current
2892,2025-07-16,567,77,3,2,132.93,30.47,265.86,235.39,0,On Time,Online,Current
2893,2025-08-08,151,69,2,4,82.06,7.45,328.24,320.79,0,On Time,Online,Current
2894,2024-01-29,182,58,2,2,118.61,23.69,237.22,213.53,0,On Time,Online,Future
2895,2025-04-20,129,65,2,1,71.32,1.4,71.32,69.92,0,On Time,Click & Collect,Current
2896,2024-08-18,984,20,6,2,93.73,25.61,187.46,161.85,0,On Time,Online,Current
2897,2025-06-13,522,62,1,2,180.58,30.23,361.16,330.93,0,On Time,Online,Current
2898,2024-06-17,745,39,4,3,128.17,19.0,384.51,365.51,0,On Time,Wholesale,Future
2899,2025-03-27,625,59,5,3,99.02,19.56,297.06,277.5,0,On Time,Online,Future
2900,2024-03-07,240,109,6,4,65.96,12.38,263.84,251.46,1,Late,Online,Current
2901,2025-04-27,837,4,3,4,143.64,16.16,574.56,558.4,0,On Time,Click & Collect,Current
2902,2025-06-29,591,8,6,2,62.57,2.68,125.14,122.46,0,On Time,Online,Future
2903,2025-12-02,504,33,2,1,219.29,17.63,219.29,201.66,0,On Time,Online,Current
2904,2025-01-26,640,69,6,2,82.06,31.99,164.12,132.13,4,Late,Online,Current
2905,2024-07-01,706,56,1,2,166.72,3.72,333.44,329.72,0,On Time,Online,Future
2906,2024-07-16,838,34,5,3,116.01,10.16,348.03,337.87,0,On Time,In-Store,Current
2907,2024-11-14,265,22,6,4,118.48,28.91,473.92,445.01,0,On Time,Online,Current
2908,2025-08-28,119,115,6,3,131.17,4.86,393.51,388.65,0,On Time,Online,Current
2909,2024-01-29,346,57,1,3,144.33,3.73,432.99,429.26,4,Late,Online,Current
2910,2025-10-18,528,56,5,1,166.72,5.05,166.72,161.67,0,On Time,Wholesale,Future
2911,2024-11-17,570,70,5,2,117.81,24.52,235.62,211.1,1,Late,Online,Current
2912,2024-04-30,379,84,6,1,108.1,23.87,108.1,84.23,0,On Time,Online,Current
2913,2024-11-13,920,18,6,4,53.11,24.28,212.44,188.16,5,Late,Online,Current
2914,2025-05-14,719,39,1,4,128.17,15.97,512.68,496.71,0,On Time,Online,Future
2915,2024-05-29,383,77,2,1,132.93,19.55,132.93,113.38,0,On Time,Online,Current
2916,2024-02-13,730,89,3,1,144.37,29.02,144.37,115.35,0,On Time,Online,Future
2917,2024-11-08,475,103,6,1,113.76,18.66,113.76,95.1,0,On Time,Online,Current
2918,2024-12-11,48,117,6,4,131.87,15.4,527.48,512.08,2,Late,Online,Future
2919,2024-11-22,159,33,3,3,219.29,14.38,657.87,643.49,0,On Time,In-Store,Current
2920,2025-11-13,315,48,6,1,94.16,13.59,94.16,80.57,0,On Time,Online,Current
2921,2024-02-25,759,92,2,2,46.38,0.36,92.76,92.4,2,Late,Online,Current
2922,2025-05-23,117,87,1,1,80.57,17.59,80.57,62.98,0,On Time,Online,Current
2923,2024-11-29,437,6,4,4,127.67,20.92,510.68,489.76,0,On Time,Wholesale,Current
2924,2024-04-12,334,106,4,3,28.51,7.52,85.53,78.01,0,On Time,Online,Future
2925,2025-02-12,735,75,6,2,112.15,6.88,224.3,217.42,0,On Time,Online,Current
2926,2025-01-04,866,23,1,1,87.41,14.35,87.41,73.06,0,On Time,Click & Collect,Future
2927,2024-02-12,722,55,2,4,80.85,2.35,323.4,321.05,0,On Time,Wholesale,Current
2928,2025-10-01,632,3,6,2,182.39,27.64,364.78,337.14,0,On Time,Online,Future
2929,2024-04-13,714,62,1,4,180.58,31.87,722.32,690.45,0,On Time,In-Store,Future
2930,2025-06-20,607,67,6,3,214.61,9.3,643.83,634.53,0,On Time,Online,Current
2931,2025-11-18,854,103,6,4,113.76,11.16,455.04,443.88,0,On Time,Online,Future
2932,2024-05-20,883,60,1,4,148.3,22.31,593.2,570.89,1,Late,Online,Current
2933,2025-10-21,552,21,6,4,44.65,10.89,178.6,167.71,0,On Time,Online,Future
2934,2025-01-16,435,92,6,2,46.38,34.95,92.76,57.81,0,On Time,Online,Current
2935,2024-07-07,608,74,2,2,120.32,6.76,240.64,233.88,5,Late,Wholesale,Current
2936,2024-08-26,882,61,3,3,82.33,12.3,246.99,234.69,7,Late,Click & Collect,Current
2937,2024-06-13,629,101,6,2,123.75,30.09,247.5,217.41,0,On Time,Online,Current
2938,2024-04-13,77,8,2,2,62.57,7.29,125.14,117.85,0,On Time,Online,Current
2939,2025-10-02,220,55,6,3,80.85,22.58,242.55,219.97,0,On Time,Wholesale,Current
2940,2025-10-25,837,49,6,3,134.92,32.04,404.76,372.72,0,On Time,Online,Future
2941,2024-06-10,756,48,6,3,94.16,3.97,282.48,278.51,0,On Time,Online,Current
2942,2024-03-15,227,50,3,1,97.72,32.72,97.72,65.0,0,On Time,Online,Current
2943,2025-12-27,983,58,3,2,118.61,9.58,237.22,227.64,0,On Time,Wholesale,Future
2944,2024-08-09,453,1,5,4,125.71,5.02,502.84,497.82,2,Late,Click & Collect,Future
2945,2024-12-08,429,42,6,2,65.4,30.1,130.8,100.7,0,On Time,Online,Future
2946,2025-09-11,606,99,1,1,170.64,23.39,170.64,147.25,0,On Time,Online,Current
2947,2024-01-12,247,46,6,3,117.41,9.26,352.23,342.97,0,On Time,Online,Current
2948,2025-07-18,498,117,6,1,131.87,28.84,131.87,103.03,0,On Time,Click & Collect,Current
2949,2025-04-23,90,27,3,4,148.3,22.16,593.2,571.04,0,On Time,Wholesale,Future
2950,2024-09-05,855,59,1,3,99.02,16.4,297.06,280.66,7,Late,Online,Current
2951,2024-12-06,809,84,6,4,108.1,23.65,432.4,408.75,0,On Time,Online,Future
2952,2024-06-28,896,32,6,2,183.92,33.24,367.84,334.6,0,On Time,Online,Current
2953,2024-09-04,511,67,5,3,214.61,17.31,643.83,626.52,0,On Time,In-Store,Current
2954,2025-06-01,997,1,1,3,125.71,34.01,377.13,343.12,0,On Time,Wholesale,Current
2955,2024-02-14,722,106,1,3,28.51,22.17,85.53,63.36,0,On Time,Wholesale,Future
2956,2024-10-13,255,9,3,2,102.79,11.07,205.58,194.51,1,Late,Online,Future
2957,2024-01-10,599,74,6,2,120.32,24.19,240.64,216.45,0,On Time,Online,Future
2958,2025-10-02,74,107,3,1,49.65,28.16,49.65,21.49,0,On Time,In-Store,Current
2959,2025-02-07,556,13,6,4,109.25,5.88,437.0,431.12,2,Late,Online,Future
2960,2024-03-15,146,25,3,1,27.12,7.96,27.12,19.16,0,On Time,Online,Future
2961,2024-01-25,999,71,2,3,135.62,12.39,406.86,394.47,4,Late,In-Store,Current
2962,2024-08-21,761,100,1,3,91.89,20.3,275.67,255.37,1,Late,Wholesale,Current
2963,2024-07-01,82,93,6,3,119.71,15.43,359.13,343.7,0,On Time,Online,Current
2964,2025-05-28,533,6,3,4,127.67,7.84,510.68,502.84,0,On Time,Online,Current
2965,2024-05-30,317,13,2,1,109.25,9.89,109.25,99.36,0,On Time,Online,Future
2966,2024-06-15,457,4,2,2,143.64,8.3,287.28,278.98,4,Late,Online,Current
2967,2024-08-01,737,72,2,4,141.82,26.49,567.28,540.79,0,On Time,Online,Current
2968,2024-07-13,451,113,1,3,120.7,5.57,362.1,356.53,0,On Time,Online,Future
2969,2024-10-02,279,60,6,4,148.3,8.61,593.2,584.59,0,On Time,Online,Current
2970,2024-08-14,786,57,6,2,144.33,2.44,288.66,286.22,0,On Time,Online,Future
2971,2024-05-24,29,56,6,1,166.72,1.06,166.72,165.66,0,On Time,Online,Current
2972,2024-11-04,741,56,6,1,166.72,15.62,166.72,151.1,6,Late,In-Store,Current
2973,2025-04-22,771,71,6,3,135.62,29.34,406.86,377.52,0,On Time,Online,Future
2974,2025-04-21,14,67,3,1,214.61,23.76,214.61,190.85,0,On Time,In-Store,Future
2975,2025-09-03,566,63,1,4,50.08,22.73,200.32,177.59,0,On Time,In-Store,Future
2976,2025-04-08,135,72,2,3,141.82,28.09,425.46,397.37,0,On Time,Click & Collect,Future
2977,2025-11-25,208,66,6,3,105.25,29.41,315.75,286.34,0,On Time,Online,Future
2978,2024-05-05,974,18,3,3,53.11,30.41,159.33,128.92,0,On Time,In-Store,Future
2979,2024-09-19,293,5,3,4,140.44,5.64,561.76,556.12,0,On Time,Online,Current
2980,2025-04-28,477,84,6,2,108.1,26.53,216.2,189.67,5,Late,Online,Current
2981,2025-09-30,342,22,6,4,118.48,17.97,473.92,455.95,6,Late,Wholesale,Current
2982,2024-01-30,327,42,3,3,65.4,32.03,196.2,164.17,0,On Time,Online,Future
2983,2025-01-23,606,2,6,3,200.36,18.6,601.08,582.48,0,On Time,Online,Current
2984,2024-12-20,118,109,2,3,65.96,33.05,197.88,164.83,0,On Time,Online,Future
2985,2025-09-11,130,81,6,3,110.75,21.73,332.25,310.52,0,On Time,Online,Future
2986,2024-08-18,661,117,6,3,131.87,32.05,395.61,363.56,0,On Time,Online,Current
2987,2025-01-19,698,120,1,2,47.37,12.98,94.74,81.76,0,On Time,Online,Current
2988,2024-09-09,44,7,1,4,172.34,17.52,689.36,671.84,0,On Time,Click & Collect,Future
2989,2024-02-08,523,6,2,3,127.67,29.26,383.01,353.75,1,Late,Online,Current
2990,2024-06-11,458,118,4,2,167.17,14.8,334.34,319.54,0,On Time,Online,Future
2991,2024-01-24,361,113,6,3,120.7,21.27,362.1,340.83,4,Late,Online,Current
2992,2025-01-07,670,84,1,3,108.1,21.01,324.3,303.29,0,On Time,Online,Current
2993,2024-07-01,233,20,2,4,93.73,7.49,374.92,367.43,0,On Time,Online,Current
2994,2025-09-08,717,55,6,4,80.85,22.14,323.4,301.26,0,On Time,Online,Current
2995,2025-10-10,444,25,5,3,27.12,28.01,81.36,53.35,0,On Time,Online,Current
2996,2025-03-12,32,63,2,1,50.08,27.98,50.08,22.1,0,On Time,Online,Current
2997,2024-06-20,166,48,1,2,94.16,11.94,188.32,176.38,0,On Time,Online,Current
2998,2025-11-04,319,65,6,3,71.32,8.32,213.96,205.64,0,On Time,Online,Current
2999,2024-09-04,506,42,1,2,65.4,2.15,130.8,128.65,0,On Time,Online,Current
3000,2024-08-17,516,93,2,2,119.71,26.02,239.42,213.4,0,On Time,Online,Current
3001,2025-02-21,146,13,6,2,109.25,13.76,218.5,204.74,0,On Time,Online,Current
3002,2025-06-05,258,93,4,4,119.71,9.11,478.84,469.73,0,On Time,Click & Collect,Current
3003,2024-04-12,57,28,1,4,154.21,11.55,616.84,605.29,0,On Time,In-Store,Current
3004,2024-06-13,743,39,6,1,128.17,27.3,128.17,100.87,0,On Time,Online,Future
3005,2024-03-21,156,111,4,1,139.05,22.48,139.05,116.57,0,On Time,Click & Collect,Current
3006,2024-02-23,336,49,3,2,134.92,11.39,269.84,258.45,0,On Time,In-Store,Future
3007,2024-05-27,748,5,5,2,140.44,14.27,280.88,266.61,5,Late,Online,Current
3008,2024-05-05,928,56,6,3,166.72,19.17,500.16,480.99,0,On Time,Online,Future
3009,2025-08-09,382,51,1,3,110.62,30.92,331.86,300.94,0,On Time,Online,Future
3010,2025-11-27,335,93,1,3,119.71,4.13,359.13,355.0,0,On Time,Click & Collect,Future
3011,2024-12-20,875,104,6,1,154.04,27.28,154.04,126.76,2,Late,Online,Current
3012,2024-06-18,716,85,2,1,142.01,20.94,142.01,121.07,0,On Time,In-Store,Current
3013,2024-10-08,612,111,2,2,139.05,16.62,278.1,261.48,5,Late,Online,Current
3014,2024-11-15,31,64,6,4,106.6,6.79,426.4,419.61,0,On Time,Online,Current
3015,2025-07-16,573,27,6,2,148.3,11.86,296.6,284.74,0,On Time,Online,Current
3016,2024-03-16,157,85,2,1,142.01,17.53,142.01,124.48,0,On Time,Online,Future
3017,2025-03-31,467,76,4,2,128.17,23.65,256.34,232.69,0,On Time,In-Store,Current
3018,2025-07-23,520,31,3,1,64.76,18.13,64.76,46.63,0,On Time,Wholesale,Current
3019,2025-05-02,577,115,6,2,131.17,32.99,262.34,229.35,0,On Time,Online,Current
3020,2025-11-04,591,116,6,1,159.24,24.02,159.24,135.22,0,On Time,Online,Current
3021,2025-08-08,370,37,6,1,141.5,15.63,141.5,125.87,0,On Time,Online,Future
3022,2025-07-12,522,40,1,4,35.44,9.56,141.76,132.2,0,On Time,Online,Current
3023,2025-11-25,183,99,6,2,170.64,12.78,341.28,328.5,0,On Time,Online,Future
3024,2025-07-04,835,67,1,2,214.61,1.52,429.22,427.7,0,On Time,Click & Collect,Current
3025,2024-11-07,506,106,6,3,28.51,34.75,85.53,50.78,0,On Time,Online,Current
3026,2025-11-13,302,3,3,3,182.39,31.31,547.17,515.86,0,On Time,In-Store,Future
3027,2024-10-31,176,44,1,4,107.15,0.08,428.6,428.52,3,Late,Online,Current
3028,2024-11-22,216,45,1,3,29.58,8.15,88.74,80.59,0,On Time,Online,Current
3029,2024-05-19,67,21,4,3,44.65,10.78,133.95,123.17,0,On Time,Online,Current
3030,2025-02-25,700,60,1,4,148.3,1.61,593.2,591.59,0,On Time,Online,Future
3031,2024-06-18,736,85,6,1,142.01,6.34,142.01,135.67,0,On Time,Online,Current
3032,2024-07-28,787,14,6,2,85.15,16.36,170.3,153.94,0,On Time,Online,Future
3033,2025-11-26,744,103,5,4,113.76,15.53,455.04,439.51,0,On Time,Online,Current
3034,2024-09-07,52,50,3,2,97.72,7.19,195.44,188.25,2,Late,Online,Current
3035,2024-10-13,985,39,1,3,128.17,23.47,384.51,361.04,0,On Time,Click & Collect,Future
3036,2025-06-25,503,57,6,1,144.33,0.57,144.33,143.76,0,On Time,Online,Current
3037,2025-05-11,298,94,2,3,56.02,32.41,168.06,135.65,0,On Time,Online,Current
3038,2024-06-02,286,71,4,2,135.62,10.84,271.24,260.4,0,On Time,In-Store,Current
3039,2025-10-18,734,73,4,4,20.46,7.86,81.84,73.98,0,On Time,Wholesale,Future
3040,2024-10-28,743,71,6,3,135.62,30.83,406.86,376.03,0,On Time,Online,Current
3041,2024-06-22,966,29,6,4,130.05,32.33,520.2,487.87,0,On Time,Online,Future
3042,2024-08-01,945,66,6,2,105.25,7.71,210.5,202.79,1,Late,Online,Current
3043,2024-12-18,895,36,6,2,162.38,13.88,324.76,310.88,1,Late,Online,Current
3044,2024-12-12,327,98,5,3,192.94,18.72,578.82,560.1,7,Late,Online,Current
3045,2025-09-25,174,18,6,1,53.11,10.44,53.11,42.67,0,On Time,Online,Future
3046,2024-02-02,684,58,3,2,118.61,4.86,237.22,232.36,0,On Time,Online,Current
3047,2025-06-27,163,115,6,2,131.17,4.35,262.34,257.99,1,Late,Online,Current
3048,2025-10-29,683,68,6,4,76.01,17.0,304.04,287.04,5,Late,Online,Current
3049,2024-08-09,750,31,6,1,64.76,21.32,64.76,43.44,7,Late,Online,Current
3050,2024-08-01,1,68,6,2,76.01,10.96,152.02,141.06,0,On Time,Online,Current
3051,2024-07-21,999,52,5,4,18.05,15.15,72.2,57.05,0,On Time,Online,Future
3052,2025-07-04,331,77,2,1,132.93,11.29,132.93,121.64,0,On Time,In-Store,Current
3053,2024-01-25,920,100,1,3,91.89,10.24,275.67,265.43,0,On Time,Online,Current
3054,2024-09-05,579,12,3,2,177.18,21.93,354.36,332.43,7,Late,Click & Collect,Current
3055,2024-03-18,600,91,2,2,85.5,14.7,171.0,156.3,0,On Time,Wholesale,Current
3056,2025-03-27,629,39,1,3,128.17,29.27,384.51,355.24,0,On Time,Online,Current
3057,2024-12-22,128,112,3,4,167.65,21.27,670.6,649.33,0,On Time,Online,Current
3058,2025-07-26,604,19,5,2,118.63,30.14,237.26,207.12,0,On Time,Online,Current
3059,2024-04-09,60,86,6,3,102.94,31.62,308.82,277.2,0,On Time,Online,Current
3060,2024-09-14,836,101,1,1,123.75,8.95,123.75,114.8,0,On Time,Online,Future
3061,2024-10-04,781,75,2,3,112.15,29.23,336.45,307.22,0,On Time,Online,Current
3062,2025-06-18,356,20,6,4,93.73,0.46,374.92,374.46,2,Late,Online,Current
3063,2024-03-10,52,21,2,3,44.65,6.08,133.95,127.87,0,On Time,In-Store,Future
3064,2025-05-02,273,23,1,3,87.41,13.53,262.23,248.7,0,On Time,In-Store,Future
3065,2025-09-22,72,56,2,1,166.72,29.99,166.72,136.73,0,On Time,In-Store,Future
3066,2024-09-26,409,96,1,3,44.65,3.17,133.95,130.78,0,On Time,Online,Future
3067,2024-09-02,673,13,4,2,109.25,7.11,218.5,211.39,0,On Time,Online,Future
3068,2024-01-10,98,58,1,2,118.61,24.96,237.22,212.26,0,On Time,In-Store,Current
3069,2024-10-08,670,65,2,3,71.32,23.75,213.96,190.21,0,On Time,Online,Current
3070,2025-08-30,482,53,1,3,103.59,17.76,310.77,293.01,0,On Time,In-Store,Future
3071,2025-12-05,971,93,3,3,119.71,15.89,359.13,343.24,1,Late,Online,Current
3072,2024-09-07,806,29,6,1,130.05,28.77,130.05,101.28,0,On Time,Online,Current
3073,2025-11-21,530,30,2,4,33.3,34.28,133.2,98.92,0,On Time,Online,Current
3074,2025-01-07,165,96,6,4,44.65,18.25,178.6,160.35,0,On Time,Online,Future
3075,2025-05-18,1,102,2,2,68.71,24.68,137.42,112.74,0,On Time,Online,Current
3076,2025-12-09,8,111,1,2,139.05,22.7,278.1,255.4,0,On Time,In-Store,Future
3077,2025-12-03,321,58,6,1,118.61,21.84,118.61,96.77,0,On Time,Online,Future
3078,2025-03-04,666,90,3,1,82.64,13.78,82.64,68.86,0,On Time,Online,Current
3079,2025-07-20,680,105,6,4,45.95,25.29,183.8,158.51,0,On Time,Online,Current
3080,2025-10-07,733,39,1,3,128.17,19.45,384.51,365.06,0,On Time,Online,Future
3081,2024-05-17,547,27,3,3,148.3,33.0,444.9,411.9,0,On Time,In-Store,Future
3082,2025-03-24,550,46,4,3,117.41,11.02,352.23,341.21,0,On Time,Online,Current
3083,2024-12-10,773,48,1,3,94.16,28.93,282.48,253.55,0,On Time,In-Store,Future
3084,2025-08-28,439,114,1,1,83.67,33.02,83.67,50.65,0,On Time,Click & Collect,Future
3085,2025-12-18,620,12,2,2,177.18,14.43,354.36,339.93,0,On Time,Online,Future
3086,2025-06-22,389,37,6,3,141.5,0.76,424.5,423.74,4,Late,Online,Current
3087,2024-02-25,319,107,6,1,49.65,7.6,49.65,42.05,0,On Time,Online,Current
3088,2025-11-27,342,82,6,3,135.39,8.87,406.17,397.3,0,On Time,Click & Collect,Future
3089,2024-09-02,244,82,3,3,135.39,22.72,406.17,383.45,0,On Time,Wholesale,Current
3090,2024-07-01,207,12,6,4,177.18,19.05,708.72,689.67,0,On Time,Online,Current
3091,2024-02-16,377,40,2,1,35.44,32.03,35.44,3.41,0,On Time,Online,Current
3092,2025-09-30,794,118,6,2,167.17,14.23,334.34,320.11,0,On Time,Online,Current
3093,2024-01-21,987,118,6,2,167.17,16.73,334.34,317.61,0,On Time,Online,Current
3094,2025-04-10,683,61,6,4,82.33,22.5,329.32,306.82,0,On Time,Online,Current
3095,2025-02-08,300,87,6,1,80.57,31.5,80.57,49.07,0,On Time,Online,Future
3096,2025-11-03,483,74,6,4,120.32,15.84,481.28,465.44,0,On Time,Online,Future
3097,2025-01-26,34,96,6,1,44.65,11.46,44.65,33.19,2,Late,Online,Current
3098,2025-01-26,524,10,4,2,78.41,22.35,156.82,134.47,0,On Time,Wholesale,Current
3099,2024-09-01,135,34,6,1,116.01,23.7,116.01,92.31,0,On Time,Online,Current
3100,2024-06-25,163,99,6,1,170.64,18.78,170.64,151.86,0,On Time,In-Store,Future
3101,2024-03-21,727,24,6,4,152.6,1.33,610.4,609.07,0,On Time,Wholesale,Current
3102,2024-09-02,555,61,6,4,82.33,8.85,329.32,320.47,0,On Time,Online,Current
3103,2025-10-10,252,46,6,1,117.41,7.84,117.41,109.57,0,On Time,Online,Current
3104,2025-02-02,411,74,3,2,120.32,18.03,240.64,222.61,0,On Time,Click & Collect,Future
3105,2025-01-10,98,118,6,3,167.17,3.31,501.51,498.2,0,On Time,Online,Future
3106,2025-03-25,378,115,6,1,131.17,5.55,131.17,125.62,1,Late,Online,Current
3107,2024-01-17,785,92,6,1,46.38,8.4,46.38,37.98,0,On Time,Online,Current
3108,2025-04-26,839,72,3,2,141.82,21.02,283.64,262.62,0,On Time,Online,Current
3109,2024-02-20,174,24,3,2,152.6,7.93,305.2,297.27,0,On Time,Online,Future
3110,2025-04-19,76,10,2,4,78.41,9.46,313.64,304.18,0,On Time,Wholesale,Future
3111,2024-01-06,286,25,2,4,27.12,14.07,108.48,94.41,0,On Time,Wholesale,Future
3112,2024-06-05,307,92,6,2,46.38,11.17,92.76,81.59,0,On Time,Online,Future
3113,2025-06-28,237,109,5,3,65.96,18.85,197.88,179.03,0,On Time,Online,Current
3114,2025-06-16,574,90,3,1,82.64,28.58,82.64,54.06,0,On Time,Click & Collect,Future
3115,2025-08-26,245,106,3,4,28.51,28.15,114.04,85.89,0,On Time,In-Store,Current
3116,2024-01-15,20,56,6,2,166.72,1.82,333.44,331.62,0,On Time,Online,Current
3117,2024-11-28,504,60,6,2,148.3,25.5,296.6,271.1,0,On Time,Online,Current
3118,2024-06-26,928,4,6,4,143.64,11.57,574.56,562.99,0,On Time,Online,Current
3119,2024-04-17,858,48,6,3,94.16,18.91,282.48,263.57,0,On Time,Online,Current
3120,2024-08-12,349,43,6,1,129.42,3.9,129.42,125.52,0,On Time,Online,Future
3121,2024-12-22,873,60,2,3,148.3,15.03,444.9,429.87,0,On Time,Click & Collect,Current
3122,2024-02-29,8,70,6,1,117.81,18.86,117.81,98.95,0,On Time,Online,Current
3123,2024-05-18,98,27,6,3,148.3,15.51,444.9,429.39,0,On Time,Wholesale,Current
3124,2025-10-07,359,31,6,2,64.76,25.47,129.52,104.05,0,On Time,Online,Current
3125,2024-10-12,496,109,6,3,65.96,3.39,197.88,194.49,0,On Time,Wholesale,Current
3126,2024-12-21,171,119,2,1,21.52,9.43,21.52,12.09,0,On Time,Click & Collect,Future
3127,2025-06-24,78,105,6,2,45.95,14.3,91.9,77.6,6,Late,Online,Current
3128,2025-02-21,556,67,6,1,214.61,20.98,214.61,193.63,0,On Time,Online,Future
3129,2024-05-20,438,88,6,2,41.48,23.01,82.96,59.95,0,On Time,Online,Current
3130,2025-02-28,224,9,5,3,102.79,32.69,308.37,275.68,0,On Time,Online,Current
3131,2025-01-10,34,57,6,1,144.33,16.7,144.33,127.63,0,On Time,Online,Future
3132,2025-02-11,730,22,1,4,118.48,34.97,473.92,438.95,0,On Time,Online,Current
3133,2024-03-03,55,12,3,4,177.18,23.36,708.72,685.36,0,On Time,Online,Future
3134,2024-03-11,341,99,1,4,170.64,33.99,682.56,648.57,0,On Time,Click & Collect,Current
3135,2024-03-07,457,81,2,2,110.75,5.69,221.5,215.81,0,On Time,Online,Current
3136,2024-03-18,844,110,4,2,159.94,20.88,319.88,299.0,0,On Time,Wholesale,Future
3137,2024-05-15,680,22,6,1,118.48,25.5,118.48,92.98,0,On Time,Online,Current
3138,2024-09-20,256,46,5,1,117.41,22.72,117.41,94.69,0,On Time,Online,Future
3139,2024-07-26,558,45,3,4,29.58,4.96,118.32,113.36,0,On Time,Online,Future
3140,2024-09-04,628,13,2,1,109.25,11.48,109.25,97.77,0,On Time,Click & Collect,Future
3141,2025-08-12,968,70,3,1,117.81,31.73,117.81,86.08,7,Late,Click & Collect,Current
3142,2024-04-06,96,90,6,3,82.64,3.36,247.92,244.56,0,On Time,Online,Current
3143,2024-12-26,83,29,6,3,130.05,20.13,390.15,370.02,0,On Time,Online,Current
3144,2025-06-03,619,114,6,4,83.67,27.71,334.68,306.97,0,On Time,Online,Current
3145,2024-10-26,389,92,3,2,46.38,30.78,92.76,61.98,0,On Time,Online,Current
3146,2024-10-22,531,11,2,1,40.32,30.55,40.32,9.77,0,On Time,Online,Future
3147,2025-02-16,999,101,4,4,123.75,19.14,495.0,475.86,0,On Time,Click & Collect,Future
3148,2024-12-17,774,30,1,4,33.3,31.99,133.2,101.21,0,On Time,Click & Collect,Future
3149,2024-04-14,114,69,6,4,82.06,30.28,328.24,297.96,0,On Time,Online,Current
3150,2025-06-20,359,47,1,1,146.36,15.61,146.36,130.75,0,On Time,Online,Future
3151,2024-10-23,916,111,6,4,139.05,32.15,556.2,524.05,0,On Time,Online,Current
3152,2025-07-12,980,8,6,4,62.57,23.59,250.28,226.69,0,On Time,Online,Current
3153,2025-09-21,128,31,1,2,64.76,18.58,129.52,110.94,0,On Time,In-Store,Future
3154,2025-06-16,132,38,1,1,97.97,21.34,97.97,76.63,6,Late,Online,Current
3155,2024-02-10,7,117,3,3,131.87,17.11,395.61,378.5,0,On Time,In-Store,Future
3156,2025-09-29,586,47,2,3,146.36,22.06,439.08,417.02,0,On Time,Online,Current
3157,2024-05-11,6,118,1,1,167.17,25.15,167.17,142.02,0,On Time,Click & Collect,Future
3158,2025-02-24,680,26,1,1,117.76,28.89,117.76,88.87,2,Late,Wholesale,Current
3159,2024-01-09,713,45,4,2,29.58,1.5,59.16,57.66,0,On Time,Online,Future
3160,2025-01-01,968,54,2,3,110.37,7.8,331.11,323.31,0,On Time,Online,Current
3161,2024-02-16,108,118,3,3,167.17,34.49,501.51,467.02,0,On Time,In-Store,Future
3162,2024-06-16,362,102,3,2,68.71,33.47,137.42,103.95,0,On Time,Wholesale,Current
3163,2025-02-18,314,21,1,3,44.65,14.67,133.95,119.28,0,On Time,Online,Current
3164,2025-06-30,273,104,6,4,154.04,34.74,616.16,581.42,0,On Time,Online,Future
3165,2024-01-13,446,23,1,1,87.41,18.02,87.41,69.39,0,On Time,In-Store,Future
3166,2024-10-30,14,54,5,2,110.37,15.49,220.74,205.25,0,On Time,Click & Collect,Current
3167,2024-12-31,895,95,1,1,168.8,25.46,168.8,143.34,0,On Time,Click & Collect,Future
3168,2025-04-26,543,79,6,3,174.91,16.54,524.73,508.19,0,On Time,Online,Current
3169,2024-12-01,330,11,3,2,40.32,8.39,80.64,72.25,5,Late,Click & Collect,Current
3170,2024-02-11,302,6,2,1,127.67,24.87,127.67,102.8,0,On Time,Online,Current
3171,2025-09-30,660,23,5,2,87.41,6.81,174.82,168.01,0,On Time,In-Store,Current
3172,2025-01-20,249,30,6,3,33.3,16.36,99.9,83.54,0,On Time,Online,Future
3173,2025-10-27,226,10,6,2,78.41,5.7,156.82,151.12,0,On Time,Online,Future
3174,2024-08-11,153,94,6,3,56.02,27.27,168.06,140.79,0,On Time,Online,Current
3175,2025-08-27,903,96,6,4,44.65,9.6,178.6,169.0,0,On Time,Click & Collect,Current
3176,2024-01-27,773,119,3,4,21.52,9.73,86.08,76.35,0,On Time,Click & Collect,Current
3177,2025-01-18,259,38,1,3,97.97,12.26,293.91,281.65,0,On Time,Online,Future
3178,2024-01-14,196,66,1,4,105.25,27.63,421.0,393.37,0,On Time,Online,Current
3179,2025-12-30,728,50,4,3,97.72,22.78,293.16,270.38,0,On Time,Online,Current
3180,2024-04-22,679,84,4,1,108.1,6.55,108.1,101.55,0,On Time,Wholesale,Current
3181,2025-05-20,913,82,6,1,135.39,33.51,135.39,101.88,0,On Time,Online,Future
3182,2025-07-18,501,74,5,2,120.32,5.34,240.64,235.3,0,On Time,Click & Collect,Current
3183,2024-08-07,578,94,6,4,56.02,25.27,224.08,198.81,0,On Time,Online,Future
3184,2024-05-17,401,69,6,3,82.06,32.51,246.18,213.67,1,Late,Online,Future
3185,2024-11-21,707,41,3,2,110.65,26.95,221.3,194.35,0,On Time,Online,Future
3186,2025-04-30,544,63,6,2,50.08,6.12,100.16,94.04,2,Late,Online,Current
3187,2025-05-25,922,45,1,4,29.58,10.41,118.32,107.91,0,On Time,Wholesale,Future
3188,2025-06-25,629,2,6,3,200.36,23.32,601.08,577.76,0,On Time,Online,Current
3189,2025-04-06,101,35,6,1,41.4,0.01,41.4,41.39,0,On Time,Online,Current
3190,2025-11-30,525,18,5,4,53.11,4.87,212.44,207.57,0,On Time,Wholesale,Future
3191,2024-12-16,324,86,6,2,102.94,21.08,205.88,184.8,0,On Time,Online,Future
3192,2024-01-28,948,89,6,2,144.37,5.72,288.74,283.02,0,On Time,Online,Current
3193,2025-10-25,94,39,4,2,128.17,23.48,256.34,232.86,0,On Time,Wholesale,Current
3194,2025-06-17,759,29,6,2,130.05,7.97,260.1,252.13,0,On Time,Online,Future
3195,2025-03-26,795,34,3,2,116.01,19.4,232.02,212.62,0,On Time,In-Store,Current
3196,2024-04-29,574,68,6,3,76.01,19.5,228.03,208.53,1,Late,Online,Current
3197,2025-07-03,211,54,5,3,110.37,6.67,331.11,324.44,0,On Time,Online,Future
3198,2025-03-17,880,1,3,1,125.71,18.08,125.71,107.63,0,On Time,In-Store,Current
3199,2025-10-16,65,19,6,1,118.63,24.68,118.63,93.95,4,Late,Online,Current
3200,2024-06-28,178,29,4,2,130.05,4.71,260.1,255.39,0,On Time,Click & Collect,Current
3201,2025-11-13,586,117,1,3,131.87,6.83,395.61,388.78,0,On Time,Online,Current
3202,2025-10-14,980,16,2,3,103.76,28.38,311.28,282.9,0,On Time,In-Store,Future
3203,2024-06-15,930,17,6,4,141.85,18.65,567.4,548.75,0,On Time,Online,Current
3204,2024-04-11,292,20,3,3,93.73,12.33,281.19,268.86,0,On Time,Click & Collect,Future
3205,2025-09-03,343,118,6,4,167.17,7.63,668.68,661.05,0,On Time,Online,Current
3206,2025-05-18,508,79,6,2,174.91,3.53,349.82,346.29,0,On Time,Online,Future
3207,2025-08-02,872,48,6,3,94.16,31.91,282.48,250.57,0,On Time,Online,Current
3208,2025-11-16,248,83,5,4,73.64,8.82,294.56,285.74,0,On Time,Online,Current
3209,2024-08-23,158,91,2,4,85.5,11.85,342.0,330.15,7,Late,In-Store,Current
3210,2025-07-18,525,53,2,4,103.59,26.54,414.36,387.82,0,On Time,Online,Future
3211,2025-05-05,606,48,3,2,94.16,5.33,188.32,182.99,1,Late,Wholesale,Future
3212,2024-10-18,746,24,1,2,152.6,14.27,305.2,290.93,0,On Time,In-Store,Future
3213,2025-02-11,33,68,1,1,76.01,13.63,76.01,62.38,0,On Time,Click & Collect,Future
3214,2024-09-14,73,26,2,3,117.76,5.42,353.28,347.86,0,On Time,Online,Current
3215,2024-03-24,732,94,6,4,56.02,1.29,224.08,222.79,0,On Time,Click & Collect,Future
3216,2025-02-24,245,120,1,3,47.37,30.89,142.11,111.22,0,On Time,Wholesale,Future
3217,2025-06-16,734,117,4,1,131.87,10.15,131.87,121.72,0,On Time,Wholesale,Future
3218,2025-10-15,322,30,4,1,33.3,21.48,33.3,11.82,0,On Time,Online,Current
3219,2024-11-29,817,38,4,1,97.97,29.05,97.97,68.92,0,On Time,Online,Current
3220,2024-12-11,604,52,1,1,18.05,33.86,18.05,-15.81,0,On Time,Online,Future
3221,2025-04-19,246,71,2,3,135.62,4.88,406.86,401.98,0,On Time,Online,Current
3222,2024-12-31,34,113,2,3,120.7,26.24,362.1,335.86,2,Late,In-Store,Future
3223,2025-02-23,210,32,6,2,183.92,9.62,367.84,358.22,2,Late,Online,Future
3224,2025-10-11,520,85,1,2,142.01,26.42,284.02,257.6,0,On Time,Online,Future
3225,2025-06-29,604,65,6,4,71.32,25.42,285.28,259.86,0,On Time,Online,Future
3226,2024-01-18,422,118,1,1,167.17,13.99,167.17,153.18,0,On Time,Wholesale,Future
3227,2025-10-11,64,6,2,2,127.67,23.15,255.34,232.19,0,On Time,Online,Future
3228,2025-11-10,309,77,2,2,132.93,12.08,265.86,253.78,0,On Time,Click & Collect,Future
3229,2024-09-03,657,34,5,1,116.01,15.91,116.01,100.1,0,On Time,In-Store,Current
3230,2024-07-27,593,43,6,3,129.42,12.74,388.26,375.52,0,On Time,Online,Future
3231,2024-07-23,14,94,3,3,56.02,19.01,168.06,149.05,0,On Time,Click & Collect,Current
3232,2024-07-27,709,85,6,3,142.01,23.5,426.03,402.53,7,Late,Online,Current
3233,2024-09-06,418,70,6,2,117.81,7.12,235.62,228.5,0,On Time,Online,Current
3234,2025-09-09,209,81,2,3,110.75,25.76,332.25,306.49,1,Late,Click & Collect,Future
3235,2024-03-01,666,49,6,4,134.92,32.03,539.68,507.65,0,On Time,Online,Current
3236,2025-09-06,368,27,6,4,148.3,7.7,593.2,585.5,3,Late,Online,Current
3237,2025-07-22,78,40,3,2,35.44,2.15,70.88,68.73,0,On Time,Wholesale,Current
3238,2024-11-18,365,21,6,1,44.65,25.5,44.65,19.15,0,On Time,Online,Current
3239,2025-05-08,209,11,1,4,40.32,29.29,161.28,131.99,0,On Time,Online,Current
3240,2025-02-11,386,90,4,4,82.64,21.86,330.56,308.7,0,On Time,In-Store,Future
3241,2025-08-29,556,18,1,3,53.11,30.27,159.33,129.06,0,On Time,Wholesale,Current
3242,2024-09-16,336,2,6,3,200.36,32.89,601.08,568.19,0,On Time,Online,Future
3243,2024-01-07,854,58,6,3,118.61,23.47,355.83,332.36,0,On Time,Online,Current
3244,2025-02-28,70,45,6,2,29.58,24.14,59.16,35.02,6,Late,Online,Current
3245,2025-09-02,814,73,4,2,20.46,20.57,40.92,20.35,0,On Time,Online,Future
3246,2025-11-19,691,80,5,3,119.07,8.57,357.21,348.64,0,On Time,Online,Current
3247,2024-04-16,926,34,6,1,116.01,34.62,116.01,81.39,0,On Time,Online,Future
3248,2024-07-10,380,14,6,4,85.15,27.2,340.6,313.4,1,Late,Online,Current
3249,2025-03-08,278,94,1,2,56.02,27.06,112.04,84.98,0,On Time,In-Store,Current
3250,2025-04-13,468,62,4,2,180.58,9.74,361.16,351.42,0,On Time,In-Store,Current
3251,2025-06-06,909,11,1,1,40.32,11.26,40.32,29.06,2,Late,Click & Collect,Future
3252,2024-01-30,322,36,6,1,162.38,16.11,162.38,146.27,0,On Time,Online,Future
3253,2024-05-17,224,43,3,1,129.42,4.08,129.42,125.34,0,On Time,Online,Current
3254,2025-08-24,84,43,4,3,129.42,34.38,388.26,353.88,0,On Time,Online,Current
3255,2025-01-30,508,117,6,3,131.87,33.38,395.61,362.23,0,On Time,Online,Current
3256,2024-05-31,646,36,6,4,162.38,1.47,649.52,648.05,2,Late,Online,Future
3257,2024-11-27,266,112,2,2,167.65,21.6,335.3,313.7,1,Late,Online,Current
3258,2025-09-06,884,59,2,4,99.02,18.97,396.08,377.11,0,On Time,Online,Current
3259,2024-01-22,593,48,6,2,94.16,20.4,188.32,167.92,0,On Time,Online,Current
3260,2024-10-19,294,110,1,3,159.94,25.46,479.82,454.36,0,On Time,In-Store,Future
3261,2024-12-08,27,82,2,4,135.39,30.79,541.56,510.77,0,On Time,Online,Future
3262,2024-04-07,853,64,3,3,106.6,29.51,319.8,290.29,0,On Time,Online,Future
3263,2025-04-18,981,24,2,2,152.6,22.5,305.2,282.7,0,On Time,Online,Future
3264,2025-02-23,704,32,6,2,183.92,29.29,367.84,338.55,0,On Time,Online,Future
3265,2024-06-03,140,76,6,4,128.17,30.31,512.68,482.37,0,On Time,Online,Current
3266,2025-06-11,8,118,1,1,167.17,19.56,167.17,147.61,0,On Time,Click & Collect,Future
3267,2025-05-16,701,90,6,1,82.64,27.42,82.64,55.22,3,Late,Online,Current
3268,2025-09-01,960,37,6,1,141.5,18.46,141.5,123.04,0,On Time,Online,Future
3269,2025-04-16,324,45,3,3,29.58,10.4,88.74,78.34,0,On Time,Click & Collect,Future
3270,2025-08-27,208,11,3,1,40.32,3.91,40.32,36.41,0,On Time,Wholesale,Future
3271,2025-02-20,966,85,5,4,142.01,24.32,568.04,543.72,0,On Time,Online,Future
3272,2025-12-19,255,53,1,4,103.59,32.42,414.36,381.94,0,On Time,Wholesale,Future
3273,2024-01-25,243,81,6,1,110.75,17.95,110.75,92.8,0,On Time,Online,Future
3274,2024-01-20,333,84,2,2,108.1,24.39,216.2,191.81,0,On Time,Click & Collect,Current
3275,2025-08-16,615,95,1,1,168.8,29.5,168.8,139.3,1,Late,Click & Collect,Future
3276,2024-12-16,147,15,6,1,76.6,26.33,76.6,50.27,0,On Time,Online,Future
3277,2024-10-22,88,104,6,2,154.04,22.53,308.08,285.55,1,Late,Online,Current
3278,2024-01-30,156,42,6,1,65.4,4.33,65.4,61.07,0,On Time,Online,Future
3279,2024-04-05,341,18,6,3,53.11,1.46,159.33,157.87,0,On Time,Wholesale,Current
3280,2024-02-11,24,37,6,1,141.5,28.68,141.5,112.82,0,On Time,Online,Future
3281,2024-03-01,59,112,1,4,167.65,19.79,670.6,650.81,2,Late,Click & Collect,Current
3282,2024-01-29,580,119,6,4,21.52,26.89,86.08,59.19,2,Late,Online,Current
3283,2025-08-14,763,15,3,2,76.6,5.81,153.2,147.39,1,Late,Online,Future
3284,2025-02-09,286,64,6,2,106.6,20.99,213.2,192.21,0,On Time,Online,Future
3285,2025-09-22,155,57,5,3,144.33,10.65,432.99,422.34,0,On Time,Click & Collect,Future
3286,2024-12-02,298,6,6,1,127.67,19.46,127.67,108.21,0,On Time,Online,Current
3287,2025-01-29,279,15,4,2,76.6,24.17,153.2,129.03,0,On Time,Click & Collect,Current
3288,2024-06-21,859,56,3,1,166.72,33.28,166.72,133.44,0,On Time,Online,Future
3289,2024-04-30,447,72,2,4,141.82,7.81,567.28,559.47,0,On Time,Online,Current
3290,2025-01-08,838,9,2,1,102.79,19.94,102.79,82.85,6,Late,Wholesale,Current
3291,2025-07-18,154,10,2,1,78.41,34.27,78.41,44.14,0,On Time,Online,Current
3292,2025-10-16,52,41,6,3,110.65,22.27,331.95,309.68,7,Late,Online,Current
3293,2024-04-30,602,30,6,2,33.3,0.68,66.6,65.92,0,On Time,Online,Current
3294,2024-04-23,938,20,6,4,93.73,27.7,374.92,347.22,0,On Time,Online,Future
3295,2025-06-03,880,12,6,2,177.18,12.56,354.36,341.8,0,On Time,Online,Future
3296,2024-12-28,835,80,1,3,119.07,4.07,357.21,353.14,0,On Time,Online,Future
3297,2024-03-17,916,15,6,4,76.6,4.47,306.4,301.93,0,On Time,Online,Future
3298,2024-03-23,519,28,2,4,154.21,29.13,616.84,587.71,0,On Time,Wholesale,Current
3299,2024-07-16,543,113,3,1,120.7,9.01,120.7,111.69,3,Late,Click & Collect,Current
3300,2024-08-26,314,93,1,3,119.71,15.41,359.13,343.72,2,Late,Wholesale,Current
3301,2024-01-22,202,25,2,4,27.12,20.35,108.48,88.13,0,On Time,Click & Collect,Future
3302,2024-12-19,697,83,2,1,73.64,6.94,73.64,66.7,0,On Time,Online,Current
3303,2025-11-03,354,87,6,4,80.57,12.01,322.28,310.27,0,On Time,Online,Current
3304,2025-10-12,434,119,3,3,21.52,10.13,64.56,54.43,0,On Time,Online,Current
3305,2025-05-17,544,50,6,2,97.72,8.58,195.44,186.86,0,On Time,Online,Current
3306,2025-05-08,41,63,3,4,50.08,1.49,200.32,198.83,2,Late,Click & Collect,Future
3307,2024-10-31,989,16,4,4,103.76,5.2,415.04,409.84,0,On Time,Click & Collect,Current
3308,2024-02-03,457,3,6,3,182.39,1.06,547.17,546.11,0,On Time,Online,Current
3309,2024-09-17,403,102,5,3,68.71,29.34,206.13,176.79,0,On Time,In-Store,Current
3310,2024-06-29,177,74,5,2,120.32,14.13,240.64,226.51,2,Late,Click & Collect,Current
3311,2025-09-13,370,26,1,3,117.76,12.37,353.28,340.91,0,On Time,In-Store,Current
3312,2024-11-30,994,3,6,1,182.39,24.51,182.39,157.88,0,On Time,Online,Future
3313,2025-02-07,154,63,3,3,50.08,28.83,150.24,121.41,0,On Time,Click & Collect,Current
3314,2024-05-11,41,22,6,2,118.48,6.98,236.96,229.98,7,Late,Online,Current
3315,2025-07-07,247,10,3,4,78.41,27.44,313.64,286.2,0,On Time,Click & Collect,Current
3316,2025-04-18,846,52,6,2,18.05,24.34,36.1,11.76,0,On Time,Online,Current
3317,2024-02-22,990,32,6,2,183.92,8.16,367.84,359.68,0,On Time,Online,Current
3318,2025-09-01,495,93,5,3,119.71,19.5,359.13,339.63,0,On Time,Click & Collect,Future
3319,2025-10-06,988,33,2,3,219.29,1.98,657.87,655.89,0,On Time,Online,Current
3320,2025-12-14,453,104,1,2,154.04,3.44,308.08,304.64,0,On Time,Online,Current
3321,2024-02-20,523,27,6,3,148.3,4.64,444.9,440.26,0,On Time,Online,Future
3322,2025-04-19,743,12,6,1,177.18,10.29,177.18,166.89,0,On Time,Online,Current
3323,2024-05-22,69,111,6,1,139.05,27.05,139.05,112.0,0,On Time,Online,Future
3324,2025-05-01,584,2,1,1,200.36,5.49,200.36,194.87,3,Late,Online,Current
3325,2024-06-28,437,86,6,3,102.94,3.25,308.82,305.57,0,On Time,In-Store,Future
3326,2025-09-20,829,111,6,2,139.05,33.77,278.1,244.33,0,On Time,Online,Future
3327,2025-05-29,603,114,6,3,83.67,9.27,251.01,241.74,0,On Time,Online,Future
3328,2025-09-19,875,46,6,1,117.41,27.08,117.41,90.33,0,On Time,Online,Future
3329,2024-12-26,548,12,5,3,177.18,8.65,531.54,522.89,0,On Time,Wholesale,Future
3330,2025-03-27,909,38,5,1,97.97,11.45,97.97,86.52,0,On Time,In-Store,Future
3331,2025-09-27,129,118,1,4,167.17,34.65,668.68,634.03,0,On Time,Online,Future
3332,2025-11-30,83,104,1,2,154.04,6.64,308.08,301.44,0,On Time,Click & Collect,Future
3333,2024-09-18,621,39,6,3,128.17,10.01,384.51,374.5,0,On Time,Online,Current
3334,2024-02-28,870,74,1,3,120.32,9.86,360.96,351.1,0,On Time,In-Store,Future
3335,2025-03-23,946,28,6,2,154.21,26.13,308.42,282.29,0,On Time,Online,Future
3336,2024-08-16,232,15,1,4,76.6,3.58,306.4,302.82,2,Late,Online,Current
3337,2025-10-25,230,26,6,3,117.76,14.72,353.28,338.56,0,On Time,Online,Current
3338,2024-07-28,846,13,5,1,109.25,29.76,109.25,79.49,0,On Time,In-Store,Current
3339,2025-06-03,658,73,3,3,20.46,18.62,61.38,42.76,0,On Time,Click & Collect,Current
3340,2024-07-28,462,72,2,1,141.82,28.21,141.82,113.61,0,On Time,Wholesale,Current
3341,2024-01-23,359,27,4,2,148.3,24.7,296.6,271.9,0,On Time,Online,Future
3342,2025-08-19,670,102,2,4,68.71,29.52,274.84,245.32,0,On Time,Online,Future
3343,2024-08-10,923,47,3,2,146.36,10.46,292.72,282.26,0,On Time,In-Store,Current
3344,2024-08-06,993,31,6,1,64.76,34.64,64.76,30.12,0,On Time,Online,Current
3345,2024-04-13,286,64,5,3,106.6,33.33,319.8,286.47,0,On Time,Wholesale,Current
3346,2025-05-03,561,106,6,2,28.51,13.75,57.02,43.27,0,On Time,Online,Future
3347,2024-10-09,777,6,6,2,127.67,14.15,255.34,241.19,0,On Time,Online,Future
3348,2024-10-22,278,68,5,2,76.01,20.14,152.02,131.88,0,On Time,Wholesale,Future
3349,2025-10-01,154,5,6,3,140.44,28.52,421.32,392.8,0,On Time,Online,Future
3350,2025-08-04,955,71,3,1,135.62,15.66,135.62,119.96,3,Late,In-Store,Current
3351,2024-11-05,744,45,1,2,29.58,32.34,59.16,26.82,0,On Time,Online,Current
3352,2025-10-02,561,61,6,3,82.33,18.35,246.99,228.64,0,On Time,Online,Current
3353,2024-07-18,519,94,1,1,56.02,11.37,56.02,44.65,0,On Time,In-Store,Current
3354,2025-02-20,701,44,4,1,107.15,26.11,107.15,81.04,0,On Time,Online,Future
3355,2025-01-26,75,74,2,3,120.32,0.81,360.96,360.15,0,On Time,In-Store,Future
3356,2024-06-15,701,41,1,3,110.65,18.66,331.95,313.29,0,On Time,In-Store,Future
3357,2024-04-15,554,2,1,2,200.36,20.31,400.72,380.41,0,On Time,Online,Current
3358,2025-09-06,662,80,1,4,119.07,5.59,476.28,470.69,0,On Time,Online,Future
3359,2024-04-21,151,47,6,4,146.36,18.23,585.44,567.21,0,On Time,Online,Current
3360,2025-11-08,863,95,6,1,168.8,30.76,168.8,138.04,0,On Time,Online,Current
3361,2025-03-16,396,10,6,1,78.41,9.95,78.41,68.46,4,Late,Online,Current
3362,2024-11-07,637,13,6,3,109.25,2.36,327.75,325.39,0,On Time,Online,Current
3363,2024-03-02,762,72,1,3,141.82,7.77,425.46,417.69,0,On Time,Wholesale,Current
3364,2024-06-28,731,103,3,4,113.76,21.73,455.04,433.31,0,On Time,Online,Current
3365,2024-01-04,588,60,6,1,148.3,11.42,148.3,136.88,0,On Time,Online,Future
3366,2024-11-20,590,106,2,3,28.51,24.56,85.53,60.97,0,On Time,Wholesale,Current
3367,2025-03-30,855,118,4,1,167.17,20.99,167.17,146.18,0,On Time,In-Store,Current
3368,2025-10-30,425,117,4,3,131.87,25.55,395.61,370.06,0,On Time,In-Store,Future
3369,2025-06-03,609,52,6,2,18.05,11.27,36.1,24.83,0,On Time,Online,Current
3370,2025-10-08,488,94,1,3,56.02,4.52,168.06,163.54,2,Late,In-Store,Current
3371,2024-01-13,834,5,2,1,140.44,9.95,140.44,130.49,0,On Time,Online,Current
3372,2025-06-03,303,40,6,4,35.44,23.71,141.76,118.05,3,Late,Online,Current
3373,2024-10-13,122,28,1,4,154.21,5.76,616.84,611.08,3,Late,In-Store,Current
3374,2024-03-27,530,68,6,1,76.01,10.95,76.01,65.06,5,Late,Online,Current
3375,2025-07-11,422,114,3,3,83.67,23.82,251.01,227.19,0,On Time,Click & Collect,Current
3376,2024-05-10,166,21,6,4,44.65,20.72,178.6,157.88,0,On Time,Click & Collect,Future
3377,2025-05-28,897,3,4,2,182.39,6.46,364.78,358.32,0,On Time,In-Store,Future
3378,2025-03-01,15,25,4,4,27.12,0.38,108.48,108.1,5,Late,Click & Collect,Current
3379,2024-08-31,506,102,4,4,68.71,34.5,274.84,240.34,0,On Time,In-Store,Current
3380,2025-10-31,934,79,1,1,174.91,6.85,174.91,168.06,0,On Time,Wholesale,Current
3381,2024-05-03,641,89,2,2,144.37,13.96,288.74,274.78,0,On Time,Online,Future
3382,2025-06-01,688,4,6,2,143.64,24.99,287.28,262.29,0,On Time,Online,Future
3383,2024-02-23,243,60,6,2,148.3,4.08,296.6,292.52,0,On Time,Online,Current
3384,2025-08-03,814,52,3,2,18.05,31.26,36.1,4.84,2,Late,Online,Future
3385,2024-07-31,870,91,1,4,85.5,33.52,342.0,308.48,0,On Time,Online,Future
3386,2025-08-31,917,101,6,2,123.75,15.93,247.5,231.57,0,On Time,Online,Current
3387,2025-07-13,417,53,6,1,103.59,11.11,103.59,92.48,0,On Time,Online,Current
3388,2025-03-05,637,36,6,4,162.38,22.39,649.52,627.13,0,On Time,Online,Current
3389,2024-08-13,258,28,6,3,154.21,29.23,462.63,433.4,0,On Time,Online,Current
3390,2025-08-06,870,14,4,1,85.15,28.8,85.15,56.35,6,Late,Wholesale,Current
3391,2024-07-30,105,61,5,4,82.33,22.35,329.32,306.97,0,On Time,Online,Future
3392,2025-12-19,941,72,6,2,141.82,26.1,283.64,257.54,0,On Time,Online,Future
3393,2025-09-30,106,56,6,1,166.72,20.83,166.72,145.89,7,Late,Online,Current
3394,2024-02-22,487,72,6,2,141.82,21.23,283.64,262.41,6,Late,Online,Current
3395,2025-05-30,577,21,6,2,44.65,3.63,89.3,85.67,3,Late,Online,Current
3396,2024-11-22,143,46,3,1,117.41,4.45,117.41,112.96,0,On Time,Wholesale,Future
3397,2025-02-18,500,68,3,1,76.01,28.0,76.01,48.01,0,On Time,Click & Collect,Future
3398,2024-09-10,127,22,6,1,118.48,0.57,118.48,117.91,0,On Time,In-Store,Current
3399,2024-03-14,19,84,2,3,108.1,27.05,324.3,297.25,0,On Time,Online,Future
3400,2024-02-10,980,39,2,3,128.17,22.32,384.51,362.19,6,Late,In-Store,Current
3401,2024-01-22,715,94,3,2,56.02,2.17,112.04,109.87,0,On Time,Online,Current
3402,2024-06-29,587,98,3,4,192.94,0.96,771.76,770.8,1,Late,Wholesale,Current
3403,2025-09-03,314,66,6,4,105.25,32.31,421.0,388.69,0,On Time,Online,Current
3404,2024-05-10,602,22,3,3,118.48,2.59,355.44,352.85,0,On Time,Wholesale,Future
3405,2024-07-30,979,4,6,3,143.64,34.75,430.92,396.17,0,On Time,In-Store,Current
3406,2024-02-11,745,77,6,4,132.93,11.0,531.72,520.72,0,On Time,Online,Current
3407,2025-08-03,460,58,6,2,118.61,30.46,237.22,206.76,0,On Time,Online,Current
3408,2025-10-19,862,41,4,2,110.65,20.3,221.3,201.0,4,Late,Click & Collect,Current
3409,2024-08-20,662,21,2,3,44.65,11.44,133.95,122.51,0,On Time,Online,Current
3410,2025-02-22,808,5,2,2,140.44,18.97,280.88,261.91,0,On Time,Online,Future
3411,2024-10-20,938,94,4,1,56.02,21.01,56.02,35.01,1,Late,In-Store,Future
3412,2024-07-20,441,16,6,4,103.76,32.25,415.04,382.79,0,On Time,Online,Future
3413,2024-05-10,691,76,3,4,128.17,16.02,512.68,496.66,0,On Time,Online,Current
3414,2025-09-24,712,88,3,1,41.48,16.42,41.48,25.06,0,On Time,Online,Current
3415,2024-04-16,616,12,1,4,177.18,34.02,708.72,674.7,0,On Time,Online,Current
3416,2025-07-17,85,65,6,4,71.32,15.47,285.28,269.81,0,On Time,Online,Current
3417,2024-04-24,212,33,6,1,219.29,5.31,219.29,213.98,2,Late,Online,Current
3418,2024-07-13,404,9,6,4,102.79,32.16,411.16,379.0,0,On Time,Online,Current
3419,2024-03-23,200,92,6,4,46.38,27.58,185.52,157.94,0,On Time,Online,Current
3420,2024-07-20,886,67,1,1,214.61,7.9,214.61,206.71,0,On Time,Online,Future
3421,2025-09-15,368,35,6,2,41.4,20.0,82.8,62.8,0,On Time,Online,Current
3422,2024-02-10,220,63,2,4,50.08,10.2,200.32,190.12,0,On Time,Online,Future
3423,2024-12-15,886,33,2,3,219.29,34.74,657.87,623.13,0,On Time,In-Store,Future
3424,2024-01-05,612,55,1,4,80.85,11.0,323.4,312.4,0,On Time,Online,Current
3425,2025-03-17,404,103,5,3,113.76,3.5,341.28,337.78,0,On Time,In-Store,Current
3426,2025-03-08,180,86,2,2,102.94,3.22,205.88,202.66,4,Late,Wholesale,Current
3427,2025-08-14,637,41,6,1,110.65,32.79,110.65,77.86,0,On Time,Online,Future
3428,2025-01-09,539,100,6,1,91.89,1.15,91.89,90.74,0,On Time,Online,Future
3429,2024-07-22,472,97,2,1,54.01,14.46,54.01,39.55,0,On Time,Click & Collect,Future
3430,2025-10-08,227,58,2,4,118.61,6.18,474.44,468.26,0,On Time,Online,Current
3431,2024-04-21,41,7,3,4,172.34,22.27,689.36,667.09,0,On Time,Online,Future
3432,2024-03-17,693,52,6,3,18.05,22.55,54.15,31.6,0,On Time,Online,Future
3433,2024-04-01,642,56,6,4,166.72,22.59,666.88,644.29,0,On Time,Online,Future
3434,2025-10-31,824,99,6,1,170.64,12.08,170.64,158.56,0,On Time,Online,Future
3435,2024-04-21,464,95,4,2,168.8,19.0,337.6,318.6,6,Late,Click & Collect,Current
3436,2025-07-22,487,70,1,2,117.81,29.3,235.62,206.32,0,On Time,Online,Current
3437,2025-08-10,717,15,6,4,76.6,33.09,306.4,273.31,0,On Time,Online,Current
3438,2025-06-23,55,96,6,2,44.65,13.4,89.3,75.9,5,Late,Online,Current
3439,2025-09-16,625,45,6,2,29.58,21.87,59.16,37.29,0,On Time,Online,Future
3440,2025-06-23,303,14,3,2,85.15,22.07,170.3,148.23,1,Late,Online,Current
3441,2025-01-03,851,39,6,3,128.17,27.5,384.51,357.01,0,On Time,Online,Current
3442,2025-09-29,464,60,6,3,148.3,14.9,444.9,430.0,0,On Time,Online,Current
3443,2024-06-28,509,66,2,3,105.25,20.29,315.75,295.46,0,On Time,Online,Current
3444,2024-10-11,28,43,6,1,129.42,23.29,129.42,106.13,2,Late,Online,Future
3445,2024-09-08,296,34,3,1,116.01,24.76,116.01,91.25,0,On Time,Click & Collect,Current
3446,2025-03-26,947,7,6,3,172.34,7.43,517.02,509.59,0,On Time,Online,Current
3447,2025-05-24,239,34,5,3,116.01,7.28,348.03,340.75,2,Late,Online,Current
3448,2024-09-26,749,93,1,2,119.71,31.78,239.42,207.64,0,On Time,Wholesale,Current
3449,2024-11-14,548,43,6,1,129.42,25.51,129.42,103.91,0,On Time,Online,Current
3450,2024-05-02,481,9,6,2,102.79,32.74,205.58,172.84,0,On Time,Online,Current
3451,2025-11-15,111,91,6,1,85.5,12.67,85.5,72.83,0,On Time,Online,Future
3452,2025-12-16,350,110,1,3,159.94,25.01,479.82,454.81,0,On Time,Online,Future
3453,2025-06-26,804,86,3,3,102.94,12.87,308.82,295.95,0,On Time,Online,Current
3454,2024-08-26,191,18,1,2,53.11,26.21,106.22,80.01,0,On Time,In-Store,Future
3455,2024-02-29,93,24,4,3,152.6,14.21,457.8,443.59,0,On Time,Wholesale,Current
3456,2025-04-27,746,61,4,1,82.33,20.21,82.33,62.12,0,On Time,Online,Current
3457,2025-04-14,899,92,6,4,46.38,11.64,185.52,173.88,0,On Time,Online,Future
3458,2024-09-01,355,92,2,1,46.38,21.73,46.38,24.65,0,On Time,Wholesale,Future
3459,2025-08-14,755,45,2,2,29.58,26.38,59.16,32.78,1,Late,Online,Future
3460,2024-12-31,409,81,3,2,110.75,31.13,221.5,190.37,0,On Time,Online,Current
3461,2025-01-14,441,118,6,3,167.17,12.16,501.51,489.35,0,On Time,Online,Current
3462,2024-03-13,347,4,5,1,143.64,12.6,143.64,131.04,0,On Time,Online,Current
3463,2024-08-29,214,29,5,2,130.05,20.04,260.1,240.06,1,Late,Click & Collect,Future
3464,2025-01-10,126,117,6,4,131.87,13.13,527.48,514.35,0,On Time,Online,Current
3465,2024-01-06,7,32,2,1,183.92,8.2,183.92,175.72,0,On Time,Click & Collect,Current
3466,2024-04-12,625,2,6,4,200.36,7.57,801.44,793.87,0,On Time,Online,Future
3467,2025-06-12,122,39,6,2,128.17,28.33,256.34,228.01,0,On Time,Online,Current
3468,2025-12-03,508,115,2,4,131.17,24.83,524.68,499.85,0,On Time,Wholesale,Current
3469,2024-09-19,577,117,1,2,131.87,20.07,263.74,243.67,0,On Time,In-Store,Current
3470,2025-05-06,350,112,6,2,167.65,2.73,335.3,332.57,0,On Time,Online,Current
3471,2024-07-30,399,116,4,4,159.24,19.17,636.96,617.79,0,On Time,Click & Collect,Current
3472,2025-05-22,472,69,5,1,82.06,21.59,82.06,60.47,0,On Time,Wholesale,Future
3473,2024-11-16,701,24,4,3,152.6,31.04,457.8,426.76,0,On Time,Wholesale,Future
3474,2024-07-20,199,10,6,1,78.41,0.48,78.41,77.93,0,On Time,Online,Current
3475,2025-04-15,798,114,3,2,83.67,18.92,167.34,148.42,0,On Time,Click & Collect,Future
3476,2025-04-19,764,7,5,3,172.34,7.15,517.02,509.87,2,Late,Online,Current
3477,2025-06-08,665,105,6,1,45.95,33.79,45.95,12.16,0,On Time,Online,Future
3478,2024-03-16,821,23,1,3,87.41,16.11,262.23,246.12,0,On Time,In-Store,Current
3479,2024-06-26,479,16,1,2,103.76,21.48,207.52,186.04,0,On Time,Click & Collect,Future
3480,2024-04-07,226,28,6,4,154.21,8.42,616.84,608.42,3,Late,Online,Current
3481,2025-10-25,952,59,6,2,99.02,17.73,198.04,180.31,0,On Time,Online,Current
3482,2024-02-04,971,54,6,2,110.37,24.83,220.74,195.91,0,On Time,Online,Future
3483,2025-09-07,254,5,2,3,140.44,28.67,421.32,392.65,0,On Time,Click & Collect,Current
3484,2024-05-21,336,31,6,1,64.76,31.15,64.76,33.61,0,On Time,Online,Current
3485,2024-03-25,831,83,6,3,73.64,19.57,220.92,201.35,0,On Time,Online,Current
3486,2024-12-06,759,60,6,3,148.3,26.74,444.9,418.16,0,On Time,In-Store,Future
3487,2024-01-01,438,22,1,2,118.48,31.95,236.96,205.01,1,Late,Wholesale,Current
3488,2024-01-30,887,26,4,4,117.76,28.55,471.04,442.49,0,On Time,Online,Current
3489,2024-01-18,518,42,5,4,65.4,17.62,261.6,243.98,0,On Time,Online,Current
3490,2024-01-26,867,88,3,2,41.48,32.4,82.96,50.56,2,Late,In-Store,Future
3491,2024-05-26,464,70,1,1,117.81,17.18,117.81,100.63,0,On Time,Wholesale,Current
3492,2024-09-21,985,51,6,4,110.62,12.72,442.48,429.76,0,On Time,Online,Current
3493,2025-07-30,794,18,3,1,53.11,26.56,53.11,26.55,3,Late,Click & Collect,Current
3494,2025-06-19,947,108,6,1,50.05,25.89,50.05,24.16,0,On Time,Online,Future
3495,2025-05-24,949,103,5,3,113.76,16.29,341.28,324.99,0,On Time,Wholesale,Current
3496,2024-02-04,2,29,6,1,130.05,34.1,130.05,95.95,0,On Time,Online,Current
3497,2025-05-03,586,117,6,2,131.87,1.71,263.74,262.03,0,On Time,Online,Current
3498,2024-08-21,840,46,1,3,117.41,1.05,352.23,351.18,0,On Time,Online,Current
3499,2025-04-08,218,28,3,1,154.21,11.37,154.21,142.84,0,On Time,Online,Current
3500,2024-01-02,633,31,6,3,64.76,30.1,194.28,164.18,0,On Time,Online,Future
3501,2025-10-03,90,75,4,3,112.15,25.74,336.45,310.71,0,On Time,Online,Current
3502,2025-01-07,206,5,3,4,140.44,7.4,561.76,554.36,7,Late,Wholesale,Current
3503,2024-01-04,219,23,2,3,87.41,14.9,262.23,247.33,1,Late,In-Store,Future
3504,2024-02-20,560,64,4,3,106.6,17.08,319.8,302.72,5,Late,Click & Collect,Current
3505,2025-01-11,139,76,4,1,128.17,30.06,128.17,98.11,0,On Time,Click & Collect,Current
3506,2025-07-18,650,117,1,2,131.87,5.19,263.74,258.55,4,Late,Wholesale,Current
3507,2025-07-19,768,118,3,2,167.17,29.5,334.34,304.84,0,On Time,Wholesale,Current
3508,2025-05-24,546,38,6,1,97.97,20.89,97.97,77.08,0,On Time,Online,Future
3509,2024-10-12,219,99,4,3,170.64,29.64,511.92,482.28,0,On Time,Wholesale,Current
3510,2025-10-03,944,21,6,3,44.65,22.84,133.95,111.11,0,On Time,Wholesale,Current
3511,2024-05-17,596,56,3,4,166.72,18.28,666.88,648.6,0,On Time,In-Store,Future
3512,2025-09-10,974,103,4,3,113.76,13.34,341.28,327.94,0,On Time,Online,Current
3513,2025-06-26,667,25,6,3,27.12,24.55,81.36,56.81,0,On Time,Online,Current
3514,2025-08-20,65,115,6,2,131.17,10.06,262.34,252.28,0,On Time,Online,Current
3515,2025-02-02,228,40,2,3,35.44,4.55,106.32,101.77,0,On Time,Wholesale,Future
3516,2025-10-04,701,117,6,4,131.87,4.28,527.48,523.2,0,On Time,Online,Current
3517,2025-12-19,476,71,6,1,135.62,14.17,135.62,121.45,4,Late,Online,Current
3518,2024-06-19,89,113,1,4,120.7,10.29,482.8,472.51,0,On Time,Online,Current
3519,2025-08-19,531,9,3,2,102.79,11.41,205.58,194.17,0,On Time,In-Store,Future
3520,2024-12-25,113,2,4,1,200.36,33.54,200.36,166.82,0,On Time,Online,Current
3521,2024-04-18,974,85,2,4,142.01,4.73,568.04,563.31,0,On Time,Wholesale,Current
3522,2024-10-15,842,109,1,3,65.96,23.32,197.88,174.56,0,On Time,Online,Current
3523,2024-01-07,458,102,2,3,68.71,15.51,206.13,190.62,0,On Time,Online,Current
3524,2024-05-04,873,81,4,2,110.75,5.98,221.5,215.52,0,On Time,Online,Current
3525,2024-12-21,302,15,6,2,76.6,21.57,153.2,131.63,0,On Time,Online,Future
3526,2025-11-30,387,113,6,3,120.7,1.08,362.1,361.02,1,Late,Online,Future
3527,2024-05-16,724,45,6,1,29.58,0.13,29.58,29.45,0,On Time,In-Store,Future
3528,2025-10-18,548,87,6,1,80.57,27.57,80.57,53.0,4,Late,Online,Current
3529,2024-12-25,218,14,5,2,85.15,9.02,170.3,161.28,0,On Time,Wholesale,Current
3530,2024-03-06,350,87,2,1,80.57,19.09,80.57,61.48,0,On Time,Click & Collect,Future
3531,2025-12-26,838,25,6,3,27.12,6.6,81.36,74.76,3,Late,Online,Current
3532,2024-07-08,458,94,3,3,56.02,6.44,168.06,161.62,0,On Time,Online,Current
3533,2024-03-29,387,75,4,4,112.15,11.43,448.6,437.17,0,On Time,Wholesale,Current
3534,2025-01-24,222,33,6,4,219.29,19.76,877.16,857.4,0,On Time,Online,Future
3535,2025-06-07,914,56,5,1,166.72,12.1,166.72,154.62,0,On Time,Online,Current
3536,2025-07-24,336,88,6,3,41.48,8.72,124.44,115.72,0,On Time,Online,Current
3537,2024-09-16,804,2,3,3,200.36,7.89,601.08,593.19,0,On Time,Online,Current
3538,2024-09-17,845,60,3,4,148.3,25.84,593.2,567.36,4,Late,Online,Current
3539,2024-05-02,394,92,1,4,46.38,7.05,185.52,178.47,0,On Time,In-Store,Current
3540,2025-04-14,496,16,6,2,103.76,20.3,207.52,187.22,0,On Time,Online,Current
3541,2025-10-01,379,63,6,3,50.08,15.16,150.24,135.08,4,Late,Online,Current
3542,2025-12-01,880,3,4,1,182.39,26.06,182.39,156.33,0,On Time,In-Store,Future
3543,2025-07-05,639,61,3,4,82.33,31.49,329.32,297.83,0,On Time,Wholesale,Future
3544,2025-08-18,805,11,6,1,40.32,32.98,40.32,7.34,0,On Time,Online,Current
3545,2025-09-10,441,23,5,3,87.41,24.87,262.23,237.36,0,On Time,In-Store,Current
3546,2025-11-26,28,11,3,4,40.32,14.97,161.28,146.31,0,On Time,Wholesale,Future
3547,2024-05-09,106,46,4,2,117.41,6.23,234.82,228.59,0,On Time,Online,Current
3548,2025-09-25,347,16,2,2,103.76,19.37,207.52,188.15,0,On Time,Wholesale,Future
3549,2025-02-06,916,34,2,3,116.01,10.03,348.03,338.0,0,On Time,Online,Future
3550,2024-06-10,896,29,6,3,130.05,19.72,390.15,370.43,7,Late,Online,Current
3551,2025-06-10,343,18,1,4,53.11,27.38,212.44,185.06,0,On Time,In-Store,Current
3552,2025-12-18,935,50,4,2,97.72,3.96,195.44,191.48,0,On Time,Online,Current
3553,2024-05-12,472,15,3,2,76.6,14.88,153.2,138.32,0,On Time,Click & Collect,Current
3554,2024-06-17,621,77,1,2,132.93,14.88,265.86,250.98,0,On Time,Wholesale,Future
3555,2024-11-17,31,112,5,4,167.65,28.14,670.6,642.46,0,On Time,Wholesale,Current
3556,2025-01-23,610,63,3,2,50.08,5.91,100.16,94.25,0,On Time,In-Store,Current
3557,2025-02-27,45,4,6,2,143.64,24.2,287.28,263.08,0,On Time,Online,Current
3558,2025-01-29,738,75,5,3,112.15,25.37,336.45,311.08,0,On Time,Online,Current
3559,2025-07-24,253,84,5,4,108.1,3.29,432.4,429.11,0,On Time,Wholesale,Current
3560,2025-09-11,366,91,4,2,85.5,29.59,171.0,141.41,0,On Time,Online,Future
3561,2025-06-05,458,22,3,3,118.48,16.96,355.44,338.48,0,On Time,Online,Current
3562,2024-11-29,752,54,6,4,110.37,16.98,441.48,424.5,0,On Time,Online,Future
3563,2024-10-28,30,36,6,1,162.38,18.83,162.38,143.55,1,Late,Online,Future
3564,2025-09-25,861,29,2,1,130.05,17.23,130.05,112.82,0,On Time,Wholesale,Future
3565,2024-01-12,550,51,2,4,110.62,16.34,442.48,426.14,0,On Time,Online,Future
3566,2024-02-13,528,90,6,3,82.64,14.4,247.92,233.52,0,On Time,Online,Future
3567,2025-06-24,501,11,6,3,40.32,11.32,120.96,109.64,7,Late,Online,Current
3568,2025-04-12,295,41,6,3,110.65,5.16,331.95,326.79,0,On Time,Online,Future
3569,2024-01-02,829,44,6,4,107.15,13.42,428.6,415.18,0,On Time,Online,Current
3570,2024-07-23,595,12,2,4,177.18,27.51,708.72,681.21,2,Late,Wholesale,Current
3571,2025-11-26,415,19,6,3,118.63,13.47,355.89,342.42,0,On Time,Online,Current
3572,2024-04-22,644,52,6,4,18.05,28.43,72.2,43.77,0,On Time,Online,Future
3573,2025-06-02,508,84,3,2,108.1,4.94,216.2,211.26,0,On Time,Online,Current
3574,2025-10-08,233,100,6,4,91.89,11.95,367.56,355.61,0,On Time,Online,Future
3575,2024-08-04,826,111,1,2,139.05,18.34,278.1,259.76,0,On Time,Online,Current
3576,2025-09-15,314,10,6,2,78.41,14.45,156.82,142.37,6,Late,Online,Current
3577,2025-07-02,312,18,5,1,53.11,24.61,53.11,28.5,0,On Time,Online,Future
3578,2024-04-08,549,73,3,1,20.46,7.0,20.46,13.46,5,Late,Click & Collect,Current
3579,2025-10-14,440,48,3,1,94.16,31.81,94.16,62.35,0,On Time,Click & Collect,Current
3580,2025-01-18,943,16,6,3,103.76,18.38,311.28,292.9,7,Late,Online,Current
3581,2025-03-04,181,20,6,2,93.73,14.39,187.46,173.07,0,On Time,Online,Future
3582,2025-09-05,124,61,6,1,82.33,13.61,82.33,68.72,0,On Time,Online,Current
3583,2024-06-24,819,113,6,2,120.7,13.25,241.4,228.15,4,Late,Online,Current
3584,2025-04-04,168,73,5,2,20.46,18.25,40.92,22.67,0,On Time,Online,Future
3585,2025-12-07,222,41,1,2,110.65,29.06,221.3,192.24,0,On Time,Click & Collect,Current
3586,2024-12-17,510,120,6,2,47.37,22.59,94.74,72.15,0,On Time,Online,Current
3587,2024-05-26,81,54,6,3,110.37,17.87,331.11,313.24,0,On Time,Online,Current
3588,2024-05-01,833,104,6,3,154.04,17.51,462.12,444.61,0,On Time,Online,Future
3589,2025-02-26,435,57,6,1,144.33,16.21,144.33,128.12,6,Late,Online,Current
3590,2025-10-26,824,73,1,2,20.46,17.3,40.92,23.62,0,On Time,Click & Collect,Future
3591,2024-12-30,12,109,6,4,65.96,21.04,263.84,242.8,0,On Time,Online,Future
3592,2024-03-15,98,42,1,2,65.4,8.25,130.8,122.55,4,Late,Wholesale,Current
3593,2024-05-27,618,119,6,3,21.52,15.34,64.56,49.22,0,On Time,Online,Current
3594,2024-11-06,8,116,2,4,159.24,17.27,636.96,619.69,0,On Time,Online,Future
3595,2024-12-01,520,2,6,2,200.36,1.67,400.72,399.05,0,On Time,Online,Future
3596,2024-09-20,365,51,6,3,110.62,27.12,331.86,304.74,0,On Time,Online,Current
3597,2025-12-14,390,53,1,2,103.59,1.21,207.18,205.97,0,On Time,Click & Collect,Current
3598,2024-08-01,164,31,3,3,64.76,24.86,194.28,169.42,0,On Time,Online,Current
3599,2025-09-05,572,55,3,3,80.85,25.71,242.55,216.84,6,Late,In-Store,Current
3600,2024-01-06,565,79,2,1,174.91,25.33,174.91,149.58,0,On Time,Wholesale,Future
3601,2025-03-06,212,48,6,4,94.16,25.56,376.64,351.08,0,On Time,Online,Current
3602,2024-07-17,25,62,4,3,180.58,10.21,541.74,531.53,3,Late,Click & Collect,Current
3603,2024-01-06,931,106,6,2,28.51,9.15,57.02,47.87,0,On Time,Online,Future
3604,2025-06-27,983,95,6,2,168.8,4.51,337.6,333.09,0,On Time,Online,Future
3605,2025-03-06,402,108,6,2,50.05,13.2,100.1,86.9,1,Late,Online,Current
3606,2025-01-02,717,93,3,1,119.71,12.13,119.71,107.58,6,Late,Online,Current
3607,2024-06-07,823,38,3,4,97.97,13.94,391.88,377.94,0,On Time,Online,Current
3608,2024-09-30,516,53,6,3,103.59,19.59,310.77,291.18,0,On Time,Online,Current
3609,2024-05-24,680,91,4,1,85.5,31.1,85.5,54.4,0,On Time,In-Store,Future
3610,2024-12-10,729,97,6,3,54.01,2.37,162.03,159.66,0,On Time,Online,Future
3611,2025-07-03,240,117,3,1,131.87,14.03,131.87,117.84,0,On Time,Online,Future
3612,2025-10-26,423,38,6,1,97.97,24.7,97.97,73.27,0,On Time,Online,Future
3613,2025-01-13,708,9,6,3,102.79,34.18,308.37,274.19,0,On Time,Online,Future
3614,2025-04-29,269,113,6,3,120.7,10.38,362.1,351.72,1,Late,Online,Current
3615,2024-08-29,390,8,6,4,62.57,27.55,250.28,222.73,0,On Time,Online,Future
3616,2025-12-13,43,113,4,2,120.7,20.24,241.4,221.16,0,On Time,Wholesale,Current
3617,2025-06-18,214,45,5,2,29.58,12.25,59.16,46.91,0,On Time,Wholesale,Current
3618,2025-03-26,993,118,6,3,167.17,21.57,501.51,479.94,1,Late,Online,Current
3619,2025-08-20,741,87,1,2,80.57,27.67,161.14,133.47,0,On Time,Online,Current
3620,2025-04-04,206,115,6,4,131.17,6.33,524.68,518.35,5,Late,Online,Current
3621,2025-03-14,743,87,3,1,80.57,27.35,80.57,53.22,0,On Time,Click & Collect,Future
3622,2024-12-16,623,10,4,4,78.41,28.93,313.64,284.71,0,On Time,Online,Future
3623,2024-08-20,30,69,6,3,82.06,14.07,246.18,232.11,0,On Time,Online,Current
3624,2025-06-08,119,111,4,1,139.05,31.87,139.05,107.18,0,On Time,Wholesale,Current
3625,2024-06-18,958,93,1,4,119.71,23.21,478.84,455.63,0,On Time,Online,Current
3626,2025-10-29,530,78,6,4,57.86,29.48,231.44,201.96,0,On Time,Online,Current
3627,2025-07-23,379,29,1,1,130.05,29.52,130.05,100.53,0,On Time,In-Store,Current
3628,2025-02-12,513,43,6,3,129.42,21.27,388.26,366.99,4,Late,Online,Current
3629,2025-11-27,243,117,6,1,131.87,11.44,131.87,120.43,1,Late,Online,Future
3630,2025-05-30,973,76,2,1,128.17,3.59,128.17,124.58,5,Late,Wholesale,Current
3631,2025-09-23,471,45,6,3,29.58,26.57,88.74,62.17,0,On Time,Online,Current
3632,2025-04-07,520,18,3,3,53.11,13.97,159.33,145.36,0,On Time,Click & Collect,Future
3633,2025-03-28,543,27,6,1,148.3,23.73,148.3,124.57,0,On Time,Online,Current
3634,2025-01-16,438,85,3,2,142.01,21.1,284.02,262.92,0,On Time,Click & Collect,Current
3635,2024-12-23,644,30,6,2,33.3,5.09,66.6,61.51,2,Late,Online,Current
3636,2024-06-06,333,62,6,1,180.58,22.25,180.58,158.33,0,On Time,Online,Future
3637,2025-03-08,845,59,3,3,99.02,17.74,297.06,279.32,3,Late,In-Store,Current
3638,2024-07-23,623,87,1,3,80.57,30.98,241.71,210.73,0,On Time,Online,Future
3639,2024-09-05,419,32,2,4,183.92,1.51,735.68,734.17,0,On Time,Online,Current
3640,2025-01-13,669,119,1,1,21.52,4.55,21.52,16.97,0,On Time,Click & Collect,Future
3641,2024-08-14,180,111,2,1,139.05,14.04,139.05,125.01,0,On Time,Wholesale,Future
3642,2025-04-20,328,16,3,3,103.76,29.07,311.28,282.21,0,On Time,Click & Collect,Future
3643,2024-01-20,585,98,6,4,192.94,9.3,771.76,762.46,0,On Time,Online,Current
3644,2024-02-13,973,85,1,4,142.01,19.97,568.04,548.07,0,On Time,In-Store,Future
3645,2025-01-11,827,69,4,2,82.06,8.25,164.12,155.87,4,Late,In-Store,Current
3646,2024-11-23,19,99,5,1,170.64,23.77,170.64,146.87,0,On Time,Online,Future
3647,2025-02-11,5,11,3,4,40.32,18.55,161.28,142.73,0,On Time,Online,Current
3648,2025-04-15,509,88,6,4,41.48,19.13,165.92,146.79,0,On Time,Online,Future
3649,2025-12-29,354,5,6,2,140.44,32.12,280.88,248.76,0,On Time,Online,Future
3650,2024-03-30,634,5,4,2,140.44,6.45,280.88,274.43,0,On Time,Click & Collect,Future
3651,2024-04-27,531,7,6,2,172.34,18.32,344.68,326.36,4,Late,Online,Current
3652,2024-01-27,180,82,3,4,135.39,27.79,541.56,513.77,0,On Time,Wholesale,Current
3653,2025-08-09,864,117,1,4,131.87,1.93,527.48,525.55,0,On Time,Wholesale,Current
3654,2024-12-04,499,70,4,3,117.81,28.76,353.43,324.67,0,On Time,Online,Future
3655,2025-07-21,918,51,3,4,110.62,12.12,442.48,430.36,0,On Time,Online,Future
3656,2025-01-31,644,62,2,3,180.58,27.89,541.74,513.85,0,On Time,In-Store,Current
3657,2025-02-02,886,71,1,3,135.62,26.3,406.86,380.56,0,On Time,Online,Future
3658,2025-03-21,62,19,6,3,118.63,28.45,355.89,327.44,0,On Time,Online,Future
3659,2025-01-10,135,56,6,2,166.72,8.92,333.44,324.52,0,On Time,Online,Future
3660,2025-10-05,242,25,4,1,27.12,23.16,27.12,3.96,0,On Time,Online,Current
3661,2024-12-14,340,120,4,2,47.37,10.33,94.74,84.41,0,On Time,Wholesale,Current
3662,2025-01-18,23,91,1,1,85.5,26.74,85.5,58.76,0,On Time,Online,Current
3663,2024-11-03,936,114,6,3,83.67,31.04,251.01,219.97,0,On Time,Online,Current
3664,2025-06-22,679,103,1,4,113.76,2.14,455.04,452.9,0,On Time,In-Store,Current
3665,2025-11-15,387,108,4,4,50.05,33.59,200.2,166.61,3,Late,Online,Current
3666,2024-12-15,646,27,5,3,148.3,17.08,444.9,427.82,0,On Time,Click & Collect,Future
3667,2024-07-02,48,19,5,3,118.63,8.28,355.89,347.61,0,On Time,Wholesale,Current
3668,2025-03-09,587,50,6,2,97.72,34.84,195.44,160.6,0,On Time,Online,Current
3669,2025-08-12,928,115,2,3,131.17,13.46,393.51,380.05,0,On Time,Online,Current
3670,2025-08-01,784,22,5,4,118.48,8.97,473.92,464.95,0,On Time,Wholesale,Current
3671,2024-07-25,512,87,6,4,80.57,10.8,322.28,311.48,0,On Time,Online,Future
3672,2024-02-08,934,46,6,4,117.41,31.39,469.64,438.25,0,On Time,Online,Future
3673,2025-08-20,626,97,2,2,54.01,6.21,108.02,101.81,0,On Time,Wholesale,Current
3674,2025-10-21,617,66,3,4,105.25,19.23,421.0,401.77,0,On Time,Wholesale,Future
3675,2025-12-23,862,42,2,1,65.4,1.25,65.4,64.15,0,On Time,Online,Future
3676,2025-11-25,33,54,6,3,110.37,14.7,331.11,316.41,0,On Time,Online,Current
3677,2025-10-18,94,107,6,4,49.65,10.39,198.6,188.21,2,Late,Online,Future
3678,2024-04-22,448,88,6,2,41.48,24.8,82.96,58.16,0,On Time,Online,Future
3679,2024-05-15,545,12,1,2,177.18,17.87,354.36,336.49,0,On Time,Click & Collect,Current
3680,2025-12-15,606,120,6,4,47.37,4.98,189.48,184.5,0,On Time,Online,Current
3681,2024-07-09,677,92,4,4,46.38,28.75,185.52,156.77,0,On Time,Online,Current
3682,2024-03-03,57,27,1,4,148.3,11.76,593.2,581.44,0,On Time,Online,Current
3683,2024-09-04,820,45,6,1,29.58,13.49,29.58,16.09,0,On Time,Online,Future
3684,2024-04-24,813,30,1,2,33.3,4.46,66.6,62.14,6,Late,Online,Current
3685,2025-10-19,944,116,2,2,159.24,31.29,318.48,287.19,0,On Time,Online,Current
3686,2024-08-28,859,52,6,2,18.05,21.68,36.1,14.42,0,On Time,Wholesale,Future
3687,2025-01-08,819,24,6,1,152.6,28.66,152.6,123.94,0,On Time,In-Store,Current
3688,2025-05-15,858,117,3,1,131.87,21.01,131.87,110.86,0,On Time,Online,Current
3689,2025-12-23,32,24,6,4,152.6,4.14,610.4,606.26,7,Late,Online,Current
3690,2025-09-09,722,79,2,2,174.91,2.56,349.82,347.26,0,On Time,Click & Collect,Future
3691,2025-02-17,661,90,4,3,82.64,2.11,247.92,245.81,0,On Time,Online,Future
3692,2025-10-18,953,95,6,3,168.8,31.35,506.4,475.05,0,On Time,In-Store,Current
3693,2024-04-02,14,78,6,4,57.86,7.5,231.44,223.94,0,On Time,Online,Future
3694,2025-10-15,762,117,5,1,131.87,16.92,131.87,114.95,0,On Time,Online,Current
3695,2024-04-12,289,86,3,2,102.94,18.19,205.88,187.69,3,Late,Click & Collect,Current
3696,2025-05-16,113,92,1,1,46.38,25.5,46.38,20.88,0,On Time,In-Store,Future
3697,2025-04-15,222,73,6,3,20.46,15.31,61.38,46.07,0,On Time,Online,Current
3698,2025-07-23,134,39,2,4,128.17,23.9,512.68,488.78,0,On Time,Online,Future
3699,2024-02-29,958,112,4,1,167.65,5.9,167.65,161.75,0,On Time,Online,Future
3700,2025-09-21,212,70,6,1,117.81,19.09,117.81,98.72,0,On Time,Online,Current
3701,2024-08-26,954,70,3,4,117.81,32.23,471.24,439.01,0,On Time,Online,Future
3702,2025-03-10,786,54,2,3,110.37,2.67,331.11,328.44,0,On Time,Online,Current
3703,2025-05-23,291,60,4,4,148.3,9.99,593.2,583.21,0,On Time,Wholesale,Future
3704,2025-03-30,742,93,3,4,119.71,0.07,478.84,478.77,0,On Time,Online,Future
3705,2024-05-11,944,4,4,3,143.64,8.78,430.92,422.14,0,On Time,Click & Collect,Future
3706,2024-12-03,376,93,2,1,119.71,9.42,119.71,110.29,0,On Time,Online,Future
3707,2025-08-20,39,14,4,4,85.15,32.28,340.6,308.32,2,Late,Online,Current
3708,2024-02-29,250,66,6,4,105.25,22.67,421.0,398.33,0,On Time,Online,Future
3709,2025-10-14,878,108,6,2,50.05,0.25,100.1,99.85,0,On Time,Online,Future
3710,2024-03-30,230,17,3,3,141.85,3.06,425.55,422.49,0,On Time,In-Store,Future
3711,2025-12-19,580,46,4,4,117.41,1.11,469.64,468.53,0,On Time,Click & Collect,Current
3712,2025-09-28,59,25,6,4,27.12,16.17,108.48,92.31,0,On Time,Online,Future
3713,2025-03-27,731,95,3,4,168.8,32.91,675.2,642.29,0,On Time,In-Store,Current
3714,2024-04-18,933,17,3,4,141.85,28.4,567.4,539.0,0,On Time,Online,Future
3715,2024-01-06,807,111,6,4,139.05,30.25,556.2,525.95,3,Late,Online,Current
3716,2025-11-19,72,4,6,3,143.64,16.4,430.92,414.52,0,On Time,Online,Current
3717,2025-11-21,210,2,1,4,200.36,26.92,801.44,774.52,0,On Time,Online,Future
3718,2024-01-04,960,67,1,1,214.61,11.18,214.61,203.43,6,Late,Online,Current
3719,2025-06-22,748,41,6,4,110.65,17.92,442.6,424.68,0,On Time,Online,Current
3720,2024-12-04,631,93,6,4,119.71,10.42,478.84,468.42,0,On Time,Online,Future
3721,2024-01-21,854,26,5,4,117.76,10.31,471.04,460.73,0,On Time,Online,Future
3722,2024-01-22,490,6,2,2,127.67,1.8,255.34,253.54,0,On Time,Click & Collect,Future
3723,2024-01-24,652,90,5,3,82.64,10.28,247.92,237.64,0,On Time,Wholesale,Current
3724,2025-09-17,485,60,6,1,148.3,3.14,148.3,145.16,0,On Time,Online,Current
3725,2024-10-27,156,107,1,1,49.65,14.15,49.65,35.5,0,On Time,Click & Collect,Future
3726,2024-08-21,972,115,6,3,131.17,21.23,393.51,372.28,0,On Time,Online,Future
3727,2025-03-16,821,106,6,3,28.51,29.83,85.53,55.7,0,On Time,Online,Current
3728,2024-08-16,875,48,6,4,94.16,11.74,376.64,364.9,0,On Time,Online,Current
3729,2025-05-20,993,32,2,2,183.92,4.07,367.84,363.77,0,On Time,Wholesale,Current
3730,2025-04-18,360,80,6,1,119.07,34.22,119.07,84.85,0,On Time,Online,Current
3731,2025-03-05,832,88,4,1,41.48,30.11,41.48,11.37,0,On Time,Online,Current
3732,2025-12-02,147,98,2,4,192.94,21.56,771.76,750.2,0,On Time,Online,Future
3733,2025-10-25,34,34,4,1,116.01,28.72,116.01,87.29,0,On Time,Online,Current
3734,2025-01-12,803,54,5,4,110.37,8.77,441.48,432.71,0,On Time,Wholesale,Current
3735,2024-07-10,231,104,3,3,154.04,10.76,462.12,451.36,0,On Time,Online,Future
3736,2024-05-24,681,13,4,2,109.25,34.95,218.5,183.55,4,Late,Online,Current
3737,2024-01-05,68,13,1,1,109.25,21.48,109.25,87.77,0,On Time,Online,Current
3738,2024-06-30,251,37,2,4,141.5,34.43,566.0,531.57,0,On Time,Click & Collect,Current
3739,2024-07-23,848,72,6,3,141.82,6.67,425.46,418.79,0,On Time,Online,Future
3740,2025-04-18,459,35,1,4,41.4,23.55,165.6,142.05,0,On Time,Online,Future
3741,2025-07-17,276,85,1,2,142.01,22.77,284.02,261.25,0,On Time,In-Store,Current
3742,2025-04-17,293,43,1,4,129.42,21.67,517.68,496.01,0,On Time,Online,Future
3743,2025-06-11,628,107,6,4,49.65,33.23,198.6,165.37,0,On Time,Online,Future
3744,2024-12-28,707,75,1,2,112.15,15.58,224.3,208.72,0,On Time,Online,Future
3745,2024-12-06,921,6,4,4,127.67,21.98,510.68,488.7,0,On Time,Click & Collect,Current
3746,2025-06-26,772,28,1,1,154.21,31.66,154.21,122.55,1,Late,In-Store,Future
3747,2024-10-19,155,107,5,4,49.65,23.9,198.6,174.7,0,On Time,In-Store,Future
3748,2025-12-15,346,105,6,1,45.95,6.83,45.95,39.12,2,Late,Online,Future
3749,2025-08-07,85,54,6,4,110.37,8.67,441.48,432.81,0,On Time,Online,Current
3750,2024-10-02,764,115,2,2,131.17,25.41,262.34,236.93,0,On Time,Online,Current
3751,2025-02-11,264,91,2,3,85.5,20.12,256.5,236.38,0,On Time,Click & Collect,Current
3752,2025-09-24,714,115,3,2,131.17,0.27,262.34,262.07,0,On Time,Online,Current
3753,2024-09-12,169,58,5,1,118.61,9.02,118.61,109.59,0,On Time,Wholesale,Current
3754,2025-08-23,456,71,6,3,135.62,11.07,406.86,395.79,0,On Time,Online,Current
3755,2025-11-27,397,80,6,1,119.07,10.28,119.07,108.79,0,On Time,Online,Current
3756,2024-02-07,923,7,4,1,172.34,8.36,172.34,163.98,0,On Time,Online,Current
3757,2025-05-05,501,76,6,1,128.17,13.77,128.17,114.4,6,Late,Online,Current
3758,2025-07-15,178,67,3,2,214.61,27.69,429.22,401.53,0,On Time,Wholesale,Current
3759,2024-10-10,478,72,3,4,141.82,9.08,567.28,558.2,0,On Time,In-Store,Future
3760,2025-07-10,646,100,2,2,91.89,31.29,183.78,152.49,0,On Time,In-Store,Current
3761,2025-07-14,678,58,5,3,118.61,14.41,355.83,341.42,0,On Time,Online,Future
3762,2024-03-27,799,111,2,4,139.05,18.42,556.2,537.78,0,On Time,Online,Current
3763,2025-10-26,47,33,4,4,219.29,18.18,877.16,858.98,0,On Time,Online,Future
3764,2024-01-02,187,67,6,2,214.61,0.05,429.22,429.17,0,On Time,Online,Current
3765,2025-01-24,316,110,2,2,159.94,15.22,319.88,304.66,5,Late,In-Store,Current
3766,2024-03-26,8,105,2,2,45.95,32.92,91.9,58.98,0,On Time,Online,Current
3767,2024-01-10,540,69,6,2,82.06,22.73,164.12,141.39,0,On Time,Online,Current
3768,2024-03-07,976,57,6,1,144.33,12.95,144.33,131.38,0,On Time,Online,Future
3769,2024-12-28,139,36,6,4,162.38,15.72,649.52,633.8,0,On Time,Online,Current
3770,2024-04-25,609,83,6,3,73.64,12.79,220.92,208.13,2,Late,Online,Future
3771,2025-10-09,152,45,1,1,29.58,18.92,29.58,10.66,0,On Time,Online,Current
3772,2024-09-27,921,40,6,2,35.44,32.53,70.88,38.35,0,On Time,Online,Current
3773,2025-06-03,542,112,6,4,167.65,29.5,670.6,641.1,0,On Time,Online,Current
3774,2025-02-16,684,84,3,1,108.1,31.61,108.1,76.49,0,On Time,Wholesale,Current
3775,2025-04-15,248,90,6,2,82.64,4.61,165.28,160.67,0,On Time,Online,Current
3776,2025-11-12,411,89,3,1,144.37,18.6,144.37,125.77,0,On Time,In-Store,Future
3777,2025-05-03,424,59,5,1,99.02,31.59,99.02,67.43,0,On Time,Online,Current
3778,2025-03-28,990,92,3,2,46.38,25.43,92.76,67.33,0,On Time,Click & Collect,Current
3779,2024-05-15,227,103,2,3,113.76,33.94,341.28,307.34,3,Late,Online,Current
3780,2024-07-22,530,17,6,4,141.85,6.61,567.4,560.79,0,On Time,Online,Current
3781,2025-03-25,741,72,6,2,141.82,8.1,283.64,275.54,0,On Time,Online,Current
3782,2024-11-23,829,112,6,4,167.65,3.56,670.6,667.04,0,On Time,Online,Future
3783,2024-01-03,738,56,3,3,166.72,19.45,500.16,480.71,0,On Time,Online,Current
3784,2025-01-03,330,101,6,1,123.75,32.06,123.75,91.69,0,On Time,Online,Future
3785,2025-03-28,845,12,6,1,177.18,22.32,177.18,154.86,0,On Time,In-Store,Current
3786,2025-03-29,274,39,3,3,128.17,29.36,384.51,355.15,0,On Time,Click & Collect,Current
3787,2024-12-17,28,41,1,3,110.65,22.88,331.95,309.07,0,On Time,Online,Current
3788,2024-11-28,360,17,6,2,141.85,4.75,283.7,278.95,0,On Time,Online,Current
3789,2025-02-14,535,45,1,3,29.58,3.31,88.74,85.43,0,On Time,Click & Collect,Future
3790,2024-03-12,792,61,6,2,82.33,12.76,164.66,151.9,0,On Time,Online,Future
3791,2024-12-17,450,79,2,3,174.91,4.87,524.73,519.86,2,Late,Online,Future
3792,2025-05-16,714,76,6,3,128.17,10.96,384.51,373.55,0,On Time,Online,Future
3793,2025-06-26,738,28,5,1,154.21,25.82,154.21,128.39,0,On Time,Online,Future
3794,2025-06-02,507,87,1,2,80.57,29.73,161.14,131.41,0,On Time,Online,Future
3795,2024-08-16,531,95,1,1,168.8,0.56,168.8,168.24,7,Late,Wholesale,Current
3796,2025-05-21,23,58,1,3,118.61,29.12,355.83,326.71,0,On Time,Wholesale,Future
3797,2025-01-20,525,10,6,4,78.41,31.89,313.64,281.75,0,On Time,Online,Current
3798,2025-10-01,105,35,6,1,41.4,25.42,41.4,15.98,2,Late,Online,Current
3799,2025-02-10,599,54,3,2,110.37,29.25,220.74,191.49,0,On Time,Click & Collect,Current
3800,2024-08-20,619,61,1,4,82.33,3.66,329.32,325.66,0,On Time,Wholesale,Current
3801,2024-05-22,182,89,4,1,144.37,30.49,144.37,113.88,0,On Time,Click & Collect,Future
3802,2025-09-22,801,79,6,1,174.91,15.72,174.91,159.19,0,On Time,Online,Future
3803,2024-09-07,489,81,6,1,110.75,13.47,110.75,97.28,0,On Time,Online,Current
3804,2025-06-13,30,90,1,4,82.64,26.71,330.56,303.85,0,On Time,Online,Current
3805,2025-01-04,702,75,6,4,112.15,14.98,448.6,433.62,0,On Time,Online,Current
3806,2024-04-11,128,95,3,3,168.8,28.78,506.4,477.62,0,On Time,Wholesale,Current
3807,2024-09-06,669,113,6,2,120.7,34.37,241.4,207.03,0,On Time,Online,Current
3808,2025-08-22,91,4,6,1,143.64,5.89,143.64,137.75,0,On Time,Online,Future
3809,2024-01-23,133,61,6,3,82.33,23.16,246.99,223.83,0,On Time,Online,Current
3810,2025-05-16,920,61,2,4,82.33,33.34,329.32,295.98,0,On Time,Click & Collect,Current
3811,2024-09-10,365,97,5,3,54.01,14.96,162.03,147.07,0,On Time,Online,Current
3812,2025-05-07,538,28,6,1,154.21,29.66,154.21,124.55,0,On Time,Online,Future
3813,2024-12-09,547,29,2,1,130.05,7.25,130.05,122.8,0,On Time,In-Store,Future
3814,2025-07-14,319,98,6,4,192.94,31.65,771.76,740.11,0,On Time,Wholesale,Current
3815,2024-04-10,181,41,5,3,110.65,3.98,331.95,327.97,0,On Time,Online,Current
3816,2025-08-28,831,57,3,4,144.33,8.5,577.32,568.82,0,On Time,In-Store,Future
3817,2025-06-14,383,92,1,1,46.38,8.39,46.38,37.99,0,On Time,Online,Current
3818,2025-07-02,867,50,1,4,97.72,1.7,390.88,389.18,0,On Time,Wholesale,Future
3819,2024-09-25,93,66,4,3,105.25,12.89,315.75,302.86,4,Late,Click & Collect,Current
3820,2024-11-13,985,97,6,4,54.01,27.54,216.04,188.5,0,On Time,Online,Current
3821,2024-02-08,387,108,6,1,50.05,32.26,50.05,17.79,0,On Time,Online,Current
3822,2025-07-28,745,119,6,3,21.52,24.57,64.56,39.99,0,On Time,Online,Future
3823,2024-11-29,466,33,6,1,219.29,25.94,219.29,193.35,0,On Time,Online,Future
3824,2024-06-10,90,55,6,3,80.85,5.22,242.55,237.33,0,On Time,Online,Current
3825,2024-02-03,556,90,2,2,82.64,3.65,165.28,161.63,0,On Time,Click & Collect,Current
3826,2025-07-06,94,36,2,3,162.38,20.51,487.14,466.63,0,On Time,Online,Future
3827,2024-02-02,660,33,6,2,219.29,21.08,438.58,417.5,0,On Time,Online,Future
3828,2025-08-12,826,15,6,4,76.6,30.33,306.4,276.07,0,On Time,Online,Current
3829,2024-07-05,190,88,6,4,41.48,33.44,165.92,132.48,4,Late,Online,Current
3830,2025-04-29,47,84,6,4,108.1,29.46,432.4,402.94,0,On Time,Online,Future
3831,2025-02-10,66,115,4,1,131.17,27.96,131.17,103.21,0,On Time,In-Store,Current
3832,2024-01-25,887,48,4,3,94.16,14.41,282.48,268.07,0,On Time,Online,Current
3833,2025-07-16,91,14,6,4,85.15,17.27,340.6,323.33,0,On Time,Online,Current
3834,2025-08-18,110,30,1,4,33.3,0.39,133.2,132.81,0,On Time,Online,Current
3835,2025-07-02,818,3,2,1,182.39,13.78,182.39,168.61,0,On Time,In-Store,Future
3836,2024-05-20,405,59,6,2,99.02,26.01,198.04,172.03,0,On Time,In-Store,Future
3837,2024-10-10,705,116,5,4,159.24,25.65,636.96,611.31,0,On Time,Online,Future
3838,2024-05-06,559,116,2,4,159.24,19.45,636.96,617.51,0,On Time,Click & Collect,Current
3839,2024-10-14,917,9,5,2,102.79,10.11,205.58,195.47,4,Late,Wholesale,Current
3840,2024-07-31,762,104,6,2,154.04,21.91,308.08,286.17,5,Late,Online,Current
3841,2025-09-17,217,84,4,2,108.1,8.84,216.2,207.36,0,On Time,Online,Current
3842,2025-12-22,595,92,4,2,46.38,17.61,92.76,75.15,4,Late,Online,Current
3843,2025-08-25,273,73,6,2,20.46,12.67,40.92,28.25,0,On Time,Online,Current
3844,2024-08-07,300,10,3,2,78.41,20.31,156.82,136.51,0,On Time,Online,Future
3845,2025-10-20,403,23,2,1,87.41,0.74,87.41,86.67,0,On Time,Online,Future
3846,2024-03-29,676,20,6,1,93.73,26.71,93.73,67.02,0,On Time,Online,Current
3847,2025-12-17,52,86,2,3,102.94,5.72,308.82,303.1,0,On Time,Wholesale,Current
3848,2025-09-20,59,81,6,1,110.75,27.63,110.75,83.12,0,On Time,Online,Current
3849,2025-03-25,87,61,6,3,82.33,4.97,246.99,242.02,0,On Time,Click & Collect,Current
3850,2025-07-02,463,58,6,4,118.61,3.34,474.44,471.1,0,On Time,Online,Future
3851,2025-08-16,869,84,1,3,108.1,1.2,324.3,323.1,0,On Time,Online,Current
3852,2025-07-08,156,39,3,2,128.17,5.33,256.34,251.01,0,On Time,Wholesale,Future
3853,2024-05-14,700,58,6,2,118.61,8.27,237.22,228.95,2,Late,Online,Future
3854,2024-10-03,993,45,5,1,29.58,12.72,29.58,16.86,0,On Time,Online,Future
3855,2024-04-29,359,10,4,2,78.41,20.57,156.82,136.25,7,Late,Wholesale,Current
3856,2025-12-04,186,105,2,1,45.95,33.77,45.95,12.18,0,On Time,Online,Current
3857,2024-08-19,582,77,5,3,132.93,5.92,398.79,392.87,0,On Time,Online,Current
3858,2025-07-05,42,21,6,3,44.65,13.04,133.95,120.91,0,On Time,Online,Current
3859,2025-12-25,510,62,1,1,180.58,15.42,180.58,165.16,0,On Time,Click & Collect,Future
3860,2024-12-05,872,55,6,1,80.85,34.68,80.85,46.17,0,On Time,Online,Current
3861,2025-12-28,579,92,1,4,46.38,27.98,185.52,157.54,0,On Time,Online,Future
3862,2025-08-12,486,12,1,1,177.18,33.23,177.18,143.95,0,On Time,In-Store,Future
3863,2024-05-31,913,1,2,2,125.71,28.6,251.42,222.82,0,On Time,Click & Collect,Current
3864,2025-04-22,740,10,1,4,78.41,24.53,313.64,289.11,0,On Time,Online,Current
3865,2025-08-02,775,5,4,4,140.44,5.11,561.76,556.65,0,On Time,Online,Future
3866,2025-10-24,543,78,6,4,57.86,14.91,231.44,216.53,0,On Time,Online,Future
3867,2025-12-29,986,22,4,3,118.48,6.96,355.44,348.48,1,Late,Online,Future
3868,2025-09-29,911,100,1,3,91.89,10.83,275.67,264.84,0,On Time,In-Store,Future
3869,2025-06-04,601,41,6,2,110.65,27.28,221.3,194.02,0,On Time,Online,Future
3870,2025-04-08,207,72,6,1,141.82,34.54,141.82,107.28,0,On Time,Online,Current
3871,2025-01-03,333,46,4,2,117.41,14.59,234.82,220.23,0,On Time,Online,Current
3872,2025-08-03,374,10,2,4,78.41,3.59,313.64,310.05,5,Late,Click & Collect,Current
3873,2024-05-12,929,70,3,2,117.81,11.62,235.62,224.0,0,On Time,In-Store,Current
3874,2024-05-25,324,51,3,2,110.62,25.27,221.24,195.97,0,On Time,Online,Future
3875,2025-07-04,833,13,1,2,109.25,4.45,218.5,214.05,0,On Time,Online,Future
3876,2024-04-23,782,77,2,4,132.93,19.87,531.72,511.85,0,On Time,Online,Future
3877,2024-01-07,756,31,6,4,64.76,28.71,259.04,230.33,0,On Time,Wholesale,Future
3878,2025-11-27,867,9,4,1,102.79,6.0,102.79,96.79,0,On Time,Click & Collect,Current
3879,2024-08-18,110,63,6,2,50.08,15.78,100.16,84.38,7,Late,Online,Current
3880,2024-05-17,801,15,3,4,76.6,2.91,306.4,303.49,3,Late,In-Store,Current
3881,2024-09-02,476,69,3,2,82.06,21.36,164.12,142.76,0,On Time,Online,Current
3882,2025-02-06,345,28,1,2,154.21,24.15,308.42,284.27,1,Late,Click & Collect,Future
3883,2024-09-25,215,92,6,1,46.38,9.83,46.38,36.55,0,On Time,Online,Current
3884,2024-08-20,893,9,6,1,102.79,23.08,102.79,79.71,0,On Time,Online,Current
3885,2025-06-23,543,79,4,1,174.91,30.04,174.91,144.87,0,On Time,Wholesale,Future
3886,2025-03-31,581,41,4,3,110.65,18.51,331.95,313.44,0,On Time,Online,Current
3887,2025-08-14,477,78,6,4,57.86,20.24,231.44,211.2,0,On Time,Online,Current
3888,2024-02-29,701,38,6,2,97.97,31.17,195.94,164.77,0,On Time,Online,Current
3889,2025-07-28,750,16,1,3,103.76,25.32,311.28,285.96,0,On Time,Online,Current
3890,2024-08-06,761,15,4,1,76.6,11.55,76.6,65.05,0,On Time,Online,Future
3891,2025-02-24,393,32,3,4,183.92,16.87,735.68,718.81,0,On Time,Online,Current
3892,2024-08-18,897,48,6,4,94.16,2.7,376.64,373.94,0,On Time,Online,Current
3893,2025-05-27,264,84,1,1,108.1,31.53,108.1,76.57,0,On Time,Wholesale,Current
3894,2024-08-11,170,37,1,1,141.5,2.44,141.5,139.06,0,On Time,Click & Collect,Future
3895,2024-02-20,437,65,5,1,71.32,11.42,71.32,59.9,0,On Time,Online,Current
3896,2025-10-19,965,73,1,1,20.46,13.67,20.46,6.79,3,Late,Click & Collect,Current
3897,2024-08-04,210,37,6,4,141.5,33.89,566.0,532.11,0,On Time,Online,Current
3898,2024-04-23,268,34,6,2,116.01,16.14,232.02,215.88,0,On Time,Online,Current
3899,2024-10-22,631,6,1,3,127.67,15.25,383.01,367.76,0,On Time,Click & Collect,Current
3900,2024-07-04,840,63,1,2,50.08,25.44,100.16,74.72,0,On Time,In-Store,Current
3901,2025-10-24,814,110,2,3,159.94,6.5,479.82,473.32,0,On Time,Click & Collect,Future
3902,2024-05-23,531,7,5,3,172.34,14.1,517.02,502.92,4,Late,Online,Current
3903,2025-05-03,270,98,4,1,192.94,33.51,192.94,159.43,7,Late,Click & Collect,Current
3904,2024-02-04,703,60,5,2,148.3,6.98,296.6,289.62,0,On Time,Online,Future
3905,2024-03-12,104,97,6,3,54.01,34.18,162.03,127.85,0,On Time,Online,Future
3906,2025-05-20,432,68,6,3,76.01,2.13,228.03,225.9,0,On Time,Online,Future
3907,2024-09-09,406,119,3,3,21.52,0.45,64.56,64.11,0,On Time,Click & Collect,Future
3908,2024-09-09,320,116,6,3,159.24,17.28,477.72,460.44,0,On Time,Online,Current
3909,2024-10-15,45,71,6,4,135.62,11.72,542.48,530.76,0,On Time,Online,Current
3910,2025-11-05,547,28,2,4,154.21,30.08,616.84,586.76,0,On Time,Online,Current
3911,2025-07-11,342,36,1,4,162.38,28.73,649.52,620.79,0,On Time,Online,Current
3912,2025-02-06,212,23,6,3,87.41,28.53,262.23,233.7,0,On Time,Online,Future
3913,2024-07-07,633,32,3,3,183.92,10.94,551.76,540.82,0,On Time,Wholesale,Future
3914,2024-12-01,846,75,2,3,112.15,26.7,336.45,309.75,0,On Time,Online,Future
3915,2025-01-30,155,64,2,4,106.6,20.46,426.4,405.94,0,On Time,Wholesale,Current
3916,2024-08-27,432,73,6,2,20.46,8.69,40.92,32.23,0,On Time,Online,Current
3917,2025-07-21,619,16,6,3,103.76,22.17,311.28,289.11,0,On Time,Online,Future
3918,2024-01-17,687,10,5,4,78.41,26.21,313.64,287.43,0,On Time,Online,Current
3919,2025-11-06,907,6,3,3,127.67,3.1,383.01,379.91,0,On Time,Online,Future
3920,2024-05-01,269,95,2,4,168.8,13.67,675.2,661.53,4,Late,Online,Current
3921,2024-06-14,814,73,1,4,20.46,14.38,81.84,67.46,0,On Time,Online,Future
3922,2025-07-06,535,66,6,3,105.25,1.17,315.75,314.58,0,On Time,Online,Future
3923,2025-12-12,680,51,5,4,110.62,0.9,442.48,441.58,0,On Time,In-Store,Future
3924,2025-11-03,11,116,1,3,159.24,28.65,477.72,449.07,0,On Time,Online,Future
3925,2024-10-12,193,107,2,4,49.65,0.34,198.6,198.26,0,On Time,Online,Future
3926,2024-02-05,732,76,3,4,128.17,19.82,512.68,492.86,0,On Time,Online,Future
3927,2024-09-02,67,29,3,3,130.05,17.92,390.15,372.23,0,On Time,Online,Future
3928,2025-05-24,380,90,6,2,82.64,24.64,165.28,140.64,0,On Time,Online,Current
3929,2025-12-09,612,114,4,3,83.67,13.62,251.01,237.39,0,On Time,Click & Collect,Current
3930,2025-11-18,948,104,4,4,154.04,5.38,616.16,610.78,0,On Time,Click & Collect,Current
3931,2024-09-25,122,117,6,4,131.87,17.35,527.48,510.13,6,Late,Online,Current
3932,2024-09-18,692,40,3,2,35.44,17.13,70.88,53.75,0,On Time,Online,Current
3933,2024-06-28,965,78,6,3,57.86,21.62,173.58,151.96,0,On Time,Online,Future
3934,2024-02-14,475,8,3,4,62.57,3.77,250.28,246.51,0,On Time,Online,Current
3935,2025-04-05,209,109,1,1,65.96,28.36,65.96,37.6,0,On Time,In-Store,Future
3936,2024-12-11,699,19,5,4,118.63,7.6,474.52,466.92,0,On Time,Online,Future
3937,2025-08-08,587,9,3,1,102.79,33.99,102.79,68.8,0,On Time,Wholesale,Future
3938,2025-04-02,858,26,4,2,117.76,9.37,235.52,226.15,0,On Time,In-Store,Current
3939,2024-09-14,927,108,1,1,50.05,11.82,50.05,38.23,0,On Time,Online,Future
3940,2024-01-31,481,3,1,3,182.39,26.99,547.17,520.18,7,Late,In-Store,Current
3941,2024-04-16,356,78,6,3,57.86,7.63,173.58,165.95,0,On Time,Online,Current
3942,2025-05-22,926,98,5,1,192.94,21.42,192.94,171.52,0,On Time,Online,Future
3943,2024-06-13,17,38,3,2,97.97,24.99,195.94,170.95,0,On Time,Online,Current
3944,2024-05-12,926,45,1,3,29.58,31.11,88.74,57.63,0,On Time,Click & Collect,Current
3945,2025-09-19,943,47,2,1,146.36,34.76,146.36,111.6,0,On Time,In-Store,Future
3946,2024-06-23,567,50,5,4,97.72,24.57,390.88,366.31,0,On Time,Click & Collect,Current
3947,2025-12-04,139,31,6,1,64.76,8.11,64.76,56.65,0,On Time,Online,Future
3948,2024-07-26,90,17,2,2,141.85,13.63,283.7,270.07,0,On Time,In-Store,Current
3949,2024-04-30,903,120,2,4,47.37,14.66,189.48,174.82,0,On Time,Click & Collect,Current
3950,2024-09-18,792,1,2,3,125.71,33.57,377.13,343.56,0,On Time,Click & Collect,Current
3951,2024-07-30,521,107,2,3,49.65,1.06,148.95,147.89,5,Late,Online,Current
3952,2024-09-22,348,2,6,4,200.36,24.09,801.44,777.35,0,On Time,Online,Current
3953,2024-09-18,907,25,6,1,27.12,29.08,27.12,-1.96,1,Late,Online,Future
3954,2025-11-22,531,1,6,2,125.71,7.51,251.42,243.91,0,On Time,Online,Current
3955,2024-04-02,818,73,3,2,20.46,17.39,40.92,23.53,5,Late,Wholesale,Current
3956,2024-05-04,350,35,1,3,41.4,25.32,124.2,98.88,5,Late,Online,Current
3957,2024-04-15,775,16,6,1,103.76,19.46,103.76,84.3,0,On Time,Online,Current
3958,2024-12-25,253,71,6,4,135.62,24.14,542.48,518.34,0,On Time,Online,Current
3959,2025-05-20,840,119,6,2,21.52,21.83,43.04,21.21,0,On Time,Online,Future
3960,2024-11-14,974,81,1,4,110.75,17.34,443.0,425.66,0,On Time,In-Store,Future
3961,2025-05-19,838,27,1,2,148.3,31.67,296.6,264.93,0,On Time,Online,Current
3962,2025-05-09,642,20,5,4,93.73,30.37,374.92,344.55,0,On Time,In-Store,Current
3963,2024-09-05,972,111,6,2,139.05,11.53,278.1,266.57,0,On Time,Online,Future
3964,2025-11-30,500,104,6,2,154.04,11.29,308.08,296.79,0,On Time,Online,Current
3965,2025-05-11,743,64,1,3,106.6,5.85,319.8,313.95,2,Late,Online,Future
3966,2025-02-21,615,38,5,4,97.97,33.05,391.88,358.83,0,On Time,Click & Collect,Current
3967,2025-12-07,449,83,2,2,73.64,13.89,147.28,133.39,0,On Time,Online,Current
3968,2025-07-26,603,84,2,4,108.1,21.99,432.4,410.41,0,On Time,Online,Current
3969,2024-02-14,151,17,4,2,141.85,30.2,283.7,253.5,0,On Time,Click & Collect,Current
3970,2025-07-03,203,88,6,2,41.48,11.71,82.96,71.25,0,On Time,Online,Future
3971,2024-02-24,572,7,2,4,172.34,28.01,689.36,661.35,0,On Time,In-Store,Future
3972,2025-05-14,15,21,2,1,44.65,28.6,44.65,16.05,0,On Time,Online,Current
3973,2024-06-27,373,51,5,2,110.62,11.56,221.24,209.68,7,Late,Click & Collect,Current
3974,2025-06-07,462,78,6,1,57.86,11.79,57.86,46.07,6,Late,In-Store,Current
3975,2025-12-27,477,57,2,3,144.33,26.09,432.99,406.9,0,On Time,Click & Collect,Current
3976,2024-12-28,426,1,2,2,125.71,10.05,251.42,241.37,0,On Time,Click & Collect,Future
3977,2025-09-07,570,94,2,4,56.02,9.12,224.08,214.96,2,Late,Wholesale,Future
3978,2025-01-31,174,14,1,1,85.15,12.67,85.15,72.48,1,Late,Online,Current
3979,2024-04-14,701,44,3,4,107.15,22.64,428.6,405.96,0,On Time,Click & Collect,Current
3980,2025-04-04,671,102,1,3,68.71,0.69,206.13,205.44,6,Late,Click & Collect,Current
3981,2025-12-22,374,70,1,4,117.81,27.82,471.24,443.42,0,On Time,Online,Future
3982,2024-02-28,584,101,3,4,123.75,4.33,495.0,490.67,0,On Time,Online,Current
3983,2024-12-25,712,106,4,1,28.51,5.75,28.51,22.76,0,On Time,In-Store,Current
3984,2024-12-25,729,41,5,4,110.65,0.99,442.6,441.61,0,On Time,Online,Current
3985,2025-05-25,623,65,2,2,71.32,10.81,142.64,131.83,0,On Time,Wholesale,Current
3986,2025-01-28,922,12,2,2,177.18,29.23,354.36,325.13,0,On Time,Wholesale,Future
3987,2025-04-14,422,92,3,4,46.38,30.31,185.52,155.21,0,On Time,Click & Collect,Current
3988,2025-03-13,36,117,2,3,131.87,26.72,395.61,368.89,0,On Time,Online,Future
3989,2024-05-31,768,19,1,3,118.63,27.75,355.89,328.14,0,On Time,Online,Current
3990,2025-01-10,244,24,1,4,152.6,8.62,610.4,601.78,0,On Time,Online,Current
3991,2024-04-03,385,52,3,3,18.05,31.8,54.15,22.35,0,On Time,Online,Current
3992,2024-07-26,830,1,1,4,125.71,1.53,502.84,501.31,3,Late,Online,Current
3993,2025-04-19,133,45,3,2,29.58,18.19,59.16,40.97,0,On Time,Wholesale,Future
3994,2024-04-11,508,73,6,1,20.46,21.86,20.46,-1.4,0,On Time,Online,Current
3995,2025-12-24,140,108,6,1,50.05,24.47,50.05,25.58,0,On Time,Online,Future
3996,2024-02-15,945,51,6,1,110.62,25.32,110.62,85.3,0,On Time,Online,Future
3997,2025-02-01,196,80,2,3,119.07,13.16,357.21,344.05,0,On Time,Wholesale,Current
3998,2025-04-17,81,113,4,2,120.7,29.46,241.4,211.94,0,On Time,Online,Current
3999,2024-08-14,333,92,2,3,46.38,9.84,139.14,129.3,0,On Time,Online,Future
4000,2025-07-23,454,79,4,3,174.91,7.53,524.73,517.2,5,Late,Wholesale,Current
4001,2025-04-23,266,2,6,2,200.36,20.04,400.72,380.68,0,On Time,Online,Current
4002,2025-07-20,232,89,6,3,144.37,4.62,433.11,428.49,0,On Time,Online,Future
4003,2024-02-19,953,88,6,4,41.48,23.39,165.92,142.53,3,Late,Online,Current
4004,2025-05-08,345,77,1,1,132.93,32.88,132.93,100.05,0,On Time,In-Store,Current
4005,2025-10-18,798,6,2,3,127.67,22.08,383.01,360.93,0,On Time,Online,Future
4006,2024-11-04,783,59,2,2,99.02,18.11,198.04,179.93,0,On Time,Click & Collect,Current
4007,2024-11-11,191,15,1,4,76.6,2.84,306.4,303.56,0,On Time,Click & Collect,Future
4008,2025-07-19,852,22,3,3,118.48,8.58,355.44,346.86,0,On Time,Online,Current
4009,2024-08-21,317,101,1,3,123.75,31.88,371.25,339.37,0,On Time,Wholesale,Current
4010,2025-03-03,897,103,1,4,113.76,8.03,455.04,447.01,0,On Time,Click & Collect,Future
4011,2024-08-13,91,55,6,4,80.85,11.8,323.4,311.6,0,On Time,Online,Future
4012,2024-05-31,946,39,6,4,128.17,15.21,512.68,497.47,0,On Time,Online,Current
4013,2025-12-15,135,23,2,3,87.41,19.73,262.23,242.5,0,On Time,Wholesale,Future
4014,2025-04-14,918,53,5,1,103.59,14.77,103.59,88.82,2,Late,Click & Collect,Current
4015,2024-10-08,844,112,2,3,167.65,20.06,502.95,482.89,0,On Time,Wholesale,Current
4016,2025-06-06,938,106,6,1,28.51,29.34,28.51,-0.83,2,Late,Online,Future
4017,2024-02-03,397,63,6,1,50.08,17.09,50.08,32.99,0,On Time,Online,Current
4018,2024-12-13,193,50,3,3,97.72,21.22,293.16,271.94,0,On Time,Wholesale,Future
4019,2025-12-07,223,42,3,1,65.4,24.5,65.4,40.9,0,On Time,Online,Current
4020,2025-03-10,434,82,2,4,135.39,20.19,541.56,521.37,0,On Time,Click & Collect,Future
4021,2024-03-31,876,75,3,4,112.15,11.58,448.6,437.02,0,On Time,Wholesale,Future
4022,2025-01-08,199,60,6,3,148.3,8.56,444.9,436.34,3,Late,Online,Current
4023,2025-10-31,948,26,1,3,117.76,27.58,353.28,325.7,0,On Time,In-Store,Current
4024,2025-08-26,761,68,2,4,76.01,7.06,304.04,296.98,0,On Time,Online,Future
4025,2024-05-16,185,7,1,1,172.34,2.65,172.34,169.69,0,On Time,Online,Future
4026,2025-11-15,97,108,4,2,50.05,31.52,100.1,68.58,0,On Time,Click & Collect,Current
4027,2024-11-04,45,110,4,3,159.94,4.98,479.82,474.84,0,On Time,Online,Future
4028,2025-06-15,537,98,6,3,192.94,14.19,578.82,564.63,0,On Time,Online,Future
4029,2025-04-04,940,54,2,1,110.37,23.2,110.37,87.17,0,On Time,In-Store,Current
4030,2025-07-05,740,90,1,1,82.64,20.02,82.64,62.62,0,On Time,In-Store,Current
4031,2025-06-05,429,101,3,4,123.75,23.99,495.0,471.01,0,On Time,In-Store,Current
4032,2024-04-03,335,12,6,4,177.18,24.46,708.72,684.26,0,On Time,Online,Current
4033,2025-07-16,882,11,1,2,40.32,0.0,80.64,80.64,0,On Time,Wholesale,Future
4034,2025-11-01,760,60,4,2,148.3,20.63,296.6,275.97,0,On Time,Online,Current
4035,2025-07-28,927,72,1,2,141.82,28.18,283.64,255.46,0,On Time,In-Store,Current
4036,2025-03-30,192,16,1,2,103.76,3.87,207.52,203.65,7,Late,Online,Current
4037,2024-07-12,258,100,3,3,91.89,31.56,275.67,244.11,0,On Time,Wholesale,Current
4038,2025-09-18,404,119,6,1,21.52,15.18,21.52,6.34,0,On Time,Online,Current
4039,2025-09-18,484,28,4,4,154.21,12.32,616.84,604.52,0,On Time,In-Store,Future
4040,2024-06-17,51,27,6,4,148.3,5.7,593.2,587.5,0,On Time,Online,Future
4041,2025-01-11,521,88,4,2,41.48,4.45,82.96,78.51,0,On Time,Online,Future
4042,2024-11-16,790,29,2,4,130.05,11.9,520.2,508.3,0,On Time,Online,Current
4043,2025-01-27,98,102,6,1,68.71,32.53,68.71,36.18,0,On Time,Online,Future
4044,2024-10-11,324,96,6,3,44.65,5.69,133.95,128.26,0,On Time,Click & Collect,Current
4045,2024-09-20,995,11,5,4,40.32,22.88,161.28,138.4,0,On Time,Online,Current
4046,2025-03-14,370,46,6,2,117.41,24.95,234.82,209.87,0,On Time,Online,Future
4047,2024-05-31,297,43,5,3,129.42,28.7,388.26,359.56,5,Late,In-Store,Current
4048,2024-09-17,835,72,6,3,141.82,25.25,425.46,400.21,0,On Time,Online,Current
4049,2024-01-17,481,82,6,2,135.39,18.01,270.78,252.77,5,Late,Online,Current
4050,2025-12-20,581,8,6,2,62.57,0.95,125.14,124.19,0,On Time,Online,Current
4051,2025-06-09,34,13,1,2,109.25,31.32,218.5,187.18,2,Late,Online,Future
4052,2025-01-05,601,105,6,1,45.95,28.78,45.95,17.17,5,Late,Online,Current
4053,2025-03-25,904,92,6,1,46.38,19.17,46.38,27.21,0,On Time,Online,Future
4054,2025-12-10,319,54,2,3,110.37,8.78,331.11,322.33,0,On Time,Wholesale,Future
4055,2024-02-06,473,49,5,3,134.92,19.34,404.76,385.42,0,On Time,Online,Current
4056,2024-05-25,786,73,3,4,20.46,20.46,81.84,61.38,0,On Time,In-Store,Current
4057,2025-03-01,572,73,6,1,20.46,26.52,20.46,-6.06,0,On Time,Online,Current
4058,2024-10-13,717,28,2,2,154.21,17.82,308.42,290.6,0,On Time,Online,Current
4059,2025-11-10,890,15,6,3,76.6,28.83,229.8,200.97,0,On Time,Online,Current
4060,2024-08-29,428,64,3,2,106.6,21.31,213.2,191.89,0,On Time,Online,Future
4061,2024-05-31,607,68,4,2,76.01,16.8,152.02,135.22,0,On Time,Online,Current
4062,2025-01-17,279,77,3,2,132.93,16.17,265.86,249.69,7,Late,In-Store,Current
4063,2025-12-24,574,33,6,3,219.29,25.49,657.87,632.38,0,On Time,Online,Current
4064,2024-10-13,232,99,1,4,170.64,24.49,682.56,658.07,0,On Time,Wholesale,Current
4065,2024-11-19,146,48,2,2,94.16,34.22,188.32,154.1,7,Late,Click & Collect,Current
4066,2024-09-25,279,111,1,4,139.05,7.38,556.2,548.82,0,On Time,Wholesale,Future
4067,2025-01-20,396,14,3,2,85.15,32.05,170.3,138.25,4,Late,In-Store,Current
4068,2024-03-04,909,101,3,1,123.75,12.79,123.75,110.96,0,On Time,Wholesale,Future
4069,2024-11-16,824,66,4,4,105.25,34.66,421.0,386.34,0,On Time,Online,Current
4070,2025-01-09,799,46,5,3,117.41,4.13,352.23,348.1,0,On Time,Wholesale,Current
4071,2025-10-03,24,113,2,4,120.7,34.5,482.8,448.3,0,On Time,Online,Future
4072,2024-06-19,821,48,6,2,94.16,31.13,188.32,157.19,0,On Time,Online,Current
4073,2024-10-27,468,106,6,4,28.51,18.79,114.04,95.25,4,Late,Online,Current
4074,2025-01-03,171,57,1,2,144.33,30.66,288.66,258.0,0,On Time,Online,Future
4075,2025-11-18,653,36,3,2,162.38,26.81,324.76,297.95,0,On Time,In-Store,Future
4076,2025-07-20,879,106,1,4,28.51,31.13,114.04,82.91,0,On Time,Wholesale,Current
4077,2024-07-05,604,112,2,1,167.65,0.26,167.65,167.39,0,On Time,Click & Collect,Current
4078,2024-01-14,177,57,5,2,144.33,27.06,288.66,261.6,0,On Time,Online,Future
4079,2024-04-16,269,37,5,1,141.5,2.95,141.5,138.55,2,Late,Online,Future
4080,2024-03-10,114,118,6,3,167.17,32.17,501.51,469.34,1,Late,Online,Current
4081,2024-05-01,952,50,4,4,97.72,17.17,390.88,373.71,0,On Time,Online,Future
4082,2025-04-17,917,33,1,3,219.29,28.05,657.87,629.82,0,On Time,Online,Future
4083,2024-06-11,271,118,1,4,167.17,18.37,668.68,650.31,0,On Time,Click & Collect,Current
4084,2025-07-23,410,55,1,2,80.85,9.39,161.7,152.31,0,On Time,Click & Collect,Current
4085,2025-03-19,394,72,5,1,141.82,22.44,141.82,119.38,0,On Time,In-Store,Current
4086,2024-09-03,408,54,6,1,110.37,34.61,110.37,75.76,0,On Time,Online,Future
4087,2024-11-15,545,15,1,1,76.6,33.71,76.6,42.89,0,On Time,Online,Current
4088,2024-03-02,254,31,6,2,64.76,3.16,129.52,126.36,0,On Time,Click & Collect,Future
4089,2025-08-31,749,96,6,3,44.65,33.94,133.95,100.01,0,On Time,Online,Future
4090,2024-05-18,766,86,2,2,102.94,17.78,205.88,188.1,0,On Time,In-Store,Current
4091,2024-02-14,685,31,1,3,64.76,30.35,194.28,163.93,0,On Time,Wholesale,Future
4092,2024-04-24,737,25,3,2,27.12,18.9,54.24,35.34,0,On Time,In-Store,Current
4093,2025-06-28,890,43,1,1,129.42,10.34,129.42,119.08,0,On Time,Online,Future
4094,2024-03-21,986,65,3,1,71.32,14.07,71.32,57.25,0,On Time,Click & Collect,Future
4095,2025-10-18,261,105,5,4,45.95,12.02,183.8,171.78,0,On Time,In-Store,Current
4096,2025-08-07,832,28,2,4,154.21,29.61,616.84,587.23,0,On Time,Online,Current
4097,2025-08-10,314,9,6,4,102.79,1.95,411.16,409.21,0,On Time,Online,Current
4098,2025-04-15,93,10,6,3,78.41,21.72,235.23,213.51,0,On Time,Online,Future
4099,2024-10-19,667,69,5,4,82.06,30.51,328.24,297.73,0,On Time,Online,Future
4100,2025-05-08,162,67,6,3,214.61,5.01,643.83,638.82,6,Late,Online,Current
4101,2025-06-19,406,106,6,3,28.51,14.62,85.53,70.91,0,On Time,Online,Current
4102,2024-04-15,980,116,6,2,159.24,29.34,318.48,289.14,0,On Time,Online,Future
4103,2024-10-29,753,40,6,2,35.44,2.51,70.88,68.37,0,On Time,Online,Current
4104,2024-12-13,5,11,6,2,40.32,4.87,80.64,75.77,0,On Time,Click & Collect,Future
4105,2025-08-23,831,17,5,3,141.85,18.6,425.55,406.95,0,On Time,Online,Future
4106,2024-02-22,190,102,1,2,68.71,16.67,137.42,120.75,0,On Time,Online,Current
4107,2025-06-05,633,82,5,1,135.39,25.65,135.39,109.74,0,On Time,Online,Current
4108,2025-09-06,388,28,6,3,154.21,7.19,462.63,455.44,0,On Time,Online,Future
4109,2025-08-11,942,102,6,1,68.71,7.37,68.71,61.34,0,On Time,Online,Current
4110,2024-01-11,533,42,6,3,65.4,0.99,196.2,195.21,0,On Time,Online,Future
4111,2024-04-16,143,43,5,4,129.42,26.35,517.68,491.33,0,On Time,Online,Current
4112,2025-09-08,350,90,2,3,82.64,12.31,247.92,235.61,0,On Time,Wholesale,Future
4113,2025-07-17,813,84,6,2,108.1,29.7,216.2,186.5,0,On Time,Online,Future
4114,2024-06-02,127,120,6,3,47.37,34.36,142.11,107.75,0,On Time,Online,Future
4115,2024-11-10,168,114,1,3,83.67,13.2,251.01,237.81,2,Late,Online,Current
4116,2024-09-30,676,24,3,2,152.6,34.0,305.2,271.2,0,On Time,Online,Current
4117,2024-07-21,597,112,2,1,167.65,7.64,167.65,160.01,0,On Time,In-Store,Future
4118,2025-08-29,6,31,1,2,64.76,24.33,129.52,105.19,0,On Time,Wholesale,Future
4119,2025-06-12,359,45,6,1,29.58,27.48,29.58,2.1,0,On Time,Online,Current
4120,2025-12-09,517,26,1,4,117.76,23.88,471.04,447.16,0,On Time,Online,Future
4121,2025-03-04,122,62,6,2,180.58,3.91,361.16,357.25,0,On Time,Online,Future
4122,2025-12-11,113,70,5,1,117.81,1.61,117.81,116.2,0,On Time,Wholesale,Future
4123,2025-09-17,294,46,3,1,117.41,6.93,117.41,110.48,0,On Time,In-Store,Current
4124,2025-10-13,348,39,2,2,128.17,16.21,256.34,240.13,0,On Time,Online,Current
4125,2025-11-25,1000,3,5,2,182.39,14.35,364.78,350.43,0,On Time,Click & Collect,Future
4126,2025-09-12,164,91,1,1,85.5,4.91,85.5,80.59,0,On Time,Online,Future
4127,2024-03-29,259,6,6,1,127.67,30.09,127.67,97.58,0,On Time,Online,Current
4128,2024-09-15,42,74,3,3,120.32,24.85,360.96,336.11,1,Late,Click & Collect,Current
4129,2024-08-01,915,4,4,1,143.64,2.32,143.64,141.32,0,On Time,Wholesale,Current
4130,2025-09-10,896,30,1,1,33.3,16.53,33.3,16.77,0,On Time,Wholesale,Future
4131,2025-01-22,528,119,4,3,21.52,17.25,64.56,47.31,0,On Time,Online,Current
4132,2025-01-18,562,102,6,4,68.71,11.82,274.84,263.02,0,On Time,Online,Future
4133,2025-08-01,348,114,3,4,83.67,19.16,334.68,315.52,0,On Time,Online,Future
4134,2024-10-15,187,88,1,1,41.48,34.69,41.48,6.79,2,Late,Online,Current
4135,2025-10-07,110,34,1,4,116.01,8.13,464.04,455.91,0,On Time,Online,Current
4136,2024-01-25,507,90,6,3,82.64,19.67,247.92,228.25,0,On Time,Online,Future
4137,2025-12-24,216,118,2,1,167.17,25.88,167.17,141.29,0,On Time,In-Store,Current
4138,2024-12-13,537,84,3,2,108.1,19.76,216.2,196.44,0,On Time,Wholesale,Current
4139,2025-02-24,942,45,5,3,29.58,23.15,88.74,65.59,0,On Time,Online,Current
4140,2025-07-04,360,107,1,4,49.65,30.42,198.6,168.18,1,Late,Click & Collect,Current
4141,2024-06-07,104,44,1,3,107.15,9.16,321.45,312.29,0,On Time,In-Store,Current
4142,2024-08-26,257,4,6,2,143.64,33.36,287.28,253.92,0,On Time,Online,Future
4143,2025-06-01,359,31,3,1,64.76,34.84,64.76,29.92,0,On Time,Wholesale,Current
4144,2024-04-06,748,42,6,1,65.4,31.1,65.4,34.3,0,On Time,Online,Future
4145,2025-01-05,93,3,6,3,182.39,12.65,547.17,534.52,0,On Time,Online,Current
4146,2024-06-12,523,35,6,2,41.4,18.65,82.8,64.15,0,On Time,Click & Collect,Future
4147,2025-05-16,84,49,1,4,134.92,30.43,539.68,509.25,2,Late,In-Store,Current
4148,2025-06-24,829,109,1,4,65.96,9.37,263.84,254.47,4,Late,Wholesale,Current
4149,2025-08-08,468,26,4,1,117.76,27.27,117.76,90.49,7,Late,Wholesale,Current
4150,2024-08-09,4,104,6,2,154.04,9.68,308.08,298.4,0,On Time,Online,Current
4151,2025-01-04,750,14,6,4,85.15,24.56,340.6,316.04,0,On Time,Online,Future
4152,2024-10-23,183,4,3,2,143.64,18.98,287.28,268.3,0,On Time,Click & Collect,Current
4153,2024-01-31,642,74,2,4,120.32,15.05,481.28,466.23,7,Late,Click & Collect,Current
4154,2025-06-20,789,48,1,3,94.16,3.5,282.48,278.98,0,On Time,Online,Future
4155,2025-12-14,591,20,1,2,93.73,18.07,187.46,169.39,0,On Time,In-Store,Future
4156,2024-08-31,662,65,4,3,71.32,3.7,213.96,210.26,3,Late,Online,Current
4157,2024-02-20,357,108,6,3,50.05,10.88,150.15,139.27,0,On Time,Online,Current
4158,2024-09-21,389,11,1,2,40.32,22.33,80.64,58.31,0,On Time,Online,Current
4159,2024-10-07,711,112,6,3,167.65,29.13,502.95,473.82,0,On Time,Online,Future
4160,2025-10-08,684,58,2,4,118.61,17.26,474.44,457.18,0,On Time,Online,Future
4161,2024-10-02,379,19,5,2,118.63,24.28,237.26,212.98,0,On Time,Click & Collect,Future
4162,2025-07-29,483,43,1,2,129.42,18.83,258.84,240.01,0,On Time,Online,Current
4163,2024-06-12,739,87,3,1,80.57,19.44,80.57,61.13,0,On Time,Online,Current
4164,2024-10-24,740,88,6,3,41.48,33.71,124.44,90.73,0,On Time,Online,Current
4165,2024-09-11,65,57,6,3,144.33,7.06,432.99,425.93,0,On Time,Online,Current
4166,2025-12-26,850,100,3,2,91.89,12.16,183.78,171.62,0,On Time,Online,Current
4167,2025-05-03,96,52,3,4,18.05,14.81,72.2,57.39,0,On Time,Online,Current
4168,2024-05-04,897,72,3,3,141.82,10.15,425.46,415.31,0,On Time,Click & Collect,Current
4169,2024-02-16,420,86,1,4,102.94,19.45,411.76,392.31,0,On Time,Online,Current
4170,2025-11-05,723,90,4,1,82.64,17.16,82.64,65.48,0,On Time,In-Store,Future
4171,2025-06-18,283,77,1,1,132.93,28.19,132.93,104.74,0,On Time,Online,Future
4172,2024-12-25,648,25,6,1,27.12,17.08,27.12,10.04,0,On Time,Online,Current
4173,2025-05-11,390,16,6,1,103.76,10.27,103.76,93.49,0,On Time,Online,Current
4174,2025-04-28,145,66,6,3,105.25,25.54,315.75,290.21,0,On Time,Online,Future
4175,2024-01-30,837,55,6,1,80.85,18.9,80.85,61.95,0,On Time,Online,Future
4176,2025-01-02,718,17,1,4,141.85,14.82,567.4,552.58,0,On Time,Online,Future
4177,2025-03-19,511,59,1,1,99.02,17.53,99.02,81.49,0,On Time,Wholesale,Future
4178,2024-10-14,987,105,1,3,45.95,20.86,137.85,116.99,0,On Time,Wholesale,Current
4179,2025-08-03,578,67,1,4,214.61,13.5,858.44,844.94,0,On Time,Wholesale,Future
4180,2025-12-17,799,41,6,2,110.65,0.28,221.3,221.02,0,On Time,Online,Future
4181,2025-12-04,684,92,3,2,46.38,23.49,92.76,69.27,0,On Time,Online,Current
4182,2024-05-04,722,71,2,3,135.62,19.87,406.86,386.99,5,Late,Online,Current
4183,2025-01-07,301,107,1,3,49.65,19.19,148.95,129.76,0,On Time,Online,Current
4184,2025-09-01,93,36,3,3,162.38,29.17,487.14,457.97,0,On Time,Online,Future
4185,2025-10-20,444,100,3,1,91.89,5.59,91.89,86.3,0,On Time,Online,Future
4186,2024-12-21,278,98,5,2,192.94,29.04,385.88,356.84,0,On Time,In-Store,Future
4187,2025-01-22,373,72,6,2,141.82,34.41,283.64,249.23,1,Late,Online,Future
4188,2025-11-13,588,58,2,3,118.61,16.3,355.83,339.53,0,On Time,Click & Collect,Future
4189,2024-08-18,961,32,6,3,183.92,24.41,551.76,527.35,2,Late,Online,Future
4190,2024-11-17,10,71,5,1,135.62,22.93,135.62,112.69,0,On Time,Online,Future
4191,2024-03-06,3,29,6,2,130.05,18.13,260.1,241.97,0,On Time,Online,Future
4192,2025-05-21,899,55,6,1,80.85,32.12,80.85,48.73,0,On Time,Online,Current
4193,2025-07-01,607,97,4,3,54.01,8.8,162.03,153.23,0,On Time,In-Store,Current
4194,2025-12-25,485,115,3,3,131.17,9.17,393.51,384.34,0,On Time,Wholesale,Future
4195,2024-09-24,188,5,2,4,140.44,13.73,561.76,548.03,0,On Time,Online,Current
4196,2024-03-09,998,70,1,4,117.81,33.52,471.24,437.72,0,On Time,Wholesale,Current
4197,2025-02-25,277,39,4,4,128.17,20.94,512.68,491.74,0,On Time,Online,Current
4198,2025-08-20,939,24,6,2,152.6,3.15,305.2,302.05,0,On Time,Online,Current
4199,2024-11-29,749,101,3,4,123.75,6.52,495.0,488.48,0,On Time,Online,Current
4200,2025-11-05,244,45,3,2,29.58,13.21,59.16,45.95,0,On Time,Online,Future
4201,2025-05-23,846,77,6,4,132.93,34.85,531.72,496.87,0,On Time,Online,Future
4202,2025-01-14,397,82,1,4,135.39,28.05,541.56,513.51,1,Late,In-Store,Future
4203,2025-08-14,281,9,5,3,102.79,31.8,308.37,276.57,0,On Time,Online,Current
4204,2024-03-16,494,16,6,3,103.76,11.64,311.28,299.64,0,On Time,In-Store,Current
4205,2025-06-27,763,24,1,2,152.6,6.38,305.2,298.82,5,Late,Online,Current
4206,2025-01-31,441,106,3,2,28.51,0.34,57.02,56.68,0,On Time,Online,Future
4207,2024-07-17,952,35,3,3,41.4,26.25,124.2,97.95,0,On Time,Online,Current
4208,2025-04-24,225,95,6,1,168.8,15.57,168.8,153.23,0,On Time,Online,Current
4209,2024-01-03,750,19,5,3,118.63,5.36,355.89,350.53,2,Late,Click & Collect,Current
4210,2025-06-19,405,9,6,1,102.79,20.37,102.79,82.42,0,On Time,Online,Current
4211,2024-11-17,48,68,6,1,76.01,1.17,76.01,74.84,0,On Time,Online,Future
4212,2025-10-31,147,84,5,3,108.1,14.13,324.3,310.17,0,On Time,Online,Current
4213,2024-11-29,208,22,3,2,118.48,19.04,236.96,217.92,0,On Time,Online,Current
4214,2025-12-30,943,30,6,3,33.3,12.49,99.9,87.41,0,On Time,Online,Future
4215,2025-09-24,561,36,2,2,162.38,17.18,324.76,307.58,2,Late,Wholesale,Current
4216,2024-09-28,17,107,6,3,49.65,31.64,148.95,117.31,0,On Time,Online,Current
4217,2024-10-21,404,26,5,1,117.76,12.16,117.76,105.6,0,On Time,In-Store,Current
4218,2024-06-16,121,56,6,1,166.72,31.4,166.72,135.32,0,On Time,Online,Future
4219,2024-09-22,841,50,6,4,97.72,18.44,390.88,372.44,0,On Time,Online,Current
4220,2024-10-05,427,107,4,2,49.65,33.16,99.3,66.14,0,On Time,Wholesale,Future
4221,2025-10-31,806,75,1,3,112.15,31.35,336.45,305.1,0,On Time,Online,Current
4222,2024-03-07,507,1,6,4,125.71,28.8,502.84,474.04,0,On Time,Online,Current
4223,2025-08-08,35,84,6,1,108.1,4.3,108.1,103.8,0,On Time,Online,Future
4224,2025-06-22,96,116,1,2,159.24,30.53,318.48,287.95,0,On Time,In-Store,Current
4225,2025-09-26,338,26,2,2,117.76,17.56,235.52,217.96,0,On Time,Wholesale,Current
4226,2025-04-08,819,54,6,4,110.37,16.89,441.48,424.59,0,On Time,Online,Future
4227,2024-02-09,912,8,1,1,62.57,29.71,62.57,32.86,0,On Time,In-Store,Current
4228,2025-11-28,99,45,3,3,29.58,5.5,88.74,83.24,0,On Time,Wholesale,Current
4229,2025-12-12,863,19,2,4,118.63,12.96,474.52,461.56,0,On Time,Click & Collect,Future
4230,2024-03-09,873,107,1,2,49.65,29.58,99.3,69.72,0,On Time,Online,Current
4231,2024-10-27,190,53,6,2,103.59,27.65,207.18,179.53,0,On Time,Online,Current
4232,2024-11-24,141,62,5,3,180.58,8.43,541.74,533.31,2,Late,Online,Current
4233,2025-03-17,516,17,6,1,141.85,27.83,141.85,114.02,0,On Time,Online,Current
4234,2025-11-21,261,12,1,2,177.18,34.13,354.36,320.23,0,On Time,Click & Collect,Current
4235,2025-05-19,615,74,6,4,120.32,13.59,481.28,467.69,0,On Time,Online,Future
4236,2025-06-05,548,104,2,2,154.04,4.6,308.08,303.48,0,On Time,Online,Current
4237,2024-10-17,524,90,1,4,82.64,28.82,330.56,301.74,0,On Time,Wholesale,Current
4238,2025-11-04,761,37,3,4,141.5,28.94,566.0,537.06,0,On Time,In-Store,Current
4239,2025-05-04,782,113,1,3,120.7,2.1,362.1,360.0,0,On Time,Online,Current
4240,2024-05-09,309,119,1,1,21.52,32.48,21.52,-10.96,6,Late,Online,Current
4241,2024-03-02,219,17,4,2,141.85,25.07,283.7,258.63,0,On Time,Online,Current
4242,2024-12-20,107,34,3,2,116.01,29.47,232.02,202.55,5,Late,Click & Collect,Current
4243,2024-08-23,182,19,6,1,118.63,12.8,118.63,105.83,0,On Time,Online,Current
4244,2025-04-02,744,100,6,3,91.89,29.68,275.67,245.99,0,On Time,Online,Future
4245,2025-09-14,265,114,3,2,83.67,17.22,167.34,150.12,0,On Time,Click & Collect,Future
4246,2024-07-25,852,119,4,4,21.52,23.56,86.08,62.52,0,On Time,Online,Current
4247,2024-02-09,519,74,4,1,120.32,6.64,120.32,113.68,0,On Time,Online,Current
4248,2024-12-09,600,26,6,4,117.76,34.41,471.04,436.63,0,On Time,Online,Current
4249,2024-09-16,816,63,4,2,50.08,1.9,100.16,98.26,0,On Time,Online,Current
4250,2025-01-03,546,117,1,3,131.87,22.05,395.61,373.56,0,On Time,In-Store,Future
4251,2025-02-21,307,27,2,2,148.3,2.2,296.6,294.4,0,On Time,Wholesale,Future
4252,2025-10-06,405,22,1,4,118.48,20.54,473.92,453.38,0,On Time,Online,Current
4253,2024-05-13,185,14,3,3,85.15,20.92,255.45,234.53,0,On Time,In-Store,Future
4254,2025-06-30,634,103,2,2,113.76,13.5,227.52,214.02,0,On Time,In-Store,Future
4255,2024-06-23,90,97,2,2,54.01,0.74,108.02,107.28,0,On Time,Online,Current
4256,2025-07-05,81,25,2,3,27.12,1.33,81.36,80.03,5,Late,Online,Current
4257,2024-09-18,517,102,6,3,68.71,30.09,206.13,176.04,7,Late,Online,Current
4258,2025-06-06,952,87,6,3,80.57,27.35,241.71,214.36,0,On Time,Online,Current
4259,2025-06-24,327,109,4,2,65.96,10.65,131.92,121.27,0,On Time,Online,Current
4260,2024-02-08,112,91,1,2,85.5,31.68,171.0,139.32,0,On Time,In-Store,Future
4261,2024-01-09,553,102,6,3,68.71,19.51,206.13,186.62,0,On Time,Online,Current
4262,2025-07-24,557,114,6,4,83.67,28.66,334.68,306.02,0,On Time,Online,Future
4263,2025-09-29,530,107,3,2,49.65,31.11,99.3,68.19,0,On Time,Wholesale,Current
4264,2025-10-30,410,114,6,4,83.67,31.73,334.68,302.95,0,On Time,Online,Future
4265,2024-09-03,53,103,5,4,113.76,14.29,455.04,440.75,0,On Time,In-Store,Current
4266,2025-09-11,549,24,5,4,152.6,6.63,610.4,603.77,0,On Time,Click & Collect,Future
4267,2025-06-10,530,24,5,4,152.6,3.68,610.4,606.72,0,On Time,Online,Future
4268,2024-07-07,245,110,6,3,159.94,29.94,479.82,449.88,0,On Time,Online,Current
4269,2025-08-13,696,100,6,1,91.89,22.92,91.89,68.97,1,Late,Online,Future
4270,2025-12-26,778,50,1,4,97.72,23.6,390.88,367.28,0,On Time,In-Store,Current
4271,2025-08-11,167,52,1,2,18.05,30.85,36.1,5.25,0,On Time,In-Store,Current
4272,2025-06-30,488,96,6,1,44.65,6.7,44.65,37.95,0,On Time,Online,Current
4273,2024-04-10,193,72,5,3,141.82,23.0,425.46,402.46,6,Late,Online,Current
4274,2024-08-24,202,27,2,3,148.3,1.88,444.9,443.02,0,On Time,Wholesale,Future
4275,2025-03-16,199,2,6,4,200.36,0.85,801.44,800.59,0,On Time,Online,Current
4276,2025-05-06,769,37,6,1,141.5,29.27,141.5,112.23,0,On Time,Online,Future
4277,2025-08-27,189,8,6,4,62.57,3.23,250.28,247.05,0,On Time,Online,Future
4278,2025-08-02,411,9,6,3,102.79,0.84,308.37,307.53,0,On Time,Online,Future
4279,2025-01-07,652,36,6,1,162.38,0.75,162.38,161.63,0,On Time,Online,Future
4280,2024-11-13,611,101,2,4,123.75,7.18,495.0,487.82,0,On Time,Online,Future
4281,2024-02-10,926,113,2,4,120.7,26.81,482.8,455.99,5,Late,Click & Collect,Current
4282,2025-10-28,435,90,2,4,82.64,20.34,330.56,310.22,6,Late,Online,Current
4283,2024-12-03,168,106,6,2,28.51,19.51,57.02,37.51,0,On Time,Online,Current
4284,2025-04-05,954,50,3,3,97.72,4.04,293.16,289.12,0,On Time,Online,Future
4285,2025-06-21,240,93,2,2,119.71,22.82,239.42,216.6,0,On Time,Online,Current
4286,2025-09-30,212,65,4,2,71.32,33.52,142.64,109.12,0,On Time,Online,Current
4287,2025-08-11,137,18,1,3,53.11,8.6,159.33,150.73,0,On Time,Online,Future
4288,2024-05-10,20,103,6,3,113.76,10.85,341.28,330.43,0,On Time,Click & Collect,Future
4289,2024-03-31,403,101,4,4,123.75,31.26,495.0,463.74,2,Late,In-Store,Future
4290,2024-05-19,98,107,6,4,49.65,9.38,198.6,189.22,0,On Time,Online,Current
4291,2025-11-08,855,90,1,4,82.64,34.75,330.56,295.81,2,Late,Online,Future
4292,2024-01-01,502,59,1,1,99.02,0.07,99.02,98.95,0,On Time,Wholesale,Future
4293,2024-11-14,710,53,2,2,103.59,11.5,207.18,195.68,0,On Time,Click & Collect,Future
4294,2024-05-21,400,23,4,2,87.41,5.53,174.82,169.29,0,On Time,Wholesale,Current
4295,2025-10-08,422,99,6,3,170.64,28.33,511.92,483.59,0,On Time,Online,Current
4296,2024-06-01,79,64,6,4,106.6,20.93,426.4,405.47,0,On Time,Click & Collect,Current
4297,2024-06-15,351,80,1,2,119.07,29.75,238.14,208.39,0,On Time,Online,Current
4298,2024-06-27,69,96,6,2,44.65,17.68,89.3,71.62,0,On Time,Online,Future
4299,2024-07-25,737,66,2,2,105.25,4.35,210.5,206.15,0,On Time,Wholesale,Current
4300,2024-04-02,584,109,6,1,65.96,4.34,65.96,61.62,0,On Time,Online,Future
4301,2024-12-03,221,75,3,2,112.15,16.51,224.3,207.79,0,On Time,Wholesale,Future
4302,2025-03-05,260,84,3,2,108.1,5.54,216.2,210.66,0,On Time,Click & Collect,Current
4303,2024-05-07,380,9,1,4,102.79,18.5,411.16,392.66,0,On Time,Online,Future
4304,2024-10-09,356,97,5,1,54.01,21.81,54.01,32.2,3,Late,In-Store,Current
4305,2024-12-23,642,103,3,3,113.76,3.05,341.28,338.23,0,On Time,In-Store,Current
4306,2024-06-01,230,32,5,3,183.92,1.96,551.76,549.8,0,On Time,Online,Current
4307,2024-03-24,588,36,3,2,162.38,11.64,324.76,313.12,0,On Time,Online,Future
4308,2025-03-15,230,90,3,4,82.64,4.05,330.56,326.51,0,On Time,Online,Current
4309,2024-07-05,892,113,2,2,120.7,23.0,241.4,218.4,0,On Time,Online,Current
4310,2025-12-24,674,105,2,2,45.95,27.61,91.9,64.29,0,On Time,Click & Collect,Current
4311,2024-11-08,251,18,3,4,53.11,11.08,212.44,201.36,2,Late,In-Store,Current
4312,2025-11-25,680,100,2,3,91.89,34.79,275.67,240.88,0,On Time,Online,Future
4313,2024-05-21,894,95,3,4,168.8,7.76,675.2,667.44,0,On Time,Online,Current
4314,2024-06-11,952,47,2,4,146.36,4.18,585.44,581.26,0,On Time,In-Store,Current
4315,2025-12-22,966,113,1,2,120.7,0.11,241.4,241.29,5,Late,Click & Collect,Current
4316,2025-01-24,287,96,2,4,44.65,13.12,178.6,165.48,0,On Time,Online,Future
4317,2025-05-10,176,103,4,3,113.76,22.23,341.28,319.05,0,On Time,Online,Future
4318,2024-12-27,946,95,4,1,168.8,13.61,168.8,155.19,0,On Time,Click & Collect,Future
4319,2024-02-07,702,51,2,2,110.62,18.26,221.24,202.98,0,On Time,Wholesale,Future
4320,2024-09-22,986,68,1,3,76.01,31.2,228.03,196.83,0,On Time,Online,Future
4321,2024-12-14,10,20,5,4,93.73,26.99,374.92,347.93,0,On Time,Click & Collect,Current
4322,2024-03-21,298,58,6,3,118.61,25.15,355.83,330.68,6,Late,Online,Current
4323,2025-09-04,308,118,2,4,167.17,26.24,668.68,642.44,0,On Time,In-Store,Future
4324,2025-04-22,45,96,1,3,44.65,25.96,133.95,107.99,0,On Time,Click & Collect,Current
4325,2025-10-07,863,19,1,3,118.63,12.61,355.89,343.28,1,Late,Wholesale,Future
4326,2025-02-16,541,16,1,2,103.76,22.35,207.52,185.17,0,On Time,In-Store,Current
4327,2024-02-23,548,82,1,1,135.39,1.99,135.39,133.4,0,On Time,Online,Future
4328,2025-12-27,271,55,6,4,80.85,17.86,323.4,305.54,3,Late,Online,Current
4329,2025-11-26,920,81,1,1,110.75,31.49,110.75,79.26,0,On Time,Online,Future
4330,2024-08-03,579,92,4,1,46.38,15.09,46.38,31.29,4,Late,Click & Collect,Current
4331,2025-12-15,792,115,3,3,131.17,34.83,393.51,358.68,0,On Time,Online,Current
4332,2024-07-13,499,90,1,2,82.64,15.08,165.28,150.2,0,On Time,In-Store,Current
4333,2025-09-27,639,101,6,1,123.75,18.46,123.75,105.29,0,On Time,Online,Future
4334,2025-08-10,423,22,2,2,118.48,28.06,236.96,208.9,0,On Time,Online,Future
4335,2025-02-11,173,24,6,4,152.6,24.73,610.4,585.67,0,On Time,Online,Future
4336,2024-10-17,932,41,2,4,110.65,1.01,442.6,441.59,0,On Time,In-Store,Future
4337,2024-04-04,382,75,4,1,112.15,14.27,112.15,97.88,0,On Time,Online,Current
4338,2025-01-19,798,54,2,3,110.37,9.97,331.11,321.14,0,On Time,Click & Collect,Future
4339,2024-08-25,920,52,3,1,18.05,27.34,18.05,-9.29,0,On Time,In-Store,Current
4340,2025-08-02,74,7,6,4,172.34,25.67,689.36,663.69,0,On Time,Wholesale,Future
4341,2025-02-05,470,79,1,3,174.91,16.12,524.73,508.61,0,On Time,Click & Collect,Future
4342,2024-06-02,379,72,3,3,141.82,26.89,425.46,398.57,0,On Time,Online,Future
4343,2024-06-06,152,18,4,1,53.11,5.9,53.11,47.21,0,On Time,Online,Current
4344,2025-02-19,291,107,6,4,49.65,11.67,198.6,186.93,0,On Time,Online,Current
4345,2025-09-26,347,28,4,1,154.21,21.33,154.21,132.88,0,On Time,Online,Future
4346,2024-12-24,954,54,3,2,110.37,29.82,220.74,190.92,0,On Time,Online,Current
4347,2025-02-13,670,72,1,3,141.82,15.15,425.46,410.31,0,On Time,Online,Current
4348,2024-05-24,835,107,5,2,49.65,18.48,99.3,80.82,0,On Time,Wholesale,Current
4349,2024-01-29,741,48,6,4,94.16,7.36,376.64,369.28,5,Late,Online,Current
4350,2024-10-07,906,94,6,2,56.02,6.9,112.04,105.14,0,On Time,Online,Future
4351,2025-02-14,280,29,6,2,130.05,30.37,260.1,229.73,0,On Time,Online,Future
4352,2024-09-19,151,9,2,1,102.79,33.04,102.79,69.75,4,Late,Wholesale,Current
4353,2024-01-14,217,55,6,3,80.85,23.58,242.55,218.97,0,On Time,Online,Future
4354,2025-05-28,243,27,4,2,148.3,9.76,296.6,286.84,0,On Time,Online,Future
4355,2024-11-16,152,27,6,3,148.3,16.99,444.9,427.91,0,On Time,Online,Future
4356,2024-05-22,385,49,2,3,134.92,4.78,404.76,399.98,0,On Time,Online,Current
4357,2025-01-09,522,118,1,3,167.17,12.33,501.51,489.18,0,On Time,Click & Collect,Future
4358,2025-11-14,769,64,4,4,106.6,26.19,426.4,400.21,0,On Time,Wholesale,Current
4359,2025-02-10,98,58,2,1,118.61,4.97,118.61,113.64,0,On Time,Wholesale,Future
4360,2024-11-06,258,119,5,2,21.52,16.72,43.04,26.32,0,On Time,Online,Current
4361,2024-09-01,481,63,6,2,50.08,25.14,100.16,75.02,0,On Time,Online,Future
4362,2025-07-28,461,18,4,4,53.11,9.66,212.44,202.78,0,On Time,Online,Future
4363,2025-12-25,301,71,3,4,135.62,25.15,542.48,517.33,0,On Time,Online,Current
4364,2025-09-09,326,26,6,4,117.76,15.69,471.04,455.35,0,On Time,Online,Current
4365,2025-04-02,601,118,6,2,167.17,30.54,334.34,303.8,0,On Time,Online,Current
4366,2024-01-11,114,50,6,3,97.72,10.74,293.16,282.42,0,On Time,Online,Current
4367,2025-05-13,778,81,6,1,110.75,18.1,110.75,92.65,0,On Time,Online,Current
4368,2025-01-26,711,103,6,4,113.76,17.46,455.04,437.58,0,On Time,Online,Future
4369,2024-01-25,755,73,1,3,20.46,11.33,61.38,50.05,0,On Time,In-Store,Future
4370,2024-05-21,397,71,6,3,135.62,3.15,406.86,403.71,0,On Time,Online,Future
4371,2025-11-11,96,13,3,1,109.25,5.07,109.25,104.18,0,On Time,In-Store,Future
4372,2024-12-11,905,24,2,1,152.6,10.4,152.6,142.2,0,On Time,Click & Collect,Future
4373,2024-11-13,723,56,6,1,166.72,28.52,166.72,138.2,0,On Time,Online,Future
4374,2024-01-11,593,102,1,4,68.71,32.44,274.84,242.4,6,Late,Wholesale,Current
4375,2025-09-22,688,38,1,3,97.97,34.77,293.91,259.14,6,Late,Wholesale,Current
4376,2024-07-21,501,104,6,1,154.04,22.22,154.04,131.82,2,Late,Online,Current
4377,2025-01-13,731,98,6,4,192.94,12.78,771.76,758.98,0,On Time,Online,Current
4378,2024-06-06,385,114,6,4,83.67,5.75,334.68,328.93,0,On Time,Online,Current
4379,2024-08-21,902,54,6,1,110.37,8.86,110.37,101.51,0,On Time,Online,Future
4380,2025-02-02,454,90,6,3,82.64,2.34,247.92,245.58,7,Late,Online,Current
4381,2025-01-16,482,62,1,3,180.58,21.86,541.74,519.88,0,On Time,Wholesale,Future
4382,2025-03-29,193,81,1,4,110.75,34.94,443.0,408.06,0,On Time,In-Store,Current
4383,2024-08-02,169,119,2,4,21.52,20.77,86.08,65.31,0,On Time,Online,Current
4384,2024-12-16,534,2,6,1,200.36,21.86,200.36,178.5,3,Late,Online,Current
4385,2024-10-12,26,56,2,4,166.72,8.45,666.88,658.43,0,On Time,Online,Future
4386,2025-10-08,492,113,6,4,120.7,18.27,482.8,464.53,0,On Time,Online,Current
4387,2024-10-04,839,92,1,2,46.38,26.97,92.76,65.79,4,Late,Online,Current
4388,2024-08-29,997,22,6,4,118.48,11.06,473.92,462.86,0,On Time,Online,Future
4389,2024-03-17,914,63,6,2,50.08,0.57,100.16,99.59,0,On Time,Online,Future
4390,2025-12-27,537,104,5,1,154.04,26.58,154.04,127.46,0,On Time,Click & Collect,Current
4391,2025-08-26,16,64,6,4,106.6,4.72,426.4,421.68,0,On Time,Online,Future
4392,2024-05-05,89,9,6,3,102.79,22.23,308.37,286.14,2,Late,Online,Current
4393,2025-08-26,422,11,6,1,40.32,11.02,40.32,29.3,0,On Time,Online,Current
4394,2024-12-01,700,10,6,3,78.41,5.4,235.23,229.83,1,Late,Online,Future
4395,2024-05-04,538,70,6,4,117.81,29.6,471.24,441.64,0,On Time,Online,Current
4396,2025-05-23,815,15,6,4,76.6,25.86,306.4,280.54,0,On Time,Online,Current
4397,2024-07-04,246,76,4,2,128.17,34.89,256.34,221.45,0,On Time,Online,Current
4398,2025-12-16,502,21,1,1,44.65,11.29,44.65,33.36,0,On Time,Click & Collect,Current
4399,2024-10-31,966,52,2,1,18.05,32.03,18.05,-13.98,0,On Time,Wholesale,Future
4400,2024-12-19,681,114,2,3,83.67,33.38,251.01,217.63,0,On Time,Online,Future
4401,2024-07-13,512,107,6,3,49.65,13.85,148.95,135.1,0,On Time,Online,Current
4402,2025-03-26,198,4,1,4,143.64,24.6,574.56,549.96,0,On Time,Online,Future
4403,2024-09-03,422,92,4,2,46.38,21.82,92.76,70.94,7,Late,Online,Current
4404,2024-11-28,270,68,4,3,76.01,24.29,228.03,203.74,3,Late,In-Store,Current
4405,2024-12-21,25,67,4,4,214.61,31.45,858.44,826.99,0,On Time,Wholesale,Current
4406,2025-10-08,209,68,5,2,76.01,5.35,152.02,146.67,0,On Time,Online,Future
4407,2025-11-19,612,3,6,2,182.39,18.41,364.78,346.37,0,On Time,Online,Future
4408,2024-09-13,388,118,6,1,167.17,19.14,167.17,148.03,0,On Time,Online,Future
4409,2025-01-18,628,116,6,2,159.24,17.15,318.48,301.33,0,On Time,Online,Current
4410,2024-10-07,859,82,4,4,135.39,29.14,541.56,512.42,0,On Time,Online,Future
4411,2024-08-01,479,8,6,3,62.57,9.25,187.71,178.46,0,On Time,Online,Current
4412,2024-05-27,413,63,2,3,50.08,23.17,150.24,127.07,0,On Time,In-Store,Current
4413,2024-10-04,15,18,6,3,53.11,31.08,159.33,128.25,0,On Time,Online,Current
4414,2024-06-15,17,33,6,4,219.29,14.72,877.16,862.44,0,On Time,Online,Current
4415,2025-10-19,347,6,1,4,127.67,24.48,510.68,486.2,0,On Time,Online,Future
4416,2025-08-21,210,118,1,1,167.17,20.59,167.17,146.58,0,On Time,Online,Current
4417,2025-09-13,745,13,4,4,109.25,4.6,437.0,432.4,0,On Time,Wholesale,Future
4418,2025-12-06,575,57,5,2,144.33,26.26,288.66,262.4,0,On Time,Online,Current
4419,2024-06-06,698,1,3,3,125.71,28.45,377.13,348.68,0,On Time,Online,Current
4420,2025-02-06,764,61,1,1,82.33,34.22,82.33,48.11,0,On Time,Wholesale,Future
4421,2024-12-14,554,115,5,1,131.17,33.83,131.17,97.34,1,Late,Wholesale,Current
4422,2024-11-17,882,98,6,2,192.94,8.68,385.88,377.2,0,On Time,Online,Current
4423,2025-10-18,93,25,6,3,27.12,29.18,81.36,52.18,3,Late,Online,Current
4424,2024-12-18,800,58,2,4,118.61,31.16,474.44,443.28,0,On Time,Online,Future
4425,2025-05-18,575,115,1,3,131.17,3.85,393.51,389.66,0,On Time,In-Store,Current
4426,2025-05-04,661,27,1,4,148.3,9.1,593.2,584.1,0,On Time,In-Store,Future
4427,2024-09-20,855,26,4,2,117.76,15.73,235.52,219.79,0,On Time,Online,Future
4428,2024-03-07,736,4,5,2,143.64,20.97,287.28,266.31,0,On Time,Online,Future
4429,2025-10-20,747,7,1,1,172.34,28.85,172.34,143.49,5,Late,Online,Current
4430,2024-01-26,396,60,2,2,148.3,7.82,296.6,288.78,0,On Time,Online,Current
4431,2024-04-25,150,36,2,4,162.38,30.54,649.52,618.98,0,On Time,In-Store,Current
4432,2024-03-29,294,18,5,3,53.11,22.18,159.33,137.15,0,On Time,Online,Future
4433,2025-01-01,533,104,3,1,154.04,30.39,154.04,123.65,0,On Time,Online,Future
4434,2024-12-06,648,17,1,2,141.85,28.27,283.7,255.43,1,Late,Click & Collect,Future
4435,2025-08-31,996,30,2,1,33.3,23.22,33.3,10.08,0,On Time,Click & Collect,Current
4436,2024-12-31,817,74,6,2,120.32,14.22,240.64,226.42,0,On Time,Online,Current
4437,2024-08-20,519,54,6,4,110.37,26.55,441.48,414.93,0,On Time,Online,Future
4438,2024-01-14,999,65,3,2,71.32,2.76,142.64,139.88,1,Late,Online,Current
4439,2025-05-22,583,66,5,1,105.25,20.21,105.25,85.04,3,Late,Online,Current
4440,2024-12-14,257,56,6,4,166.72,6.09,666.88,660.79,0,On Time,Online,Future
4441,2025-12-26,710,74,6,4,120.32,10.81,481.28,470.47,0,On Time,Online,Current
4442,2024-02-06,343,106,6,3,28.51,24.77,85.53,60.76,0,On Time,Online,Future
4443,2024-05-06,860,118,6,2,167.17,18.87,334.34,315.47,0,On Time,Online,Current
4444,2024-11-13,72,11,2,4,40.32,31.23,161.28,130.05,0,On Time,In-Store,Current
4445,2024-06-21,518,21,3,3,44.65,7.69,133.95,126.26,0,On Time,In-Store,Current
4446,2025-04-08,72,62,2,4,180.58,19.32,722.32,703.0,0,On Time,Wholesale,Future
4447,2024-03-07,689,106,3,4,28.51,24.89,114.04,89.15,0,On Time,In-Store,Current
4448,2024-09-27,278,32,6,2,183.92,28.43,367.84,339.41,0,On Time,Online,Current
4449,2024-02-07,537,3,5,2,182.39,8.34,364.78,356.44,0,On Time,Wholesale,Future
4450,2024-03-28,520,120,2,1,47.37,28.4,47.37,18.97,0,On Time,In-Store,Current
4451,2025-12-30,4,58,4,4,118.61,27.22,474.44,447.22,0,On Time,Wholesale,Current
4452,2024-03-03,731,76,3,4,128.17,11.13,512.68,501.55,0,On Time,Online,Current
4453,2024-02-10,357,111,3,4,139.05,24.9,556.2,531.3,0,On Time,Click & Collect,Current
4454,2024-08-16,618,32,6,2,183.92,18.91,367.84,348.93,6,Late,Online,Current
4455,2024-02-24,997,5,6,4,140.44,4.43,561.76,557.33,0,On Time,Online,Future
4456,2025-10-31,266,109,5,3,65.96,13.95,197.88,183.93,0,On Time,Online,Current
4457,2024-10-28,756,8,6,3,62.57,21.89,187.71,165.82,0,On Time,Online,Current
4458,2024-07-25,246,64,3,3,106.6,2.35,319.8,317.45,0,On Time,Online,Current
4459,2024-05-01,292,43,2,2,129.42,33.05,258.84,225.79,4,Late,Click & Collect,Current
4460,2024-02-05,652,104,6,3,154.04,7.65,462.12,454.47,0,On Time,Online,Future
4461,2025-06-05,286,70,6,3,117.81,11.75,353.43,341.68,0,On Time,Online,Future
4462,2025-09-09,18,78,6,3,57.86,25.57,173.58,148.01,0,On Time,Online,Future
4463,2024-12-28,329,41,4,1,110.65,2.77,110.65,107.88,0,On Time,Online,Current
4464,2025-06-03,318,119,6,1,21.52,10.29,21.52,11.23,0,On Time,Online,Current
4465,2025-11-18,365,27,1,4,148.3,30.78,593.2,562.42,0,On Time,Click & Collect,Current
4466,2025-07-01,633,97,5,3,54.01,7.51,162.03,154.52,0,On Time,In-Store,Future
4467,2025-01-10,727,56,1,2,166.72,23.1,333.44,310.34,5,Late,In-Store,Current
4468,2025-10-07,688,69,3,3,82.06,1.17,246.18,245.01,1,Late,Online,Future
4469,2024-09-06,229,15,3,4,76.6,21.64,306.4,284.76,2,Late,Online,Future
4470,2024-03-05,211,97,4,2,54.01,10.62,108.02,97.4,0,On Time,Wholesale,Current
4471,2024-10-22,481,89,1,4,144.37,5.21,577.48,572.27,0,On Time,Online,Current
4472,2025-12-06,980,73,2,1,20.46,2.55,20.46,17.91,0,On Time,Online,Future
4473,2024-01-04,840,44,6,2,107.15,8.82,214.3,205.48,0,On Time,Online,Future
4474,2024-05-14,92,81,3,1,110.75,4.68,110.75,106.07,0,On Time,Online,Future
4475,2025-03-13,708,8,6,3,62.57,17.49,187.71,170.22,0,On Time,Online,Future
4476,2025-01-18,866,23,2,4,87.41,10.58,349.64,339.06,0,On Time,Online,Future
4477,2025-03-11,933,34,5,1,116.01,9.68,116.01,106.33,0,On Time,Wholesale,Future
4478,2025-03-31,480,81,6,2,110.75,2.66,221.5,218.84,0,On Time,Online,Future
4479,2025-09-01,973,44,1,3,107.15,8.77,321.45,312.68,3,Late,Wholesale,Current
4480,2025-02-26,612,24,5,1,152.6,34.96,152.6,117.64,0,On Time,Online,Current
4481,2024-02-24,878,73,6,3,20.46,29.83,61.38,31.55,0,On Time,Online,Future
4482,2025-11-23,892,5,3,1,140.44,24.51,140.44,115.93,0,On Time,Online,Future
4483,2025-04-02,321,102,1,2,68.71,18.54,137.42,118.88,0,On Time,Online,Future
4484,2025-08-13,349,8,4,4,62.57,16.47,250.28,233.81,0,On Time,Online,Current
4485,2025-12-11,541,119,3,1,21.52,19.28,21.52,2.24,0,On Time,Online,Future
4486,2025-01-31,469,44,2,3,107.15,11.44,321.45,310.01,4,Late,Click & Collect,Current
4487,2025-04-04,601,58,5,4,118.61,19.18,474.44,455.26,0,On Time,Wholesale,Current
4488,2024-11-02,614,5,6,1,140.44,31.64,140.44,108.8,0,On Time,Online,Current
4489,2024-06-06,950,58,1,3,118.61,26.94,355.83,328.89,0,On Time,Online,Future
4490,2025-09-06,106,26,6,1,117.76,19.73,117.76,98.03,1,Late,Online,Future
4491,2025-07-10,76,11,2,2,40.32,5.77,80.64,74.87,0,On Time,Click & Collect,Current
4492,2025-04-19,133,50,6,2,97.72,3.58,195.44,191.86,0,On Time,Online,Future
4493,2025-06-21,35,29,4,4,130.05,17.24,520.2,502.96,0,On Time,Online,Current
4494,2025-04-17,676,4,6,1,143.64,14.86,143.64,128.78,0,On Time,Online,Current
4495,2024-04-06,943,34,6,1,116.01,22.12,116.01,93.89,0,On Time,Online,Future
4496,2025-07-24,33,95,6,4,168.8,20.29,675.2,654.91,0,On Time,Online,Current
4497,2025-07-04,947,41,3,3,110.65,16.6,331.95,315.35,2,Late,Wholesale,Current
4498,2024-07-02,811,51,1,4,110.62,21.75,442.48,420.73,0,On Time,In-Store,Current
4499,2025-12-08,2,18,1,1,53.11,5.07,53.11,48.04,0,On Time,In-Store,Current
4500,2024-06-14,172,90,4,2,82.64,14.08,165.28,151.2,0,On Time,Online,Future
4501,2025-12-17,434,6,6,1,127.67,28.11,127.67,99.56,0,On Time,Online,Current
4502,2025-04-10,885,70,6,3,117.81,9.32,353.43,344.11,0,On Time,Online,Future
4503,2025-02-08,463,119,5,3,21.52,11.26,64.56,53.3,0,On Time,Online,Current
4504,2025-02-28,948,22,6,2,118.48,10.59,236.96,226.37,0,On Time,Online,Future
4505,2024-01-12,394,22,6,4,118.48,19.2,473.92,454.72,0,On Time,Online,Future
4506,2025-06-30,989,40,2,1,35.44,15.18,35.44,20.26,0,On Time,Online,Current
4507,2024-11-22,655,76,2,2,128.17,33.42,256.34,222.92,1,Late,Wholesale,Future
4508,2024-04-12,766,46,4,4,117.41,5.17,469.64,464.47,0,On Time,Online,Future
4509,2024-10-29,656,38,6,2,97.97,23.99,195.94,171.95,0,On Time,Online,Current
4510,2025-01-07,572,41,4,4,110.65,33.66,442.6,408.94,0,On Time,Online,Future
4511,2025-03-01,752,91,3,1,85.5,8.63,85.5,76.87,0,On Time,In-Store,Current
4512,2025-12-26,568,99,4,2,170.64,14.68,341.28,326.6,4,Late,Online,Current
4513,2024-12-30,805,31,6,4,64.76,29.45,259.04,229.59,0,On Time,Online,Future
4514,2024-01-19,404,67,6,3,214.61,2.07,643.83,641.76,0,On Time,Online,Current
4515,2025-10-23,83,79,6,4,174.91,10.5,699.64,689.14,0,On Time,Online,Future
4516,2025-09-20,47,65,1,2,71.32,5.6,142.64,137.04,0,On Time,Wholesale,Future
4517,2025-03-27,956,68,2,1,76.01,11.68,76.01,64.33,0,On Time,Online,Future
4518,2024-07-12,550,84,4,4,108.1,12.37,432.4,420.03,0,On Time,Online,Future
4519,2024-02-23,215,86,1,3,102.94,4.43,308.82,304.39,0,On Time,Online,Future
4520,2024-12-22,433,39,1,3,128.17,20.82,384.51,363.69,0,On Time,Online,Future
4521,2025-02-13,505,24,6,3,152.6,19.29,457.8,438.51,0,On Time,Online,Current
4522,2025-07-13,991,96,6,3,44.65,1.99,133.95,131.96,5,Late,Online,Current
4523,2024-05-25,244,28,6,4,154.21,14.34,616.84,602.5,0,On Time,Online,Future
4524,2025-08-18,143,64,6,2,106.6,12.6,213.2,200.6,3,Late,Online,Current
4525,2024-02-11,652,68,6,2,76.01,34.82,152.02,117.2,1,Late,Online,Current
4526,2025-10-12,698,117,1,3,131.87,13.19,395.61,382.42,0,On Time,Online,Current
4527,2024-06-02,797,28,6,2,154.21,27.37,308.42,281.05,2,Late,Online,Future
4528,2025-06-08,781,81,1,1,110.75,23.45,110.75,87.3,0,On Time,Wholesale,Future
4529,2025-09-13,804,86,6,4,102.94,7.75,411.76,404.01,0,On Time,Online,Current
4530,2024-09-01,773,27,6,1,148.3,11.45,148.3,136.85,0,On Time,Online,Future
4531,2025-12-04,16,98,1,3,192.94,4.53,578.82,574.29,1,Late,In-Store,Current
4532,2024-10-07,62,113,6,1,120.7,15.75,120.7,104.95,0,On Time,In-Store,Current
4533,2025-02-08,290,80,4,2,119.07,18.15,238.14,219.99,0,On Time,Online,Current
4534,2024-06-16,511,31,5,2,64.76,4.27,129.52,125.25,0,On Time,Online,Future
4535,2024-12-11,230,85,5,4,142.01,1.66,568.04,566.38,0,On Time,In-Store,Current
4536,2024-05-11,878,100,1,4,91.89,27.57,367.56,339.99,0,On Time,Online,Current
4537,2024-06-10,531,86,6,2,102.94,26.88,205.88,179.0,0,On Time,Online,Future
4538,2025-04-16,909,49,2,2,134.92,14.85,269.84,254.99,0,On Time,Online,Current
4539,2024-03-26,749,82,5,4,135.39,9.64,541.56,531.92,0,On Time,Wholesale,Future
4540,2025-04-03,234,116,1,4,159.24,4.52,636.96,632.44,0,On Time,Online,Future
4541,2024-06-07,394,91,2,4,85.5,19.62,342.0,322.38,3,Late,Online,Current
4542,2025-10-10,226,106,4,3,28.51,7.79,85.53,77.74,0,On Time,Online,Future
4543,2025-06-18,605,20,2,4,93.73,5.26,374.92,369.66,1,Late,In-Store,Current
4544,2024-04-09,195,69,5,4,82.06,6.34,328.24,321.9,0,On Time,Online,Current
4545,2024-09-01,376,106,1,3,28.51,0.19,85.53,85.34,0,On Time,Wholesale,Current
4546,2024-08-02,374,117,6,1,131.87,0.49,131.87,131.38,0,On Time,Online,Current
4547,2024-11-15,738,10,6,1,78.41,8.01,78.41,70.4,0,On Time,Online,Current
4548,2024-07-30,480,106,3,4,28.51,2.76,114.04,111.28,0,On Time,In-Store,Future
4549,2024-12-02,850,55,6,1,80.85,34.51,80.85,46.34,0,On Time,Online,Current
4550,2024-04-27,195,22,3,2,118.48,24.8,236.96,212.16,0,On Time,Click & Collect,Future
4551,2025-01-29,676,107,4,2,49.65,11.33,99.3,87.97,0,On Time,Online,Current
4552,2025-01-23,991,102,1,2,68.71,8.58,137.42,128.84,0,On Time,Wholesale,Future
4553,2025-12-27,187,94,5,1,56.02,21.84,56.02,34.18,0,On Time,In-Store,Future
4554,2025-02-23,891,35,6,4,41.4,23.1,165.6,142.5,0,On Time,Online,Current
4555,2025-05-07,106,98,3,3,192.94,26.62,578.82,552.2,0,On Time,Click & Collect,Current
4556,2025-01-22,464,118,4,2,167.17,19.61,334.34,314.73,0,On Time,Wholesale,Current
4557,2024-12-23,154,17,1,1,141.85,6.73,141.85,135.12,0,On Time,Online,Current
4558,2024-01-18,154,56,3,3,166.72,23.09,500.16,477.07,7,Late,Online,Current
4559,2024-03-26,321,117,2,1,131.87,5.18,131.87,126.69,5,Late,Online,Current
4560,2025-05-03,824,56,6,3,166.72,18.98,500.16,481.18,0,On Time,Online,Current
4561,2024-08-20,924,72,6,2,141.82,18.14,283.64,265.5,3,Late,Online,Current
4562,2025-12-24,581,120,1,3,47.37,27.39,142.11,114.72,0,On Time,Online,Future
4563,2024-11-13,59,8,6,1,62.57,10.65,62.57,51.92,4,Late,Online,Current
4564,2024-10-07,414,83,2,1,73.64,18.47,73.64,55.17,1,Late,Online,Current
4565,2025-03-13,48,95,2,1,168.8,25.48,168.8,143.32,0,On Time,Click & Collect,Current
4566,2025-12-08,66,72,1,3,141.82,21.16,425.46,404.3,4,Late,Online,Current
4567,2025-10-29,45,102,2,1,68.71,6.74,68.71,61.97,0,On Time,Online,Future
4568,2025-12-12,395,29,3,3,130.05,33.31,390.15,356.84,0,On Time,Online,Current
4569,2024-12-29,844,28,6,4,154.21,16.84,616.84,600.0,2,Late,Online,Future
4570,2025-08-06,577,95,3,4,168.8,14.02,675.2,661.18,0,On Time,Online,Current
4571,2025-01-14,442,112,2,4,167.65,34.28,670.6,636.32,0,On Time,In-Store,Current
4572,2024-05-08,156,101,6,1,123.75,24.33,123.75,99.42,7,Late,Online,Current
4573,2025-11-01,940,54,2,4,110.37,11.29,441.48,430.19,5,Late,Click & Collect,Current
4574,2025-08-03,227,102,2,3,68.71,15.91,206.13,190.22,0,On Time,Online,Future
4575,2024-08-14,262,16,1,3,103.76,10.38,311.28,300.9,0,On Time,Wholesale,Future
4576,2025-05-04,719,6,4,1,127.67,19.29,127.67,108.38,0,On Time,Online,Current
4577,2025-10-15,489,28,6,1,154.21,1.19,154.21,153.02,0,On Time,Online,Future
4578,2025-12-25,464,84,4,2,108.1,29.48,216.2,186.72,1,Late,Wholesale,Current
4579,2025-01-27,648,82,5,3,135.39,13.7,406.17,392.47,0,On Time,Online,Future
4580,2025-06-11,590,36,2,2,162.38,19.93,324.76,304.83,6,Late,Online,Current
4581,2025-06-09,224,19,5,4,118.63,5.83,474.52,468.69,0,On Time,Online,Future
4582,2024-10-04,444,41,2,4,110.65,19.17,442.6,423.43,0,On Time,Click & Collect,Future
4583,2025-12-15,912,5,2,4,140.44,15.76,561.76,546.0,3,Late,Online,Current
4584,2025-04-20,359,105,1,1,45.95,6.41,45.95,39.54,0,On Time,Click & Collect,Current
4585,2024-08-31,496,81,1,3,110.75,20.89,332.25,311.36,0,On Time,Online,Future
4586,2025-11-20,274,107,1,3,49.65,8.66,148.95,140.29,0,On Time,Click & Collect,Current
4587,2024-10-13,861,84,2,4,108.1,34.72,432.4,397.68,0,On Time,In-Store,Current
4588,2024-12-31,331,109,4,4,65.96,30.43,263.84,233.41,0,On Time,Wholesale,Current
4589,2024-10-22,17,115,3,4,131.17,29.47,524.68,495.21,0,On Time,Online,Current
4590,2025-03-13,653,54,2,1,110.37,34.74,110.37,75.63,0,On Time,Wholesale,Current
4591,2025-01-15,965,57,2,3,144.33,5.89,432.99,427.1,1,Late,Click & Collect,Current
4592,2024-03-04,980,88,1,4,41.48,14.2,165.92,151.72,0,On Time,Online,Current
4593,2025-07-17,672,34,2,3,116.01,4.71,348.03,343.32,0,On Time,In-Store,Future
4594,2024-09-20,338,6,3,2,127.67,9.61,255.34,245.73,0,On Time,Click & Collect,Future
4595,2024-02-11,351,38,1,4,97.97,33.45,391.88,358.43,0,On Time,Online,Current
4596,2025-12-20,349,98,2,3,192.94,28.56,578.82,550.26,0,On Time,Click & Collect,Future
4597,2024-09-30,612,18,6,1,53.11,11.98,53.11,41.13,0,On Time,Online,Current
4598,2024-02-08,47,62,4,4,180.58,2.68,722.32,719.64,0,On Time,Online,Future
4599,2024-02-03,492,20,6,4,93.73,33.62,374.92,341.3,0,On Time,Online,Future
4600,2025-03-16,816,81,6,2,110.75,1.17,221.5,220.33,0,On Time,Online,Future
4601,2024-09-28,315,84,2,4,108.1,3.11,432.4,429.29,0,On Time,Online,Current
4602,2024-07-20,112,118,6,3,167.17,15.47,501.51,486.04,0,On Time,Online,Current
4603,2024-03-02,757,107,6,4,49.65,5.05,198.6,193.55,0,On Time,Online,Current
4604,2024-01-07,926,116,3,1,159.24,14.55,159.24,144.69,0,On Time,Wholesale,Future
4605,2024-12-04,81,30,6,4,33.3,2.24,133.2,130.96,0,On Time,Click & Collect,Current
4606,2024-04-05,100,92,2,2,46.38,28.54,92.76,64.22,0,On Time,Wholesale,Current
4607,2024-10-12,253,7,1,2,172.34,16.15,344.68,328.53,5,Late,Online,Current
4608,2024-08-23,139,39,3,2,128.17,21.21,256.34,235.13,0,On Time,Click & Collect,Current
4609,2024-08-04,616,20,2,2,93.73,1.64,187.46,185.82,0,On Time,Click & Collect,Current
4610,2024-01-12,363,28,1,3,154.21,20.49,462.63,442.14,0,On Time,In-Store,Future
4611,2025-12-29,507,70,1,3,117.81,25.98,353.43,327.45,1,Late,Wholesale,Current
4612,2025-12-05,144,89,3,3,144.37,26.83,433.11,406.28,6,Late,Wholesale,Current
4613,2024-04-11,932,46,2,2,117.41,16.41,234.82,218.41,0,On Time,Online,Current
4614,2025-05-08,74,118,6,4,167.17,7.86,668.68,660.82,0,On Time,Online,Future
4615,2024-11-06,205,49,2,1,134.92,22.3,134.92,112.62,6,Late,Online,Current
4616,2025-01-31,218,22,6,3,118.48,7.49,355.44,347.95,0,On Time,Online,Future
4617,2024-02-27,409,16,1,3,103.76,18.17,311.28,293.11,4,Late,Click & Collect,Current
4618,2024-08-20,837,101,3,1,123.75,6.29,123.75,117.46,0,On Time,Wholesale,Future
4619,2024-07-06,513,92,6,3,46.38,31.51,139.14,107.63,0,On Time,Online,Current
4620,2025-06-14,960,4,2,2,143.64,8.1,287.28,279.18,0,On Time,Online,Current
4621,2025-12-03,661,7,2,4,172.34,3.31,689.36,686.05,0,On Time,Wholesale,Current
4622,2024-12-24,211,104,6,3,154.04,28.05,462.12,434.07,0,On Time,Online,Future
4623,2025-03-28,301,8,2,2,62.57,20.48,125.14,104.66,0,On Time,Online,Current
4624,2025-05-24,225,73,6,2,20.46,20.07,40.92,20.85,0,On Time,Online,Future
4625,2024-04-08,955,63,3,4,50.08,34.48,200.32,165.84,0,On Time,Online,Current
4626,2024-05-02,692,106,6,1,28.51,21.67,28.51,6.84,0,On Time,Online,Current
4627,2024-04-08,91,48,1,1,94.16,25.24,94.16,68.92,0,On Time,Online,Future
4628,2025-12-22,784,64,1,3,106.6,1.54,319.8,318.26,1,Late,In-Store,Current
4629,2024-10-24,201,10,6,2,78.41,15.6,156.82,141.22,0,On Time,Online,Current
4630,2025-06-09,383,100,5,1,91.89,12.04,91.89,79.85,0,On Time,Online,Future
4631,2025-06-27,896,69,5,3,82.06,8.32,246.18,237.86,0,On Time,Online,Current
4632,2025-08-30,360,83,5,2,73.64,17.81,147.28,129.47,0,On Time,Click & Collect,Current
4633,2025-01-20,925,17,1,2,141.85,3.7,283.7,280.0,0,On Time,Wholesale,Future
4634,2025-08-05,721,58,3,1,118.61,0.5,118.61,118.11,0,On Time,Click & Collect,Future
4635,2025-09-05,218,79,6,4,174.91,2.37,699.64,697.27,0,On Time,Online,Future
4636,2025-02-04,21,1,6,2,125.71,26.74,251.42,224.68,6,Late,Online,Current
4637,2024-02-26,792,24,3,1,152.6,28.32,152.6,124.28,0,On Time,In-Store,Current
4638,2025-08-27,415,40,6,3,35.44,28.9,106.32,77.42,0,On Time,Online,Future
4639,2024-06-01,444,76,1,1,128.17,17.03,128.17,111.14,0,On Time,Online,Future
4640,2025-02-07,611,102,2,1,68.71,2.55,68.71,66.16,0,On Time,Wholesale,Future
4641,2025-11-04,855,15,1,3,76.6,1.76,229.8,228.04,0,On Time,Click & Collect,Future
4642,2025-04-03,78,42,3,2,65.4,33.8,130.8,97.0,0,On Time,Online,Current
4643,2025-06-14,582,99,2,1,170.64,11.06,170.64,159.58,0,On Time,Click & Collect,Current
4644,2024-07-21,419,43,1,3,129.42,3.56,388.26,384.7,0,On Time,Wholesale,Future
4645,2024-04-08,493,41,6,4,110.65,8.09,442.6,434.51,0,On Time,Online,Future
4646,2024-07-03,798,111,3,2,139.05,24.12,278.1,253.98,2,Late,Click & Collect,Current
4647,2024-06-05,569,42,6,1,65.4,20.29,65.4,45.11,0,On Time,Click & Collect,Current
4648,2025-08-27,984,44,6,1,107.15,19.98,107.15,87.17,0,On Time,In-Store,Current
4649,2024-08-20,330,101,4,4,123.75,9.81,495.0,485.19,2,Late,Online,Current
4650,2025-08-26,68,99,2,4,170.64,13.16,682.56,669.4,0,On Time,Online,Future
4651,2025-07-03,728,119,6,1,21.52,34.92,21.52,-13.4,0,On Time,Online,Current
4652,2025-09-05,582,78,6,3,57.86,34.88,173.58,138.7,0,On Time,Online,Future
4653,2024-03-01,106,38,6,3,97.97,3.66,293.91,290.25,0,On Time,Online,Current
4654,2025-06-29,793,86,2,4,102.94,1.82,411.76,409.94,0,On Time,Online,Future
4655,2024-10-19,483,100,2,1,91.89,19.14,91.89,72.75,0,On Time,Click & Collect,Current
4656,2025-11-28,365,89,6,2,144.37,12.15,288.74,276.59,0,On Time,Online,Current
4657,2025-01-12,410,110,5,2,159.94,23.32,319.88,296.56,0,On Time,Online,Future
4658,2024-06-02,470,35,1,2,41.4,26.47,82.8,56.33,0,On Time,Wholesale,Future
4659,2024-05-23,340,50,2,4,97.72,23.12,390.88,367.76,0,On Time,Online,Future
4660,2024-10-23,92,23,1,1,87.41,8.53,87.41,78.88,0,On Time,Online,Current
4661,2025-03-25,646,37,6,2,141.5,11.64,283.0,271.36,0,On Time,Online,Future
4662,2025-09-07,539,40,2,2,35.44,28.03,70.88,42.85,5,Late,Wholesale,Current
4663,2024-01-16,902,32,4,3,183.92,4.39,551.76,547.37,0,On Time,Online,Future
4664,2025-01-20,110,24,6,2,152.6,8.76,305.2,296.44,0,On Time,Online,Current
4665,2025-10-04,419,1,1,2,125.71,32.17,251.42,219.25,0,On Time,Click & Collect,Future
4666,2024-11-02,593,57,4,1,144.33,11.55,144.33,132.78,0,On Time,Wholesale,Current
4667,2025-02-02,319,111,1,3,139.05,6.57,417.15,410.58,0,On Time,Online,Future
4668,2024-07-16,823,119,6,4,21.52,24.67,86.08,61.41,0,On Time,Online,Current
4669,2025-10-12,387,6,1,4,127.67,12.45,510.68,498.23,0,On Time,Click & Collect,Current
4670,2024-01-09,534,63,6,3,50.08,4.54,150.24,145.7,0,On Time,In-Store,Future
4671,2024-10-14,284,42,1,1,65.4,23.24,65.4,42.16,1,Late,Wholesale,Future
4672,2025-11-18,493,36,6,2,162.38,19.55,324.76,305.21,5,Late,Online,Current
4673,2024-09-01,593,20,1,4,93.73,22.12,374.92,352.8,0,On Time,Online,Current
4674,2024-10-24,747,28,6,3,154.21,12.44,462.63,450.19,2,Late,Online,Current
4675,2024-02-23,318,112,2,1,167.65,24.8,167.65,142.85,0,On Time,In-Store,Future
4676,2024-05-27,777,81,2,3,110.75,21.66,332.25,310.59,0,On Time,In-Store,Future
4677,2024-12-04,264,26,6,2,117.76,0.08,235.52,235.44,0,On Time,Online,Future
4678,2024-09-07,384,4,5,2,143.64,26.57,287.28,260.71,0,On Time,Online,Future
4679,2025-08-13,102,68,2,3,76.01,29.87,228.03,198.16,6,Late,Wholesale,Current
4680,2025-10-31,600,96,3,4,44.65,9.69,178.6,168.91,0,On Time,In-Store,Future
4681,2024-10-12,758,88,1,3,41.48,27.99,124.44,96.45,0,On Time,Click & Collect,Current
4682,2025-08-19,6,74,1,1,120.32,34.28,120.32,86.04,0,On Time,Click & Collect,Current
4683,2024-08-09,686,64,2,1,106.6,18.76,106.6,87.84,0,On Time,Online,Current
4684,2024-12-30,434,44,6,4,107.15,33.16,428.6,395.44,0,On Time,Online,Current
4685,2025-12-24,158,117,1,2,131.87,28.67,263.74,235.07,0,On Time,Wholesale,Current
4686,2024-06-20,458,47,2,3,146.36,11.98,439.08,427.1,0,On Time,Click & Collect,Current
4687,2025-09-20,898,36,5,2,162.38,20.01,324.76,304.75,0,On Time,Click & Collect,Future
4688,2024-10-20,405,96,6,1,44.65,14.37,44.65,30.28,0,On Time,Online,Current
4689,2025-07-14,377,76,3,1,128.17,5.17,128.17,123.0,0,On Time,Online,Future
4690,2024-05-13,279,48,3,3,94.16,7.94,282.48,274.54,0,On Time,In-Store,Current
4691,2024-11-07,155,76,2,3,128.17,7.26,384.51,377.25,0,On Time,Online,Current
4692,2025-01-25,103,24,4,4,152.6,4.64,610.4,605.76,0,On Time,In-Store,Future
4693,2025-10-06,98,7,3,3,172.34,4.18,517.02,512.84,0,On Time,In-Store,Future
4694,2024-02-28,460,84,4,4,108.1,30.96,432.4,401.44,6,Late,Online,Current
4695,2025-06-26,602,77,5,4,132.93,19.2,531.72,512.52,0,On Time,Online,Future
4696,2025-10-08,253,34,6,1,116.01,18.41,116.01,97.6,0,On Time,Online,Current
4697,2025-05-25,687,69,3,1,82.06,18.58,82.06,63.48,0,On Time,Online,Future
4698,2024-01-24,337,82,6,1,135.39,5.35,135.39,130.04,0,On Time,Online,Current
4699,2025-08-08,267,35,3,3,41.4,1.08,124.2,123.12,0,On Time,Click & Collect,Current
4700,2025-11-01,881,13,6,4,109.25,16.8,437.0,420.2,0,On Time,Online,Future
4701,2024-11-02,883,3,4,4,182.39,10.57,729.56,718.99,0,On Time,Click & Collect,Current
4702,2024-12-26,22,94,3,2,56.02,11.26,112.04,100.78,0,On Time,Click & Collect,Current
4703,2025-09-17,617,39,5,2,128.17,10.47,256.34,245.87,6,Late,Click & Collect,Current
4704,2024-04-29,55,52,4,2,18.05,10.22,36.1,25.88,1,Late,Online,Future
4705,2024-09-22,647,70,6,4,117.81,3.96,471.24,467.28,0,On Time,Online,Current
4706,2024-12-10,702,36,1,4,162.38,13.45,649.52,636.07,0,On Time,Online,Future
4707,2025-11-06,913,62,6,4,180.58,0.83,722.32,721.49,1,Late,Online,Current
4708,2025-04-16,63,67,5,1,214.61,7.93,214.61,206.68,0,On Time,Wholesale,Future
4709,2024-12-21,815,9,6,1,102.79,21.57,102.79,81.22,0,On Time,Online,Future
4710,2024-02-29,845,87,6,4,80.57,19.93,322.28,302.35,0,On Time,Online,Future
4711,2025-10-01,403,37,6,4,141.5,30.7,566.0,535.3,0,On Time,Online,Future
4712,2024-04-24,627,90,3,1,82.64,34.53,82.64,48.11,0,On Time,Click & Collect,Current
4713,2024-05-18,56,82,1,3,135.39,26.8,406.17,379.37,0,On Time,Click & Collect,Current
4714,2024-12-05,956,21,3,3,44.65,29.03,133.95,104.92,0,On Time,Online,Current
4715,2025-12-21,26,117,6,2,131.87,11.3,263.74,252.44,4,Late,Online,Current
4716,2025-06-16,556,90,1,4,82.64,18.43,330.56,312.13,0,On Time,Wholesale,Future
4717,2024-09-08,742,52,6,3,18.05,21.3,54.15,32.85,0,On Time,Click & Collect,Current
4718,2024-12-02,860,92,6,3,46.38,30.54,139.14,108.6,2,Late,Online,Future
4719,2025-03-03,887,37,5,3,141.5,7.17,424.5,417.33,4,Late,Online,Current
4720,2024-01-18,854,49,3,3,134.92,3.86,404.76,400.9,0,On Time,In-Store,Current
4721,2024-02-20,462,69,6,2,82.06,17.7,164.12,146.42,3,Late,Online,Current
4722,2025-03-09,452,63,2,1,50.08,18.41,50.08,31.67,0,On Time,Click & Collect,Current
4723,2025-09-21,758,38,2,4,97.97,2.8,391.88,389.08,5,Late,Wholesale,Current
4724,2024-12-14,111,16,5,2,103.76,34.63,207.52,172.89,0,On Time,In-Store,Future
4725,2024-04-11,184,80,1,4,119.07,19.29,476.28,456.99,0,On Time,Wholesale,Current
4726,2024-01-05,536,99,5,4,170.64,27.54,682.56,655.02,0,On Time,In-Store,Future
4727,2025-10-21,136,8,6,3,62.57,20.4,187.71,167.31,0,On Time,Online,Current
4728,2024-04-07,299,77,6,3,132.93,7.76,398.79,391.03,0,On Time,Click & Collect,Future
4729,2025-05-09,596,26,1,1,117.76,8.03,117.76,109.73,2,Late,Click & Collect,Current
4730,2024-08-29,344,108,6,2,50.05,29.62,100.1,70.48,0,On Time,Online,Current
4731,2024-07-07,145,45,1,1,29.58,7.36,29.58,22.22,0,On Time,Online,Current
4732,2024-06-11,762,67,2,2,214.61,34.55,429.22,394.67,1,Late,In-Store,Current
4733,2024-06-20,292,109,6,4,65.96,16.49,263.84,247.35,0,On Time,Online,Current
4734,2025-04-04,72,50,1,3,97.72,10.45,293.16,282.71,0,On Time,Click & Collect,Future
4735,2024-07-25,785,120,6,3,47.37,17.32,142.11,124.79,0,On Time,Online,Future
4736,2025-10-11,189,17,4,3,141.85,14.46,425.55,411.09,0,On Time,Click & Collect,Future
4737,2025-08-06,151,76,3,1,128.17,22.69,128.17,105.48,0,On Time,In-Store,Current
4738,2024-05-25,518,2,6,1,200.36,33.89,200.36,166.47,0,On Time,Online,Current
4739,2024-09-23,667,112,2,4,167.65,9.17,670.6,661.43,0,On Time,In-Store,Current
4740,2024-08-03,935,102,6,4,68.71,0.39,274.84,274.45,0,On Time,Online,Future
4741,2024-03-30,736,81,1,3,110.75,8.94,332.25,323.31,4,Late,Online,Current
4742,2025-06-14,446,27,2,1,148.3,30.58,148.3,117.72,0,On Time,Online,Future
4743,2024-04-25,976,72,3,4,141.82,26.97,567.28,540.31,5,Late,Online,Current
4744,2024-11-14,179,62,6,4,180.58,31.76,722.32,690.56,7,Late,Online,Current
4745,2024-03-02,175,31,6,1,64.76,0.74,64.76,64.02,0,On Time,Online,Future
4746,2024-11-25,809,112,5,2,167.65,21.76,335.3,313.54,0,On Time,In-Store,Future
4747,2024-04-06,617,84,1,4,108.1,22.0,432.4,410.4,0,On Time,Online,Future
4748,2025-11-13,523,31,3,1,64.76,11.14,64.76,53.62,0,On Time,Online,Current
4749,2024-03-29,80,5,6,4,140.44,15.57,561.76,546.19,0,On Time,Online,Current
4750,2025-01-17,24,3,6,1,182.39,9.85,182.39,172.54,0,On Time,Online,Current
4751,2024-05-05,385,71,1,1,135.62,21.78,135.62,113.84,0,On Time,Wholesale,Current
4752,2024-07-14,13,104,3,3,154.04,1.41,462.12,460.71,0,On Time,In-Store,Future
4753,2025-12-21,367,37,4,1,141.5,10.42,141.5,131.08,0,On Time,Online,Future
4754,2024-04-09,330,94,1,2,56.02,14.99,112.04,97.05,0,On Time,Wholesale,Future
4755,2025-10-26,448,81,1,3,110.75,3.2,332.25,329.05,0,On Time,Online,Current
4756,2024-03-13,72,94,6,1,56.02,13.8,56.02,42.22,0,On Time,Online,Current
4757,2025-12-29,674,31,6,1,64.76,7.85,64.76,56.91,0,On Time,Online,Current
4758,2024-01-08,429,102,1,2,68.71,30.18,137.42,107.24,0,On Time,Click & Collect,Current
4759,2025-12-16,426,76,3,3,128.17,20.47,384.51,364.04,0,On Time,Online,Current
4760,2025-01-10,94,94,6,3,56.02,33.73,168.06,134.33,0,On Time,Online,Current
4761,2024-08-24,905,82,6,4,135.39,0.21,541.56,541.35,0,On Time,Online,Current
4762,2025-05-09,45,9,6,3,102.79,5.96,308.37,302.41,0,On Time,Online,Current
4763,2025-07-24,515,8,1,4,62.57,20.28,250.28,230.0,5,Late,Online,Current
4764,2025-10-07,748,41,6,3,110.65,1.67,331.95,330.28,0,On Time,Online,Future
4765,2024-08-05,431,80,6,2,119.07,3.17,238.14,234.97,4,Late,Online,Current
4766,2025-09-18,848,106,4,4,28.51,11.37,114.04,102.67,0,On Time,Online,Current
4767,2025-03-10,227,55,6,3,80.85,19.54,242.55,223.01,0,On Time,Online,Future
4768,2024-01-07,129,70,6,1,117.81,24.02,117.81,93.79,0,On Time,Online,Current
4769,2025-06-24,220,113,1,4,120.7,0.87,482.8,481.93,0,On Time,Online,Future
4770,2025-06-19,944,2,6,3,200.36,26.57,601.08,574.51,2,Late,Online,Current
4771,2024-05-30,923,67,1,4,214.61,23.23,858.44,835.21,0,On Time,Online,Current
4772,2025-10-21,964,20,4,3,93.73,5.12,281.19,276.07,7,Late,Wholesale,Current
4773,2024-06-14,978,52,1,3,18.05,32.38,54.15,21.77,0,On Time,Online,Current
4774,2025-01-29,779,28,5,3,154.21,16.24,462.63,446.39,0,On Time,Online,Future
4775,2024-11-17,637,12,6,4,177.18,22.33,708.72,686.39,0,On Time,Online,Current
4776,2025-10-11,38,105,6,2,45.95,31.22,91.9,60.68,0,On Time,Online,Current
4777,2025-02-24,722,55,1,4,80.85,27.04,323.4,296.36,0,On Time,Online,Future
4778,2025-01-11,403,6,6,1,127.67,20.62,127.67,107.05,0,On Time,Online,Future
4779,2025-02-09,163,76,2,2,128.17,0.72,256.34,255.62,0,On Time,In-Store,Current
4780,2025-10-12,456,30,4,2,33.3,28.12,66.6,38.48,0,On Time,Online,Current
4781,2025-03-03,140,35,6,3,41.4,7.78,124.2,116.42,2,Late,Online,Future
4782,2024-07-16,491,43,1,4,129.42,1.81,517.68,515.87,0,On Time,Click & Collect,Future
4783,2025-05-13,361,75,6,4,112.15,32.86,448.6,415.74,0,On Time,Online,Current
4784,2024-08-02,845,40,6,4,35.44,23.97,141.76,117.79,0,On Time,Online,Future
4785,2024-02-10,264,104,6,3,154.04,12.18,462.12,449.94,0,On Time,Online,Current
4786,2024-03-20,541,12,6,4,177.18,33.47,708.72,675.25,0,On Time,Online,Current
4787,2024-06-27,313,97,6,1,54.01,27.49,54.01,26.52,0,On Time,Online,Future
4788,2024-03-06,973,25,1,3,27.12,2.26,81.36,79.1,0,On Time,Online,Future
4789,2024-02-23,375,59,6,1,99.02,23.76,99.02,75.26,3,Late,Online,Current
4790,2024-06-12,151,55,4,1,80.85,19.93,80.85,60.92,0,On Time,Wholesale,Future
4791,2025-06-15,682,113,1,2,120.7,25.48,241.4,215.92,0,On Time,Click & Collect,Future
4792,2024-06-11,879,4,6,3,143.64,17.51,430.92,413.41,0,On Time,Online,Future
4793,2024-12-10,276,20,6,2,93.73,29.78,187.46,157.68,7,Late,Online,Current
4794,2025-01-01,159,1,6,4,125.71,2.36,502.84,500.48,0,On Time,Online,Current
4795,2024-09-24,24,25,6,1,27.12,20.59,27.12,6.53,3,Late,Online,Current
4796,2025-02-14,480,66,6,1,105.25,13.5,105.25,91.75,0,On Time,In-Store,Future
4797,2024-08-24,695,116,6,2,159.24,34.45,318.48,284.03,0,On Time,Online,Current
4798,2024-02-09,184,64,5,1,106.6,13.6,106.6,93.0,0,On Time,Online,Current
4799,2025-11-07,369,53,5,2,103.59,28.82,207.18,178.36,0,On Time,In-Store,Future
4800,2024-01-27,617,22,3,1,118.48,23.31,118.48,95.17,0,On Time,Online,Future
4801,2024-10-20,982,68,6,1,76.01,29.71,76.01,46.3,0,On Time,Online,Future
4802,2024-08-29,151,99,6,1,170.64,13.34,170.64,157.3,0,On Time,Online,Current
4803,2024-03-03,192,89,6,2,144.37,34.46,288.74,254.28,0,On Time,Wholesale,Current
4804,2025-11-14,411,111,6,2,139.05,3.11,278.1,274.99,1,Late,Online,Current
4805,2024-07-11,532,44,6,4,107.15,5.39,428.6,423.21,0,On Time,Online,Future
4806,2025-07-14,428,109,3,2,65.96,29.73,131.92,102.19,0,On Time,Online,Future
4807,2025-09-09,464,68,6,2,76.01,9.78,152.02,142.24,0,On Time,Click & Collect,Future
4808,2024-02-06,815,39,3,1,128.17,32.25,128.17,95.92,0,On Time,In-Store,Current
4809,2024-08-18,676,49,3,1,134.92,5.05,134.92,129.87,0,On Time,Wholesale,Future
4810,2025-01-10,392,62,1,2,180.58,18.19,361.16,342.97,0,On Time,Online,Current
4811,2024-04-29,382,32,6,2,183.92,19.39,367.84,348.45,0,On Time,Online,Future
4812,2025-07-25,523,99,5,2,170.64,32.78,341.28,308.5,0,On Time,In-Store,Current
4813,2025-09-29,141,63,3,2,50.08,17.44,100.16,82.72,2,Late,Online,Current
4814,2024-02-15,817,14,6,3,85.15,30.39,255.45,225.06,0,On Time,Online,Current
4815,2024-04-02,65,31,5,2,64.76,8.49,129.52,121.03,0,On Time,Click & Collect,Current
4816,2025-10-12,504,112,4,3,167.65,11.79,502.95,491.16,0,On Time,Online,Future
4817,2025-10-24,5,114,1,3,83.67,34.94,251.01,216.07,0,On Time,Click & Collect,Future
4818,2024-01-28,437,39,6,4,128.17,2.45,512.68,510.23,0,On Time,Online,Current
4819,2025-07-08,279,99,6,3,170.64,4.39,511.92,507.53,0,On Time,Online,Current
4820,2024-04-04,101,94,4,2,56.02,19.81,112.04,92.23,2,Late,In-Store,Current
4821,2025-10-20,773,45,1,1,29.58,27.5,29.58,2.08,0,On Time,Online,Current
4822,2024-10-30,627,44,1,4,107.15,27.82,428.6,400.78,0,On Time,Online,Current
4823,2024-09-25,11,10,3,3,78.41,20.9,235.23,214.33,0,On Time,Online,Current
4824,2024-01-08,737,77,6,2,132.93,13.89,265.86,251.97,0,On Time,Online,Future
4825,2025-06-15,892,25,2,4,27.12,0.46,108.48,108.02,0,On Time,Online,Current
4826,2024-12-03,482,66,6,4,105.25,31.74,421.0,389.26,0,On Time,Online,Current
4827,2025-08-22,455,43,1,2,129.42,15.65,258.84,243.19,3,Late,Click & Collect,Current
4828,2024-05-28,422,118,6,1,167.17,16.69,167.17,150.48,0,On Time,Online,Current
4829,2025-08-14,955,69,1,4,82.06,25.59,328.24,302.65,0,On Time,In-Store,Future
4830,2025-03-28,189,102,1,1,68.71,10.41,68.71,58.3,0,On Time,Wholesale,Future
4831,2024-12-17,931,27,1,4,148.3,1.53,593.2,591.67,0,On Time,Online,Future
4832,2025-08-28,979,40,3,3,35.44,27.71,106.32,78.61,0,On Time,Wholesale,Current
4833,2024-08-31,110,13,1,1,109.25,17.65,109.25,91.6,0,On Time,In-Store,Current
4834,2024-07-08,533,72,1,2,141.82,12.23,283.64,271.41,0,On Time,Online,Future
4835,2025-04-26,4,54,5,4,110.37,15.01,441.48,426.47,0,On Time,In-Store,Future
4836,2024-07-23,678,36,6,3,162.38,27.97,487.14,459.17,0,On Time,Online,Future
4837,2024-02-12,897,103,6,3,113.76,24.31,341.28,316.97,0,On Time,Online,Current
4838,2024-08-06,206,81,4,1,110.75,21.14,110.75,89.61,0,On Time,Online,Current
4839,2025-07-04,781,108,6,2,50.05,2.49,100.1,97.61,2,Late,Online,Current
4840,2024-02-28,413,68,6,3,76.01,21.46,228.03,206.57,0,On Time,Online,Current
4841,2025-01-16,8,108,6,1,50.05,16.74,50.05,33.31,1,Late,Online,Current
4842,2024-09-24,452,25,4,2,27.12,22.96,54.24,31.28,0,On Time,Click & Collect,Current
4843,2024-03-02,494,85,1,4,142.01,34.2,568.04,533.84,0,On Time,Online,Future
4844,2025-02-14,466,13,6,2,109.25,21.57,218.5,196.93,0,On Time,Online,Future
4845,2024-11-08,160,43,3,2,129.42,26.37,258.84,232.47,0,On Time,Online,Future
4846,2024-06-14,380,93,1,1,119.71,19.37,119.71,100.34,0,On Time,Wholesale,Future
4847,2024-05-24,109,31,6,3,64.76,15.5,194.28,178.78,7,Late,Online,Current
4848,2025-12-14,604,3,1,4,182.39,11.15,729.56,718.41,0,On Time,In-Store,Current
4849,2024-11-07,386,93,6,1,119.71,12.28,119.71,107.43,0,On Time,Online,Current
4850,2025-11-20,482,103,5,2,113.76,26.16,227.52,201.36,0,On Time,Click & Collect,Future
4851,2024-09-11,583,50,1,2,97.72,4.56,195.44,190.88,0,On Time,Wholesale,Future
4852,2024-02-28,706,36,4,3,162.38,16.18,487.14,470.96,0,On Time,In-Store,Current
4853,2024-10-20,767,69,6,1,82.06,16.55,82.06,65.51,0,On Time,Online,Current
4854,2025-01-02,987,94,2,3,56.02,0.73,168.06,167.33,0,On Time,Online,Current
4855,2024-01-15,616,30,6,1,33.3,33.53,33.3,-0.23,1,Late,Online,Current
4856,2025-09-16,481,73,2,3,20.46,3.67,61.38,57.71,0,On Time,Click & Collect,Future
4857,2025-01-07,604,49,4,2,134.92,18.98,269.84,250.86,0,On Time,Online,Future
4858,2025-05-17,555,42,6,4,65.4,5.19,261.6,256.41,0,On Time,Online,Future
4859,2025-01-11,789,117,2,2,131.87,15.64,263.74,248.1,0,On Time,In-Store,Future
4860,2024-05-01,484,109,6,3,65.96,32.85,197.88,165.03,0,On Time,Online,Current
4861,2024-01-07,618,5,6,3,140.44,23.65,421.32,397.67,0,On Time,Online,Current
4862,2024-07-25,908,105,5,1,45.95,25.78,45.95,20.17,0,On Time,In-Store,Future
4863,2025-11-19,637,11,5,2,40.32,18.43,80.64,62.21,0,On Time,Online,Future
4864,2024-08-12,345,3,3,1,182.39,4.17,182.39,178.22,0,On Time,Online,Future
4865,2025-12-06,210,56,1,1,166.72,24.23,166.72,142.49,0,On Time,Wholesale,Future
4866,2024-03-17,683,101,4,4,123.75,27.26,495.0,467.74,0,On Time,Wholesale,Current
4867,2024-12-25,617,15,3,3,76.6,8.81,229.8,220.99,0,On Time,In-Store,Future
4868,2025-07-05,797,120,2,3,47.37,19.42,142.11,122.69,0,On Time,Online,Future
4869,2025-09-02,681,109,1,1,65.96,24.81,65.96,41.15,0,On Time,In-Store,Current
4870,2025-03-10,483,32,2,4,183.92,5.72,735.68,729.96,0,On Time,Click & Collect,Future
4871,2025-03-10,485,85,6,2,142.01,32.47,284.02,251.55,0,On Time,Online,Current
4872,2025-10-06,872,40,1,1,35.44,34.62,35.44,0.82,0,On Time,Wholesale,Future
4873,2025-10-09,217,87,6,4,80.57,1.65,322.28,320.63,6,Late,Wholesale,Current
4874,2024-03-11,7,117,6,4,131.87,18.07,527.48,509.41,0,On Time,Online,Current
4875,2024-11-16,353,36,6,1,162.38,1.98,162.38,160.4,0,On Time,Online,Current
4876,2024-02-09,337,102,5,4,68.71,15.67,274.84,259.17,0,On Time,Wholesale,Current
4877,2025-09-24,522,82,6,2,135.39,13.17,270.78,257.61,0,On Time,Online,Future
4878,2025-01-11,707,89,6,1,144.37,29.44,144.37,114.93,0,On Time,Online,Future
4879,2025-11-09,882,56,6,3,166.72,33.07,500.16,467.09,0,On Time,Online,Future
4880,2024-12-06,664,33,4,2,219.29,0.28,438.58,438.3,0,On Time,In-Store,Future
4881,2025-07-01,476,99,6,1,170.64,31.63,170.64,139.01,0,On Time,Online,Current
4882,2024-04-07,161,50,3,3,97.72,1.56,293.16,291.6,6,Late,Wholesale,Current
4883,2025-02-09,256,94,3,2,56.02,32.47,112.04,79.57,0,On Time,Online,Future
4884,2024-11-24,345,120,4,1,47.37,1.09,47.37,46.28,0,On Time,In-Store,Future
4885,2025-06-08,585,3,6,2,182.39,8.99,364.78,355.79,3,Late,Online,Current
4886,2024-02-23,529,57,1,1,144.33,13.42,144.33,130.91,0,On Time,Online,Current
4887,2024-07-27,419,22,5,1,118.48,15.55,118.48,102.93,0,On Time,Click & Collect,Current
4888,2024-09-04,695,89,4,3,144.37,13.2,433.11,419.91,0,On Time,Online,Current
4889,2024-03-05,611,20,3,1,93.73,28.72,93.73,65.01,0,On Time,Online,Current
4890,2025-04-16,349,72,6,2,141.82,6.16,283.64,277.48,0,On Time,Online,Future
4891,2024-11-23,702,49,6,3,134.92,11.67,404.76,393.09,0,On Time,Online,Future
4892,2025-12-01,96,1,3,2,125.71,4.01,251.42,247.41,0,On Time,Wholesale,Future
4893,2025-07-13,769,86,6,4,102.94,19.68,411.76,392.08,0,On Time,Online,Future
4894,2025-05-22,156,4,1,4,143.64,2.14,574.56,572.42,2,Late,Click & Collect,Current
4895,2024-01-25,661,104,6,3,154.04,18.7,462.12,443.42,0,On Time,Click & Collect,Current
4896,2025-07-16,593,87,3,3,80.57,21.58,241.71,220.13,0,On Time,Online,Current
4897,2025-10-14,632,37,6,4,141.5,17.13,566.0,548.87,0,On Time,Online,Future
4898,2025-02-07,89,32,6,1,183.92,33.48,183.92,150.44,0,On Time,Online,Future
4899,2025-07-24,263,14,3,3,85.15,26.57,255.45,228.88,0,On Time,Online,Future
4900,2024-03-28,773,93,3,1,119.71,7.28,119.71,112.43,0,On Time,Click & Collect,Current
4901,2024-11-06,869,100,6,4,91.89,6.64,367.56,360.92,0,On Time,Online,Current
4902,2025-07-28,893,2,1,2,200.36,19.12,400.72,381.6,0,On Time,Online,Future
4903,2025-05-14,895,85,2,1,142.01,27.32,142.01,114.69,6,Late,Wholesale,Current
4904,2025-06-17,14,100,6,4,91.89,9.94,367.56,357.62,0,On Time,Online,Current
4905,2024-08-09,348,104,6,4,154.04,10.91,616.16,605.25,0,On Time,Online,Future
4906,2024-12-30,326,47,1,1,146.36,13.57,146.36,132.79,7,Late,Wholesale,Current
4907,2025-06-12,282,30,1,2,33.3,12.75,66.6,53.85,6,Late,In-Store,Current
4908,2025-09-21,396,120,3,3,47.37,26.58,142.11,115.53,0,On Time,Online,Current
4909,2025-05-13,118,8,1,4,62.57,18.14,250.28,232.14,3,Late,Click & Collect,Current
4910,2025-02-28,597,44,2,3,107.15,33.46,321.45,287.99,0,On Time,Online,Current
4911,2024-05-09,190,104,6,2,154.04,12.89,308.08,295.19,0,On Time,Online,Future
4912,2025-02-04,430,90,1,4,82.64,19.69,330.56,310.87,0,On Time,Online,Current
4913,2025-12-29,294,68,5,1,76.01,18.87,76.01,57.14,0,On Time,Online,Current
4914,2025-03-20,139,25,6,2,27.12,27.55,54.24,26.69,0,On Time,Online,Current
4915,2024-01-03,646,49,2,1,134.92,21.15,134.92,113.77,0,On Time,Online,Current
4916,2025-05-08,635,112,2,4,167.65,7.82,670.6,662.78,2,Late,Online,Future
4917,2024-02-12,733,10,1,1,78.41,28.86,78.41,49.55,0,On Time,Click & Collect,Current
4918,2024-09-07,47,39,2,4,128.17,23.32,512.68,489.36,0,On Time,Click & Collect,Current
4919,2025-08-06,45,98,4,4,192.94,21.34,771.76,750.42,0,On Time,In-Store,Future
4920,2025-02-09,189,55,2,1,80.85,4.28,80.85,76.57,0,On Time,Click & Collect,Future
4921,2024-05-10,508,116,3,3,159.24,29.08,477.72,448.64,0,On Time,Click & Collect,Current
4922,2025-06-20,153,114,6,4,83.67,20.91,334.68,313.77,0,On Time,Online,Current
4923,2025-12-26,318,51,2,2,110.62,20.62,221.24,200.62,0,On Time,Online,Current
4924,2025-11-03,155,42,1,1,65.4,25.29,65.4,40.11,2,Late,Online,Future
4925,2025-09-05,665,14,6,4,85.15,12.26,340.6,328.34,0,On Time,Online,Current
4926,2024-05-01,730,58,2,2,118.61,25.78,237.22,211.44,0,On Time,Online,Current
4927,2024-07-01,674,45,6,1,29.58,15.58,29.58,14.0,0,On Time,Online,Current
4928,2024-08-20,537,73,1,4,20.46,25.7,81.84,56.14,0,On Time,Online,Future
4929,2024-04-27,899,31,6,2,64.76,1.7,129.52,127.82,0,On Time,Online,Current
4930,2024-06-06,904,50,6,4,97.72,25.03,390.88,365.85,7,Late,Online,Current
4931,2025-11-28,114,10,2,2,78.41,28.02,156.82,128.8,0,On Time,Wholesale,Future
4932,2024-11-04,422,73,1,1,20.46,17.51,20.46,2.95,0,On Time,In-Store,Future
4933,2025-01-28,859,8,2,2,62.57,10.08,125.14,115.06,0,On Time,Online,Current
4934,2025-06-26,889,78,2,4,57.86,0.71,231.44,230.73,0,On Time,Wholesale,Current
4935,2025-08-26,533,69,6,4,82.06,10.1,328.24,318.14,0,On Time,Online,Future
4936,2024-12-17,436,89,5,2,144.37,17.66,288.74,271.08,0,On Time,Wholesale,Current
4937,2024-11-20,423,54,6,2,110.37,24.26,220.74,196.48,0,On Time,Online,Current
4938,2025-10-23,7,46,2,1,117.41,1.05,117.41,116.36,0,On Time,Online,Current
4939,2025-12-03,318,102,6,4,68.71,19.52,274.84,255.32,0,On Time,Online,Future
4940,2024-07-31,43,117,4,1,131.87,34.17,131.87,97.7,2,Late,Online,Future
4941,2024-04-23,767,30,3,2,33.3,20.34,66.6,46.26,0,On Time,Online,Future
4942,2024-01-15,570,105,6,2,45.95,9.28,91.9,82.62,2,Late,In-Store,Current
4943,2025-07-05,393,5,6,3,140.44,22.58,421.32,398.74,0,On Time,Online,Future
4944,2025-03-30,539,49,6,1,134.92,21.58,134.92,113.34,0,On Time,Online,Current
4945,2024-09-08,285,103,6,3,113.76,11.05,341.28,330.23,0,On Time,Online,Future
4946,2024-11-26,883,105,1,3,45.95,6.68,137.85,131.17,1,Late,Online,Future
4947,2025-08-02,220,56,5,1,166.72,17.22,166.72,149.5,0,On Time,Wholesale,Future
4948,2025-10-12,896,107,6,2,49.65,11.41,99.3,87.89,0,On Time,Online,Current
4949,2024-02-25,819,44,6,4,107.15,27.26,428.6,401.34,0,On Time,Online,Future
4950,2025-08-27,333,77,6,3,132.93,5.67,398.79,393.12,0,On Time,Online,Future
4951,2025-12-22,627,63,6,4,50.08,2.9,200.32,197.42,7,Late,Online,Current
4952,2025-04-17,642,36,2,4,162.38,2.35,649.52,647.17,0,On Time,Online,Current
4953,2025-10-05,992,108,6,2,50.05,17.1,100.1,83.0,0,On Time,Online,Current
4954,2025-08-18,377,110,4,2,159.94,33.86,319.88,286.02,0,On Time,Online,Current
4955,2024-02-13,519,91,6,4,85.5,12.14,342.0,329.86,0,On Time,Online,Current
4956,2024-09-09,821,23,6,3,87.41,33.17,262.23,229.06,0,On Time,Online,Future
4957,2025-08-17,173,84,6,2,108.1,31.04,216.2,185.16,0,On Time,Online,Current
4958,2025-05-07,7,97,6,1,54.01,22.78,54.01,31.23,0,On Time,Online,Future
4959,2025-11-29,394,9,6,4,102.79,0.59,411.16,410.57,0,On Time,Online,Current
4960,2025-11-10,739,90,6,2,82.64,34.41,165.28,130.87,7,Late,Online,Current
4961,2024-12-20,464,10,6,4,78.41,2.57,313.64,311.07,0,On Time,Online,Current
4962,2025-12-03,244,67,3,2,214.61,8.97,429.22,420.25,0,On Time,In-Store,Current
4963,2024-11-24,102,7,6,3,172.34,32.57,517.02,484.45,0,On Time,Online,Future
4964,2025-12-15,909,58,6,2,118.61,13.38,237.22,223.84,0,On Time,Click & Collect,Future
4965,2024-12-28,326,59,6,4,99.02,19.5,396.08,376.58,0,On Time,Online,Future
4966,2025-04-03,209,83,2,4,73.64,8.88,294.56,285.68,0,On Time,Online,Future
4967,2025-09-18,328,79,6,4,174.91,15.0,699.64,684.64,0,On Time,Online,Current
4968,2025-03-12,798,87,5,3,80.57,12.19,241.71,229.52,0,On Time,Online,Current
4969,2024-12-15,468,98,6,3,192.94,5.13,578.82,573.69,0,On Time,Online,Future
4970,2024-12-30,179,18,3,3,53.11,4.35,159.33,154.98,0,On Time,Online,Current
4971,2024-06-04,529,100,1,2,91.89,21.54,183.78,162.24,0,On Time,In-Store,Current
4972,2024-06-20,449,93,6,1,119.71,11.18,119.71,108.53,0,On Time,Online,Current
4973,2025-05-12,804,44,6,2,107.15,14.75,214.3,199.55,0,On Time,Online,Current
4974,2025-07-20,275,3,5,4,182.39,18.99,729.56,710.57,0,On Time,Wholesale,Future
4975,2024-08-10,744,79,6,3,174.91,10.16,524.73,514.57,0,On Time,Online,Future
4976,2024-08-15,813,1,1,4,125.71,1.56,502.84,501.28,0,On Time,Online,Current
4977,2025-12-03,75,51,6,2,110.62,15.1,221.24,206.14,0,On Time,Online,Future
4978,2025-02-23,317,106,4,2,28.51,28.35,57.02,28.67,0,On Time,Online,Future
4979,2024-01-21,407,93,1,1,119.71,6.1,119.71,113.61,5,Late,Online,Current
4980,2024-04-10,301,24,5,3,152.6,8.58,457.8,449.22,0,On Time,Online,Future
4981,2025-08-23,860,85,2,2,142.01,14.5,284.02,269.52,3,Late,Online,Current
4982,2025-06-30,116,53,5,2,103.59,20.3,207.18,186.88,0,On Time,Online,Future
4983,2024-08-29,728,63,6,3,50.08,23.35,150.24,126.89,0,On Time,Online,Current
4984,2025-01-12,879,119,6,4,21.52,0.49,86.08,85.59,0,On Time,Click & Collect,Current
4985,2025-05-22,67,107,6,2,49.65,19.45,99.3,79.85,0,On Time,Online,Current
4986,2024-10-31,789,74,6,3,120.32,25.09,360.96,335.87,0,On Time,Online,Future
4987,2024-04-09,29,69,1,1,82.06,1.23,82.06,80.83,0,On Time,In-Store,Future
4988,2025-10-01,292,36,6,1,162.38,10.03,162.38,152.35,5,Late,Online,Current
4989,2024-07-29,229,108,6,3,50.05,15.85,150.15,134.3,1,Late,Online,Current
4990,2025-10-23,408,18,6,1,53.11,31.34,53.11,21.77,0,On Time,Online,Future
4991,2025-05-04,175,110,6,1,159.94,22.24,159.94,137.7,0,On Time,Online,Future
4992,2025-05-09,631,114,2,1,83.67,27.8,83.67,55.87,0,On Time,Wholesale,Current
4993,2025-10-02,834,79,6,1,174.91,9.47,174.91,165.44,0,On Time,Online,Current
4994,2024-02-26,322,93,3,4,119.71,22.22,478.84,456.62,0,On Time,Online,Current
4995,2024-04-27,342,21,5,4,44.65,1.49,178.6,177.11,0,On Time,In-Store,Future
4996,2025-03-20,457,42,6,1,65.4,32.93,65.4,32.47,1,Late,Online,Current
4997,2024-10-04,94,119,3,2,21.52,26.14,43.04,16.9,5,Late,Click & Collect,Current
4998,2025-06-14,875,45,2,3,29.58,8.18,88.74,80.56,0,On Time,Wholesale,Future
4999,2024-12-08,99,6,6,2,127.67,13.01,255.34,242.33,0,On Time,Online,Future
5000,2024-02-12,738,17,5,2,141.85,25.7,283.7,258.0,3,Late,Online,Current
5001,2024-07-29,894,46,6,4,117.41,12.47,469.64,457.17,0,On Time,Online,Current
5002,2024-01-29,789,87,2,2,80.57,32.69,161.14,128.45,0,On Time,Online,Current
5003,2024-12-01,175,104,2,2,154.04,9.18,308.08,298.9,0,On Time,Click & Collect,Current
5004,2025-02-14,234,111,6,2,139.05,30.28,278.1,247.82,0,On Time,Wholesale,Future
5005,2024-11-13,936,37,5,3,141.5,6.77,424.5,417.73,0,On Time,Online,Future
5006,2024-12-24,495,101,4,1,123.75,17.06,123.75,106.69,6,Late,Online,Current
5007,2025-11-20,258,8,6,1,62.57,23.42,62.57,39.15,0,On Time,Online,Current
5008,2025-01-03,189,81,4,4,110.75,25.51,443.0,417.49,0,On Time,Wholesale,Future
5009,2025-02-09,429,47,1,2,146.36,30.74,292.72,261.98,4,Late,In-Store,Current
5010,2024-01-13,47,60,1,3,148.3,3.69,444.9,441.21,0,On Time,Online,Current
5011,2025-08-31,299,21,3,3,44.65,5.93,133.95,128.02,0,On Time,Wholesale,Current
5012,2025-05-08,234,108,6,4,50.05,0.02,200.2,200.18,0,On Time,Online,Future
5013,2025-03-01,283,83,6,3,73.64,17.38,220.92,203.54,0,On Time,Online,Current
5014,2024-09-02,798,51,6,3,110.62,4.98,331.86,326.88,0,On Time,Online,Current
5015,2024-04-26,789,98,3,4,192.94,24.36,771.76,747.4,7,Late,Wholesale,Current
5016,2025-01-13,190,111,6,2,139.05,20.83,278.1,257.27,0,On Time,Online,Current
5017,2024-06-14,949,22,2,2,118.48,12.19,236.96,224.77,0,On Time,Online,Current
5018,2024-12-22,381,38,6,4,97.97,9.99,391.88,381.89,0,On Time,Online,Current
5019,2024-07-14,594,112,1,2,167.65,5.0,335.3,330.3,5,Late,Click & Collect,Current
5020,2025-07-04,896,1,4,2,125.71,30.05,251.42,221.37,0,On Time,Online,Future
5021,2025-12-23,660,57,1,2,144.33,27.03,288.66,261.63,7,Late,Wholesale,Current
5022,2025-06-04,337,22,1,4,118.48,34.89,473.92,439.03,0,On Time,Wholesale,Current
5023,2024-03-03,740,36,1,3,162.38,24.12,487.14,463.02,3,Late,Online,Current
5024,2024-05-01,531,89,3,4,144.37,3.37,577.48,574.11,0,On Time,Wholesale,Current
5025,2025-06-15,633,18,6,1,53.11,16.32,53.11,36.79,0,On Time,Online,Future
5026,2024-11-13,920,95,3,4,168.8,1.94,675.2,673.26,0,On Time,In-Store,Future
5027,2024-02-02,564,38,2,2,97.97,12.19,195.94,183.75,0,On Time,Online,Current
5028,2024-09-08,550,98,6,1,192.94,9.02,192.94,183.92,0,On Time,Online,Future
5029,2024-05-03,697,6,4,1,127.67,3.8,127.67,123.87,0,On Time,Click & Collect,Current
5030,2025-11-24,822,100,1,2,91.89,23.87,183.78,159.91,0,On Time,Online,Current
5031,2025-10-01,292,65,2,3,71.32,8.51,213.96,205.45,0,On Time,Click & Collect,Current
5032,2025-06-09,833,46,4,2,117.41,12.39,234.82,222.43,0,On Time,Online,Future
5033,2025-11-24,711,84,3,3,108.1,34.24,324.3,290.06,0,On Time,Online,Future
5034,2024-04-16,756,26,2,1,117.76,34.04,117.76,83.72,0,On Time,Online,Future
5035,2025-08-23,643,66,1,3,105.25,2.24,315.75,313.51,0,On Time,Online,Future
5036,2024-09-08,726,8,1,2,62.57,2.33,125.14,122.81,0,On Time,Online,Future
5037,2024-09-23,928,94,6,3,56.02,22.97,168.06,145.09,0,On Time,Online,Current
5038,2025-08-11,847,50,1,3,97.72,6.91,293.16,286.25,7,Late,Online,Current
5039,2024-03-12,460,9,6,1,102.79,13.58,102.79,89.21,0,On Time,Online,Current
5040,2025-12-30,214,63,6,3,50.08,24.61,150.24,125.63,0,On Time,Online,Future
5041,2024-03-05,749,80,2,4,119.07,3.82,476.28,472.46,0,On Time,Online,Current
5042,2025-04-26,831,10,1,2,78.41,8.41,156.82,148.41,0,On Time,Wholesale,Current
5043,2025-02-07,227,13,1,1,109.25,8.6,109.25,100.65,0,On Time,Click & Collect,Future
5044,2024-06-28,203,23,1,2,87.41,11.51,174.82,163.31,0,On Time,Online,Future
5045,2025-06-18,935,113,5,3,120.7,7.85,362.1,354.25,0,On Time,Online,Future
5046,2024-12-01,86,90,2,1,82.64,34.1,82.64,48.54,0,On Time,Online,Current
5047,2024-09-08,787,110,6,2,159.94,29.73,319.88,290.15,1,Late,Online,Future
5048,2024-11-15,620,112,3,2,167.65,19.33,335.3,315.97,0,On Time,Click & Collect,Future
5049,2025-04-12,775,7,6,3,172.34,3.69,517.02,513.33,0,On Time,Online,Current
5050,2025-07-13,818,98,1,1,192.94,33.25,192.94,159.69,7,Late,Click & Collect,Current
5051,2025-09-02,318,25,4,4,27.12,11.32,108.48,97.16,6,Late,Online,Current
5052,2024-05-31,582,120,1,4,47.37,4.42,189.48,185.06,0,On Time,Wholesale,Current
5053,2024-09-28,907,102,4,1,68.71,32.28,68.71,36.43,7,Late,Click & Collect,Current
5054,2024-04-27,952,38,1,1,97.97,2.57,97.97,95.4,0,On Time,Online,Future
5055,2025-07-05,5,66,6,3,105.25,20.3,315.75,295.45,0,On Time,Online,Current
5056,2024-04-25,47,99,1,4,170.64,15.78,682.56,666.78,6,Late,Wholesale,Current
5057,2024-02-19,999,52,3,2,18.05,33.0,36.1,3.1,0,On Time,Online,Current
5058,2024-08-05,654,37,6,1,141.5,18.16,141.5,123.34,0,On Time,Online,Current
5059,2024-03-15,802,113,2,4,120.7,3.78,482.8,479.02,3,Late,Online,Current
5060,2024-01-18,698,6,3,4,127.67,15.43,510.68,495.25,7,Late,Online,Current
5061,2024-01-11,477,9,1,3,102.79,21.94,308.37,286.43,0,On Time,Click & Collect,Current
5062,2024-11-03,151,47,4,3,146.36,6.13,439.08,432.95,0,On Time,In-Store,Future
5063,2025-12-02,984,48,3,1,94.16,33.78,94.16,60.38,0,On Time,Wholesale,Future
5064,2025-03-05,947,35,6,1,41.4,7.63,41.4,33.77,0,On Time,Online,Future
5065,2025-12-09,284,43,3,2,129.42,27.05,258.84,231.79,0,On Time,Wholesale,Future
5066,2025-05-29,917,92,6,4,46.38,15.72,185.52,169.8,0,On Time,Online,Current
5067,2024-06-06,328,118,6,2,167.17,31.6,334.34,302.74,1,Late,Click & Collect,Future
5068,2024-06-11,954,111,1,4,139.05,1.84,556.2,554.36,1,Late,Wholesale,Future
5069,2024-10-16,738,45,1,4,29.58,10.26,118.32,108.06,2,Late,Online,Future
5070,2024-06-27,16,48,6,3,94.16,25.26,282.48,257.22,4,Late,Online,Current
5071,2024-05-05,952,15,2,1,76.6,33.98,76.6,42.62,0,On Time,Wholesale,Future
5072,2024-11-03,771,88,6,2,41.48,16.95,82.96,66.01,0,On Time,Online,Future
5073,2025-03-08,193,95,2,2,168.8,3.92,337.6,333.68,0,On Time,Online,Future
5074,2025-01-31,413,47,6,4,146.36,17.81,585.44,567.63,0,On Time,Online,Current
5075,2025-08-05,445,53,6,2,103.59,8.3,207.18,198.88,0,On Time,Click & Collect,Current
5076,2024-07-15,812,28,2,4,154.21,16.95,616.84,599.89,0,On Time,Wholesale,Future
5077,2024-01-14,992,22,2,1,118.48,31.68,118.48,86.8,0,On Time,Online,Current
5078,2025-11-02,266,22,2,2,118.48,20.4,236.96,216.56,0,On Time,Online,Current
5079,2025-02-28,417,2,1,4,200.36,18.04,801.44,783.4,2,Late,Click & Collect,Future
5080,2025-05-14,619,93,4,3,119.71,28.95,359.13,330.18,0,On Time,Online,Current
5081,2024-01-08,907,71,6,3,135.62,29.73,406.86,377.13,5,Late,Online,Current
5082,2024-10-21,556,17,2,1,141.85,19.59,141.85,122.26,0,On Time,Online,Future
5083,2024-04-24,846,39,1,1,128.17,26.0,128.17,102.17,2,Late,Online,Current
5084,2025-01-27,77,7,2,2,172.34,22.66,344.68,322.02,0,On Time,In-Store,Future
5085,2024-06-16,591,51,6,1,110.62,1.82,110.62,108.8,2,Late,Online,Current
5086,2025-10-14,117,92,1,4,46.38,32.23,185.52,153.29,0,On Time,Online,Future
5087,2024-10-10,154,55,1,4,80.85,25.61,323.4,297.79,0,On Time,Online,Future
5088,2024-09-21,517,22,6,1,118.48,7.17,118.48,111.31,0,On Time,Online,Current
5089,2025-01-19,232,61,6,1,82.33,18.95,82.33,63.38,0,On Time,Online,Future
5090,2024-05-10,676,69,1,3,82.06,7.75,246.18,238.43,0,On Time,Wholesale,Future
5091,2024-08-17,858,109,1,4,65.96,31.58,263.84,232.26,0,On Time,Wholesale,Future
5092,2024-01-13,405,23,3,3,87.41,10.76,262.23,251.47,1,Late,Online,Current
5093,2025-12-05,580,51,3,2,110.62,15.71,221.24,205.53,0,On Time,In-Store,Future
5094,2025-04-22,461,81,6,1,110.75,7.67,110.75,103.08,0,On Time,Online,Current
5095,2025-04-15,604,55,6,3,80.85,34.62,242.55,207.93,1,Late,Online,Future
5096,2025-05-24,661,120,2,2,47.37,8.29,94.74,86.45,0,On Time,Online,Future
5097,2025-05-13,321,98,5,2,192.94,0.28,385.88,385.6,0,On Time,Click & Collect,Current
5098,2024-04-30,364,109,6,1,65.96,11.02,65.96,54.94,0,On Time,Click & Collect,Future
5099,2025-01-24,633,48,4,2,94.16,3.78,188.32,184.54,0,On Time,Wholesale,Current
5100,2024-08-01,879,98,6,3,192.94,25.35,578.82,553.47,0,On Time,Online,Current
5101,2024-11-19,706,108,2,2,50.05,4.59,100.1,95.51,0,On Time,Online,Future
5102,2024-09-26,985,102,4,3,68.71,32.99,206.13,173.14,0,On Time,Online,Future
5103,2025-03-25,321,88,6,2,41.48,33.7,82.96,49.26,0,On Time,Online,Future
5104,2024-11-24,17,57,1,4,144.33,26.24,577.32,551.08,0,On Time,In-Store,Future
5105,2024-02-28,107,114,6,4,83.67,14.79,334.68,319.89,1,Late,Online,Current
5106,2024-06-09,487,80,6,3,119.07,17.65,357.21,339.56,0,On Time,Online,Current
5107,2024-11-20,361,107,1,1,49.65,9.6,49.65,40.05,5,Late,Online,Current
5108,2024-08-22,978,89,2,2,144.37,0.75,288.74,287.99,0,On Time,Online,Current
5109,2024-06-07,499,75,6,1,112.15,34.81,112.15,77.34,0,On Time,Online,Future
5110,2025-03-13,559,19,6,3,118.63,10.39,355.89,345.5,0,On Time,Online,Future
5111,2024-07-28,232,36,6,4,162.38,24.81,649.52,624.71,0,On Time,Online,Future
5112,2025-04-26,475,83,1,1,73.64,6.18,73.64,67.46,0,On Time,Click & Collect,Current
5113,2024-07-15,23,44,3,3,107.15,26.43,321.45,295.02,0,On Time,Click & Collect,Future
5114,2025-09-17,722,117,5,3,131.87,29.62,395.61,365.99,0,On Time,In-Store,Future
5115,2025-10-10,699,74,1,2,120.32,25.21,240.64,215.43,0,On Time,Online,Current
5116,2025-11-26,987,112,1,3,167.65,13.48,502.95,489.47,0,On Time,Online,Current
5117,2024-02-17,774,45,6,2,29.58,13.36,59.16,45.8,3,Late,Online,Current
5118,2025-04-16,68,25,6,2,27.12,13.81,54.24,40.43,3,Late,In-Store,Current
5119,2024-04-14,437,33,6,4,219.29,12.58,877.16,864.58,0,On Time,Wholesale,Future
5120,2024-12-27,172,90,6,2,82.64,1.99,165.28,163.29,5,Late,Online,Current
5121,2024-02-07,814,89,6,1,144.37,20.32,144.37,124.05,0,On Time,Online,Future
5122,2024-06-24,943,113,3,1,120.7,28.32,120.7,92.38,0,On Time,Online,Future
5123,2025-07-26,8,113,2,2,120.7,16.18,241.4,225.22,0,On Time,Online,Future
5124,2024-02-24,22,94,3,4,56.02,13.48,224.08,210.6,0,On Time,Click & Collect,Future
5125,2024-12-10,985,23,6,3,87.41,20.56,262.23,241.67,7,Late,Online,Current
5126,2024-02-10,517,52,6,2,18.05,7.33,36.1,28.77,0,On Time,Online,Current
5127,2024-08-21,841,12,5,1,177.18,21.02,177.18,156.16,0,On Time,Wholesale,Current
5128,2024-10-08,129,37,2,2,141.5,11.37,283.0,271.63,0,On Time,Online,Future
5129,2025-12-22,228,102,6,3,68.71,10.82,206.13,195.31,0,On Time,Online,Current
5130,2024-10-02,342,8,3,2,62.57,4.02,125.14,121.12,3,Late,Click & Collect,Current
5131,2025-05-01,769,70,4,4,117.81,29.86,471.24,441.38,0,On Time,In-Store,Future
5132,2024-06-04,727,62,5,1,180.58,2.2,180.58,178.38,0,On Time,Click & Collect,Current
5133,2024-06-08,319,90,6,4,82.64,33.24,330.56,297.32,3,Late,Online,Current
5134,2025-12-19,394,117,3,2,131.87,27.86,263.74,235.88,0,On Time,Online,Current
5135,2025-05-09,654,15,4,3,76.6,7.04,229.8,222.76,3,Late,Online,Current
5136,2025-02-18,509,70,3,3,117.81,6.42,353.43,347.01,0,On Time,Online,Current
5137,2024-03-03,51,113,3,1,120.7,34.95,120.7,85.75,0,On Time,Online,Current
5138,2025-10-06,953,4,1,1,143.64,15.11,143.64,128.53,0,On Time,Online,Current
5139,2024-09-09,719,45,1,4,29.58,2.17,118.32,116.15,0,On Time,In-Store,Current
5140,2025-11-09,610,104,3,3,154.04,6.69,462.12,455.43,3,Late,Online,Current
5141,2024-07-31,218,20,6,4,93.73,3.89,374.92,371.03,0,On Time,Online,Future
5142,2025-05-04,666,32,6,3,183.92,0.65,551.76,551.11,3,Late,Online,Current
5143,2024-08-31,173,82,3,3,135.39,24.74,406.17,381.43,2,Late,In-Store,Future
5144,2024-09-03,542,83,4,2,73.64,4.73,147.28,142.55,4,Late,Click & Collect,Current
5145,2025-08-18,203,14,6,3,85.15,13.47,255.45,241.98,0,On Time,Online,Future
5146,2024-10-14,963,38,6,1,97.97,18.93,97.97,79.04,2,Late,Online,Current
5147,2024-04-23,589,85,6,3,142.01,9.8,426.03,416.23,0,On Time,Online,Future
5148,2025-11-24,960,81,1,2,110.75,21.04,221.5,200.46,0,On Time,Online,Current
5149,2024-05-28,67,93,1,3,119.71,33.23,359.13,325.9,0,On Time,Online,Future
5150,2025-05-29,987,85,3,2,142.01,15.56,284.02,268.46,0,On Time,Wholesale,Current
5151,2024-08-15,118,97,4,3,54.01,3.77,162.03,158.26,2,Late,Online,Future
5152,2024-01-24,767,10,2,1,78.41,1.58,78.41,76.83,0,On Time,Online,Future
5153,2024-03-05,939,41,1,3,110.65,13.51,331.95,318.44,0,On Time,Online,Current
5154,2025-08-06,960,19,6,1,118.63,34.35,118.63,84.28,0,On Time,Online,Future
5155,2024-07-30,73,23,6,4,87.41,20.61,349.64,329.03,1,Late,Online,Future
5156,2024-03-02,433,29,3,1,130.05,5.83,130.05,124.22,6,Late,Click & Collect,Current
5157,2025-11-28,898,103,1,2,113.76,7.46,227.52,220.06,0,On Time,Click & Collect,Current
5158,2025-03-11,128,24,3,4,152.6,2.35,610.4,608.05,2,Late,Online,Current
5159,2024-11-23,909,114,5,3,83.67,29.73,251.01,221.28,0,On Time,Click & Collect,Future
5160,2024-02-07,580,24,2,2,152.6,23.03,305.2,282.17,0,On Time,Online,Future
5161,2024-04-28,557,1,1,3,125.71,4.31,377.13,372.82,0,On Time,In-Store,Current
5162,2024-02-27,432,111,3,3,139.05,24.19,417.15,392.96,0,On Time,Online,Current
5163,2025-06-11,57,41,3,3,110.65,33.11,331.95,298.84,0,On Time,Online,Current
5164,2025-07-15,166,49,6,2,134.92,13.57,269.84,256.27,3,Late,Wholesale,Current
5165,2025-07-11,317,34,6,2,116.01,1.03,232.02,230.99,0,On Time,Online,Current
5166,2025-10-03,511,60,6,1,148.3,27.39,148.3,120.91,0,On Time,Online,Future
5167,2025-07-28,419,88,6,2,41.48,16.47,82.96,66.49,0,On Time,Online,Current
5168,2025-02-24,251,120,3,2,47.37,15.27,94.74,79.47,0,On Time,Online,Future
5169,2025-01-01,181,109,1,2,65.96,10.51,131.92,121.41,0,On Time,Click & Collect,Future
5170,2025-05-18,711,95,3,3,168.8,21.55,506.4,484.85,0,On Time,Online,Current
5171,2024-11-11,43,76,2,2,128.17,6.64,256.34,249.7,0,On Time,Online,Future
5172,2025-07-20,734,54,4,3,110.37,10.55,331.11,320.56,0,On Time,Online,Future
5173,2025-06-02,574,16,6,3,103.76,7.14,311.28,304.14,0,On Time,Online,Current
5174,2025-11-09,875,16,1,1,103.76,32.98,103.76,70.78,7,Late,Online,Current
5175,2025-03-07,199,103,2,4,113.76,31.33,455.04,423.71,0,On Time,In-Store,Current
5176,2025-01-08,171,110,6,4,159.94,27.2,639.76,612.56,0,On Time,Online,Current
5177,2024-10-30,996,55,6,2,80.85,23.1,161.7,138.6,0,On Time,Online,Current
5178,2024-08-23,861,1,2,2,125.71,22.19,251.42,229.23,1,Late,Online,Future
5179,2025-10-30,47,85,1,3,142.01,34.53,426.03,391.5,0,On Time,In-Store,Future
5180,2025-01-20,167,73,4,4,20.46,12.93,81.84,68.91,0,On Time,Wholesale,Future
5181,2025-01-24,777,57,2,2,144.33,33.44,288.66,255.22,0,On Time,Wholesale,Future
5182,2025-12-02,40,23,1,4,87.41,22.5,349.64,327.14,0,On Time,Click & Collect,Current
5183,2024-06-24,643,74,5,4,120.32,5.93,481.28,475.35,0,On Time,Online,Current
5184,2024-08-18,804,102,3,3,68.71,23.88,206.13,182.25,0,On Time,Online,Future
5185,2024-12-19,5,42,6,4,65.4,3.74,261.6,257.86,0,On Time,Online,Current
5186,2025-10-24,313,71,3,3,135.62,15.61,406.86,391.25,0,On Time,Online,Current
5187,2025-06-21,443,47,6,4,146.36,33.72,585.44,551.72,0,On Time,Online,Future
5188,2024-08-18,729,88,5,3,41.48,30.82,124.44,93.62,2,Late,Wholesale,Future
5189,2024-06-23,261,60,6,3,148.3,4.12,444.9,440.78,0,On Time,Online,Current
5190,2024-08-13,157,59,1,1,99.02,9.82,99.02,89.2,0,On Time,Wholesale,Current
5191,2024-04-08,69,85,3,4,142.01,8.96,568.04,559.08,7,Late,Online,Current
5192,2025-12-28,365,111,4,2,139.05,8.22,278.1,269.88,5,Late,Wholesale,Current
5193,2025-11-12,330,50,1,4,97.72,21.21,390.88,369.67,0,On Time,Click & Collect,Future
5194,2024-06-09,37,24,3,1,152.6,29.54,152.6,123.06,0,On Time,Wholesale,Current
5195,2025-08-31,752,86,6,3,102.94,29.86,308.82,278.96,1,Late,Online,Future
5196,2025-10-17,276,88,2,1,41.48,3.35,41.48,38.13,2,Late,Wholesale,Current
5197,2025-06-08,508,74,1,2,120.32,15.28,240.64,225.36,5,Late,In-Store,Current
5198,2025-04-08,151,102,6,1,68.71,20.65,68.71,48.06,7,Late,Online,Current
5199,2025-11-12,35,90,6,2,82.64,29.64,165.28,135.64,0,On Time,Online,Current
5200,2025-03-08,345,55,6,4,80.85,29.14,323.4,294.26,0,On Time,Online,Future
5201,2025-04-23,227,112,5,4,167.65,3.93,670.6,666.67,0,On Time,In-Store,Current
5202,2025-04-26,323,74,6,2,120.32,20.84,240.64,219.8,0,On Time,Online,Current
5203,2025-10-11,922,84,4,3,108.1,11.09,324.3,313.21,0,On Time,Online,Current
5204,2025-11-11,792,78,6,1,57.86,31.55,57.86,26.31,0,On Time,Online,Current
5205,2025-09-28,3,15,1,4,76.6,3.14,306.4,303.26,0,On Time,Online,Future
5206,2024-05-19,525,4,6,4,143.64,15.15,574.56,559.41,1,Late,Online,Future
5207,2025-04-12,948,97,6,4,54.01,29.4,216.04,186.64,0,On Time,Online,Current
5208,2024-12-21,976,68,6,4,76.01,4.19,304.04,299.85,0,On Time,Online,Current
5209,2024-03-03,981,23,2,4,87.41,17.37,349.64,332.27,0,On Time,Wholesale,Current
5210,2024-09-30,654,23,3,3,87.41,1.38,262.23,260.85,0,On Time,In-Store,Current
5211,2025-09-22,942,53,6,3,103.59,17.93,310.77,292.84,0,On Time,Online,Current
5212,2025-12-14,710,22,1,4,118.48,22.87,473.92,451.05,0,On Time,Wholesale,Future
5213,2024-09-20,528,58,6,4,118.61,31.66,474.44,442.78,0,On Time,Online,Current
5214,2025-04-24,505,53,1,1,103.59,21.02,103.59,82.57,7,Late,Online,Current
5215,2025-08-01,988,85,4,4,142.01,11.07,568.04,556.97,0,On Time,Online,Current
5216,2025-02-02,451,62,3,4,180.58,32.35,722.32,689.97,0,On Time,In-Store,Future
5217,2024-10-06,896,92,4,4,46.38,8.33,185.52,177.19,0,On Time,In-Store,Current
5218,2025-05-12,955,49,6,4,134.92,4.57,539.68,535.11,0,On Time,Online,Current
5219,2025-05-21,736,25,4,4,27.12,1.5,108.48,106.98,0,On Time,Online,Current
5220,2024-07-11,531,53,6,4,103.59,3.05,414.36,411.31,4,Late,Online,Current
5221,2025-06-09,413,28,1,4,154.21,14.76,616.84,602.08,0,On Time,Wholesale,Current
5222,2024-10-18,567,73,3,3,20.46,8.53,61.38,52.85,0,On Time,Online,Current
5223,2025-04-02,593,103,6,3,113.76,18.47,341.28,322.81,0,On Time,Online,Current
5224,2024-05-02,725,37,6,3,141.5,26.66,424.5,397.84,0,On Time,In-Store,Future
5225,2025-01-29,561,6,6,1,127.67,16.12,127.67,111.55,0,On Time,Online,Future
5226,2025-05-31,819,32,5,4,183.92,12.06,735.68,723.62,0,On Time,In-Store,Current
5227,2025-08-17,15,30,6,2,33.3,33.05,66.6,33.55,0,On Time,Online,Future
5228,2024-01-26,122,6,4,1,127.67,13.38,127.67,114.29,0,On Time,Online,Current
5229,2024-11-27,272,93,6,1,119.71,28.74,119.71,90.97,4,Late,Online,Current
5230,2025-01-30,672,38,2,1,97.97,10.38,97.97,87.59,0,On Time,In-Store,Future
5231,2025-10-25,588,106,1,4,28.51,24.64,114.04,89.4,0,On Time,Click & Collect,Current
5232,2025-04-30,911,100,6,1,91.89,16.34,91.89,75.55,3,Late,Online,Current
5233,2025-10-13,61,80,1,3,119.07,25.48,357.21,331.73,0,On Time,Click & Collect,Current
5234,2024-03-17,477,4,6,4,143.64,11.21,574.56,563.35,0,On Time,Online,Future
5235,2025-09-08,485,76,1,2,128.17,8.21,256.34,248.13,0,On Time,Online,Future
5236,2025-02-06,506,13,3,2,109.25,5.65,218.5,212.85,0,On Time,Online,Future
5237,2024-05-11,122,38,1,3,97.97,21.74,293.91,272.17,0,On Time,Wholesale,Future
5238,2024-06-15,866,55,6,2,80.85,17.5,161.7,144.2,0,On Time,Online,Future
5239,2024-06-07,66,82,6,1,135.39,2.01,135.39,133.38,0,On Time,Click & Collect,Future
5240,2024-09-19,206,73,6,4,20.46,34.7,81.84,47.14,0,On Time,Online,Current
5241,2025-10-10,574,8,2,1,62.57,32.92,62.57,29.65,0,On Time,Online,Current
5242,2025-04-02,9,100,3,1,91.89,26.42,91.89,65.47,0,On Time,Online,Future
5243,2025-01-22,95,104,2,2,154.04,18.35,308.08,289.73,1,Late,Online,Future
5244,2024-08-28,193,15,6,3,76.6,29.34,229.8,200.46,0,On Time,Online,Current
5245,2024-01-16,441,39,2,1,128.17,9.56,128.17,118.61,0,On Time,Online,Future
5246,2024-03-05,744,56,2,4,166.72,26.52,666.88,640.36,0,On Time,Click & Collect,Future
5247,2025-05-26,927,88,5,4,41.48,6.27,165.92,159.65,0,On Time,Online,Current
5248,2024-12-16,761,53,6,4,103.59,5.41,414.36,408.95,0,On Time,Online,Current
5249,2024-08-31,958,94,1,3,56.02,12.83,168.06,155.23,0,On Time,Online,Current
5250,2024-11-07,629,112,2,4,167.65,6.93,670.6,663.67,0,On Time,Click & Collect,Current
5251,2024-02-16,995,99,6,3,170.64,17.59,511.92,494.33,0,On Time,Online,Future
5252,2024-07-28,206,47,5,1,146.36,13.39,146.36,132.97,0,On Time,Online,Current
5253,2024-01-17,208,35,2,2,41.4,19.23,82.8,63.57,0,On Time,In-Store,Current
5254,2024-06-17,151,55,6,3,80.85,17.8,242.55,224.75,0,On Time,Online,Future
5255,2024-12-12,14,11,6,2,40.32,31.32,80.64,49.32,0,On Time,Online,Future
5256,2025-04-03,746,17,6,1,141.85,26.68,141.85,115.17,0,On Time,Online,Future
5257,2024-12-25,655,4,2,3,143.64,29.78,430.92,401.14,2,Late,Click & Collect,Current
5258,2024-02-05,605,66,3,3,105.25,28.16,315.75,287.59,0,On Time,Online,Future
5259,2025-03-31,987,23,6,2,87.41,13.8,174.82,161.02,0,On Time,Online,Future
5260,2025-04-07,154,69,4,3,82.06,33.04,246.18,213.14,3,Late,Wholesale,Current
5261,2024-12-15,782,50,1,4,97.72,12.13,390.88,378.75,0,On Time,Click & Collect,Current
5262,2025-01-06,847,41,2,3,110.65,19.76,331.95,312.19,0,On Time,Online,Future
5263,2025-05-27,329,50,5,3,97.72,21.35,293.16,271.81,0,On Time,In-Store,Current
5264,2025-02-14,979,94,1,3,56.02,21.95,168.06,146.11,0,On Time,Wholesale,Future
5265,2024-06-12,814,33,4,3,219.29,21.55,657.87,636.32,0,On Time,Wholesale,Current
5266,2024-07-03,226,82,3,3,135.39,21.7,406.17,384.47,6,Late,Click & Collect,Current
5267,2024-03-03,633,14,6,1,85.15,25.98,85.15,59.17,0,On Time,Online,Future
5268,2024-04-25,786,88,1,4,41.48,18.03,165.92,147.89,0,On Time,Online,Future
5269,2024-06-02,432,118,2,4,167.17,11.36,668.68,657.32,2,Late,Online,Current
5270,2025-03-22,265,43,1,1,129.42,34.19,129.42,95.23,0,On Time,Online,Current
5271,2025-10-08,27,99,2,1,170.64,31.18,170.64,139.46,0,On Time,Online,Future
5272,2024-09-08,117,102,3,2,68.71,6.04,137.42,131.38,0,On Time,Online,Future
5273,2024-06-16,575,25,6,4,27.12,11.45,108.48,97.03,1,Late,Online,Current
5274,2025-09-14,353,25,1,1,27.12,28.42,27.12,-1.3,0,On Time,Click & Collect,Current
5275,2024-03-11,82,108,2,4,50.05,4.39,200.2,195.81,0,On Time,Online,Current
5276,2025-07-27,726,75,6,4,112.15,24.75,448.6,423.85,0,On Time,Online,Current
5277,2024-03-06,48,6,4,2,127.67,27.21,255.34,228.13,0,On Time,Wholesale,Future
5278,2024-09-17,469,104,1,3,154.04,27.86,462.12,434.26,0,On Time,Click & Collect,Future
5279,2024-06-12,692,39,3,1,128.17,13.91,128.17,114.26,0,On Time,Click & Collect,Future
5280,2025-05-14,366,34,2,1,116.01,18.9,116.01,97.11,0,On Time,Online,Current
5281,2025-06-19,513,63,3,2,50.08,34.7,100.16,65.46,4,Late,Click & Collect,Current
5282,2025-09-01,660,15,1,2,76.6,30.06,153.2,123.14,0,On Time,Online,Current
5283,2024-12-17,15,7,2,3,172.34,13.69,517.02,503.33,7,Late,Click & Collect,Current
5284,2025-04-30,438,95,6,2,168.8,27.89,337.6,309.71,7,Late,Online,Current
5285,2025-11-30,437,91,6,2,85.5,1.5,171.0,169.5,4,Late,Online,Current
5286,2025-07-23,309,65,2,4,71.32,11.25,285.28,274.03,0,On Time,In-Store,Current
5287,2025-03-29,104,90,4,4,82.64,25.83,330.56,304.73,0,On Time,Click & Collect,Future
5288,2024-08-28,784,9,6,2,102.79,9.75,205.58,195.83,0,On Time,Online,Current
5289,2024-10-25,132,24,2,4,152.6,8.76,610.4,601.64,0,On Time,Click & Collect,Future
5290,2025-02-13,168,62,2,1,180.58,0.73,180.58,179.85,0,On Time,Online,Future
5291,2025-05-13,836,88,5,4,41.48,13.77,165.92,152.15,0,On Time,Wholesale,Current
5292,2024-03-23,60,73,6,3,20.46,15.47,61.38,45.91,0,On Time,Online,Current
5293,2025-09-04,170,54,6,1,110.37,25.54,110.37,84.83,0,On Time,Online,Current
5294,2024-09-25,809,22,6,3,118.48,13.49,355.44,341.95,2,Late,Online,Future
5295,2024-03-15,997,27,4,1,148.3,20.59,148.3,127.71,0,On Time,Online,Current
5296,2024-09-15,394,34,2,4,116.01,2.02,464.04,462.02,0,On Time,Online,Current
5297,2025-05-10,706,89,6,1,144.37,27.58,144.37,116.79,0,On Time,Online,Current
5298,2025-09-29,60,27,1,4,148.3,12.51,593.2,580.69,0,On Time,Online,Current
5299,2025-04-01,58,101,6,4,123.75,16.16,495.0,478.84,2,Late,Online,Future
5300,2024-09-14,240,3,1,1,182.39,15.91,182.39,166.48,0,On Time,Wholesale,Current
5301,2024-07-18,96,20,6,1,93.73,2.75,93.73,90.98,0,On Time,Online,Current
5302,2024-08-06,723,84,1,4,108.1,14.84,432.4,417.56,0,On Time,Online,Current
5303,2024-10-27,115,29,3,4,130.05,21.62,520.2,498.58,0,On Time,In-Store,Current
5304,2024-10-16,444,55,2,1,80.85,4.5,80.85,76.35,0,On Time,Wholesale,Current
5305,2025-08-18,954,96,5,3,44.65,24.18,133.95,109.77,0,On Time,In-Store,Current
5306,2025-03-30,927,5,6,1,140.44,33.1,140.44,107.34,0,On Time,Online,Current
5307,2024-05-05,651,4,1,4,143.64,11.1,574.56,563.46,4,Late,In-Store,Current
5308,2025-12-25,62,95,5,1,168.8,11.53,168.8,157.27,0,On Time,Online,Future
5309,2024-11-04,685,23,6,2,87.41,30.31,174.82,144.51,0,On Time,In-Store,Future
5310,2025-02-21,797,104,4,4,154.04,21.85,616.16,594.31,2,Late,In-Store,Current
5311,2024-04-26,954,19,6,3,118.63,27.83,355.89,328.06,1,Late,Online,Future
5312,2025-10-14,284,95,6,1,168.8,28.09,168.8,140.71,0,On Time,Click & Collect,Future
5313,2025-02-01,937,99,2,3,170.64,32.99,511.92,478.93,0,On Time,Online,Current
5314,2024-02-06,239,13,6,4,109.25,31.23,437.0,405.77,0,On Time,Online,Future
5315,2024-05-23,317,32,4,3,183.92,13.4,551.76,538.36,0,On Time,Click & Collect,Current
5316,2024-06-15,693,30,1,2,33.3,29.28,66.6,37.32,0,On Time,Wholesale,Current
5317,2024-03-24,807,35,4,2,41.4,19.72,82.8,63.08,0,On Time,Online,Future
5318,2025-09-12,330,94,2,1,56.02,19.87,56.02,36.15,0,On Time,Online,Current
5319,2024-03-14,337,28,1,1,154.21,28.09,154.21,126.12,0,On Time,Online,Current
5320,2024-06-16,397,36,6,1,162.38,28.75,162.38,133.63,0,On Time,Online,Future
5321,2024-05-10,845,18,2,3,53.11,2.66,159.33,156.67,0,On Time,Wholesale,Future
5322,2025-07-29,885,65,3,2,71.32,30.94,142.64,111.7,5,Late,Wholesale,Current
5323,2024-11-24,664,11,1,4,40.32,4.27,161.28,157.01,0,On Time,Online,Future
5324,2024-07-24,762,69,2,2,82.06,7.68,164.12,156.44,0,On Time,Click & Collect,Future
5325,2025-11-26,504,81,6,3,110.75,2.76,332.25,329.49,0,On Time,Online,Future
5326,2025-04-30,422,34,4,2,116.01,16.33,232.02,215.69,0,On Time,In-Store,Current
5327,2024-08-31,776,64,3,4,106.6,13.38,426.4,413.02,0,On Time,Online,Future
5328,2024-07-28,320,99,4,4,170.64,24.47,682.56,658.09,0,On Time,Online,Current
5329,2025-04-16,328,102,5,4,68.71,30.62,274.84,244.22,0,On Time,Online,Future
5330,2024-05-19,566,46,6,1,117.41,3.88,117.41,113.53,1,Late,Online,Future
5331,2024-03-07,696,93,4,2,119.71,19.77,239.42,219.65,0,On Time,Online,Future
5332,2024-10-07,229,35,2,2,41.4,13.6,82.8,69.2,0,On Time,Click & Collect,Current
5333,2024-11-06,340,105,4,1,45.95,14.16,45.95,31.79,0,On Time,Wholesale,Future
5334,2024-02-10,565,87,2,2,80.57,6.89,161.14,154.25,0,On Time,Wholesale,Future
5335,2025-03-16,617,113,4,2,120.7,23.02,241.4,218.38,0,On Time,Click & Collect,Future
5336,2025-05-22,215,32,5,1,183.92,9.99,183.92,173.93,0,On Time,Click & Collect,Future
5337,2025-09-22,949,107,2,3,49.65,21.95,148.95,127.0,0,On Time,Wholesale,Current
5338,2024-12-12,523,103,1,4,113.76,10.87,455.04,444.17,0,On Time,Online,Future
5339,2024-07-29,915,25,1,3,27.12,6.62,81.36,74.74,0,On Time,In-Store,Current
5340,2024-12-10,411,5,1,3,140.44,13.29,421.32,408.03,0,On Time,Wholesale,Future
5341,2024-04-21,908,45,2,2,29.58,19.52,59.16,39.64,0,On Time,Online,Current
5342,2024-01-05,676,28,6,3,154.21,19.2,462.63,443.43,3,Late,Online,Current
5343,2024-09-21,987,116,1,3,159.24,32.33,477.72,445.39,0,On Time,Online,Future
5344,2025-01-30,254,46,6,3,117.41,22.38,352.23,329.85,0,On Time,Online,Future
5345,2025-10-27,993,2,1,2,200.36,20.22,400.72,380.5,0,On Time,In-Store,Future
5346,2024-04-17,902,96,6,1,44.65,3.74,44.65,40.91,0,On Time,Online,Current
5347,2024-10-21,358,86,2,1,102.94,8.32,102.94,94.62,0,On Time,Online,Current
5348,2025-11-20,287,58,2,2,118.61,1.38,237.22,235.84,0,On Time,Wholesale,Future
5349,2024-11-01,108,119,1,3,21.52,14.0,64.56,50.56,0,On Time,Wholesale,Future
5350,2024-12-20,207,102,6,3,68.71,6.26,206.13,199.87,0,On Time,In-Store,Future
5351,2024-01-26,365,78,3,4,57.86,14.47,231.44,216.97,4,Late,Online,Current
5352,2025-07-02,904,8,6,2,62.57,12.04,125.14,113.1,0,On Time,Online,Future
5353,2025-05-09,852,14,2,1,85.15,27.91,85.15,57.24,3,Late,Online,Current
5354,2025-05-16,817,2,1,1,200.36,24.47,200.36,175.89,0,On Time,Wholesale,Future
5355,2025-06-12,406,65,6,2,71.32,32.04,142.64,110.6,0,On Time,Online,Future
5356,2025-11-04,270,64,4,3,106.6,21.91,319.8,297.89,0,On Time,Online,Future
5357,2024-07-22,45,19,6,3,118.63,1.55,355.89,354.34,4,Late,Online,Current
5358,2024-03-04,231,72,6,3,141.82,25.98,425.46,399.48,0,On Time,Wholesale,Future
5359,2025-02-01,379,101,5,3,123.75,5.01,371.25,366.24,7,Late,Online,Current
5360,2025-06-12,757,79,6,1,174.91,34.37,174.91,140.54,0,On Time,Online,Current
5361,2024-04-26,765,49,2,3,134.92,16.67,404.76,388.09,4,Late,In-Store,Current
5362,2024-12-30,321,97,3,2,54.01,7.09,108.02,100.93,0,On Time,Click & Collect,Current
5363,2024-08-09,12,110,6,4,159.94,25.39,639.76,614.37,0,On Time,Online,Current
5364,2025-09-16,616,23,2,2,87.41,1.0,174.82,173.82,0,On Time,Click & Collect,Current
5365,2025-09-19,930,12,3,3,177.18,13.97,531.54,517.57,0,On Time,Online,Future
5366,2025-05-22,186,18,6,3,53.11,11.94,159.33,147.39,0,On Time,Online,Current
5367,2025-08-27,817,15,4,4,76.6,32.94,306.4,273.46,1,Late,Online,Future
5368,2024-04-07,774,15,6,4,76.6,25.54,306.4,280.86,0,On Time,Online,Current
5369,2025-03-13,432,85,4,2,142.01,10.86,284.02,273.16,0,On Time,Online,Future
5370,2025-02-03,941,39,2,3,128.17,11.33,384.51,373.18,0,On Time,Online,Future
5371,2024-12-22,219,83,6,4,73.64,20.23,294.56,274.33,0,On Time,Online,Current
5372,2025-08-25,570,55,5,3,80.85,4.93,242.55,237.62,0,On Time,Online,Future
5373,2025-01-18,326,1,6,3,125.71,33.18,377.13,343.95,0,On Time,Online,Future
5374,2025-04-26,542,96,1,2,44.65,27.83,89.3,61.47,0,On Time,Click & Collect,Future
5375,2024-05-11,868,105,4,1,45.95,10.51,45.95,35.44,0,On Time,Online,Future
5376,2024-10-24,195,47,1,1,146.36,27.8,146.36,118.56,1,Late,Wholesale,Current
5377,2025-12-17,403,74,3,3,120.32,28.47,360.96,332.49,0,On Time,Wholesale,Future
5378,2025-06-04,517,62,6,4,180.58,13.56,722.32,708.76,0,On Time,Online,Current
5379,2025-04-28,639,31,5,2,64.76,28.16,129.52,101.36,0,On Time,Online,Current
5380,2025-10-30,277,51,3,3,110.62,6.2,331.86,325.66,0,On Time,Online,Future
5381,2025-11-28,361,6,6,3,127.67,3.02,383.01,379.99,0,On Time,Online,Current
5382,2025-11-22,308,104,4,4,154.04,4.88,616.16,611.28,0,On Time,Click & Collect,Current
5383,2025-08-30,476,3,6,2,182.39,25.21,364.78,339.57,0,On Time,Wholesale,Current
5384,2025-07-17,517,14,1,3,85.15,15.26,255.45,240.19,0,On Time,Online,Future
5385,2024-12-04,991,64,6,3,106.6,12.43,319.8,307.37,0,On Time,Online,Future
5386,2024-05-18,175,104,6,1,154.04,8.31,154.04,145.73,0,On Time,Online,Future
5387,2025-10-10,732,118,6,1,167.17,15.09,167.17,152.08,0,On Time,Online,Current
5388,2025-09-01,371,71,3,3,135.62,23.62,406.86,383.24,0,On Time,Online,Current
5389,2025-03-19,989,86,3,2,102.94,5.92,205.88,199.96,0,On Time,Wholesale,Future
5390,2025-12-13,376,117,4,4,131.87,1.4,527.48,526.08,0,On Time,Online,Current
5391,2024-10-14,267,22,2,4,118.48,20.61,473.92,453.31,4,Late,Online,Current
5392,2025-07-13,790,13,6,2,109.25,34.3,218.5,184.2,6,Late,In-Store,Current
5393,2024-07-31,604,32,2,4,183.92,18.67,735.68,717.01,0,On Time,Online,Current
5394,2025-08-07,324,10,4,2,78.41,31.54,156.82,125.28,0,On Time,Click & Collect,Current
5395,2024-10-21,842,89,6,4,144.37,14.8,577.48,562.68,0,On Time,Online,Future
5396,2025-04-06,466,3,6,2,182.39,32.71,364.78,332.07,0,On Time,Online,Current
5397,2024-11-23,764,39,1,1,128.17,34.54,128.17,93.63,0,On Time,Click & Collect,Future
5398,2024-07-01,898,66,2,1,105.25,4.83,105.25,100.42,0,On Time,Online,Current
5399,2025-03-30,735,89,3,4,144.37,11.68,577.48,565.8,4,Late,In-Store,Current
5400,2025-06-16,391,64,3,2,106.6,28.94,213.2,184.26,0,On Time,In-Store,Future
5401,2024-11-30,779,76,4,1,128.17,27.0,128.17,101.17,0,On Time,Click & Collect,Current
5402,2024-12-04,54,110,3,2,159.94,1.33,319.88,318.55,0,On Time,Online,Current
5403,2025-12-03,21,17,6,4,141.85,27.74,567.4,539.66,0,On Time,Click & Collect,Current
5404,2024-07-26,567,48,2,1,94.16,1.39,94.16,92.77,0,On Time,Online,Future
5405,2025-11-11,658,26,6,3,117.76,5.27,353.28,348.01,7,Late,Online,Current
5406,2024-11-10,17,69,3,2,82.06,5.25,164.12,158.87,0,On Time,Online,Future
5407,2025-06-02,739,83,6,2,73.64,18.07,147.28,129.21,7,Late,Online,Current
5408,2024-06-23,736,97,2,3,54.01,13.27,162.03,148.76,0,On Time,Wholesale,Current
5409,2024-05-25,256,96,1,2,44.65,14.41,89.3,74.89,2,Late,Click & Collect,Current
5410,2024-09-07,132,32,1,2,183.92,30.3,367.84,337.54,0,On Time,Online,Future
5411,2025-02-15,8,33,5,3,219.29,31.11,657.87,626.76,0,On Time,Online,Current
5412,2024-08-11,85,1,6,4,125.71,26.18,502.84,476.66,5,Late,Online,Current
5413,2024-02-15,372,36,4,4,162.38,12.35,649.52,637.17,0,On Time,Online,Current
5414,2024-04-11,14,86,4,1,102.94,32.25,102.94,70.69,0,On Time,Click & Collect,Future
5415,2024-03-24,462,117,1,4,131.87,24.6,527.48,502.88,0,On Time,Wholesale,Current
5416,2024-04-22,872,32,6,2,183.92,10.37,367.84,357.47,0,On Time,Online,Future
5417,2024-05-11,795,9,2,4,102.79,18.27,411.16,392.89,0,On Time,Wholesale,Future
5418,2024-08-14,598,107,6,3,49.65,34.91,148.95,114.04,0,On Time,Wholesale,Current
5419,2025-02-25,667,111,6,2,139.05,5.59,278.1,272.51,0,On Time,Online,Future
5420,2025-09-14,205,84,3,3,108.1,10.81,324.3,313.49,0,On Time,Online,Future
5421,2024-01-08,25,31,3,3,64.76,8.33,194.28,185.95,7,Late,Click & Collect,Current
5422,2025-01-23,78,44,1,3,107.15,15.46,321.45,305.99,0,On Time,In-Store,Future
5423,2024-05-13,927,101,6,2,123.75,25.42,247.5,222.08,0,On Time,Online,Future
5424,2025-04-26,574,109,3,4,65.96,19.98,263.84,243.86,4,Late,Wholesale,Current
5425,2025-07-29,169,112,3,4,167.65,16.24,670.6,654.36,0,On Time,In-Store,Current
5426,2024-01-01,556,84,5,3,108.1,30.39,324.3,293.91,3,Late,Online,Current
5427,2024-06-12,66,105,1,4,45.95,16.45,183.8,167.35,0,On Time,Online,Future
5428,2024-09-29,910,101,5,2,123.75,4.51,247.5,242.99,0,On Time,Click & Collect,Future
5429,2025-10-05,338,31,1,1,64.76,1.49,64.76,63.27,0,On Time,Click & Collect,Current
5430,2025-04-15,976,69,1,2,82.06,34.18,164.12,129.94,6,Late,Online,Current
5431,2024-03-28,955,57,1,1,144.33,8.99,144.33,135.34,0,On Time,Click & Collect,Future
5432,2024-09-13,514,27,6,3,148.3,6.64,444.9,438.26,0,On Time,Online,Current
5433,2024-12-21,482,3,4,2,182.39,24.25,364.78,340.53,0,On Time,Online,Future
5434,2024-12-17,956,30,1,4,33.3,33.27,133.2,99.93,0,On Time,Online,Current
5435,2025-11-25,635,63,1,4,50.08,10.05,200.32,190.27,0,On Time,Wholesale,Current
5436,2024-09-10,550,16,6,1,103.76,18.98,103.76,84.78,0,On Time,Online,Current
5437,2024-12-14,662,69,1,3,82.06,16.96,246.18,229.22,2,Late,Online,Future
5438,2025-11-06,242,12,6,2,177.18,10.4,354.36,343.96,0,On Time,Online,Current
5439,2024-12-21,903,43,1,2,129.42,6.64,258.84,252.2,7,Late,Click & Collect,Current
5440,2025-04-26,507,45,1,1,29.58,2.65,29.58,26.93,0,On Time,Online,Future
5441,2024-04-10,716,56,6,1,166.72,22.21,166.72,144.51,0,On Time,Online,Current
5442,2024-05-01,861,6,6,4,127.67,17.71,510.68,492.97,0,On Time,Online,Future
5443,2025-09-23,70,30,1,3,33.3,6.65,99.9,93.25,7,Late,In-Store,Current
5444,2025-06-23,704,36,6,1,162.38,22.33,162.38,140.05,0,On Time,Online,Current
5445,2024-04-23,807,86,3,2,102.94,27.12,205.88,178.76,0,On Time,Online,Future
5446,2024-07-05,285,41,6,3,110.65,11.78,331.95,320.17,0,On Time,Online,Future
5447,2024-04-05,510,90,1,1,82.64,7.52,82.64,75.12,0,On Time,Online,Current
5448,2024-10-17,892,22,6,3,118.48,12.07,355.44,343.37,0,On Time,Online,Current
5449,2024-05-28,321,118,2,3,167.17,27.01,501.51,474.5,0,On Time,Click & Collect,Current
5450,2025-06-23,25,7,3,2,172.34,12.03,344.68,332.65,0,On Time,Click & Collect,Current
5451,2025-10-20,264,55,3,1,80.85,14.34,80.85,66.51,0,On Time,Online,Future
5452,2025-12-11,746,53,3,4,103.59,4.93,414.36,409.43,0,On Time,Click & Collect,Current
5453,2024-01-16,23,81,3,2,110.75,26.25,221.5,195.25,0,On Time,Wholesale,Future
5454,2024-07-19,151,112,5,4,167.65,10.24,670.6,660.36,0,On Time,Wholesale,Future
5455,2024-12-22,998,74,1,3,120.32,18.0,360.96,342.96,0,On Time,In-Store,Future
5456,2025-09-03,203,82,6,2,135.39,8.56,270.78,262.22,3,Late,Online,Current
5457,2025-09-14,990,92,2,4,46.38,5.92,185.52,179.6,0,On Time,Online,Current
5458,2025-06-01,59,111,5,2,139.05,13.46,278.1,264.64,0,On Time,Online,Current
5459,2025-01-11,384,14,6,4,85.15,5.4,340.6,335.2,5,Late,Online,Current
5460,2024-12-14,95,88,6,4,41.48,2.25,165.92,163.67,0,On Time,Online,Future
5461,2024-04-23,72,117,6,1,131.87,31.14,131.87,100.73,0,On Time,Online,Current
5462,2024-03-04,357,1,5,4,125.71,11.77,502.84,491.07,2,Late,Online,Current
5463,2024-03-11,805,22,5,1,118.48,31.0,118.48,87.48,0,On Time,Online,Current
5464,2024-09-20,226,69,3,1,82.06,32.43,82.06,49.63,0,On Time,Wholesale,Future
5465,2024-03-25,522,60,6,1,148.3,6.12,148.3,142.18,7,Late,Online,Current
5466,2024-04-06,880,85,1,4,142.01,21.95,568.04,546.09,0,On Time,Click & Collect,Future
5467,2024-11-30,188,100,1,4,91.89,22.06,367.56,345.5,7,Late,Online,Current
5468,2024-07-06,836,90,6,1,82.64,26.31,82.64,56.33,0,On Time,Online,Future
5469,2024-01-20,767,77,4,1,132.93,28.05,132.93,104.88,0,On Time,Click & Collect,Current
5470,2025-08-29,636,94,6,2,56.02,27.99,112.04,84.05,0,On Time,Online,Future
5471,2025-03-31,289,105,6,2,45.95,13.55,91.9,78.35,0,On Time,Online,Future
5472,2024-11-24,922,20,4,2,93.73,19.89,187.46,167.57,2,Late,Click & Collect,Current
5473,2024-08-11,526,66,3,3,105.25,8.28,315.75,307.47,0,On Time,Wholesale,Future
5474,2025-03-21,955,95,1,3,168.8,31.6,506.4,474.8,0,On Time,Online,Future
5475,2025-10-14,436,44,2,3,107.15,26.07,321.45,295.38,1,Late,Online,Current
5476,2025-05-21,192,40,6,4,35.44,12.27,141.76,129.49,0,On Time,Online,Current
5477,2024-04-03,154,11,4,2,40.32,25.62,80.64,55.02,0,On Time,Wholesale,Future
5478,2025-10-25,895,2,1,1,200.36,1.31,200.36,199.05,0,On Time,Click & Collect,Current
5479,2024-04-03,561,71,6,3,135.62,4.25,406.86,402.61,0,On Time,Online,Future
5480,2025-02-24,414,67,4,3,214.61,23.38,643.83,620.45,0,On Time,Click & Collect,Current
5481,2024-08-10,142,78,1,2,57.86,31.8,115.72,83.92,0,On Time,In-Store,Current
5482,2024-02-01,383,19,5,2,118.63,3.61,237.26,233.65,0,On Time,Online,Current
5483,2024-08-03,423,37,2,2,141.5,10.83,283.0,272.17,0,On Time,Online,Current
5484,2025-07-16,335,79,4,1,174.91,8.3,174.91,166.61,0,On Time,Online,Current
5485,2024-03-16,729,28,4,1,154.21,32.3,154.21,121.91,0,On Time,Online,Current
5486,2025-08-18,607,62,5,1,180.58,17.82,180.58,162.76,6,Late,Online,Current
5487,2025-06-20,971,60,2,4,148.3,18.78,593.2,574.42,0,On Time,Online,Future
5488,2025-07-18,58,115,3,2,131.17,4.52,262.34,257.82,0,On Time,Wholesale,Future
5489,2024-01-21,740,44,6,4,107.15,24.07,428.6,404.53,2,Late,Online,Current
5490,2024-07-03,828,23,6,2,87.41,19.63,174.82,155.19,4,Late,Online,Current
5491,2024-03-17,208,82,3,1,135.39,1.51,135.39,133.88,0,On Time,Wholesale,Future
5492,2025-08-19,32,119,6,4,21.52,21.28,86.08,64.8,0,On Time,Online,Future
5493,2024-06-13,52,53,3,2,103.59,31.02,207.18,176.16,0,On Time,Click & Collect,Current
5494,2025-02-15,545,81,1,3,110.75,34.66,332.25,297.59,7,Late,In-Store,Current
5495,2025-03-20,554,69,6,4,82.06,33.32,328.24,294.92,0,On Time,Online,Future
5496,2025-05-06,93,35,2,2,41.4,13.51,82.8,69.29,0,On Time,Online,Current
5497,2024-01-27,488,86,6,2,102.94,28.35,205.88,177.53,0,On Time,Online,Future
5498,2024-08-01,403,107,4,2,49.65,30.26,99.3,69.04,0,On Time,Online,Current
5499,2024-09-30,894,10,2,4,78.41,12.13,313.64,301.51,0,On Time,Online,Current
5500,2025-09-05,884,45,6,2,29.58,32.61,59.16,26.55,0,On Time,Online,Current
5501,2024-04-18,238,108,6,4,50.05,20.71,200.2,179.49,0,On Time,Online,Current
5502,2025-07-18,119,42,1,2,65.4,17.55,130.8,113.25,0,On Time,Click & Collect,Future
5503,2025-06-29,953,83,6,2,73.64,13.7,147.28,133.58,0,On Time,Click & Collect,Future
5504,2024-04-16,161,92,6,2,46.38,19.92,92.76,72.84,0,On Time,Online,Current
5505,2025-07-24,296,16,6,4,103.76,30.18,415.04,384.86,0,On Time,Click & Collect,Current
5506,2024-03-13,964,18,6,1,53.11,15.41,53.11,37.7,0,On Time,Online,Current
5507,2024-01-19,321,81,1,1,110.75,21.77,110.75,88.98,0,On Time,Wholesale,Future
5508,2025-12-02,359,32,4,1,183.92,33.89,183.92,150.03,0,On Time,In-Store,Current
5509,2024-03-21,567,118,6,2,167.17,7.52,334.34,326.82,0,On Time,Online,Future
5510,2025-05-10,867,2,6,1,200.36,29.77,200.36,170.59,1,Late,Online,Current
5511,2024-08-06,789,43,4,3,129.42,2.57,388.26,385.69,0,On Time,Online,Current
5512,2024-12-15,481,97,6,3,54.01,22.73,162.03,139.3,0,On Time,Online,Future
5513,2024-08-21,498,43,6,1,129.42,9.68,129.42,119.74,1,Late,Online,Current
5514,2025-01-20,9,13,3,1,109.25,10.5,109.25,98.75,0,On Time,Online,Future
5515,2025-05-11,946,110,2,4,159.94,12.41,639.76,627.35,2,Late,Wholesale,Future
5516,2025-07-21,813,9,5,3,102.79,11.53,308.37,296.84,0,On Time,Wholesale,Current
5517,2025-10-07,65,98,3,3,192.94,33.62,578.82,545.2,2,Late,Wholesale,Current
5518,2025-08-14,892,16,3,1,103.76,30.09,103.76,73.67,0,On Time,Wholesale,Future
5519,2025-06-25,414,26,6,2,117.76,22.06,235.52,213.46,0,On Time,Online,Current
5520,2024-12-08,782,89,2,3,144.37,28.76,433.11,404.35,0,On Time,Online,Future
5521,2024-08-05,46,23,6,1,87.41,34.66,87.41,52.75,0,On Time,Online,Current
5522,2024-12-24,896,94,2,2,56.02,0.2,112.04,111.84,0,On Time,Online,Current
5523,2025-08-22,121,103,1,4,113.76,4.11,455.04,450.93,0,On Time,Online,Future
5524,2024-02-20,27,7,6,2,172.34,14.23,344.68,330.45,0,On Time,Online,Current
5525,2024-06-14,352,49,6,4,134.92,10.43,539.68,529.25,0,On Time,Online,Current
5526,2025-04-21,596,67,6,3,214.61,20.78,643.83,623.05,0,On Time,Online,Current
5527,2025-10-16,911,103,4,3,113.76,18.71,341.28,322.57,0,On Time,Online,Future
5528,2025-10-18,368,6,2,4,127.67,28.05,510.68,482.63,6,Late,Wholesale,Current
5529,2024-03-04,591,78,5,3,57.86,5.72,173.58,167.86,0,On Time,Online,Current
5530,2024-04-23,488,120,6,3,47.37,18.9,142.11,123.21,0,On Time,Online,Future
5531,2024-08-13,245,54,6,3,110.37,6.1,331.11,325.01,0,On Time,Online,Future
5532,2025-11-01,756,83,1,3,73.64,23.17,220.92,197.75,0,On Time,Click & Collect,Current
5533,2024-07-16,153,2,6,1,200.36,14.96,200.36,185.4,0,On Time,Wholesale,Current
5534,2025-04-19,165,46,1,4,117.41,10.3,469.64,459.34,0,On Time,Online,Future
5535,2025-10-29,445,13,1,1,109.25,7.04,109.25,102.21,0,On Time,Wholesale,Current
5536,2024-10-15,949,37,5,1,141.5,16.13,141.5,125.37,0,On Time,Online,Current
5537,2025-08-26,679,107,2,2,49.65,21.16,99.3,78.14,0,On Time,Click & Collect,Future
5538,2024-08-18,376,82,4,1,135.39,7.92,135.39,127.47,3,Late,Wholesale,Current
5539,2024-12-27,119,102,2,1,68.71,12.15,68.71,56.56,0,On Time,In-Store,Future
5540,2024-11-26,341,22,6,2,118.48,1.86,236.96,235.1,0,On Time,Online,Future
5541,2025-03-24,480,90,6,1,82.64,9.63,82.64,73.01,0,On Time,Online,Current
5542,2024-05-29,927,82,3,4,135.39,10.03,541.56,531.53,0,On Time,Online,Future
5543,2025-11-11,245,16,3,2,103.76,16.67,207.52,190.85,0,On Time,Click & Collect,Future
5544,2024-02-20,448,91,6,3,85.5,12.4,256.5,244.1,3,Late,Online,Current
5545,2025-01-20,331,67,1,4,214.61,26.59,858.44,831.85,0,On Time,Click & Collect,Current
5546,2024-03-08,117,92,6,3,46.38,9.0,139.14,130.14,0,On Time,Online,Current
5547,2024-10-20,386,71,5,2,135.62,5.5,271.24,265.74,0,On Time,Online,Future
5548,2024-02-26,2,48,2,2,94.16,0.32,188.32,188.0,0,On Time,Online,Future
5549,2024-06-14,993,81,3,2,110.75,4.99,221.5,216.51,0,On Time,Online,Current
5550,2025-07-21,379,103,6,2,113.76,0.52,227.52,227.0,3,Late,Online,Current
5551,2025-08-08,837,114,2,4,83.67,0.07,334.68,334.61,2,Late,Wholesale,Current
5552,2024-01-21,831,46,4,3,117.41,27.66,352.23,324.57,0,On Time,Wholesale,Current
5553,2024-05-22,302,91,5,1,85.5,31.66,85.5,53.84,0,On Time,Click & Collect,Current
5554,2025-09-01,736,21,1,3,44.65,2.24,133.95,131.71,7,Late,Click & Collect,Current
5555,2024-03-25,390,3,2,2,182.39,23.12,364.78,341.66,0,On Time,Click & Collect,Current
5556,2024-07-30,623,79,1,4,174.91,5.43,699.64,694.21,0,On Time,Online,Future
5557,2024-08-07,7,120,6,3,47.37,23.19,142.11,118.92,0,On Time,Online,Current
5558,2025-12-24,954,50,1,2,97.72,3.13,195.44,192.31,0,On Time,In-Store,Current
5559,2024-01-10,5,62,6,3,180.58,29.03,541.74,512.71,0,On Time,Online,Future
5560,2025-06-08,792,80,3,4,119.07,27.85,476.28,448.43,0,On Time,Online,Current
5561,2025-01-10,534,91,6,2,85.5,12.98,171.0,158.02,2,Late,Online,Future
5562,2024-05-05,531,79,6,3,174.91,5.99,524.73,518.74,0,On Time,Online,Future
5563,2024-07-18,856,53,1,1,103.59,3.62,103.59,99.97,0,On Time,Click & Collect,Current
5564,2025-03-14,740,105,2,1,45.95,14.14,45.95,31.81,0,On Time,Online,Current
5565,2024-02-07,88,86,1,2,102.94,12.96,205.88,192.92,0,On Time,Online,Current
5566,2025-12-08,817,67,5,3,214.61,16.13,643.83,627.7,0,On Time,Online,Current
5567,2025-08-03,958,95,6,1,168.8,19.14,168.8,149.66,0,On Time,Online,Future
5568,2024-06-28,275,3,1,3,182.39,11.46,547.17,535.71,0,On Time,Wholesale,Future
5569,2025-03-20,133,56,5,1,166.72,10.46,166.72,156.26,0,On Time,Wholesale,Current
5570,2024-02-23,970,85,4,2,142.01,28.58,284.02,255.44,0,On Time,Click & Collect,Current
5571,2024-08-15,300,89,1,3,144.37,34.38,433.11,398.73,0,On Time,Click & Collect,Future
5572,2024-04-15,339,98,6,1,192.94,4.53,192.94,188.41,6,Late,Online,Current
5573,2025-12-27,357,82,1,3,135.39,25.61,406.17,380.56,4,Late,Wholesale,Current
5574,2024-05-12,15,99,4,3,170.64,30.16,511.92,481.76,4,Late,In-Store,Current
5575,2024-06-29,632,96,6,1,44.65,30.97,44.65,13.68,6,Late,Online,Current
5576,2024-06-01,73,85,4,1,142.01,14.64,142.01,127.37,0,On Time,Wholesale,Current
5577,2025-05-23,167,116,6,1,159.24,33.42,159.24,125.82,0,On Time,Online,Current
5578,2024-06-05,968,23,6,3,87.41,31.69,262.23,230.54,0,On Time,Online,Future
5579,2025-04-04,786,45,6,4,29.58,18.21,118.32,100.11,0,On Time,Online,Current
5580,2024-11-18,93,9,2,4,102.79,14.85,411.16,396.31,0,On Time,Click & Collect,Current
5581,2024-03-31,129,68,6,3,76.01,17.77,228.03,210.26,0,On Time,Online,Future
5582,2025-12-18,526,95,6,4,168.8,11.32,675.2,663.88,0,On Time,Online,Future
5583,2024-07-28,822,8,3,1,62.57,0.06,62.57,62.51,0,On Time,In-Store,Current
5584,2025-07-13,648,51,1,1,110.62,32.79,110.62,77.83,0,On Time,In-Store,Future
5585,2025-08-06,612,27,1,2,148.3,7.47,296.6,289.13,2,Late,Wholesale,Future
5586,2025-01-07,566,35,3,2,41.4,0.39,82.8,82.41,0,On Time,In-Store,Future
5587,2025-04-01,345,1,1,4,125.71,1.49,502.84,501.35,0,On Time,Wholesale,Current
5588,2024-02-19,529,110,4,3,159.94,33.94,479.82,445.88,0,On Time,Click & Collect,Current
5589,2025-09-30,353,95,4,2,168.8,33.5,337.6,304.1,0,On Time,Online,Current
5590,2025-09-06,424,104,3,3,154.04,32.38,462.12,429.74,0,On Time,Wholesale,Future
5591,2025-02-12,682,18,6,2,53.11,12.17,106.22,94.05,2,Late,Online,Future
5592,2025-10-12,36,117,5,2,131.87,20.27,263.74,243.47,2,Late,In-Store,Current
5593,2025-01-08,826,21,1,3,44.65,15.81,133.95,118.14,0,On Time,Online,Future
5594,2024-03-01,508,62,6,4,180.58,3.89,722.32,718.43,1,Late,Click & Collect,Current
5595,2024-07-22,242,44,5,1,107.15,2.49,107.15,104.66,6,Late,In-Store,Current
5596,2024-12-31,532,19,2,3,118.63,18.16,355.89,337.73,0,On Time,Online,Future
5597,2024-07-27,637,119,5,1,21.52,25.21,21.52,-3.69,0,On Time,In-Store,Future
5598,2024-11-23,159,45,5,2,29.58,24.67,59.16,34.49,0,On Time,Online,Future
5599,2025-12-13,417,7,6,4,172.34,0.8,689.36,688.56,0,On Time,Online,Current
5600,2024-02-27,581,89,3,4,144.37,22.41,577.48,555.07,0,On Time,Wholesale,Current
5601,2024-05-25,742,7,1,2,172.34,6.75,344.68,337.93,0,On Time,Click & Collect,Future
5602,2024-07-13,169,86,1,2,102.94,10.15,205.88,195.73,2,Late,Click & Collect,Current
5603,2025-03-19,460,79,1,4,174.91,10.77,699.64,688.87,1,Late,Online,Current
5604,2025-06-05,191,51,6,2,110.62,31.74,221.24,189.5,4,Late,Online,Current
5605,2025-11-02,294,60,6,2,148.3,14.37,296.6,282.23,0,On Time,Online,Current
5606,2025-06-16,69,33,6,4,219.29,1.19,877.16,875.97,1,Late,Online,Current
5607,2025-06-16,586,81,4,2,110.75,5.27,221.5,216.23,0,On Time,Online,Future
5608,2024-10-16,727,45,6,4,29.58,28.33,118.32,89.99,0,On Time,Click & Collect,Current
5609,2025-03-18,479,11,4,2,40.32,31.2,80.64,49.44,0,On Time,Wholesale,Future
5610,2024-03-14,539,89,1,3,144.37,26.49,433.11,406.62,0,On Time,Click & Collect,Future
5611,2025-12-05,386,68,2,1,76.01,7.94,76.01,68.07,0,On Time,Online,Future
5612,2025-09-07,201,36,4,3,162.38,1.4,487.14,485.74,0,On Time,Online,Current
5613,2025-07-13,951,1,6,1,125.71,32.59,125.71,93.12,0,On Time,Online,Current
5614,2024-05-25,882,111,6,3,139.05,18.7,417.15,398.45,6,Late,Online,Current
5615,2024-03-31,163,36,4,4,162.38,9.0,649.52,640.52,0,On Time,Online,Future
5616,2024-08-14,455,36,2,1,162.38,15.76,162.38,146.62,0,On Time,Click & Collect,Future
5617,2025-05-19,784,57,6,1,144.33,20.07,144.33,124.26,0,On Time,Online,Current
5618,2024-07-11,362,81,6,4,110.75,12.06,443.0,430.94,0,On Time,Online,Current
5619,2025-12-28,880,48,3,4,94.16,12.69,376.64,363.95,0,On Time,Online,Current
5620,2024-03-05,974,56,5,3,166.72,30.82,500.16,469.34,3,Late,In-Store,Current
5621,2025-09-15,477,57,2,3,144.33,33.92,432.99,399.07,0,On Time,Online,Future
5622,2025-07-27,65,40,5,1,35.44,6.39,35.44,29.05,0,On Time,In-Store,Current
5623,2025-10-06,555,117,3,4,131.87,22.96,527.48,504.52,3,Late,Wholesale,Current
5624,2025-03-08,166,98,6,4,192.94,29.1,771.76,742.66,2,Late,Online,Future
5625,2024-12-15,34,96,3,2,44.65,6.12,89.3,83.18,0,On Time,In-Store,Current
5626,2024-11-27,278,106,1,2,28.51,9.14,57.02,47.88,0,On Time,Wholesale,Current
5627,2024-09-09,609,94,3,2,56.02,6.63,112.04,105.41,0,On Time,Wholesale,Current
5628,2025-03-26,830,7,3,1,172.34,27.72,172.34,144.62,0,On Time,Click & Collect,Future
5629,2025-01-24,579,3,3,4,182.39,26.12,729.56,703.44,0,On Time,Online,Current
5630,2025-08-30,96,100,1,1,91.89,2.56,91.89,89.33,7,Late,Online,Current
5631,2025-09-26,75,22,6,1,118.48,29.04,118.48,89.44,0,On Time,Online,Current
5632,2025-06-08,83,56,6,3,166.72,1.29,500.16,498.87,0,On Time,Online,Future
5633,2025-09-20,19,19,6,4,118.63,19.4,474.52,455.12,0,On Time,Online,Future
5634,2025-12-07,98,25,5,1,27.12,26.22,27.12,0.9,0,On Time,Click & Collect,Current
5635,2025-09-11,904,70,6,4,117.81,19.93,471.24,451.31,0,On Time,Online,Future
5636,2025-06-11,255,20,6,4,93.73,18.04,374.92,356.88,2,Late,Online,Future
5637,2025-07-01,504,64,6,2,106.6,14.23,213.2,198.97,0,On Time,Online,Future
5638,2025-07-28,932,11,3,1,40.32,29.26,40.32,11.06,7,Late,Online,Current
5639,2025-02-01,63,6,6,4,127.67,22.44,510.68,488.24,2,Late,Online,Future
5640,2025-09-06,932,20,1,3,93.73,3.53,281.19,277.66,0,On Time,Online,Current
5641,2024-02-27,581,63,1,3,50.08,20.62,150.24,129.62,0,On Time,In-Store,Current
5642,2025-03-05,828,91,3,4,85.5,20.05,342.0,321.95,7,Late,Online,Current
5643,2024-04-21,611,116,2,2,159.24,16.58,318.48,301.9,0,On Time,Online,Current
5644,2024-05-05,39,17,6,4,141.85,12.12,567.4,555.28,0,On Time,Online,Current
5645,2024-10-28,800,52,4,1,18.05,19.46,18.05,-1.41,4,Late,Wholesale,Current
5646,2024-05-12,626,109,6,3,65.96,0.07,197.88,197.81,0,On Time,Online,Current
5647,2025-09-11,433,24,2,2,152.6,7.3,305.2,297.9,7,Late,Wholesale,Current
5648,2025-09-25,382,66,4,2,105.25,22.12,210.5,188.38,0,On Time,Click & Collect,Future
5649,2024-07-25,796,79,6,1,174.91,6.93,174.91,167.98,0,On Time,Online,Current
5650,2024-10-21,656,46,2,3,117.41,26.21,352.23,326.02,0,On Time,Online,Future
5651,2025-08-31,116,42,1,4,65.4,4.42,261.6,257.18,4,Late,Online,Current
5652,2024-07-11,955,53,6,2,103.59,28.53,207.18,178.65,1,Late,Online,Future
5653,2024-09-23,680,38,6,1,97.97,30.97,97.97,67.0,0,On Time,Online,Current
5654,2025-03-16,594,99,6,1,170.64,25.66,170.64,144.98,0,On Time,Online,Future
5655,2024-05-06,168,63,1,4,50.08,10.31,200.32,190.01,0,On Time,Online,Current
5656,2024-09-08,433,118,1,3,167.17,29.48,501.51,472.03,0,On Time,Click & Collect,Current
5657,2024-07-30,561,116,2,4,159.24,11.61,636.96,625.35,0,On Time,Click & Collect,Future
5658,2025-10-26,848,52,6,2,18.05,14.0,36.1,22.1,0,On Time,Online,Current
5659,2025-04-02,213,98,3,4,192.94,30.27,771.76,741.49,0,On Time,Online,Future
5660,2024-01-24,368,91,3,4,85.5,26.9,342.0,315.1,0,On Time,Online,Current
5661,2025-07-09,247,86,1,1,102.94,27.43,102.94,75.51,2,Late,In-Store,Future
5662,2024-09-12,838,42,4,2,65.4,10.27,130.8,120.53,0,On Time,Online,Current
5663,2024-01-18,758,86,3,3,102.94,28.64,308.82,280.18,0,On Time,Online,Current
5664,2025-08-27,140,49,2,4,134.92,18.24,539.68,521.44,0,On Time,Online,Future
5665,2024-03-08,956,8,1,1,62.57,13.8,62.57,48.77,5,Late,Online,Current
5666,2024-03-22,758,79,1,1,174.91,15.97,174.91,158.94,0,On Time,Online,Future
5667,2024-05-09,266,17,1,1,141.85,16.77,141.85,125.08,0,On Time,Wholesale,Future
5668,2025-10-24,956,15,1,4,76.6,18.75,306.4,287.65,0,On Time,Online,Future
5669,2024-07-01,163,73,1,2,20.46,5.52,40.92,35.4,0,On Time,Online,Future
5670,2024-10-05,809,2,2,2,200.36,14.06,400.72,386.66,3,Late,In-Store,Current
5671,2024-11-28,149,71,6,2,135.62,27.88,271.24,243.36,4,Late,Online,Current
5672,2024-04-17,714,44,6,2,107.15,9.4,214.3,204.9,1,Late,Online,Current
5673,2024-09-06,915,83,6,3,73.64,13.63,220.92,207.29,0,On Time,Online,Future
5674,2024-10-02,305,21,6,1,44.65,24.24,44.65,20.41,0,On Time,Click & Collect,Current
5675,2025-10-06,791,29,6,1,130.05,30.28,130.05,99.77,0,On Time,Online,Current
5676,2025-04-16,71,24,6,2,152.6,34.31,305.2,270.89,6,Late,In-Store,Current
5677,2025-12-08,314,119,6,1,21.52,31.23,21.52,-9.71,0,On Time,Online,Current
5678,2024-03-28,742,22,3,4,118.48,32.94,473.92,440.98,0,On Time,Online,Current
5679,2025-06-13,281,52,5,3,18.05,30.58,54.15,23.57,0,On Time,In-Store,Current
5680,2025-10-14,215,82,1,1,135.39,3.9,135.39,131.49,0,On Time,Online,Future
5681,2025-08-07,200,10,2,3,78.41,28.46,235.23,206.77,1,Late,Click & Collect,Current
5682,2024-06-21,587,102,5,4,68.71,18.2,274.84,256.64,0,On Time,Online,Future
5683,2025-01-03,821,83,3,4,73.64,5.26,294.56,289.3,0,On Time,Online,Current
5684,2025-02-19,485,38,2,3,97.97,18.57,293.91,275.34,0,On Time,Online,Current
5685,2025-09-11,76,59,2,2,99.02,21.71,198.04,176.33,0,On Time,Online,Future
5686,2025-07-15,305,34,6,3,116.01,30.99,348.03,317.04,0,On Time,Online,Current
5687,2025-10-25,376,95,1,4,168.8,4.34,675.2,670.86,0,On Time,Online,Current
5688,2025-01-24,836,47,6,1,146.36,30.55,146.36,115.81,0,On Time,Online,Future
5689,2025-10-03,994,103,6,2,113.76,31.46,227.52,196.06,0,On Time,Wholesale,Current
5690,2025-07-12,924,64,1,3,106.6,31.25,319.8,288.55,0,On Time,In-Store,Future
5691,2025-07-08,797,30,6,2,33.3,3.37,66.6,63.23,1,Late,Online,Future
5692,2025-07-14,91,27,5,3,148.3,5.84,444.9,439.06,0,On Time,Wholesale,Current
5693,2024-12-25,306,61,6,1,82.33,23.04,82.33,59.29,0,On Time,Online,Current
5694,2025-10-19,149,42,4,1,65.4,17.92,65.4,47.48,0,On Time,Wholesale,Current
5695,2024-05-17,676,79,6,2,174.91,28.99,349.82,320.83,0,On Time,Online,Current
5696,2024-12-11,282,7,6,2,172.34,8.63,344.68,336.05,0,On Time,Online,Future
5697,2025-03-29,440,108,2,3,50.05,26.28,150.15,123.87,0,On Time,Click & Collect,Future
5698,2025-07-31,978,84,5,3,108.1,17.32,324.3,306.98,0,On Time,Online,Current
5699,2025-06-20,938,1,2,1,125.71,31.33,125.71,94.38,1,Late,Online,Future
5700,2025-11-01,603,48,4,4,94.16,2.72,376.64,373.92,0,On Time,In-Store,Future
5701,2025-07-10,139,34,1,1,116.01,16.58,116.01,99.43,0,On Time,In-Store,Future
5702,2024-08-17,437,52,6,3,18.05,30.13,54.15,24.02,0,On Time,Online,Future
5703,2025-08-18,539,83,1,1,73.64,29.35,73.64,44.29,0,On Time,In-Store,Future
5704,2024-07-10,374,20,6,2,93.73,32.07,187.46,155.39,0,On Time,Online,Current
5705,2024-05-16,514,70,5,4,117.81,0.58,471.24,470.66,0,On Time,In-Store,Current
5706,2024-03-15,473,29,6,2,130.05,30.28,260.1,229.82,0,On Time,Online,Future
5707,2025-05-28,363,105,2,2,45.95,32.51,91.9,59.39,0,On Time,Online,Future
5708,2024-07-21,571,51,6,2,110.62,26.12,221.24,195.12,3,Late,Online,Current
5709,2025-02-08,880,35,3,1,41.4,24.63,41.4,16.77,1,Late,Online,Current
5710,2024-09-14,864,5,6,1,140.44,1.73,140.44,138.71,2,Late,Online,Current
5711,2024-03-14,454,59,6,4,99.02,1.6,396.08,394.48,0,On Time,Online,Current
5712,2024-01-01,606,8,6,4,62.57,6.99,250.28,243.29,0,On Time,Online,Current
5713,2025-01-25,739,75,1,1,112.15,24.47,112.15,87.68,0,On Time,Wholesale,Current
5714,2024-07-05,858,117,6,4,131.87,5.71,527.48,521.77,0,On Time,Online,Future
5715,2025-03-17,856,112,2,3,167.65,2.74,502.95,500.21,6,Late,Wholesale,Current
5716,2025-12-25,189,99,6,3,170.64,31.95,511.92,479.97,0,On Time,Click & Collect,Future
5717,2024-09-26,433,75,3,4,112.15,12.39,448.6,436.21,0,On Time,In-Store,Current
5718,2025-10-04,722,22,6,1,118.48,28.06,118.48,90.42,0,On Time,Online,Current
5719,2024-10-17,310,48,6,2,94.16,20.53,188.32,167.79,0,On Time,Online,Future
5720,2024-12-14,321,47,3,1,146.36,1.74,146.36,144.62,0,On Time,Online,Current
5721,2025-03-17,729,31,6,2,64.76,28.34,129.52,101.18,0,On Time,Online,Future
5722,2024-04-13,216,19,2,2,118.63,26.06,237.26,211.2,0,On Time,Wholesale,Current
5723,2024-12-30,515,36,6,2,162.38,6.39,324.76,318.37,0,On Time,Online,Current
5724,2024-02-02,394,119,1,1,21.52,10.81,21.52,10.71,0,On Time,Online,Future
5725,2025-07-12,340,4,6,3,143.64,10.27,430.92,420.65,7,Late,Online,Current
5726,2024-08-13,54,46,4,2,117.41,16.06,234.82,218.76,4,Late,Online,Current
5727,2024-07-26,154,89,2,3,144.37,15.75,433.11,417.36,0,On Time,Online,Current
5728,2024-09-20,677,112,2,2,167.65,29.58,335.3,305.72,0,On Time,Click & Collect,Current
5729,2025-06-01,47,2,6,1,200.36,18.96,200.36,181.4,0,On Time,Online,Future
5730,2025-08-20,831,3,3,4,182.39,6.48,729.56,723.08,0,On Time,Online,Current
5731,2024-02-28,767,73,6,3,20.46,22.02,61.38,39.36,0,On Time,Online,Future
5732,2025-09-15,505,2,6,1,200.36,2.02,200.36,198.34,2,Late,Online,Current
5733,2024-06-03,595,73,6,2,20.46,28.95,40.92,11.97,0,On Time,Online,Future
5734,2024-07-29,60,7,6,4,172.34,28.73,689.36,660.63,0,On Time,Online,Future
5735,2024-07-28,385,22,1,3,118.48,9.06,355.44,346.38,2,Late,In-Store,Future
5736,2025-02-09,488,96,1,3,44.65,27.55,133.95,106.4,0,On Time,Online,Future
5737,2025-02-09,356,58,5,4,118.61,17.72,474.44,456.72,5,Late,Online,Current
5738,2025-04-02,418,89,6,2,144.37,7.8,288.74,280.94,0,On Time,Online,Current
5739,2024-02-16,621,52,6,2,18.05,1.69,36.1,34.41,0,On Time,Online,Future
5740,2024-12-29,551,51,2,4,110.62,27.09,442.48,415.39,0,On Time,Wholesale,Future
5741,2025-08-30,335,52,2,1,18.05,6.47,18.05,11.58,0,On Time,Click & Collect,Current
5742,2024-12-13,561,83,3,1,73.64,12.15,73.64,61.49,0,On Time,Online,Future
5743,2024-12-21,613,34,2,4,116.01,17.25,464.04,446.79,0,On Time,Wholesale,Current
5744,2025-04-19,503,100,6,1,91.89,13.52,91.89,78.37,0,On Time,Online,Current
5745,2025-06-02,362,59,4,1,99.02,3.64,99.02,95.38,0,On Time,Online,Current
5746,2025-07-21,13,66,4,3,105.25,7.73,315.75,308.02,0,On Time,Online,Future
5747,2024-07-30,739,38,6,4,97.97,12.88,391.88,379.0,0,On Time,Online,Future
5748,2024-09-21,789,65,2,2,71.32,6.06,142.64,136.58,0,On Time,Click & Collect,Current
5749,2024-09-10,727,119,1,1,21.52,26.15,21.52,-4.63,0,On Time,Online,Future
5750,2024-11-11,790,82,3,4,135.39,8.76,541.56,532.8,0,On Time,Online,Future
5751,2024-03-10,357,86,5,4,102.94,23.16,411.76,388.6,0,On Time,Click & Collect,Current
5752,2024-10-26,503,27,5,2,148.3,16.06,296.6,280.54,0,On Time,Click & Collect,Current
5753,2025-09-25,761,52,6,3,18.05,4.09,54.15,50.06,0,On Time,Online,Future
5754,2025-05-30,642,88,1,4,41.48,33.4,165.92,132.52,0,On Time,Click & Collect,Current
5755,2024-11-24,544,76,1,3,128.17,2.56,384.51,381.95,0,On Time,In-Store,Future
5756,2025-03-22,258,93,3,4,119.71,6.18,478.84,472.66,0,On Time,Wholesale,Current
5757,2024-12-20,638,88,5,3,41.48,14.18,124.44,110.26,7,Late,Online,Current
5758,2024-09-15,430,56,1,1,166.72,23.5,166.72,143.22,0,On Time,Online,Current
5759,2024-09-05,275,31,6,2,64.76,6.9,129.52,122.62,0,On Time,Online,Future
5760,2024-07-05,271,104,5,2,154.04,34.71,308.08,273.37,0,On Time,Online,Future
5761,2024-10-21,810,86,2,2,102.94,3.38,205.88,202.5,0,On Time,Online,Future
5762,2025-07-09,85,46,1,4,117.41,12.12,469.64,457.52,0,On Time,Wholesale,Future
5763,2025-09-12,811,37,6,3,141.5,11.22,424.5,413.28,0,On Time,Online,Future
5764,2024-05-13,595,28,6,3,154.21,28.45,462.63,434.18,0,On Time,Online,Current
5765,2025-04-27,290,14,4,1,85.15,26.84,85.15,58.31,0,On Time,Online,Current
5766,2025-02-09,580,113,6,3,120.7,17.08,362.1,345.02,0,On Time,Online,Future
5767,2025-07-03,963,34,6,1,116.01,17.51,116.01,98.5,0,On Time,Online,Future
5768,2025-01-03,371,65,6,2,71.32,9.04,142.64,133.6,0,On Time,Click & Collect,Future
5769,2025-11-26,116,91,5,2,85.5,7.38,171.0,163.62,0,On Time,Online,Current
5770,2024-04-05,396,119,3,4,21.52,21.4,86.08,64.68,0,On Time,Click & Collect,Future
5771,2025-02-19,784,56,1,3,166.72,3.78,500.16,496.38,1,Late,Online,Current
5772,2025-02-27,688,20,1,3,93.73,15.98,281.19,265.21,0,On Time,Click & Collect,Future
5773,2025-03-14,143,5,6,2,140.44,19.34,280.88,261.54,0,On Time,Online,Future
5774,2025-01-17,147,67,6,4,214.61,31.8,858.44,826.64,1,Late,Online,Future
5775,2024-09-14,63,89,6,3,144.37,25.75,433.11,407.36,6,Late,Wholesale,Current
5776,2024-10-17,875,81,4,1,110.75,25.56,110.75,85.19,0,On Time,Online,Future
5777,2024-11-30,113,12,4,1,177.18,30.69,177.18,146.49,0,On Time,In-Store,Future
5778,2025-03-02,862,79,6,4,174.91,5.47,699.64,694.17,0,On Time,Online,Future
5779,2024-05-12,687,63,1,3,50.08,27.42,150.24,122.82,0,On Time,Wholesale,Future
5780,2025-03-08,408,113,3,2,120.7,31.54,241.4,209.86,2,Late,Wholesale,Future
5781,2025-11-06,180,9,1,4,102.79,27.35,411.16,383.81,0,On Time,Wholesale,Future
5782,2024-04-20,164,21,6,1,44.65,26.24,44.65,18.41,0,On Time,Online,Current
5783,2025-05-25,345,11,6,2,40.32,21.69,80.64,58.95,2,Late,Online,Current
5784,2025-01-20,557,106,1,2,28.51,6.78,57.02,50.24,0,On Time,Click & Collect,Future
5785,2024-01-04,231,4,6,4,143.64,27.31,574.56,547.25,0,On Time,Online,Future
5786,2025-03-10,751,10,6,1,78.41,24.08,78.41,54.33,0,On Time,Wholesale,Future
5787,2024-11-15,223,61,4,2,82.33,19.97,164.66,144.69,0,On Time,Wholesale,Future
5788,2025-06-04,133,64,6,4,106.6,25.89,426.4,400.51,6,Late,Online,Current
5789,2025-08-08,314,1,6,1,125.71,10.36,125.71,115.35,7,Late,Online,Current
5790,2025-03-25,388,41,5,2,110.65,12.99,221.3,208.31,0,On Time,Wholesale,Future
5791,2024-12-01,537,98,5,1,192.94,7.13,192.94,185.81,0,On Time,Wholesale,Current
5792,2025-11-06,420,3,6,4,182.39,19.65,729.56,709.91,0,On Time,Online,Current
5793,2025-06-12,171,86,1,2,102.94,30.31,205.88,175.57,1,Late,Online,Current
5794,2025-01-07,638,23,4,3,87.41,4.15,262.23,258.08,0,On Time,Online,Future
5795,2025-01-18,969,18,1,4,53.11,1.94,212.44,210.5,0,On Time,Online,Future
5796,2025-01-17,262,118,3,2,167.17,19.38,334.34,314.96,0,On Time,In-Store,Future
5797,2024-01-24,247,92,6,3,46.38,19.46,139.14,119.68,0,On Time,Online,Future
5798,2025-01-13,581,52,2,3,18.05,12.4,54.15,41.75,1,Late,Online,Current
5799,2024-03-16,183,74,6,1,120.32,19.64,120.32,100.68,0,On Time,Wholesale,Future
5800,2025-03-30,889,106,6,4,28.51,24.74,114.04,89.3,0,On Time,Online,Future
5801,2024-08-27,772,63,6,3,50.08,11.69,150.24,138.55,0,On Time,Online,Current
5802,2025-01-25,819,10,1,1,78.41,28.95,78.41,49.46,1,Late,Wholesale,Current
5803,2024-10-18,259,25,6,4,27.12,5.32,108.48,103.16,0,On Time,Online,Current
5804,2025-03-22,785,30,6,3,33.3,4.65,99.9,95.25,0,On Time,In-Store,Future
5805,2025-07-25,238,25,6,1,27.12,9.09,27.12,18.03,7,Late,Online,Current
5806,2024-09-20,612,95,1,4,168.8,21.96,675.2,653.24,0,On Time,In-Store,Future
5807,2025-02-18,489,97,4,3,54.01,5.63,162.03,156.4,0,On Time,Wholesale,Future
5808,2024-04-29,295,19,6,1,118.63,26.76,118.63,91.87,0,On Time,Online,Future
5809,2025-08-06,996,110,2,2,159.94,18.36,319.88,301.52,0,On Time,Wholesale,Current
5810,2025-11-26,456,34,6,3,116.01,21.31,348.03,326.72,3,Late,Online,Current
5811,2025-01-30,108,18,2,2,53.11,28.02,106.22,78.2,2,Late,Wholesale,Current
5812,2024-05-03,374,2,6,1,200.36,16.14,200.36,184.22,0,On Time,Online,Future
5813,2024-09-07,473,108,6,3,50.05,15.46,150.15,134.69,0,On Time,Online,Future
5814,2025-06-03,175,85,2,1,142.01,31.55,142.01,110.46,0,On Time,Online,Future
5815,2025-07-29,350,14,1,2,85.15,5.01,170.3,165.29,0,On Time,Online,Future
5816,2024-03-23,34,49,6,1,134.92,26.5,134.92,108.42,1,Late,Online,Future
5817,2025-12-12,145,88,1,2,41.48,4.08,82.96,78.88,0,On Time,In-Store,Future
5818,2025-11-05,798,43,2,4,129.42,3.39,517.68,514.29,0,On Time,Online,Current
5819,2025-05-02,324,4,6,3,143.64,0.29,430.92,430.63,0,On Time,Online,Current
5820,2025-10-28,923,108,1,1,50.05,2.04,50.05,48.01,0,On Time,Wholesale,Future
5821,2025-10-14,612,91,1,4,85.5,12.66,342.0,329.34,0,On Time,Wholesale,Current
5822,2025-10-04,690,82,2,1,135.39,8.08,135.39,127.31,0,On Time,Wholesale,Future
5823,2025-11-16,582,100,6,4,91.89,13.58,367.56,353.98,0,On Time,Online,Future
5824,2024-12-04,184,1,6,4,125.71,0.65,502.84,502.19,0,On Time,Online,Current
5825,2024-07-18,417,8,6,3,62.57,20.47,187.71,167.24,0,On Time,Online,Future
5826,2024-11-23,949,68,1,2,76.01,10.71,152.02,141.31,0,On Time,Online,Current
5827,2025-12-24,765,107,6,4,49.65,34.24,198.6,164.36,1,Late,Online,Current
5828,2024-04-19,926,86,3,1,102.94,30.77,102.94,72.17,0,On Time,Online,Future
5829,2025-01-30,288,37,1,2,141.5,20.54,283.0,262.46,0,On Time,In-Store,Current
5830,2024-03-29,77,55,2,3,80.85,33.15,242.55,209.4,0,On Time,In-Store,Current
5831,2024-09-01,349,104,1,1,154.04,24.22,154.04,129.82,2,Late,Online,Future
5832,2024-04-05,780,106,2,2,28.51,24.66,57.02,32.36,0,On Time,In-Store,Future
5833,2024-06-06,386,6,4,1,127.67,30.97,127.67,96.7,0,On Time,Online,Current
5834,2024-03-02,53,12,5,2,177.18,6.36,354.36,348.0,0,On Time,Wholesale,Future
5835,2024-03-19,279,38,6,4,97.97,0.62,391.88,391.26,0,On Time,Online,Current
5836,2024-08-25,258,49,6,3,134.92,19.8,404.76,384.96,0,On Time,Online,Current
5837,2025-12-05,561,103,2,4,113.76,29.26,455.04,425.78,3,Late,Online,Current
5838,2024-07-01,949,27,6,2,148.3,11.58,296.6,285.02,0,On Time,Online,Current
5839,2025-12-01,870,59,5,1,99.02,21.93,99.02,77.09,3,Late,In-Store,Current
5840,2024-09-25,951,14,4,3,85.15,3.82,255.45,251.63,0,On Time,Online,Current
5841,2025-01-12,728,43,6,4,129.42,30.2,517.68,487.48,0,On Time,Online,Current
5842,2024-02-18,442,56,6,1,166.72,0.98,166.72,165.74,0,On Time,Online,Current
5843,2025-08-02,874,52,6,3,18.05,15.26,54.15,38.89,4,Late,Online,Current
5844,2025-09-06,171,88,4,3,41.48,5.89,124.44,118.55,0,On Time,Click & Collect,Future
5845,2025-06-27,608,103,4,2,113.76,26.19,227.52,201.33,0,On Time,In-Store,Future
5846,2024-12-13,840,103,1,4,113.76,4.76,455.04,450.28,0,On Time,Online,Current
5847,2025-10-11,916,106,4,2,28.51,21.62,57.02,35.4,6,Late,Wholesale,Current
5848,2025-08-28,50,53,2,1,103.59,27.01,103.59,76.58,6,Late,Online,Current
5849,2025-11-03,703,48,6,2,94.16,28.93,188.32,159.39,0,On Time,Online,Current
5850,2025-09-28,297,49,2,1,134.92,5.81,134.92,129.11,7,Late,Online,Current
5851,2025-07-03,553,64,6,2,106.6,33.94,213.2,179.26,0,On Time,Wholesale,Current
5852,2024-12-07,547,21,3,2,44.65,26.01,89.3,63.29,5,Late,In-Store,Current
5853,2024-04-09,693,52,6,1,18.05,23.23,18.05,-5.18,0,On Time,Online,Future
5854,2024-01-19,44,97,1,4,54.01,24.36,216.04,191.68,0,On Time,Online,Future
5855,2024-09-05,865,114,4,2,83.67,30.67,167.34,136.67,0,On Time,Online,Future
5856,2025-05-16,210,64,5,4,106.6,18.14,426.4,408.26,0,On Time,Wholesale,Current
5857,2025-07-30,728,76,2,4,128.17,24.2,512.68,488.48,0,On Time,Online,Current
5858,2024-07-19,33,66,6,3,105.25,14.27,315.75,301.48,0,On Time,Online,Future
5859,2025-06-14,625,93,1,4,119.71,7.66,478.84,471.18,0,On Time,Online,Current
5860,2024-07-05,973,48,6,2,94.16,22.41,188.32,165.91,0,On Time,Online,Current
5861,2025-09-16,749,108,6,1,50.05,30.32,50.05,19.73,1,Late,Online,Current
5862,2025-07-17,288,38,3,1,97.97,23.7,97.97,74.27,0,On Time,Online,Future
5863,2025-09-29,136,81,1,1,110.75,22.33,110.75,88.42,0,On Time,Click & Collect,Future
5864,2025-12-01,604,11,1,3,40.32,33.54,120.96,87.42,0,On Time,Online,Current
5865,2024-07-03,376,30,5,1,33.3,28.25,33.3,5.05,7,Late,Online,Current
5866,2024-07-14,790,95,6,2,168.8,21.7,337.6,315.9,0,On Time,Online,Current
5867,2024-11-25,977,98,1,3,192.94,27.36,578.82,551.46,0,On Time,In-Store,Future
5868,2025-09-23,982,90,6,2,82.64,2.94,165.28,162.34,0,On Time,Online,Current
5869,2024-05-28,475,74,6,2,120.32,6.75,240.64,233.89,0,On Time,Online,Future
5870,2024-04-17,521,116,6,3,159.24,10.75,477.72,466.97,0,On Time,Online,Current
5871,2025-01-09,719,55,5,1,80.85,21.0,80.85,59.85,0,On Time,Wholesale,Future
5872,2025-12-11,188,45,6,4,29.58,14.97,118.32,103.35,0,On Time,Online,Current
5873,2025-09-10,204,95,6,1,168.8,27.39,168.8,141.41,0,On Time,Online,Future
5874,2024-02-13,366,66,6,2,105.25,5.52,210.5,204.98,0,On Time,Online,Future
5875,2025-09-29,393,84,5,1,108.1,2.85,108.1,105.25,0,On Time,Online,Future
5876,2024-06-14,558,12,6,2,177.18,32.8,354.36,321.56,2,Late,Online,Future
5877,2025-09-24,605,62,6,1,180.58,1.65,180.58,178.93,0,On Time,Online,Current
5878,2025-06-07,681,112,6,2,167.65,30.77,335.3,304.53,0,On Time,Online,Future
5879,2024-09-23,851,5,1,4,140.44,9.76,561.76,552.0,0,On Time,Wholesale,Current
5880,2025-11-29,827,9,6,4,102.79,0.44,411.16,410.72,0,On Time,Online,Current
5881,2025-09-03,111,2,4,2,200.36,16.19,400.72,384.53,0,On Time,Wholesale,Future
5882,2024-10-22,335,117,6,4,131.87,33.43,527.48,494.05,0,On Time,Online,Current
5883,2025-02-03,624,61,6,4,82.33,15.7,329.32,313.62,0,On Time,Online,Future
5884,2024-05-28,739,8,2,3,62.57,31.24,187.71,156.47,0,On Time,Click & Collect,Current
5885,2025-04-02,645,34,6,2,116.01,18.76,232.02,213.26,0,On Time,Online,Current
5886,2024-03-19,244,74,3,4,120.32,33.96,481.28,447.32,0,On Time,Wholesale,Future
5887,2024-10-21,900,73,3,2,20.46,15.83,40.92,25.09,0,On Time,Online,Current
5888,2025-02-10,451,58,6,3,118.61,5.22,355.83,350.61,2,Late,Online,Current
5889,2024-08-11,904,29,6,1,130.05,9.34,130.05,120.71,0,On Time,Online,Current
5890,2024-11-18,391,94,1,3,56.02,23.49,168.06,144.57,0,On Time,In-Store,Current
5891,2024-11-03,311,13,1,4,109.25,2.14,437.0,434.86,0,On Time,In-Store,Current
5892,2024-04-19,180,95,2,2,168.8,8.85,337.6,328.75,0,On Time,Online,Current
5893,2025-11-29,717,19,1,4,118.63,32.01,474.52,442.51,2,Late,Online,Future
5894,2024-10-03,408,89,2,2,144.37,25.9,288.74,262.84,0,On Time,Click & Collect,Future
5895,2024-12-02,690,17,2,4,141.85,3.14,567.4,564.26,0,On Time,Online,Future
5896,2025-04-27,240,95,3,1,168.8,4.72,168.8,164.08,1,Late,Online,Future
5897,2024-12-12,944,26,6,1,117.76,27.45,117.76,90.31,6,Late,Online,Current
5898,2024-05-04,328,72,3,4,141.82,18.38,567.28,548.9,0,On Time,Click & Collect,Current
5899,2024-01-05,240,100,2,4,91.89,21.67,367.56,345.89,0,On Time,Click & Collect,Future
5900,2024-01-05,70,28,6,1,154.21,25.92,154.21,128.29,1,Late,Online,Future
5901,2025-03-01,672,98,6,3,192.94,19.27,578.82,559.55,0,On Time,Online,Future
5902,2024-01-18,461,4,6,1,143.64,5.19,143.64,138.45,0,On Time,Online,Current
5903,2025-11-08,172,19,6,4,118.63,27.6,474.52,446.92,0,On Time,Online,Current
5904,2025-11-18,169,6,6,2,127.67,1.63,255.34,253.71,0,On Time,Online,Current
5905,2025-09-12,788,44,3,3,107.15,22.13,321.45,299.32,0,On Time,Click & Collect,Current
5906,2024-04-29,148,60,6,2,148.3,6.43,296.6,290.17,0,On Time,Online,Future
5907,2025-07-31,177,1,3,4,125.71,0.87,502.84,501.97,0,On Time,Click & Collect,Future
5908,2024-07-31,475,82,6,4,135.39,11.65,541.56,529.91,0,On Time,Online,Future
5909,2024-11-29,216,10,1,4,78.41,25.93,313.64,287.71,0,On Time,Online,Future
5910,2024-05-23,536,104,5,1,154.04,5.85,154.04,148.19,0,On Time,Wholesale,Current
5911,2024-01-01,16,107,2,1,49.65,31.33,49.65,18.32,0,On Time,In-Store,Future
5912,2025-11-09,312,14,2,1,85.15,15.64,85.15,69.51,0,On Time,Click & Collect,Future
5913,2024-06-23,603,23,6,4,87.41,28.3,349.64,321.34,0,On Time,In-Store,Future
5914,2024-05-29,700,57,2,4,144.33,15.6,577.32,561.72,0,On Time,In-Store,Current
5915,2024-05-14,767,34,5,2,116.01,19.95,232.02,212.07,5,Late,In-Store,Current
5916,2024-12-29,892,78,6,4,57.86,2.38,231.44,229.06,0,On Time,Online,Current
5917,2024-12-30,241,98,1,2,192.94,3.98,385.88,381.9,0,On Time,Online,Current
5918,2024-01-13,612,71,6,2,135.62,23.24,271.24,248.0,0,On Time,In-Store,Future
5919,2024-06-03,187,78,6,2,57.86,1.15,115.72,114.57,0,On Time,Online,Future
5920,2025-10-11,730,119,3,4,21.52,24.75,86.08,61.33,0,On Time,Wholesale,Future
5921,2024-10-20,855,98,3,1,192.94,18.78,192.94,174.16,0,On Time,Click & Collect,Current
5922,2024-03-14,425,100,4,1,91.89,21.68,91.89,70.21,0,On Time,Click & Collect,Current
5923,2025-07-29,444,71,6,3,135.62,25.09,406.86,381.77,0,On Time,Wholesale,Current
5924,2025-08-07,430,74,6,4,120.32,9.15,481.28,472.13,0,On Time,Online,Current
5925,2025-07-30,530,113,6,1,120.7,29.21,120.7,91.49,1,Late,Online,Future
5926,2024-02-27,295,7,6,3,172.34,19.38,517.02,497.64,0,On Time,Click & Collect,Current
5927,2024-11-17,99,10,4,1,78.41,10.17,78.41,68.24,0,On Time,Online,Future
5928,2025-12-22,571,30,6,2,33.3,12.21,66.6,54.39,0,On Time,Online,Current
5929,2025-10-08,554,29,6,2,130.05,21.7,260.1,238.4,0,On Time,Online,Current
5930,2025-08-27,423,28,6,2,154.21,31.23,308.42,277.19,0,On Time,Online,Current
5931,2025-12-19,969,38,5,4,97.97,19.2,391.88,372.68,6,Late,Click & Collect,Current
5932,2025-11-21,877,103,6,2,113.76,10.96,227.52,216.56,0,On Time,Online,Current
5933,2024-06-24,922,13,4,1,109.25,25.53,109.25,83.72,0,On Time,Click & Collect,Future
5934,2024-03-07,128,34,6,4,116.01,28.66,464.04,435.38,0,On Time,Online,Current
5935,2024-08-09,394,66,2,2,105.25,18.31,210.5,192.19,0,On Time,Wholesale,Current
5936,2025-09-22,324,38,6,3,97.97,22.33,293.91,271.58,0,On Time,Online,Current
5937,2024-05-27,163,26,1,1,117.76,28.72,117.76,89.04,0,On Time,In-Store,Future
5938,2025-05-20,807,80,3,2,119.07,24.04,238.14,214.1,0,On Time,Online,Future
5939,2025-09-06,716,93,5,3,119.71,11.8,359.13,347.33,0,On Time,Wholesale,Current
5940,2025-03-28,134,61,4,4,82.33,27.73,329.32,301.59,0,On Time,Online,Current
5941,2024-07-13,830,95,1,1,168.8,12.82,168.8,155.98,0,On Time,Click & Collect,Future
5942,2024-01-03,969,120,6,2,47.37,3.88,94.74,90.86,0,On Time,Click & Collect,Current
5943,2025-09-13,228,31,5,1,64.76,24.19,64.76,40.57,3,Late,Online,Current
5944,2024-06-08,391,29,1,2,130.05,11.52,260.1,248.58,0,On Time,Wholesale,Current
5945,2025-05-15,733,8,6,1,62.57,10.74,62.57,51.83,0,On Time,Online,Current
5946,2024-03-13,503,8,6,4,62.57,12.91,250.28,237.37,0,On Time,Online,Future
5947,2025-05-06,542,26,4,3,117.76,27.1,353.28,326.18,0,On Time,Online,Current
5948,2025-04-24,883,2,6,1,200.36,27.84,200.36,172.52,1,Late,Online,Current
5949,2024-12-17,952,33,6,2,219.29,18.41,438.58,420.17,0,On Time,Online,Current
5950,2024-05-28,779,39,1,4,128.17,2.42,512.68,510.26,6,Late,Click & Collect,Current
5951,2024-10-25,799,13,6,3,109.25,17.41,327.75,310.34,0,On Time,Online,Current
5952,2025-11-26,817,91,2,4,85.5,21.67,342.0,320.33,0,On Time,Online,Current
5953,2025-07-08,12,29,6,2,130.05,19.73,260.1,240.37,0,On Time,Online,Current
5954,2024-05-02,744,70,5,1,117.81,33.98,117.81,83.83,0,On Time,In-Store,Future
5955,2025-06-19,39,46,1,3,117.41,32.97,352.23,319.26,6,Late,Online,Current
5956,2024-08-04,604,104,1,3,154.04,10.32,462.12,451.8,0,On Time,Online,Current
5957,2024-12-08,623,19,6,2,118.63,32.19,237.26,205.07,0,On Time,Online,Current
5958,2024-10-25,147,40,4,4,35.44,4.23,141.76,137.53,0,On Time,Online,Future
5959,2024-01-30,520,92,3,1,46.38,32.8,46.38,13.58,0,On Time,Online,Current
5960,2024-11-04,531,50,3,4,97.72,16.72,390.88,374.16,0,On Time,Online,Current
5961,2024-09-04,82,58,4,4,118.61,21.46,474.44,452.98,0,On Time,Online,Current
5962,2025-12-06,825,108,1,1,50.05,5.12,50.05,44.93,0,On Time,Online,Current
5963,2024-07-17,387,51,4,4,110.62,7.83,442.48,434.65,0,On Time,Online,Future
5964,2025-09-14,963,113,3,2,120.7,1.53,241.4,239.87,0,On Time,Online,Current
5965,2025-12-29,902,43,6,2,129.42,30.56,258.84,228.28,0,On Time,Online,Current
5966,2025-12-01,411,1,2,2,125.71,0.47,251.42,250.95,6,Late,Online,Current
5967,2024-12-28,187,83,6,2,73.64,24.04,147.28,123.24,3,Late,Online,Current
5968,2025-04-06,224,83,1,1,73.64,8.52,73.64,65.12,0,On Time,Online,Future
5969,2024-06-09,766,8,6,2,62.57,21.15,125.14,103.99,0,On Time,In-Store,Current
5970,2025-12-18,818,80,6,3,119.07,26.09,357.21,331.12,0,On Time,Online,Current
5971,2025-11-03,248,6,5,3,127.67,11.57,383.01,371.44,0,On Time,Online,Current
5972,2024-06-12,389,43,6,1,129.42,22.98,129.42,106.44,0,On Time,Online,Future
5973,2025-02-18,35,24,4,4,152.6,33.63,610.4,576.77,0,On Time,Online,Future
5974,2025-12-03,699,114,1,1,83.67,15.64,83.67,68.03,6,Late,Online,Current
5975,2024-05-08,994,3,6,1,182.39,0.4,182.39,181.99,0,On Time,Online,Future
5976,2024-02-28,681,67,1,1,214.61,10.46,214.61,204.15,0,On Time,Wholesale,Current
5977,2025-09-05,36,30,2,4,33.3,3.66,133.2,129.54,0,On Time,Click & Collect,Current
5978,2024-07-03,289,104,3,1,154.04,15.82,154.04,138.22,0,On Time,Online,Current
5979,2024-06-27,455,63,6,3,50.08,25.56,150.24,124.68,2,Late,Online,Future
5980,2024-07-04,421,50,6,4,97.72,32.89,390.88,357.99,0,On Time,Online,Current
5981,2025-09-09,652,13,1,3,109.25,29.06,327.75,298.69,0,On Time,Online,Current
5982,2024-08-31,94,18,2,2,53.11,6.38,106.22,99.84,0,On Time,Online,Future
5983,2024-01-31,493,33,6,4,219.29,23.92,877.16,853.24,0,On Time,Online,Future
5984,2025-12-19,186,33,4,4,219.29,7.56,877.16,869.6,0,On Time,Click & Collect,Current
5985,2024-09-13,897,21,5,2,44.65,6.16,89.3,83.14,0,On Time,Click & Collect,Future
5986,2025-05-17,344,118,6,4,167.17,26.64,668.68,642.04,0,On Time,Online,Current
5987,2025-02-02,544,49,6,3,134.92,4.24,404.76,400.52,0,On Time,Online,Future
5988,2025-08-01,307,3,3,4,182.39,24.65,729.56,704.91,0,On Time,In-Store,Current
5989,2024-06-21,347,115,1,1,131.17,18.18,131.17,112.99,1,Late,Click & Collect,Current
5990,2024-09-26,837,25,2,2,27.12,0.16,54.24,54.08,0,On Time,Online,Future
5991,2024-04-14,25,50,6,2,97.72,31.25,195.44,164.19,0,On Time,Online,Future
5992,2024-08-31,275,65,2,3,71.32,7.15,213.96,206.81,0,On Time,Click & Collect,Current
5993,2025-09-20,493,72,2,4,141.82,11.67,567.28,555.61,0,On Time,Wholesale,Current
5994,2025-08-30,592,95,6,2,168.8,9.3,337.6,328.3,4,Late,Online,Current
5995,2025-02-27,604,21,1,3,44.65,5.19,133.95,128.76,0,On Time,Online,Current
5996,2025-03-30,893,70,3,1,117.81,33.0,117.81,84.81,0,On Time,Online,Future
5997,2024-05-05,801,53,6,3,103.59,27.91,310.77,282.86,6,Late,Online,Current
5998,2024-11-11,461,85,4,2,142.01,3.01,284.02,281.01,0,On Time,Wholesale,Future
5999,2025-06-13,41,61,3,4,82.33,2.77,329.32,326.55,1,Late,Click & Collect,Future
6000,2025-10-28,340,49,6,3,134.92,7.01,404.76,397.75,0,On Time,Click & Collect,Current
6001,2025-07-31,649,103,1,4,113.76,11.02,455.04,444.02,0,On Time,Wholesale,Future
6002,2024-12-21,377,36,1,3,162.38,20.88,487.14,466.26,7,Late,Click & Collect,Current
6003,2024-06-21,987,64,4,2,106.6,18.7,213.2,194.5,0,On Time,Online,Future
6004,2025-08-05,526,81,1,2,110.75,26.56,221.5,194.94,0,On Time,Wholesale,Current
6005,2024-04-08,552,22,6,1,118.48,21.12,118.48,97.36,0,On Time,Online,Future
6006,2024-08-29,440,64,2,4,106.6,15.33,426.4,411.07,0,On Time,Online,Future
6007,2024-08-21,447,71,5,2,135.62,3.01,271.24,268.23,0,On Time,In-Store,Future
6008,2024-03-15,435,67,6,2,214.61,19.68,429.22,409.54,1,Late,Online,Current
6009,2024-08-05,733,89,2,4,144.37,29.48,577.48,548.0,4,Late,In-Store,Current
6010,2025-01-24,260,41,5,2,110.65,28.64,221.3,192.66,0,On Time,Click & Collect,Future
6011,2025-06-09,721,77,2,1,132.93,5.74,132.93,127.19,0,On Time,Click & Collect,Future
6012,2024-11-28,606,85,6,1,142.01,33.0,142.01,109.01,0,On Time,Online,Future
6013,2024-04-13,375,55,6,3,80.85,4.58,242.55,237.97,0,On Time,Online,Current
6014,2024-05-14,585,111,1,3,139.05,6.27,417.15,410.88,0,On Time,Online,Current
6015,2025-05-01,491,41,4,2,110.65,19.12,221.3,202.18,0,On Time,In-Store,Future
6016,2024-12-09,982,54,2,2,110.37,18.72,220.74,202.02,0,On Time,Online,Current
6017,2024-10-03,27,10,4,4,78.41,13.53,313.64,300.11,0,On Time,Wholesale,Current
6018,2025-06-11,680,65,6,2,71.32,27.51,142.64,115.13,0,On Time,Online,Future
6019,2024-06-28,183,86,3,3,102.94,12.9,308.82,295.92,0,On Time,Wholesale,Future
6020,2024-12-07,858,28,6,1,154.21,10.28,154.21,143.93,0,On Time,Online,Future
6021,2024-10-03,596,40,5,1,35.44,4.1,35.44,31.34,0,On Time,Wholesale,Current
6022,2024-02-12,261,113,6,3,120.7,9.37,362.1,352.73,4,Late,Online,Current
6023,2025-07-19,508,32,2,3,183.92,34.03,551.76,517.73,0,On Time,Online,Current
6024,2025-10-16,44,17,6,3,141.85,28.03,425.55,397.52,0,On Time,Online,Current
6025,2025-12-06,427,47,2,4,146.36,25.48,585.44,559.96,7,Late,Online,Current
6026,2025-07-20,437,36,6,4,162.38,5.9,649.52,643.62,4,Late,Online,Current
6027,2024-04-30,575,34,5,3,116.01,26.99,348.03,321.04,1,Late,Wholesale,Current
6028,2025-01-10,955,60,3,3,148.3,10.91,444.9,433.99,0,On Time,Wholesale,Current
6029,2025-03-30,308,26,6,4,117.76,8.23,471.04,462.81,0,On Time,Online,Future
6030,2024-03-15,784,19,6,2,118.63,19.23,237.26,218.03,2,Late,Online,Current
6031,2025-02-09,54,28,6,2,154.21,8.88,308.42,299.54,0,On Time,Online,Current
6032,2024-02-12,850,55,4,4,80.85,4.11,323.4,319.29,2,Late,Online,Current
6033,2024-09-05,567,30,5,4,33.3,4.02,133.2,129.18,0,On Time,Wholesale,Current
6034,2024-02-05,501,97,2,4,54.01,32.94,216.04,183.1,0,On Time,In-Store,Current
6035,2024-09-03,869,62,6,4,180.58,10.42,722.32,711.9,0,On Time,Online,Current
6036,2024-02-12,654,54,3,1,110.37,20.09,110.37,90.28,0,On Time,Online,Current
6037,2024-09-14,519,1,6,4,125.71,31.96,502.84,470.88,0,On Time,In-Store,Current
6038,2025-07-12,16,47,1,2,146.36,17.21,292.72,275.51,0,On Time,In-Store,Future
6039,2025-11-17,745,65,6,3,71.32,12.19,213.96,201.77,0,On Time,Online,Future
6040,2025-07-16,335,9,6,1,102.79,33.9,102.79,68.89,5,Late,Online,Current
6041,2025-10-17,803,37,2,3,141.5,31.53,424.5,392.97,0,On Time,In-Store,Future
6042,2024-10-01,419,35,6,4,41.4,9.19,165.6,156.41,0,On Time,Online,Future
6043,2024-01-03,902,61,6,3,82.33,7.17,246.99,239.82,0,On Time,Online,Future
6044,2024-08-12,356,95,6,3,168.8,1.42,506.4,504.98,0,On Time,Online,Future
6045,2024-09-17,376,114,6,2,83.67,31.43,167.34,135.91,0,On Time,Online,Future
6046,2024-05-02,553,92,6,2,46.38,21.1,92.76,71.66,7,Late,Online,Current
6047,2025-09-24,652,100,3,1,91.89,29.48,91.89,62.41,0,On Time,Online,Current
6048,2025-12-12,269,90,6,1,82.64,22.93,82.64,59.71,0,On Time,Online,Current
6049,2024-03-09,917,12,2,1,177.18,10.86,177.18,166.32,0,On Time,In-Store,Future
6050,2025-07-14,617,80,6,1,119.07,12.13,119.07,106.94,0,On Time,Online,Current
6051,2024-11-28,941,100,3,3,91.89,12.09,275.67,263.58,5,Late,Online,Current
6052,2025-09-27,28,54,3,1,110.37,3.53,110.37,106.84,0,On Time,Online,Future
6053,2025-11-24,41,28,6,4,154.21,33.58,616.84,583.26,2,Late,Online,Current
6054,2024-05-30,800,42,1,2,65.4,3.39,130.8,127.41,0,On Time,Online,Current
6055,2025-08-11,492,110,6,1,159.94,28.82,159.94,131.12,0,On Time,Online,Current
6056,2024-06-10,382,56,6,4,166.72,29.8,666.88,637.08,1,Late,Online,Current
6057,2025-01-28,30,99,6,1,170.64,21.33,170.64,149.31,0,On Time,Online,Current
6058,2024-04-29,270,43,6,4,129.42,12.58,517.68,505.1,0,On Time,Online,Current
6059,2024-07-28,165,111,6,1,139.05,21.86,139.05,117.19,0,On Time,Online,Current
6060,2024-04-16,372,94,1,4,56.02,19.75,224.08,204.33,0,On Time,In-Store,Current
6061,2024-12-06,323,31,4,3,64.76,13.59,194.28,180.69,0,On Time,Online,Future
6062,2025-06-13,267,48,6,4,94.16,34.17,376.64,342.47,0,On Time,Online,Future
6063,2024-05-13,95,31,5,3,64.76,29.82,194.28,164.46,0,On Time,In-Store,Current
6064,2024-11-27,344,1,5,3,125.71,10.63,377.13,366.5,0,On Time,Online,Current
6065,2025-02-11,137,120,6,4,47.37,25.67,189.48,163.81,0,On Time,Online,Future
6066,2025-07-11,365,23,6,4,87.41,30.42,349.64,319.22,0,On Time,Online,Current
6067,2025-01-11,416,52,3,3,18.05,25.52,54.15,28.63,5,Late,Online,Current
6068,2025-03-05,480,86,2,4,102.94,3.45,411.76,408.31,0,On Time,Click & Collect,Future
6069,2025-02-23,752,29,4,3,130.05,24.69,390.15,365.46,0,On Time,Online,Current
6070,2025-09-18,456,115,5,4,131.17,17.87,524.68,506.81,0,On Time,Click & Collect,Future
6071,2024-09-20,467,85,1,2,142.01,14.38,284.02,269.64,0,On Time,Online,Current
6072,2024-10-04,819,23,6,1,87.41,22.27,87.41,65.14,4,Late,In-Store,Current
6073,2024-02-25,915,63,2,2,50.08,20.47,100.16,79.69,0,On Time,Online,Current
6074,2024-12-18,150,99,1,4,170.64,14.17,682.56,668.39,6,Late,Click & Collect,Current
6075,2024-04-28,812,98,4,3,192.94,15.6,578.82,563.22,0,On Time,Online,Current
6076,2024-03-05,505,64,1,3,106.6,0.41,319.8,319.39,0,On Time,Online,Future
6077,2025-10-15,486,69,6,2,82.06,4.2,164.12,159.92,6,Late,Online,Current
6078,2025-10-12,546,71,4,4,135.62,4.29,542.48,538.19,0,On Time,Online,Current
6079,2024-09-27,805,7,3,2,172.34,32.67,344.68,312.01,0,On Time,In-Store,Future
6080,2024-06-25,32,42,3,4,65.4,19.08,261.6,242.52,0,On Time,Online,Current
6081,2025-12-15,849,30,6,4,33.3,26.4,133.2,106.8,0,On Time,Online,Current
6082,2025-06-14,513,86,5,2,102.94,7.66,205.88,198.22,0,On Time,Online,Current
6083,2024-08-05,929,71,2,3,135.62,19.53,406.86,387.33,1,Late,Online,Future
6084,2024-04-02,987,59,1,2,99.02,28.61,198.04,169.43,3,Late,Online,Current
6085,2024-10-07,324,55,4,4,80.85,14.34,323.4,309.06,0,On Time,Online,Current
6086,2024-05-08,155,32,1,3,183.92,17.21,551.76,534.55,0,On Time,Online,Current
6087,2024-05-02,577,18,6,2,53.11,34.61,106.22,71.61,0,On Time,Online,Current
6088,2025-02-07,81,83,3,2,73.64,34.29,147.28,112.99,0,On Time,Click & Collect,Current
6089,2024-03-29,596,41,4,4,110.65,25.4,442.6,417.2,0,On Time,Wholesale,Future
6090,2025-05-15,751,92,4,3,46.38,26.96,139.14,112.18,0,On Time,Online,Future
6091,2024-04-24,782,27,2,1,148.3,10.48,148.3,137.82,0,On Time,Online,Future
6092,2025-11-05,250,72,2,2,141.82,24.06,283.64,259.58,0,On Time,In-Store,Future
6093,2024-01-03,259,17,6,4,141.85,25.22,567.4,542.18,0,On Time,Online,Future
6094,2025-09-15,463,66,1,4,105.25,17.36,421.0,403.64,0,On Time,Online,Future
6095,2025-08-23,248,68,1,1,76.01,7.28,76.01,68.73,0,On Time,Online,Future
6096,2024-11-10,787,78,1,2,57.86,30.97,115.72,84.75,0,On Time,Wholesale,Future
6097,2024-08-27,290,108,3,1,50.05,28.45,50.05,21.6,0,On Time,Online,Future
6098,2025-06-17,550,107,2,1,49.65,31.84,49.65,17.81,0,On Time,Online,Future
6099,2025-03-19,727,60,1,1,148.3,32.67,148.3,115.63,0,On Time,Click & Collect,Future
6100,2024-07-24,996,80,1,3,119.07,15.83,357.21,341.38,0,On Time,Online,Future
6101,2024-07-20,793,90,4,1,82.64,24.27,82.64,58.37,0,On Time,Online,Future
6102,2024-07-10,789,49,1,2,134.92,23.26,269.84,246.58,0,On Time,Online,Current
6103,2024-08-02,18,61,6,2,82.33,18.13,164.66,146.53,0,On Time,Online,Future
6104,2025-12-11,638,4,5,1,143.64,30.66,143.64,112.98,0,On Time,Online,Current
6105,2025-04-01,221,62,6,4,180.58,22.43,722.32,699.89,0,On Time,Online,Future
6106,2024-08-07,918,120,5,2,47.37,33.37,94.74,61.37,0,On Time,Click & Collect,Future
6107,2024-04-12,772,3,1,4,182.39,31.83,729.56,697.73,0,On Time,Online,Current
6108,2025-02-21,823,61,4,3,82.33,5.7,246.99,241.29,0,On Time,Online,Current
6109,2024-05-22,509,38,2,1,97.97,13.98,97.97,83.99,0,On Time,Online,Current
6110,2024-09-08,670,57,6,4,144.33,6.11,577.32,571.21,0,On Time,Online,Current
6111,2024-02-24,486,62,2,4,180.58,17.86,722.32,704.46,0,On Time,In-Store,Future
6112,2025-06-13,297,111,2,3,139.05,3.91,417.15,413.24,0,On Time,In-Store,Current
6113,2024-01-08,703,51,1,1,110.62,2.63,110.62,107.99,6,Late,Online,Current
6114,2025-04-20,528,85,1,2,142.01,17.08,284.02,266.94,0,On Time,Click & Collect,Current
6115,2025-08-21,500,42,1,1,65.4,34.52,65.4,30.88,0,On Time,In-Store,Future
6116,2024-09-01,968,18,6,2,53.11,4.75,106.22,101.47,0,On Time,Online,Future
6117,2024-11-01,538,26,4,3,117.76,33.4,353.28,319.88,1,Late,Click & Collect,Current
6118,2024-01-26,668,49,6,3,134.92,32.35,404.76,372.41,0,On Time,Online,Current
6119,2024-01-09,174,25,4,3,27.12,1.0,81.36,80.36,0,On Time,Online,Current
6120,2025-11-02,428,107,6,1,49.65,27.82,49.65,21.83,0,On Time,Online,Future
6121,2025-07-25,632,17,3,2,141.85,15.41,283.7,268.29,0,On Time,Online,Current
6122,2024-06-19,92,31,6,3,64.76,2.22,194.28,192.06,0,On Time,Online,Current
6123,2025-09-05,982,54,6,4,110.37,9.32,441.48,432.16,0,On Time,In-Store,Current
6124,2024-01-01,54,3,4,3,182.39,11.95,547.17,535.22,3,Late,Click & Collect,Current
6125,2024-12-05,746,90,5,3,82.64,1.05,247.92,246.87,0,On Time,Online,Future
6126,2024-04-19,536,107,2,4,49.65,12.71,198.6,185.89,0,On Time,Click & Collect,Future
6127,2024-01-03,781,21,2,3,44.65,20.08,133.95,113.87,1,Late,Online,Future
6128,2025-11-07,431,72,5,3,141.82,7.32,425.46,418.14,0,On Time,Click & Collect,Current
6129,2025-01-09,336,40,3,2,35.44,12.58,70.88,58.3,0,On Time,Wholesale,Current
6130,2024-11-19,821,18,2,3,53.11,0.15,159.33,159.18,2,Late,Online,Current
6131,2025-03-28,354,92,1,3,46.38,24.62,139.14,114.52,0,On Time,Online,Future
6132,2025-04-13,331,59,5,2,99.02,24.57,198.04,173.47,0,On Time,Online,Current
6133,2025-08-09,408,1,2,3,125.71,27.49,377.13,349.64,0,On Time,In-Store,Future
6134,2024-06-12,875,43,6,1,129.42,8.49,129.42,120.93,0,On Time,Online,Current
6135,2025-03-01,345,1,2,3,125.71,3.16,377.13,373.97,0,On Time,Wholesale,Future
6136,2025-10-13,310,115,2,3,131.17,8.69,393.51,384.82,6,Late,Online,Current
6137,2024-11-05,927,106,6,4,28.51,34.16,114.04,79.88,0,On Time,Online,Current
6138,2024-01-27,687,53,1,3,103.59,9.99,310.77,300.78,0,On Time,In-Store,Current
6139,2024-11-13,675,117,1,4,131.87,26.97,527.48,500.51,0,On Time,Wholesale,Future
6140,2024-03-26,506,63,6,4,50.08,17.48,200.32,182.84,0,On Time,Online,Current
6141,2024-11-07,295,5,1,1,140.44,11.98,140.44,128.46,0,On Time,Online,Future
6142,2024-10-09,247,74,6,1,120.32,15.79,120.32,104.53,0,On Time,Online,Future
6143,2024-04-23,848,74,4,2,120.32,33.96,240.64,206.68,0,On Time,Click & Collect,Future
6144,2025-12-28,161,11,6,1,40.32,3.19,40.32,37.13,0,On Time,Click & Collect,Current
6145,2024-02-04,167,79,1,1,174.91,11.01,174.91,163.9,0,On Time,Online,Current
6146,2024-09-22,70,81,6,4,110.75,10.71,443.0,432.29,0,On Time,Online,Future
6147,2025-10-07,529,73,5,1,20.46,8.55,20.46,11.91,1,Late,In-Store,Current
6148,2024-11-03,539,103,3,1,113.76,29.0,113.76,84.76,0,On Time,Online,Current
6149,2025-01-28,356,6,5,3,127.67,20.07,383.01,362.94,0,On Time,Online,Current
6150,2024-04-14,532,86,5,4,102.94,31.06,411.76,380.7,0,On Time,Online,Current
6151,2025-04-19,369,13,6,4,109.25,15.78,437.0,421.22,0,On Time,Online,Current
6152,2025-10-25,530,82,6,2,135.39,13.8,270.78,256.98,0,On Time,Online,Future
6153,2024-07-30,932,79,3,1,174.91,10.23,174.91,164.68,0,On Time,Online,Future
6154,2024-01-08,378,32,5,1,183.92,28.64,183.92,155.28,0,On Time,In-Store,Future
6155,2025-02-08,133,107,4,4,49.65,5.69,198.6,192.91,0,On Time,Click & Collect,Current
6156,2025-03-23,250,52,5,3,18.05,27.82,54.15,26.33,0,On Time,In-Store,Current
6157,2024-03-07,544,19,6,2,118.63,20.27,237.26,216.99,5,Late,Online,Current
6158,2024-04-14,210,55,5,4,80.85,2.77,323.4,320.63,0,On Time,Online,Current
6159,2024-08-17,220,3,6,4,182.39,12.78,729.56,716.78,0,On Time,Online,Future
6160,2025-08-23,608,28,1,1,154.21,26.41,154.21,127.8,0,On Time,Click & Collect,Future
6161,2024-03-01,121,86,6,1,102.94,24.33,102.94,78.61,0,On Time,Online,Future
6162,2024-06-04,483,20,2,4,93.73,1.99,374.92,372.93,0,On Time,Online,Future
6163,2025-05-08,309,25,6,3,27.12,3.31,81.36,78.05,0,On Time,Online,Future
6164,2025-04-29,170,103,3,2,113.76,5.54,227.52,221.98,0,On Time,Online,Current
6165,2025-02-01,791,108,3,4,50.05,14.38,200.2,185.82,0,On Time,Online,Future
6166,2024-05-09,129,44,2,1,107.15,0.16,107.15,106.99,0,On Time,Online,Current
6167,2024-12-27,644,89,5,2,144.37,12.36,288.74,276.38,0,On Time,Click & Collect,Future
6168,2024-11-04,28,38,2,4,97.97,16.32,391.88,375.56,0,On Time,Online,Current
6169,2024-10-15,905,10,2,1,78.41,20.15,78.41,58.26,3,Late,In-Store,Current
6170,2025-02-22,160,85,6,1,142.01,27.89,142.01,114.12,1,Late,Online,Future
6171,2025-10-30,993,82,1,2,135.39,12.35,270.78,258.43,0,On Time,Wholesale,Future
6172,2025-06-01,509,1,6,1,125.71,25.85,125.71,99.86,0,On Time,Online,Current
6173,2025-03-14,106,56,1,1,166.72,2.83,166.72,163.89,0,On Time,Online,Current
6174,2024-10-31,557,87,6,1,80.57,21.96,80.57,58.61,0,On Time,Online,Future
6175,2025-11-06,67,13,6,4,109.25,2.17,437.0,434.83,0,On Time,Online,Current
6176,2025-09-28,760,74,3,4,120.32,25.71,481.28,455.57,0,On Time,In-Store,Current
6177,2025-10-06,664,35,4,4,41.4,21.01,165.6,144.59,1,Late,In-Store,Current
6178,2024-01-28,630,45,6,1,29.58,25.45,29.58,4.13,5,Late,Online,Current
6179,2024-12-10,742,91,6,1,85.5,20.3,85.5,65.2,0,On Time,Online,Current
6180,2024-09-17,384,50,6,3,97.72,9.38,293.16,283.78,0,On Time,Online,Future
6181,2024-01-26,887,65,2,3,71.32,1.48,213.96,212.48,2,Late,Wholesale,Current
6182,2024-12-19,514,21,6,4,44.65,8.48,178.6,170.12,0,On Time,Online,Current
6183,2025-06-04,937,115,2,3,131.17,6.1,393.51,387.41,0,On Time,In-Store,Current
6184,2024-05-10,968,1,3,4,125.71,8.61,502.84,494.23,0,On Time,Online,Current
6185,2025-04-09,224,79,3,3,174.91,20.99,524.73,503.74,0,On Time,Online,Current
6186,2025-06-27,482,119,4,4,21.52,22.41,86.08,63.67,1,Late,Online,Future
6187,2025-03-02,734,42,6,3,65.4,1.1,196.2,195.1,1,Late,Online,Current
6188,2024-01-03,509,37,6,3,141.5,1.72,424.5,422.78,0,On Time,Online,Future
6189,2024-10-01,733,31,2,4,64.76,5.92,259.04,253.12,0,On Time,Online,Future
6190,2024-02-05,980,94,6,3,56.02,13.42,168.06,154.64,0,On Time,Online,Future
6191,2025-12-09,68,120,6,4,47.37,22.64,189.48,166.84,0,On Time,Online,Current
6192,2024-10-12,204,25,1,2,27.12,4.65,54.24,49.59,0,On Time,In-Store,Future
6193,2024-09-19,799,78,6,1,57.86,7.08,57.86,50.78,0,On Time,Online,Current
6194,2025-12-27,260,101,3,1,123.75,3.57,123.75,120.18,0,On Time,Click & Collect,Current
6195,2025-11-14,556,84,6,4,108.1,24.42,432.4,407.98,0,On Time,Online,Current
6196,2024-09-27,90,5,1,3,140.44,3.49,421.32,417.83,0,On Time,In-Store,Current
6197,2024-09-12,521,89,4,4,144.37,34.95,577.48,542.53,0,On Time,In-Store,Current
6198,2024-09-28,848,114,1,2,83.67,5.68,167.34,161.66,0,On Time,Online,Current
6199,2024-08-14,155,90,6,3,82.64,33.49,247.92,214.43,3,Late,Online,Current
6200,2025-09-22,230,39,2,2,128.17,4.11,256.34,252.23,0,On Time,Online,Future
6201,2024-10-29,709,93,3,2,119.71,24.29,239.42,215.13,0,On Time,Wholesale,Future
6202,2024-02-18,841,104,2,1,154.04,27.8,154.04,126.24,0,On Time,Online,Future
6203,2025-12-15,164,27,6,2,148.3,34.43,296.6,262.17,0,On Time,Wholesale,Current
6204,2025-02-12,302,49,1,4,134.92,33.8,539.68,505.88,0,On Time,Click & Collect,Current
6205,2025-06-05,742,10,6,2,78.41,8.38,156.82,148.44,7,Late,Online,Current
6206,2024-01-21,722,50,6,1,97.72,22.58,97.72,75.14,0,On Time,Online,Future
6207,2025-06-09,505,71,3,3,135.62,28.41,406.86,378.45,5,Late,Wholesale,Current
6208,2025-09-19,987,117,3,4,131.87,1.26,527.48,526.22,0,On Time,Online,Current
6209,2024-05-20,425,76,1,1,128.17,10.0,128.17,118.17,0,On Time,Online,Current
6210,2024-11-28,676,2,3,3,200.36,2.26,601.08,598.82,0,On Time,Online,Future
6211,2024-06-16,409,50,1,2,97.72,23.37,195.44,172.07,0,On Time,Click & Collect,Future
6212,2025-06-18,780,119,5,3,21.52,10.3,64.56,54.26,0,On Time,In-Store,Future
6213,2024-05-03,978,112,6,2,167.65,1.42,335.3,333.88,0,On Time,Online,Future
6214,2025-11-29,173,91,2,4,85.5,16.28,342.0,325.72,0,On Time,Online,Future
6215,2024-07-26,282,23,6,1,87.41,25.82,87.41,61.59,0,On Time,Online,Future
6216,2024-05-04,898,110,1,2,159.94,5.47,319.88,314.41,0,On Time,Online,Current
6217,2025-05-19,919,26,1,2,117.76,10.01,235.52,225.51,0,On Time,Wholesale,Current
6218,2025-07-04,51,64,6,4,106.6,30.57,426.4,395.83,0,On Time,Online,Current
6219,2025-03-05,506,105,1,4,45.95,4.04,183.8,179.76,0,On Time,In-Store,Current
6220,2024-01-07,334,81,6,3,110.75,23.4,332.25,308.85,0,On Time,Online,Future
6221,2025-05-07,30,115,6,1,131.17,29.76,131.17,101.41,0,On Time,Online,Current
6222,2024-03-21,181,86,4,1,102.94,29.78,102.94,73.16,0,On Time,Online,Current
6223,2024-07-06,428,70,6,4,117.81,32.29,471.24,438.95,0,On Time,Online,Future
6224,2024-01-26,345,56,4,4,166.72,34.73,666.88,632.15,0,On Time,Online,Future
6225,2025-11-01,375,77,6,1,132.93,17.0,132.93,115.93,1,Late,Online,Future
6226,2025-01-02,164,91,2,2,85.5,16.03,171.0,154.97,0,On Time,In-Store,Current
6227,2024-12-11,617,27,5,4,148.3,19.96,593.2,573.24,0,On Time,Wholesale,Current
6228,2024-01-30,754,20,3,2,93.73,0.92,187.46,186.54,0,On Time,Wholesale,Current
6229,2025-07-18,330,40,1,3,35.44,2.42,106.32,103.9,0,On Time,Click & Collect,Current
6230,2024-11-23,961,108,4,1,50.05,2.58,50.05,47.47,0,On Time,Click & Collect,Current
6231,2024-01-15,686,58,6,3,118.61,2.86,355.83,352.97,0,On Time,Online,Current
6232,2024-07-16,172,112,6,2,167.65,30.89,335.3,304.41,0,On Time,Online,Future
6233,2025-03-23,732,68,4,1,76.01,11.75,76.01,64.26,0,On Time,Wholesale,Current
6234,2024-03-26,582,52,6,4,18.05,27.6,72.2,44.6,0,On Time,Online,Future
6235,2024-09-24,370,75,3,2,112.15,3.98,224.3,220.32,0,On Time,Online,Current
6236,2025-01-15,173,44,4,2,107.15,17.08,214.3,197.22,1,Late,In-Store,Future
6237,2025-02-21,703,93,5,1,119.71,8.65,119.71,111.06,5,Late,Online,Current
6238,2024-12-01,806,98,2,4,192.94,24.02,771.76,747.74,0,On Time,Wholesale,Future
6239,2024-11-20,497,95,6,4,168.8,27.64,675.2,647.56,2,Late,Click & Collect,Future
6240,2024-01-12,882,72,1,3,141.82,1.5,425.46,423.96,2,Late,Wholesale,Current
6241,2025-02-12,205,7,6,4,172.34,19.3,689.36,670.06,0,On Time,Online,Current
6242,2025-02-13,542,31,2,2,64.76,1.74,129.52,127.78,3,Late,Online,Current
6243,2024-01-19,238,114,6,1,83.67,9.27,83.67,74.4,0,On Time,Online,Future
6244,2025-01-05,896,6,2,2,127.67,22.13,255.34,233.21,0,On Time,In-Store,Current
6245,2025-05-13,413,62,6,1,180.58,32.9,180.58,147.68,0,On Time,Online,Current
6246,2025-06-13,48,45,6,2,29.58,33.63,59.16,25.53,6,Late,Online,Current
6247,2024-02-18,203,101,1,1,123.75,24.82,123.75,98.93,0,On Time,Online,Current
6248,2024-03-26,429,86,1,3,102.94,31.77,308.82,277.05,0,On Time,Wholesale,Future
6249,2024-09-09,390,12,6,3,177.18,33.22,531.54,498.32,0,On Time,Online,Future
6250,2025-04-30,757,13,6,1,109.25,15.58,109.25,93.67,0,On Time,Online,Future
6251,2024-10-19,386,44,6,2,107.15,23.02,214.3,191.28,0,On Time,Online,Current
6252,2025-11-21,290,8,1,4,62.57,12.71,250.28,237.57,0,On Time,Online,Current
6253,2025-09-26,112,117,3,4,131.87,11.06,527.48,516.42,0,On Time,Online,Future
6254,2025-02-02,542,110,4,4,159.94,4.51,639.76,635.25,0,On Time,Click & Collect,Current
6255,2025-12-27,332,81,3,3,110.75,3.95,332.25,328.3,0,On Time,Online,Future
6256,2024-02-17,714,36,6,3,162.38,15.58,487.14,471.56,0,On Time,Online,Current
6257,2025-09-25,168,21,6,2,44.65,20.95,89.3,68.35,7,Late,Online,Current
6258,2025-06-21,503,44,4,4,107.15,7.12,428.6,421.48,0,On Time,Online,Current
6259,2025-12-28,763,91,6,3,85.5,25.96,256.5,230.54,0,On Time,Online,Current
6260,2024-09-10,499,119,6,2,21.52,17.98,43.04,25.06,0,On Time,Online,Current
6261,2024-12-09,617,67,2,1,214.61,28.91,214.61,185.7,0,On Time,Wholesale,Future
6262,2025-02-04,611,57,3,2,144.33,21.08,288.66,267.58,0,On Time,Online,Future
6263,2024-02-27,715,90,2,3,82.64,10.15,247.92,237.77,1,Late,Online,Current
6264,2024-03-24,156,73,1,3,20.46,1.25,61.38,60.13,0,On Time,Online,Current
6265,2025-08-14,924,82,3,3,135.39,21.81,406.17,384.36,0,On Time,In-Store,Current
6266,2025-04-17,22,119,3,3,21.52,10.01,64.56,54.55,2,Late,Wholesale,Current
6267,2025-07-22,981,56,6,3,166.72,12.16,500.16,488.0,0,On Time,Online,Current
6268,2025-11-03,926,94,4,4,56.02,25.83,224.08,198.25,0,On Time,Wholesale,Current
6269,2024-06-18,26,97,4,2,54.01,4.57,108.02,103.45,0,On Time,Online,Future
6270,2024-03-01,966,3,6,4,182.39,6.75,729.56,722.81,0,On Time,Online,Current
6271,2024-10-02,704,6,3,3,127.67,21.39,383.01,361.62,2,Late,Click & Collect,Current
6272,2024-10-31,250,77,3,3,132.93,33.88,398.79,364.91,0,On Time,Online,Current
6273,2024-09-17,517,30,6,2,33.3,2.56,66.6,64.04,0,On Time,Online,Current
6274,2024-02-05,911,31,6,1,64.76,17.37,64.76,47.39,0,On Time,Online,Future
6275,2024-09-10,7,52,6,3,18.05,20.77,54.15,33.38,0,On Time,Online,Future
6276,2025-01-05,729,54,6,4,110.37,18.45,441.48,423.03,0,On Time,Online,Future
6277,2024-03-12,675,54,6,2,110.37,32.57,220.74,188.17,0,On Time,Wholesale,Current
6278,2025-04-01,990,109,4,3,65.96,22.67,197.88,175.21,0,On Time,In-Store,Current
6279,2025-04-15,567,116,2,3,159.24,1.6,477.72,476.12,3,Late,Online,Current
6280,2025-02-20,915,85,6,2,142.01,8.59,284.02,275.43,0,On Time,Online,Future
6281,2025-01-13,185,6,5,4,127.67,34.56,510.68,476.12,0,On Time,Online,Current
6282,2024-04-01,906,8,6,2,62.57,7.08,125.14,118.06,3,Late,Online,Current
6283,2024-07-31,254,45,1,4,29.58,16.91,118.32,101.41,0,On Time,Click & Collect,Future
6284,2024-02-07,80,68,4,2,76.01,7.04,152.02,144.98,0,On Time,Online,Future
6285,2024-02-13,364,97,1,4,54.01,17.2,216.04,198.84,0,On Time,Online,Future
6286,2025-04-06,179,112,6,2,167.65,24.61,335.3,310.69,0,On Time,Online,Future
6287,2024-12-31,222,2,3,1,200.36,21.1,200.36,179.26,0,On Time,In-Store,Future
6288,2025-04-14,729,40,5,1,35.44,18.89,35.44,16.55,0,On Time,Click & Collect,Current
6289,2025-10-19,609,24,6,2,152.6,26.8,305.2,278.4,3,Late,Online,Current
6290,2024-01-15,366,6,6,3,127.67,1.17,383.01,381.84,0,On Time,Online,Current
6291,2024-01-31,316,68,2,3,76.01,18.49,228.03,209.54,0,On Time,Online,Future
6292,2024-07-18,383,103,3,3,113.76,16.67,341.28,324.61,0,On Time,Wholesale,Current
6293,2025-01-20,374,83,2,1,73.64,23.06,73.64,50.58,0,On Time,Wholesale,Future
6294,2025-08-13,945,4,3,3,143.64,19.2,430.92,411.72,0,On Time,In-Store,Future
6295,2025-03-12,875,39,3,1,128.17,9.01,128.17,119.16,0,On Time,Wholesale,Current
6296,2025-01-10,694,101,2,3,123.75,18.95,371.25,352.3,0,On Time,Wholesale,Future
6297,2025-03-19,16,67,5,2,214.61,3.51,429.22,425.71,0,On Time,In-Store,Current
6298,2025-11-13,127,68,5,3,76.01,13.32,228.03,214.71,0,On Time,In-Store,Current
6299,2024-11-17,575,80,6,2,119.07,19.57,238.14,218.57,0,On Time,Online,Current
6300,2024-02-12,183,85,3,2,142.01,29.88,284.02,254.14,3,Late,Online,Current
6301,2025-06-16,388,102,4,2,68.71,11.66,137.42,125.76,0,On Time,In-Store,Current
6302,2024-04-28,766,86,2,1,102.94,33.44,102.94,69.5,0,On Time,Online,Current
6303,2025-08-07,873,21,6,2,44.65,14.42,89.3,74.88,0,On Time,Online,Current
6304,2025-02-09,131,18,3,3,53.11,14.12,159.33,145.21,0,On Time,Online,Future
6305,2024-08-15,450,92,5,2,46.38,20.66,92.76,72.1,0,On Time,Online,Current
6306,2025-08-01,535,37,4,4,141.5,7.15,566.0,558.85,0,On Time,Online,Future
6307,2024-06-01,958,88,2,2,41.48,0.16,82.96,82.8,0,On Time,In-Store,Current
6308,2025-08-23,488,72,3,3,141.82,22.4,425.46,403.06,0,On Time,Online,Current
6309,2024-10-02,152,100,6,1,91.89,18.25,91.89,73.64,0,On Time,Online,Current
6310,2024-01-04,860,90,6,1,82.64,18.59,82.64,64.05,0,On Time,Online,Future
6311,2025-05-04,210,85,2,4,142.01,23.11,568.04,544.93,0,On Time,Online,Current
6312,2024-11-21,472,22,6,4,118.48,24.78,473.92,449.14,0,On Time,Online,Current
6313,2025-01-06,95,101,6,4,123.75,26.82,495.0,468.18,0,On Time,Wholesale,Current
6314,2024-04-19,870,37,1,3,141.5,3.13,424.5,421.37,0,On Time,Online,Current
6315,2025-06-21,437,75,2,3,112.15,5.91,336.45,330.54,0,On Time,Wholesale,Future
6316,2024-07-18,627,101,4,3,123.75,13.41,371.25,357.84,0,On Time,Wholesale,Future
6317,2025-09-05,496,40,2,2,35.44,3.41,70.88,67.47,0,On Time,In-Store,Current
6318,2025-03-07,257,31,1,2,64.76,9.16,129.52,120.36,0,On Time,In-Store,Current
6319,2024-05-17,559,87,6,1,80.57,22.35,80.57,58.22,0,On Time,Online,Current
6320,2025-02-15,933,4,4,3,143.64,13.23,430.92,417.69,0,On Time,Wholesale,Current
6321,2024-09-22,35,19,4,3,118.63,32.12,355.89,323.77,0,On Time,In-Store,Current
6322,2025-12-02,739,95,1,4,168.8,23.01,675.2,652.19,0,On Time,Click & Collect,Current
6323,2024-01-03,198,101,2,1,123.75,16.27,123.75,107.48,6,Late,Online,Current
6324,2025-02-09,321,34,6,4,116.01,20.18,464.04,443.86,0,On Time,Online,Current
6325,2025-05-25,382,67,3,4,214.61,30.33,858.44,828.11,0,On Time,Wholesale,Current
6326,2025-05-03,566,91,6,1,85.5,19.58,85.5,65.92,0,On Time,Online,Current
6327,2024-08-19,73,114,6,4,83.67,28.78,334.68,305.9,0,On Time,Online,Current
6328,2024-03-03,92,96,4,3,44.65,7.05,133.95,126.9,0,On Time,Online,Future
6329,2025-10-05,15,74,6,3,120.32,31.18,360.96,329.78,0,On Time,Online,Future
6330,2024-02-28,962,91,6,1,85.5,23.08,85.5,62.42,0,On Time,Online,Future
6331,2025-09-09,955,6,6,3,127.67,23.3,383.01,359.71,0,On Time,Online,Current
6332,2025-02-24,197,71,6,2,135.62,25.79,271.24,245.45,0,On Time,Online,Current
6333,2025-03-08,818,27,2,4,148.3,15.51,593.2,577.69,0,On Time,Online,Future
6334,2025-03-02,6,73,6,1,20.46,18.19,20.46,2.27,0,On Time,Online,Current
6335,2024-12-20,233,26,3,1,117.76,10.73,117.76,107.03,0,On Time,In-Store,Future
6336,2024-11-16,52,64,6,2,106.6,25.17,213.2,188.03,4,Late,Online,Current
6337,2025-03-31,118,52,5,2,18.05,4.33,36.1,31.77,3,Late,Click & Collect,Current
6338,2025-12-11,921,13,2,2,109.25,9.72,218.5,208.78,6,Late,Online,Current
6339,2024-02-18,977,92,1,4,46.38,2.99,185.52,182.53,0,On Time,In-Store,Future
6340,2025-08-08,318,24,6,4,152.6,4.54,610.4,605.86,0,On Time,Online,Future
6341,2024-06-11,427,11,2,1,40.32,16.09,40.32,24.23,0,On Time,Wholesale,Future
6342,2024-03-07,550,113,6,3,120.7,23.83,362.1,338.27,0,On Time,Online,Future
6343,2024-12-22,600,24,6,2,152.6,3.11,305.2,302.09,0,On Time,Online,Current
6344,2024-09-30,83,51,1,3,110.62,7.14,331.86,324.72,0,On Time,Online,Current
6345,2024-09-03,596,61,1,4,82.33,9.65,329.32,319.67,0,On Time,Click & Collect,Current
6346,2025-05-24,591,100,6,1,91.89,7.83,91.89,84.06,0,On Time,Online,Future
6347,2025-11-08,711,11,6,1,40.32,21.81,40.32,18.51,0,On Time,Online,Future
6348,2024-09-05,24,28,6,4,154.21,1.63,616.84,615.21,0,On Time,Online,Future
6349,2024-01-09,762,54,1,1,110.37,13.45,110.37,96.92,0,On Time,Online,Future
6350,2024-12-26,7,88,6,2,41.48,1.31,82.96,81.65,0,On Time,Online,Future
6351,2025-02-02,474,12,1,3,177.18,33.2,531.54,498.34,0,On Time,Online,Future
6352,2025-09-15,225,64,2,1,106.6,34.81,106.6,71.79,0,On Time,Online,Future
6353,2025-08-14,747,7,4,3,172.34,10.19,517.02,506.83,0,On Time,Online,Current
6354,2025-01-21,159,5,2,2,140.44,33.17,280.88,247.71,0,On Time,In-Store,Future
6355,2025-10-09,997,1,1,3,125.71,6.44,377.13,370.69,5,Late,Online,Current
6356,2025-12-14,500,57,5,4,144.33,3.15,577.32,574.17,0,On Time,Wholesale,Current
6357,2025-05-24,946,13,6,4,109.25,17.57,437.0,419.43,1,Late,Online,Future
6358,2025-04-29,300,89,1,4,144.37,3.99,577.48,573.49,4,Late,Wholesale,Current
6359,2024-08-26,713,23,1,1,87.41,31.71,87.41,55.7,3,Late,Click & Collect,Current
6360,2025-02-08,993,45,6,4,29.58,15.0,118.32,103.32,0,On Time,Online,Current
6361,2024-12-22,804,112,3,2,167.65,6.34,335.3,328.96,5,Late,Online,Current
6362,2025-02-16,134,111,1,1,139.05,11.93,139.05,127.12,0,On Time,Online,Current
6363,2024-04-02,681,103,3,2,113.76,12.44,227.52,215.08,0,On Time,Online,Future
6364,2025-03-14,570,97,1,2,54.01,25.98,108.02,82.04,0,On Time,Online,Current
6365,2024-06-28,742,107,1,4,49.65,7.08,198.6,191.52,0,On Time,Online,Current
6366,2025-04-16,313,106,2,4,28.51,33.32,114.04,80.72,0,On Time,Online,Future
6367,2024-10-11,8,43,2,2,129.42,11.89,258.84,246.95,0,On Time,Wholesale,Future
6368,2025-03-06,790,18,3,3,53.11,26.03,159.33,133.3,0,On Time,Wholesale,Current
6369,2025-08-22,169,30,5,3,33.3,4.79,99.9,95.11,7,Late,Online,Current
6370,2024-07-24,984,66,3,4,105.25,23.59,421.0,397.41,0,On Time,Online,Future
6371,2025-09-27,901,26,1,1,117.76,12.08,117.76,105.68,0,On Time,Click & Collect,Future
6372,2024-06-14,365,98,2,1,192.94,22.53,192.94,170.41,0,On Time,Click & Collect,Future
6373,2024-08-24,896,40,6,2,35.44,34.38,70.88,36.5,4,Late,Online,Current
6374,2024-07-26,261,99,6,1,170.64,0.1,170.64,170.54,0,On Time,Online,Current
6375,2024-06-21,287,43,3,4,129.42,17.0,517.68,500.68,0,On Time,Wholesale,Current
6376,2025-09-13,745,21,4,1,44.65,1.31,44.65,43.34,0,On Time,Online,Current
6377,2024-12-25,657,28,1,1,154.21,21.9,154.21,132.31,0,On Time,Online,Current
6378,2025-10-15,946,100,1,1,91.89,19.01,91.89,72.88,0,On Time,Online,Current
6379,2024-07-12,264,91,4,1,85.5,24.26,85.5,61.24,0,On Time,Online,Current
6380,2024-08-08,340,60,6,3,148.3,33.99,444.9,410.91,0,On Time,Online,Current
6381,2025-09-29,65,75,6,2,112.15,1.68,224.3,222.62,0,On Time,Online,Current
6382,2024-03-13,764,38,6,4,97.97,15.38,391.88,376.5,0,On Time,Online,Current
6383,2024-08-16,430,3,1,4,182.39,24.25,729.56,705.31,6,Late,Online,Current
6384,2025-09-11,436,24,2,4,152.6,17.0,610.4,593.4,7,Late,Online,Current
6385,2025-06-11,762,76,6,3,128.17,18.29,384.51,366.22,0,On Time,Online,Future
6386,2024-11-15,750,119,6,3,21.52,31.21,64.56,33.35,0,On Time,Online,Future
6387,2024-09-20,656,17,6,2,141.85,26.77,283.7,256.93,0,On Time,Online,Future
6388,2025-02-15,530,113,3,3,120.7,1.23,362.1,360.87,0,On Time,In-Store,Current
6389,2024-11-05,121,4,6,4,143.64,1.97,574.56,572.59,0,On Time,Online,Current
6390,2025-08-24,307,57,1,2,144.33,6.28,288.66,282.38,0,On Time,Click & Collect,Future
6391,2025-12-21,885,104,6,1,154.04,34.93,154.04,119.11,0,On Time,Online,Future
6392,2024-01-07,770,59,6,4,99.02,20.32,396.08,375.76,0,On Time,Online,Current
6393,2025-05-10,729,49,6,1,134.92,0.71,134.92,134.21,0,On Time,Online,Current
6394,2025-07-30,323,13,2,3,109.25,0.28,327.75,327.47,0,On Time,In-Store,Current
6395,2025-05-07,839,111,5,3,139.05,20.69,417.15,396.46,0,On Time,Online,Current
6396,2024-05-28,597,14,2,4,85.15,24.37,340.6,316.23,0,On Time,Online,Future
6397,2025-02-09,670,57,6,2,144.33,7.32,288.66,281.34,1,Late,Online,Future
6398,2025-03-29,707,37,6,3,141.5,9.34,424.5,415.16,0,On Time,Online,Future
6399,2024-11-26,791,102,6,4,68.71,33.76,274.84,241.08,0,On Time,Online,Current
6400,2025-10-24,367,44,3,4,107.15,12.83,428.6,415.77,0,On Time,Online,Future
6401,2025-09-19,873,98,4,1,192.94,32.63,192.94,160.31,0,On Time,Wholesale,Future
6402,2025-11-11,196,10,6,4,78.41,33.16,313.64,280.48,0,On Time,Online,Future
6403,2025-04-28,25,79,4,3,174.91,10.13,524.73,514.6,1,Late,Online,Future
6404,2024-09-07,313,94,2,3,56.02,8.38,168.06,159.68,6,Late,Online,Current
6405,2025-01-04,945,76,6,2,128.17,6.38,256.34,249.96,0,On Time,Online,Future
6406,2025-11-08,958,81,2,3,110.75,17.39,332.25,314.86,0,On Time,Online,Current
6407,2024-08-13,30,94,2,1,56.02,31.54,56.02,24.48,0,On Time,Online,Current
6408,2025-04-13,459,39,5,2,128.17,15.16,256.34,241.18,0,On Time,In-Store,Future
6409,2025-07-14,171,48,4,3,94.16,2.89,282.48,279.59,6,Late,Wholesale,Current
6410,2025-12-27,826,61,6,1,82.33,21.42,82.33,60.91,2,Late,Online,Current
6411,2025-04-15,123,43,1,1,129.42,10.52,129.42,118.9,0,On Time,Online,Future
6412,2025-08-19,713,103,3,1,113.76,23.28,113.76,90.48,0,On Time,Online,Current
6413,2025-07-09,166,47,1,1,146.36,10.33,146.36,136.03,0,On Time,Wholesale,Current
6414,2025-08-19,555,99,6,4,170.64,6.78,682.56,675.78,0,On Time,Online,Future
6415,2024-10-06,626,115,4,2,131.17,6.33,262.34,256.01,2,Late,In-Store,Future
6416,2025-02-22,827,32,6,1,183.92,18.39,183.92,165.53,2,Late,Online,Future
6417,2024-10-03,737,24,3,3,152.6,24.1,457.8,433.7,0,On Time,Online,Current
6418,2024-10-10,447,22,6,3,118.48,24.26,355.44,331.18,0,On Time,Online,Future
6419,2025-04-06,360,11,2,2,40.32,25.2,80.64,55.44,2,Late,Click & Collect,Current
6420,2024-12-18,780,56,2,1,166.72,24.26,166.72,142.46,0,On Time,Online,Future
6421,2024-10-28,615,25,3,2,27.12,0.61,54.24,53.63,0,On Time,In-Store,Future
6422,2024-06-17,405,33,6,4,219.29,25.13,877.16,852.03,0,On Time,Online,Current
6423,2025-10-13,75,48,2,4,94.16,8.8,376.64,367.84,0,On Time,Online,Current
6424,2024-03-23,32,16,6,4,103.76,29.1,415.04,385.94,0,On Time,In-Store,Current
6425,2025-02-02,929,25,2,2,27.12,23.97,54.24,30.27,1,Late,Wholesale,Current
6426,2024-07-25,198,100,2,4,91.89,11.25,367.56,356.31,0,On Time,In-Store,Future
6427,2024-03-20,846,59,5,1,99.02,3.67,99.02,95.35,0,On Time,Online,Future
6428,2024-02-05,104,102,6,2,68.71,12.13,137.42,125.29,0,On Time,Online,Current
6429,2025-11-17,208,108,6,4,50.05,22.84,200.2,177.36,0,On Time,Online,Current
6430,2024-09-04,799,107,3,2,49.65,32.47,99.3,66.83,0,On Time,Click & Collect,Future
6431,2025-12-01,396,3,4,3,182.39,0.91,547.17,546.26,0,On Time,Click & Collect,Future
6432,2025-01-25,63,92,1,3,46.38,31.0,139.14,108.14,0,On Time,In-Store,Current
6433,2025-06-16,14,23,4,2,87.41,16.79,174.82,158.03,0,On Time,In-Store,Future
6434,2025-01-25,431,28,2,3,154.21,18.61,462.63,444.02,0,On Time,Online,Future
6435,2024-11-14,274,92,6,2,46.38,18.97,92.76,73.79,0,On Time,Online,Current
6436,2025-12-11,14,68,1,2,76.01,16.82,152.02,135.2,0,On Time,Wholesale,Future
6437,2024-06-11,897,62,6,3,180.58,17.33,541.74,524.41,0,On Time,Online,Current
6438,2024-02-23,541,110,6,4,159.94,8.47,639.76,631.29,0,On Time,Online,Current
6439,2024-06-18,241,95,6,4,168.8,13.52,675.2,661.68,0,On Time,Online,Current
6440,2025-02-17,630,97,6,3,54.01,20.98,162.03,141.05,5,Late,Online,Current
6441,2025-07-16,118,61,4,4,82.33,30.38,329.32,298.94,0,On Time,Online,Current
6442,2024-09-29,785,26,1,4,117.76,10.41,471.04,460.63,0,On Time,In-Store,Future
6443,2025-04-28,630,67,6,2,214.61,1.02,429.22,428.2,0,On Time,Online,Future
6444,2025-09-30,881,83,1,4,73.64,10.23,294.56,284.33,0,On Time,Online,Future
6445,2024-01-08,851,46,6,1,117.41,23.31,117.41,94.1,0,On Time,Online,Future
6446,2025-05-03,88,11,2,4,40.32,25.66,161.28,135.62,0,On Time,Online,Future
6447,2024-04-25,952,110,6,2,159.94,17.81,319.88,302.07,0,On Time,In-Store,Current
6448,2025-01-16,170,11,1,3,40.32,6.54,120.96,114.42,5,Late,Wholesale,Current
6449,2025-11-25,298,117,6,2,131.87,15.71,263.74,248.03,0,On Time,Online,Current
6450,2024-03-26,960,105,2,3,45.95,19.38,137.85,118.47,0,On Time,In-Store,Current
6451,2025-02-10,339,66,6,2,105.25,23.26,210.5,187.24,7,Late,Online,Current
6452,2024-10-17,444,94,6,1,56.02,11.36,56.02,44.66,5,Late,In-Store,Current
6453,2024-11-19,887,25,1,4,27.12,18.06,108.48,90.42,0,On Time,Online,Current
6454,2025-03-09,421,107,6,3,49.65,27.27,148.95,121.68,0,On Time,Wholesale,Current
6455,2025-05-13,515,116,6,1,159.24,10.88,159.24,148.36,7,Late,Online,Current
6456,2025-01-08,698,87,3,1,80.57,14.57,80.57,66.0,0,On Time,Online,Current
6457,2024-07-04,77,36,1,4,162.38,31.42,649.52,618.1,0,On Time,Online,Current
6458,2025-05-13,99,32,1,4,183.92,4.64,735.68,731.04,0,On Time,Click & Collect,Current
6459,2025-01-07,577,18,6,3,53.11,28.93,159.33,130.4,0,On Time,Online,Future
6460,2024-10-09,70,81,6,4,110.75,1.3,443.0,441.7,1,Late,Online,Current
6461,2025-03-31,231,94,4,4,56.02,8.76,224.08,215.32,0,On Time,In-Store,Current
6462,2024-12-31,798,109,6,1,65.96,27.53,65.96,38.43,0,On Time,Online,Current
6463,2024-09-11,726,41,3,3,110.65,22.96,331.95,308.99,0,On Time,Online,Current
6464,2024-12-29,21,95,4,1,168.8,1.81,168.8,166.99,0,On Time,Online,Current
6465,2024-08-16,701,50,5,3,97.72,7.48,293.16,285.68,0,On Time,Online,Current
6466,2025-04-04,804,114,4,1,83.67,24.94,83.67,58.73,0,On Time,Online,Future
6467,2024-06-05,626,34,1,2,116.01,8.44,232.02,223.58,0,On Time,Online,Current
6468,2024-09-24,401,115,6,2,131.17,2.29,262.34,260.05,0,On Time,Online,Current
6469,2024-12-25,77,45,6,3,29.58,32.48,88.74,56.26,0,On Time,Online,Current
6470,2024-05-17,411,44,6,1,107.15,27.96,107.15,79.19,0,On Time,Online,Future
6471,2025-09-26,524,118,5,1,167.17,6.49,167.17,160.68,1,Late,Click & Collect,Current
6472,2024-09-20,960,16,3,2,103.76,29.71,207.52,177.81,0,On Time,In-Store,Future
6473,2024-07-13,366,63,6,4,50.08,11.87,200.32,188.45,0,On Time,Online,Current
6474,2025-08-16,284,1,6,1,125.71,18.76,125.71,106.95,0,On Time,Online,Future
6475,2025-08-24,212,104,6,4,154.04,26.76,616.16,589.4,4,Late,Online,Current
6476,2024-12-31,487,59,3,1,99.02,18.5,99.02,80.52,4,Late,In-Store,Current
6477,2024-06-05,647,9,6,2,102.79,18.9,205.58,186.68,0,On Time,In-Store,Future
6478,2025-06-30,553,2,2,1,200.36,20.46,200.36,179.9,0,On Time,Online,Current
6479,2025-05-27,455,99,6,3,170.64,3.67,511.92,508.25,2,Late,Online,Future
6480,2025-08-25,222,45,6,2,29.58,8.08,59.16,51.08,0,On Time,Click & Collect,Future
6481,2024-01-15,452,44,1,1,107.15,30.43,107.15,76.72,0,On Time,Online,Future
6482,2025-12-15,359,56,6,2,166.72,6.43,333.44,327.01,0,On Time,Online,Current
6483,2025-02-08,258,11,3,4,40.32,5.5,161.28,155.78,0,On Time,Online,Future
6484,2024-01-05,684,48,5,4,94.16,22.72,376.64,353.92,0,On Time,Online,Current
6485,2025-03-04,964,29,1,2,130.05,12.52,260.1,247.58,0,On Time,Online,Future
6486,2025-03-01,248,22,5,2,118.48,3.0,236.96,233.96,0,On Time,Online,Future
6487,2024-08-22,475,76,2,3,128.17,5.98,384.51,378.53,0,On Time,In-Store,Future
6488,2025-10-29,429,40,3,3,35.44,22.01,106.32,84.31,0,On Time,In-Store,Future
6489,2024-03-05,804,94,4,3,56.02,9.59,168.06,158.47,0,On Time,Wholesale,Current
6490,2024-08-06,96,103,1,2,113.76,32.58,227.52,194.94,0,On Time,Wholesale,Current
6491,2024-01-06,872,3,4,3,182.39,34.44,547.17,512.73,0,On Time,Online,Future
6492,2024-07-18,394,56,6,4,166.72,18.93,666.88,647.95,0,On Time,Online,Future
6493,2024-04-18,152,99,6,4,170.64,19.55,682.56,663.01,0,On Time,Online,Current
6494,2024-02-15,143,27,1,4,148.3,11.2,593.2,582.0,0,On Time,In-Store,Future
6495,2025-11-09,903,51,1,1,110.62,10.33,110.62,100.29,0,On Time,In-Store,Current
6496,2024-05-10,906,75,3,3,112.15,29.89,336.45,306.56,0,On Time,Online,Current
6497,2025-06-20,556,97,3,1,54.01,4.48,54.01,49.53,2,Late,Click & Collect,Current
6498,2024-05-29,654,24,6,1,152.6,30.28,152.6,122.32,0,On Time,Online,Future
6499,2025-09-12,82,87,1,1,80.57,20.56,80.57,60.01,0,On Time,Online,Current
6500,2024-01-03,742,19,1,1,118.63,2.46,118.63,116.17,0,On Time,Online,Current
6501,2025-07-25,950,43,1,4,129.42,16.67,517.68,501.01,0,On Time,Wholesale,Future
6502,2025-10-28,214,19,6,3,118.63,10.65,355.89,345.24,0,On Time,Online,Future
6503,2025-11-27,54,118,4,1,167.17,19.73,167.17,147.44,0,On Time,Online,Future
6504,2025-08-30,423,21,6,4,44.65,13.18,178.6,165.42,0,On Time,Online,Future
6505,2024-12-08,155,10,1,3,78.41,16.87,235.23,218.36,5,Late,Online,Current
6506,2024-04-08,202,66,6,3,105.25,33.41,315.75,282.34,0,On Time,Online,Future
6507,2024-03-09,219,94,6,2,56.02,7.85,112.04,104.19,0,On Time,Online,Current
6508,2025-12-16,59,99,6,2,170.64,17.1,341.28,324.18,0,On Time,Online,Current
6509,2024-04-10,185,58,2,4,118.61,8.18,474.44,466.26,4,Late,Wholesale,Current
6510,2025-02-06,988,85,4,3,142.01,23.87,426.03,402.16,0,On Time,Click & Collect,Future
6511,2024-06-10,748,47,6,3,146.36,15.87,439.08,423.21,0,On Time,Online,Current
6512,2024-04-10,55,112,2,4,167.65,0.66,670.6,669.94,0,On Time,Wholesale,Current
6513,2024-06-11,920,31,2,2,64.76,12.54,129.52,116.98,0,On Time,Online,Current
6514,2025-04-30,382,53,6,3,103.59,5.5,310.77,305.27,0,On Time,Online,Future
6515,2024-09-03,861,105,6,3,45.95,4.64,137.85,133.21,4,Late,In-Store,Current
6516,2024-10-03,888,111,3,2,139.05,20.38,278.1,257.72,0,On Time,Online,Current
6517,2024-12-02,338,86,3,1,102.94,0.51,102.94,102.43,0,On Time,In-Store,Future
6518,2025-05-11,810,84,1,3,108.1,18.06,324.3,306.24,0,On Time,Online,Future
6519,2024-12-06,282,112,3,4,167.65,34.04,670.6,636.56,0,On Time,Click & Collect,Current
6520,2025-05-06,978,108,3,4,50.05,30.15,200.2,170.05,2,Late,Online,Current
6521,2025-05-17,89,78,2,4,57.86,17.74,231.44,213.7,0,On Time,Online,Future
6522,2025-12-12,834,6,6,3,127.67,6.64,383.01,376.37,0,On Time,Online,Future
6523,2024-12-19,662,62,6,2,180.58,29.62,361.16,331.54,0,On Time,Online,Current
6524,2025-08-06,530,53,6,2,103.59,8.71,207.18,198.47,0,On Time,Online,Future
6525,2024-07-29,224,45,3,3,29.58,7.42,88.74,81.32,0,On Time,Click & Collect,Future
6526,2025-06-17,433,67,6,3,214.61,17.01,643.83,626.82,0,On Time,Online,Current
6527,2025-05-26,2,81,3,4,110.75,3.95,443.0,439.05,0,On Time,Online,Current
6528,2024-11-05,829,26,4,2,117.76,26.92,235.52,208.6,0,On Time,Wholesale,Current
6529,2024-03-24,203,14,6,2,85.15,1.63,170.3,168.67,0,On Time,Online,Current
6530,2025-06-10,738,18,2,1,53.11,34.71,53.11,18.4,0,On Time,Wholesale,Future
6531,2025-05-18,790,89,6,1,144.37,12.09,144.37,132.28,0,On Time,Online,Future
6532,2024-01-28,26,21,6,3,44.65,2.82,133.95,131.13,0,On Time,Online,Current
6533,2025-06-10,175,39,6,2,128.17,13.83,256.34,242.51,0,On Time,In-Store,Current
6534,2024-06-15,861,91,6,4,85.5,1.38,342.0,340.62,0,On Time,Online,Current
6535,2024-11-30,550,34,6,1,116.01,15.76,116.01,100.25,0,On Time,Online,Future
6536,2024-01-22,883,115,3,4,131.17,0.68,524.68,524.0,7,Late,Click & Collect,Current
6537,2024-03-25,346,44,1,4,107.15,28.61,428.6,399.99,0,On Time,Wholesale,Future
6538,2025-10-30,39,118,6,1,167.17,5.24,167.17,161.93,0,On Time,Online,Current
6539,2024-11-24,867,42,6,3,65.4,21.65,196.2,174.55,0,On Time,Online,Future
6540,2024-03-21,388,10,4,1,78.41,24.74,78.41,53.67,0,On Time,Click & Collect,Future
6541,2025-12-17,498,20,3,3,93.73,29.77,281.19,251.42,4,Late,Online,Current
6542,2024-02-18,593,24,6,3,152.6,32.46,457.8,425.34,0,On Time,Online,Future
6543,2024-06-08,109,73,3,3,20.46,5.12,61.38,56.26,0,On Time,Online,Future
6544,2024-04-22,985,100,1,2,91.89,11.02,183.78,172.76,2,Late,Online,Current
6545,2024-08-18,481,61,2,4,82.33,18.29,329.32,311.03,0,On Time,Online,Future
6546,2024-02-25,252,35,6,3,41.4,26.78,124.2,97.42,4,Late,Online,Current
6547,2024-06-26,973,100,6,3,91.89,28.71,275.67,246.96,0,On Time,Online,Future
6548,2024-12-02,924,33,6,3,219.29,6.34,657.87,651.53,7,Late,Online,Current
6549,2025-06-06,68,60,2,4,148.3,19.51,593.2,573.69,0,On Time,Online,Current
6550,2024-12-06,369,3,6,2,182.39,17.24,364.78,347.54,5,Late,Online,Current
6551,2024-06-15,592,68,1,4,76.01,22.7,304.04,281.34,0,On Time,Online,Current
6552,2025-02-27,815,97,6,4,54.01,33.17,216.04,182.87,0,On Time,Online,Current
6553,2024-06-12,477,9,1,4,102.79,0.56,411.16,410.6,4,Late,Online,Current
6554,2024-06-20,874,69,5,3,82.06,34.55,246.18,211.63,2,Late,Click & Collect,Future
6555,2025-09-21,678,64,5,3,106.6,24.37,319.8,295.43,0,On Time,Online,Future
6556,2024-03-25,340,77,2,3,132.93,6.17,398.79,392.62,0,On Time,Wholesale,Future
6557,2025-01-29,23,72,2,2,141.82,34.47,283.64,249.17,0,On Time,In-Store,Current
6558,2024-09-24,484,6,6,2,127.67,13.05,255.34,242.29,0,On Time,Online,Future
6559,2024-05-08,659,48,6,4,94.16,0.44,376.64,376.2,0,On Time,Online,Future
6560,2025-01-20,911,24,5,4,152.6,11.31,610.4,599.09,0,On Time,Online,Current
6561,2024-04-17,485,114,6,3,83.67,4.09,251.01,246.92,0,On Time,Online,Future
6562,2024-09-25,55,4,6,3,143.64,22.75,430.92,408.17,0,On Time,Online,Current
6563,2024-02-08,424,14,6,3,85.15,11.55,255.45,243.9,5,Late,Online,Current
6564,2025-11-13,501,20,1,3,93.73,19.33,281.19,261.86,2,Late,Online,Current
6565,2025-11-07,148,97,2,4,54.01,9.11,216.04,206.93,0,On Time,Online,Future
6566,2024-05-03,749,4,5,2,143.64,25.23,287.28,262.05,0,On Time,Online,Current
6567,2024-08-01,703,78,6,3,57.86,3.08,173.58,170.5,4,Late,Online,Current
6568,2025-02-21,357,18,4,4,53.11,19.96,212.44,192.48,0,On Time,Online,Current
6569,2025-03-28,671,117,5,3,131.87,8.3,395.61,387.31,7,Late,Online,Current
6570,2024-04-17,422,96,6,3,44.65,8.45,133.95,125.5,0,On Time,Online,Future
6571,2025-11-28,218,90,6,1,82.64,4.05,82.64,78.59,0,On Time,Online,Current
6572,2024-12-10,79,54,6,3,110.37,20.6,331.11,310.51,7,Late,Online,Current
6573,2025-09-08,567,107,3,2,49.65,24.76,99.3,74.54,0,On Time,Online,Future
6574,2024-12-02,652,53,6,2,103.59,10.63,207.18,196.55,3,Late,Online,Current
6575,2025-10-08,108,29,6,3,130.05,32.75,390.15,357.4,0,On Time,Online,Current
6576,2024-06-05,288,68,6,2,76.01,6.97,152.02,145.05,0,On Time,Online,Future
6577,2025-10-29,533,20,1,4,93.73,8.51,374.92,366.41,3,Late,Online,Current
6578,2025-04-17,816,44,5,3,107.15,2.58,321.45,318.87,0,On Time,Online,Future
6579,2025-02-24,902,28,1,4,154.21,11.32,616.84,605.52,0,On Time,Wholesale,Current
6580,2024-07-16,34,77,6,4,132.93,28.68,531.72,503.04,4,Late,Online,Current
6581,2024-11-22,239,117,2,1,131.87,7.77,131.87,124.1,0,On Time,Click & Collect,Future
6582,2024-06-10,484,93,6,2,119.71,21.44,239.42,217.98,0,On Time,Online,Future
6583,2025-05-12,581,101,5,3,123.75,31.11,371.25,340.14,0,On Time,Online,Current
6584,2024-02-13,683,56,1,3,166.72,12.79,500.16,487.37,0,On Time,Online,Current
6585,2025-07-17,605,18,2,1,53.11,22.63,53.11,30.48,0,On Time,Online,Current
6586,2025-10-14,72,12,6,4,177.18,26.14,708.72,682.58,0,On Time,Online,Future
6587,2024-01-26,625,40,1,4,35.44,27.23,141.76,114.53,0,On Time,Click & Collect,Future
6588,2024-09-03,627,82,6,4,135.39,4.08,541.56,537.48,0,On Time,Online,Future
6589,2025-08-30,324,64,2,1,106.6,6.02,106.6,100.58,0,On Time,Online,Current
6590,2025-07-26,426,8,3,3,62.57,0.84,187.71,186.87,7,Late,Online,Current
6591,2024-11-09,753,68,3,4,76.01,8.95,304.04,295.09,0,On Time,Wholesale,Future
6592,2025-03-14,237,54,4,1,110.37,14.5,110.37,95.87,0,On Time,Online,Future
6593,2025-11-21,725,82,6,1,135.39,7.76,135.39,127.63,0,On Time,Online,Future
6594,2024-02-09,359,34,6,3,116.01,23.67,348.03,324.36,0,On Time,Online,Future
6595,2025-01-13,551,81,6,3,110.75,12.43,332.25,319.82,0,On Time,Online,Future
6596,2025-01-10,481,34,6,4,116.01,13.4,464.04,450.64,0,On Time,Wholesale,Future
6597,2024-10-21,367,115,2,1,131.17,30.16,131.17,101.01,0,On Time,Online,Current
6598,2024-07-27,73,54,6,1,110.37,20.12,110.37,90.25,1,Late,Online,Future
6599,2025-09-28,728,63,6,1,50.08,7.39,50.08,42.69,0,On Time,Online,Current
6600,2025-12-10,200,6,1,2,127.67,2.62,255.34,252.72,0,On Time,Online,Current
6601,2024-08-24,666,51,6,4,110.62,17.94,442.48,424.54,1,Late,Online,Current
6602,2025-09-02,123,103,6,4,113.76,24.2,455.04,430.84,0,On Time,Online,Current
6603,2025-12-08,474,39,1,2,128.17,25.53,256.34,230.81,0,On Time,In-Store,Future
6604,2024-10-08,224,54,3,3,110.37,28.8,331.11,302.31,0,On Time,Click & Collect,Future
6605,2024-08-04,188,118,2,4,167.17,13.51,668.68,655.17,3,Late,Wholesale,Current
6606,2025-08-03,242,73,6,1,20.46,27.61,20.46,-7.15,6,Late,Online,Current
6607,2024-11-12,437,22,6,4,118.48,32.54,473.92,441.38,0,On Time,Online,Future
6608,2024-10-16,894,7,5,3,172.34,29.52,517.02,487.5,0,On Time,In-Store,Current
6609,2024-11-28,334,4,6,1,143.64,30.28,143.64,113.36,0,On Time,Online,Future
6610,2025-05-12,492,103,1,1,113.76,30.03,113.76,83.73,0,On Time,Wholesale,Current
6611,2025-12-29,740,46,2,1,117.41,32.7,117.41,84.71,0,On Time,Online,Current
6612,2024-06-11,259,68,1,3,76.01,19.1,228.03,208.93,1,Late,Online,Future
6613,2025-12-12,435,59,6,1,99.02,28.65,99.02,70.37,0,On Time,Online,Current
6614,2025-02-18,331,97,3,1,54.01,19.28,54.01,34.73,0,On Time,In-Store,Current
6615,2025-10-30,811,110,6,1,159.94,3.29,159.94,156.65,1,Late,Online,Current
6616,2025-10-05,519,15,6,2,76.6,8.37,153.2,144.83,0,On Time,Online,Future
6617,2025-07-26,487,65,6,4,71.32,17.12,285.28,268.16,7,Late,Online,Current
6618,2025-02-28,149,62,4,1,180.58,20.63,180.58,159.95,0,On Time,Online,Current
6619,2024-08-02,140,86,1,3,102.94,22.27,308.82,286.55,0,On Time,Online,Future
6620,2024-05-20,706,19,6,1,118.63,25.36,118.63,93.27,7,Late,Online,Current
6621,2025-10-20,676,48,1,3,94.16,2.13,282.48,280.35,0,On Time,Online,Current
6622,2025-02-20,310,79,1,1,174.91,32.1,174.91,142.81,0,On Time,Wholesale,Future
6623,2024-11-23,746,92,5,3,46.38,3.9,139.14,135.24,0,On Time,Online,Current
6624,2025-06-23,599,103,5,1,113.76,23.7,113.76,90.06,4,Late,Online,Current
6625,2025-12-02,126,9,2,2,102.79,13.95,205.58,191.63,0,On Time,In-Store,Current
6626,2024-10-15,743,1,6,1,125.71,7.31,125.71,118.4,0,On Time,Online,Current
6627,2025-05-07,952,16,3,2,103.76,2.79,207.52,204.73,0,On Time,Click & Collect,Future
6628,2024-07-06,733,27,4,3,148.3,10.84,444.9,434.06,0,On Time,Online,Future
6629,2025-05-18,857,44,6,4,107.15,1.07,428.6,427.53,0,On Time,Online,Current
6630,2025-01-26,89,21,4,1,44.65,17.46,44.65,27.19,0,On Time,Online,Future
6631,2024-12-21,362,112,1,4,167.65,3.62,670.6,666.98,4,Late,Click & Collect,Current
6632,2024-11-16,158,61,6,2,82.33,11.99,164.66,152.67,4,Late,Online,Current
6633,2025-01-16,102,45,1,2,29.58,2.82,59.16,56.34,0,On Time,In-Store,Current
6634,2024-11-16,992,84,6,4,108.1,5.73,432.4,426.67,2,Late,Online,Future
6635,2024-04-13,861,33,1,3,219.29,33.03,657.87,624.84,0,On Time,Online,Future
6636,2025-02-21,950,98,1,3,192.94,18.67,578.82,560.15,0,On Time,In-Store,Future
6637,2024-08-26,527,2,5,4,200.36,14.92,801.44,786.52,6,Late,Click & Collect,Current
6638,2024-02-20,953,54,5,2,110.37,29.12,220.74,191.62,0,On Time,Wholesale,Current
6639,2025-11-30,46,6,3,2,127.67,4.27,255.34,251.07,0,On Time,In-Store,Current
6640,2025-05-14,984,42,2,1,65.4,8.18,65.4,57.22,4,Late,Online,Current
6641,2024-03-20,734,13,2,4,109.25,26.96,437.0,410.04,0,On Time,Click & Collect,Current
6642,2024-01-21,693,75,6,3,112.15,11.64,336.45,324.81,0,On Time,Online,Future
6643,2025-02-02,453,19,6,4,118.63,20.33,474.52,454.19,0,On Time,Click & Collect,Current
6644,2024-12-07,831,50,6,4,97.72,0.16,390.88,390.72,0,On Time,Online,Future
6645,2025-10-03,360,26,2,3,117.76,3.4,353.28,349.88,2,Late,Online,Current
6646,2025-09-04,177,76,5,4,128.17,23.22,512.68,489.46,0,On Time,Wholesale,Future
6647,2025-12-17,94,92,1,3,46.38,26.57,139.14,112.57,0,On Time,Online,Current
6648,2024-11-12,403,41,3,2,110.65,15.63,221.3,205.67,0,On Time,In-Store,Future
6649,2025-05-11,921,37,2,1,141.5,19.08,141.5,122.42,0,On Time,Wholesale,Current
6650,2025-06-23,514,108,6,4,50.05,13.82,200.2,186.38,5,Late,Online,Current
6651,2025-02-05,631,71,2,2,135.62,4.78,271.24,266.46,0,On Time,Wholesale,Current
6652,2024-03-02,923,37,3,3,141.5,21.31,424.5,403.19,0,On Time,Click & Collect,Current
6653,2024-11-02,914,67,2,2,214.61,34.38,429.22,394.84,0,On Time,Click & Collect,Future
6654,2025-12-30,27,57,1,1,144.33,26.86,144.33,117.47,0,On Time,Online,Current
6655,2025-07-07,398,17,6,4,141.85,8.67,567.4,558.73,0,On Time,Online,Future
6656,2024-09-08,600,74,5,3,120.32,27.8,360.96,333.16,0,On Time,Click & Collect,Current
6657,2024-05-25,742,81,6,1,110.75,6.83,110.75,103.92,0,On Time,Online,Future
6658,2025-09-24,65,112,1,2,167.65,23.65,335.3,311.65,0,On Time,In-Store,Current
6659,2024-08-26,87,55,1,3,80.85,26.49,242.55,216.06,0,On Time,Wholesale,Current
6660,2025-06-03,546,9,6,4,102.79,11.96,411.16,399.2,0,On Time,Online,Current
6661,2025-04-01,460,40,6,1,35.44,31.77,35.44,3.67,0,On Time,Online,Current
6662,2025-05-27,588,89,3,2,144.37,18.79,288.74,269.95,0,On Time,Online,Current
6663,2024-03-02,150,71,4,3,135.62,6.02,406.86,400.84,0,On Time,Online,Future
6664,2025-07-10,258,42,2,1,65.4,27.02,65.4,38.38,0,On Time,Click & Collect,Future
6665,2024-11-01,392,108,6,2,50.05,1.45,100.1,98.65,0,On Time,Online,Future
6666,2024-11-21,751,26,6,2,117.76,1.22,235.52,234.3,1,Late,Online,Future
6667,2024-12-21,357,54,3,4,110.37,21.48,441.48,420.0,0,On Time,Online,Current
6668,2025-09-26,914,120,5,2,47.37,15.73,94.74,79.01,0,On Time,Online,Future
6669,2024-04-20,565,29,6,4,130.05,31.35,520.2,488.85,0,On Time,Online,Future
6670,2025-07-19,393,58,6,1,118.61,3.69,118.61,114.92,0,On Time,Online,Current
6671,2025-12-01,258,24,6,4,152.6,25.85,610.4,584.55,0,On Time,In-Store,Current
6672,2025-02-03,848,48,6,1,94.16,12.6,94.16,81.56,0,On Time,Online,Future
6673,2025-06-26,140,52,1,1,18.05,29.11,18.05,-11.06,4,Late,Online,Current
6674,2025-03-18,812,57,3,3,144.33,2.93,432.99,430.06,5,Late,Online,Current
6675,2025-03-21,677,84,4,3,108.1,13.62,324.3,310.68,6,Late,In-Store,Current
6676,2024-02-24,180,59,6,3,99.02,33.16,297.06,263.9,0,On Time,Online,Future
6677,2024-05-05,606,40,3,1,35.44,20.09,35.44,15.35,0,On Time,Online,Future
6678,2025-05-30,589,43,2,2,129.42,26.74,258.84,232.1,0,On Time,Online,Current
6679,2025-02-05,55,95,1,3,168.8,30.78,506.4,475.62,0,On Time,Online,Future
6680,2024-07-29,489,97,6,3,54.01,17.74,162.03,144.29,3,Late,Online,Current
6681,2024-09-21,140,42,4,4,65.4,11.54,261.6,250.06,0,On Time,In-Store,Future
6682,2024-07-09,119,110,3,1,159.94,31.82,159.94,128.12,0,On Time,Online,Future
6683,2025-07-12,761,4,6,2,143.64,20.42,287.28,266.86,2,Late,Online,Future
6684,2024-02-08,238,37,3,3,141.5,5.4,424.5,419.1,3,Late,In-Store,Current
6685,2025-11-02,132,86,6,2,102.94,33.3,205.88,172.58,0,On Time,Online,Current
6686,2025-12-12,519,57,6,1,144.33,20.81,144.33,123.52,0,On Time,Online,Future
6687,2024-02-22,565,61,1,4,82.33,11.34,329.32,317.98,0,On Time,In-Store,Current
6688,2025-01-25,977,99,4,1,170.64,3.56,170.64,167.08,0,On Time,In-Store,Future
6689,2024-08-26,562,39,6,2,128.17,17.81,256.34,238.53,0,On Time,Online,Future
6690,2024-02-15,768,71,6,4,135.62,0.42,542.48,542.06,5,Late,Online,Current
6691,2024-10-22,813,103,5,2,113.76,8.08,227.52,219.44,5,Late,Click & Collect,Current
6692,2024-10-14,100,87,2,3,80.57,13.03,241.71,228.68,6,Late,Click & Collect,Current
6693,2024-06-11,775,94,3,2,56.02,33.43,112.04,78.61,0,On Time,Click & Collect,Future
6694,2024-11-29,321,46,2,4,117.41,25.77,469.64,443.87,0,On Time,Click & Collect,Future
6695,2024-06-21,268,32,3,3,183.92,0.68,551.76,551.08,5,Late,Online,Current
6696,2024-06-19,964,6,6,3,127.67,33.94,383.01,349.07,0,On Time,Online,Current
6697,2025-03-31,715,51,1,1,110.62,9.73,110.62,100.89,0,On Time,Online,Future
6698,2024-01-20,630,116,1,2,159.24,24.99,318.48,293.49,3,Late,Online,Current
6699,2025-01-09,713,53,6,2,103.59,9.4,207.18,197.78,0,On Time,Online,Current
6700,2024-06-04,470,23,6,2,87.41,32.9,174.82,141.92,0,On Time,Online,Future
6701,2025-02-10,332,20,2,1,93.73,24.76,93.73,68.97,2,Late,Online,Current
6702,2024-07-21,595,21,6,4,44.65,23.26,178.6,155.34,0,On Time,Online,Future
6703,2025-10-12,109,14,1,3,85.15,9.98,255.45,245.47,0,On Time,Online,Current
6704,2025-04-14,233,26,6,2,117.76,18.37,235.52,217.15,6,Late,Online,Current
6705,2025-05-29,90,70,2,3,117.81,4.26,353.43,349.17,0,On Time,Wholesale,Future
6706,2024-03-30,743,4,1,1,143.64,28.89,143.64,114.75,0,On Time,Online,Future
6707,2025-04-27,430,37,1,2,141.5,25.73,283.0,257.27,0,On Time,Online,Future
6708,2025-08-10,294,37,6,1,141.5,28.56,141.5,112.94,0,On Time,Online,Current
6709,2024-03-20,930,59,6,4,99.02,19.48,396.08,376.6,0,On Time,Online,Current
6710,2025-09-28,103,2,6,4,200.36,33.77,801.44,767.67,0,On Time,Online,Current
6711,2025-01-04,773,50,6,2,97.72,14.71,195.44,180.73,0,On Time,Online,Future
6712,2024-03-08,854,114,6,4,83.67,29.87,334.68,304.81,0,On Time,Online,Current
6713,2025-05-16,149,35,6,1,41.4,12.18,41.4,29.22,0,On Time,Online,Future
6714,2024-12-24,162,105,4,1,45.95,24.11,45.95,21.84,0,On Time,Online,Future
6715,2024-05-13,706,76,6,2,128.17,23.33,256.34,233.01,0,On Time,Online,Future
6716,2024-05-14,621,69,6,2,82.06,12.92,164.12,151.2,0,On Time,Online,Future
6717,2025-04-17,144,29,1,3,130.05,11.29,390.15,378.86,0,On Time,Online,Future
6718,2025-11-17,506,8,6,1,62.57,32.33,62.57,30.24,0,On Time,Online,Current
6719,2024-05-29,336,65,6,4,71.32,0.2,285.28,285.08,0,On Time,Online,Current
6720,2025-09-27,973,54,3,4,110.37,4.48,441.48,437.0,0,On Time,Online,Future
6721,2024-03-15,891,106,1,2,28.51,7.47,57.02,49.55,0,On Time,Online,Future
6722,2024-10-19,985,31,6,3,64.76,16.59,194.28,177.69,0,On Time,In-Store,Future
6723,2024-03-24,36,15,5,4,76.6,9.37,306.4,297.03,2,Late,Online,Future
6724,2024-07-12,563,74,6,2,120.32,29.75,240.64,210.89,0,On Time,Online,Future
6725,2025-09-06,50,1,6,2,125.71,14.51,251.42,236.91,2,Late,Online,Current
6726,2024-04-17,54,109,6,3,65.96,33.65,197.88,164.23,0,On Time,Online,Future
6727,2025-06-11,90,62,5,2,180.58,25.36,361.16,335.8,6,Late,Online,Current
6728,2025-11-11,89,84,6,2,108.1,7.72,216.2,208.48,0,On Time,Online,Future
6729,2024-10-18,510,50,6,3,97.72,10.01,293.16,283.15,1,Late,Online,Current
6730,2025-02-20,370,112,5,4,167.65,10.99,670.6,659.61,2,Late,Wholesale,Current
6731,2025-04-07,301,84,6,4,108.1,13.83,432.4,418.57,0,On Time,Online,Current
6732,2024-11-23,490,5,5,3,140.44,13.71,421.32,407.61,3,Late,Online,Current
6733,2025-03-05,260,17,6,4,141.85,28.21,567.4,539.19,0,On Time,Online,Future
6734,2024-05-16,145,47,3,1,146.36,1.92,146.36,144.44,0,On Time,Wholesale,Current
6735,2024-11-01,884,28,6,1,154.21,30.0,154.21,124.21,0,On Time,Online,Current
6736,2025-01-15,593,18,5,3,53.11,13.28,159.33,146.05,0,On Time,Online,Future
6737,2024-07-28,217,16,6,1,103.76,16.24,103.76,87.52,1,Late,Wholesale,Current
6738,2024-05-14,597,78,5,4,57.86,31.13,231.44,200.31,0,On Time,Wholesale,Future
6739,2024-06-29,953,23,3,4,87.41,6.33,349.64,343.31,0,On Time,In-Store,Future
6740,2025-10-22,848,71,3,1,135.62,13.15,135.62,122.47,0,On Time,Online,Future
6741,2024-08-22,555,56,3,4,166.72,1.1,666.88,665.78,0,On Time,Online,Current
6742,2025-12-22,705,79,5,4,174.91,4.17,699.64,695.47,0,On Time,Online,Current
6743,2025-01-29,322,1,4,2,125.71,21.8,251.42,229.62,0,On Time,Online,Current
6744,2024-07-28,85,62,6,3,180.58,25.2,541.74,516.54,0,On Time,Online,Future
6745,2024-04-06,805,3,1,1,182.39,3.36,182.39,179.03,0,On Time,Click & Collect,Current
6746,2024-01-19,3,20,2,3,93.73,9.26,281.19,271.93,0,On Time,Click & Collect,Current
6747,2024-10-10,284,107,6,4,49.65,10.3,198.6,188.3,0,On Time,Online,Future
6748,2025-05-03,119,11,6,4,40.32,11.53,161.28,149.75,0,On Time,Online,Current
6749,2024-08-21,63,36,6,4,162.38,5.48,649.52,644.04,0,On Time,Online,Future
6750,2025-10-24,133,90,3,2,82.64,19.73,165.28,145.55,0,On Time,Click & Collect,Future
6751,2024-01-25,480,16,6,3,103.76,32.77,311.28,278.51,0,On Time,Online,Current
6752,2025-03-12,559,43,2,3,129.42,7.43,388.26,380.83,0,On Time,In-Store,Current
6753,2024-05-09,171,49,3,3,134.92,25.67,404.76,379.09,0,On Time,Online,Current
6754,2024-11-02,784,109,6,2,65.96,17.43,131.92,114.49,0,On Time,Online,Future
6755,2025-04-17,750,24,5,3,152.6,24.21,457.8,433.59,0,On Time,Online,Future
6756,2024-10-16,144,20,6,4,93.73,10.19,374.92,364.73,0,On Time,Online,Future
6757,2024-03-18,857,35,6,3,41.4,21.02,124.2,103.18,0,On Time,Online,Future
6758,2024-07-05,597,115,6,4,131.17,1.46,524.68,523.22,0,On Time,Online,Future
6759,2024-04-18,6,71,6,4,135.62,2.5,542.48,539.98,0,On Time,Online,Current
6760,2025-03-11,764,109,3,2,65.96,29.92,131.92,102.0,0,On Time,Click & Collect,Future
6761,2024-07-17,866,55,1,1,80.85,30.27,80.85,50.58,0,On Time,Online,Current
6762,2024-08-21,48,85,2,4,142.01,6.57,568.04,561.47,0,On Time,In-Store,Current
6763,2025-08-28,1000,18,6,3,53.11,0.45,159.33,158.88,0,On Time,Online,Future
6764,2024-04-16,730,38,3,4,97.97,12.52,391.88,379.36,0,On Time,In-Store,Future
6765,2025-05-11,718,51,6,4,110.62,2.83,442.48,439.65,0,On Time,Online,Current
6766,2025-10-13,57,95,3,1,168.8,13.06,168.8,155.74,4,Late,Wholesale,Current
6767,2025-03-06,256,74,6,4,120.32,0.42,481.28,480.86,0,On Time,Online,Current
6768,2024-08-07,858,98,2,2,192.94,3.7,385.88,382.18,0,On Time,Online,Current
6769,2025-04-18,799,60,6,3,148.3,16.53,444.9,428.37,4,Late,Online,Current
6770,2025-01-31,540,46,1,3,117.41,1.71,352.23,350.52,0,On Time,Online,Current
6771,2024-10-31,648,9,5,3,102.79,4.21,308.37,304.16,0,On Time,Online,Future
6772,2025-02-23,487,22,2,1,118.48,21.49,118.48,96.99,0,On Time,Click & Collect,Current
6773,2025-09-05,64,47,6,2,146.36,24.07,292.72,268.65,0,On Time,Online,Future
6774,2024-03-11,788,111,6,2,139.05,10.02,278.1,268.08,0,On Time,Online,Current
6775,2025-04-21,980,70,2,1,117.81,15.13,117.81,102.68,2,Late,Online,Current
6776,2025-12-25,515,28,6,3,154.21,6.3,462.63,456.33,0,On Time,Online,Future
6777,2024-12-16,623,5,6,1,140.44,10.03,140.44,130.41,0,On Time,Click & Collect,Future
6778,2024-06-29,489,100,6,3,91.89,19.87,275.67,255.8,0,On Time,Online,Current
6779,2025-04-25,157,87,3,4,80.57,22.49,322.28,299.79,4,Late,Online,Current
6780,2025-02-03,274,13,2,3,109.25,10.69,327.75,317.06,0,On Time,Online,Future
6781,2024-03-23,534,100,5,1,91.89,26.92,91.89,64.97,0,On Time,Online,Current
6782,2025-12-27,278,109,6,2,65.96,21.24,131.92,110.68,0,On Time,Online,Current
6783,2024-05-08,484,25,6,3,27.12,26.1,81.36,55.26,0,On Time,Online,Current
6784,2025-05-02,665,104,6,4,154.04,13.91,616.16,602.25,0,On Time,Online,Future
6785,2024-02-28,468,77,6,4,132.93,9.78,531.72,521.94,0,On Time,Online,Future
6786,2024-11-17,364,116,1,1,159.24,16.56,159.24,142.68,0,On Time,Online,Current
6787,2025-08-28,750,35,4,2,41.4,13.95,82.8,68.85,0,On Time,Click & Collect,Future
6788,2025-04-07,623,18,6,2,53.11,16.06,106.22,90.16,0,On Time,Online,Current
6789,2024-03-05,657,109,6,3,65.96,8.03,197.88,189.85,1,Late,Online,Current
6790,2024-06-03,355,84,6,3,108.1,12.17,324.3,312.13,0,On Time,Online,Future
6791,2024-06-25,123,98,1,1,192.94,2.91,192.94,190.03,0,On Time,Online,Current
6792,2025-12-06,20,64,2,3,106.6,31.97,319.8,287.83,1,Late,Click & Collect,Future
6793,2025-07-25,846,9,1,3,102.79,6.52,308.37,301.85,6,Late,Click & Collect,Current
6794,2025-12-10,195,93,5,2,119.71,22.92,239.42,216.5,4,Late,Wholesale,Current
6795,2025-11-01,430,14,5,4,85.15,0.22,340.6,340.38,0,On Time,Click & Collect,Future
6796,2025-03-07,362,34,6,4,116.01,7.49,464.04,456.55,0,On Time,Online,Current
6797,2025-12-06,993,51,2,3,110.62,20.83,331.86,311.03,0,On Time,In-Store,Future
6798,2025-11-16,739,1,6,4,125.71,30.5,502.84,472.34,0,On Time,Online,Future
6799,2025-03-06,152,32,4,2,183.92,4.12,367.84,363.72,2,Late,Online,Current
6800,2024-10-16,187,51,2,2,110.62,26.2,221.24,195.04,4,Late,In-Store,Current
6801,2025-01-03,345,8,1,1,62.57,33.73,62.57,28.84,2,Late,Online,Current
6802,2024-02-09,948,105,5,1,45.95,15.68,45.95,30.27,0,On Time,In-Store,Current
6803,2024-09-19,79,9,6,4,102.79,28.36,411.16,382.8,0,On Time,Online,Current
6804,2024-04-03,524,64,6,2,106.6,11.81,213.2,201.39,0,On Time,Online,Current
6805,2025-03-09,963,15,3,3,76.6,34.31,229.8,195.49,0,On Time,Online,Future
6806,2024-09-27,336,22,5,1,118.48,10.12,118.48,108.36,2,Late,Online,Current
6807,2024-03-02,527,114,3,1,83.67,4.23,83.67,79.44,0,On Time,In-Store,Current
6808,2025-10-10,635,93,2,2,119.71,28.0,239.42,211.42,2,Late,Wholesale,Future
6809,2025-09-23,238,58,2,3,118.61,30.09,355.83,325.74,0,On Time,In-Store,Future
6810,2025-06-26,481,19,6,3,118.63,33.87,355.89,322.02,0,On Time,Online,Current
6811,2025-01-03,592,54,5,3,110.37,8.59,331.11,322.52,0,On Time,In-Store,Current
6812,2025-07-01,237,13,1,4,109.25,0.76,437.0,436.24,0,On Time,Click & Collect,Current
6813,2025-08-08,484,100,6,1,91.89,20.23,91.89,71.66,0,On Time,Online,Future
6814,2025-04-11,692,95,2,4,168.8,28.76,675.2,646.44,0,On Time,Online,Future
6815,2025-06-17,18,26,2,1,117.76,2.71,117.76,115.05,0,On Time,Click & Collect,Future
6816,2025-12-15,144,81,6,1,110.75,29.09,110.75,81.66,0,On Time,Online,Current
6817,2024-01-02,976,78,6,2,57.86,22.78,115.72,92.94,1,Late,Online,Current
6818,2025-06-17,950,70,1,1,117.81,1.58,117.81,116.23,3,Late,Click & Collect,Current
6819,2025-06-27,568,9,6,1,102.79,20.27,102.79,82.52,0,On Time,Online,Future
6820,2024-04-24,829,88,3,4,41.48,13.82,165.92,152.1,7,Late,Click & Collect,Current
6821,2025-08-19,357,23,2,4,87.41,14.5,349.64,335.14,7,Late,Online,Current
6822,2025-08-28,544,57,1,1,144.33,16.42,144.33,127.91,0,On Time,Online,Current
6823,2025-12-29,360,95,5,3,168.8,34.94,506.4,471.46,0,On Time,In-Store,Future
6824,2025-04-29,446,24,2,4,152.6,25.68,610.4,584.72,7,Late,Click & Collect,Current
6825,2024-09-25,83,96,6,3,44.65,4.37,133.95,129.58,0,On Time,Online,Current
6826,2024-11-19,943,58,6,2,118.61,30.27,237.22,206.95,0,On Time,Online,Current
6827,2024-02-13,430,13,5,3,109.25,12.04,327.75,315.71,0,On Time,Online,Future
6828,2025-02-22,216,105,1,4,45.95,9.22,183.8,174.58,4,Late,Online,Current
6829,2025-11-10,567,79,6,1,174.91,27.12,174.91,147.79,0,On Time,Online,Future
6830,2025-12-22,427,36,6,2,162.38,31.67,324.76,293.09,0,On Time,Online,Current
6831,2024-04-18,437,13,6,2,109.25,8.97,218.5,209.53,0,On Time,Online,Future
6832,2025-04-30,850,44,1,1,107.15,20.95,107.15,86.2,0,On Time,Online,Current
6833,2024-04-18,40,106,1,4,28.51,24.4,114.04,89.64,0,On Time,Online,Current
6834,2025-06-28,865,44,3,3,107.15,29.42,321.45,292.03,0,On Time,Wholesale,Current
6835,2024-04-02,207,97,5,2,54.01,14.77,108.02,93.25,0,On Time,In-Store,Future
6836,2024-01-07,123,103,6,1,113.76,9.8,113.76,103.96,3,Late,Click & Collect,Current
6837,2024-10-02,678,25,1,2,27.12,32.57,54.24,21.67,0,On Time,Online,Future
6838,2025-08-23,597,120,6,3,47.37,9.82,142.11,132.29,0,On Time,Online,Current
6839,2025-07-29,107,26,4,2,117.76,7.8,235.52,227.72,0,On Time,Online,Current
6840,2024-06-09,602,18,6,4,53.11,30.5,212.44,181.94,0,On Time,Online,Future
6841,2025-03-31,399,116,6,4,159.24,26.39,636.96,610.57,0,On Time,Online,Current
6842,2025-06-08,109,74,4,3,120.32,34.45,360.96,326.51,0,On Time,Online,Future
6843,2025-01-24,816,105,6,2,45.95,11.81,91.9,80.09,7,Late,Online,Current
6844,2025-04-27,812,74,2,1,120.32,26.01,120.32,94.31,0,On Time,Online,Current
6845,2025-10-28,265,69,3,1,82.06,27.39,82.06,54.67,7,Late,Online,Current
6846,2024-07-05,238,108,2,1,50.05,21.38,50.05,28.67,0,On Time,Wholesale,Future
6847,2024-12-09,769,1,4,1,125.71,17.36,125.71,108.35,0,On Time,In-Store,Current
6848,2025-12-10,907,54,3,4,110.37,11.25,441.48,430.23,0,On Time,Online,Future
6849,2025-05-19,466,16,1,2,103.76,26.57,207.52,180.95,0,On Time,Click & Collect,Future
6850,2024-07-31,471,34,3,2,116.01,15.26,232.02,216.76,0,On Time,Online,Future
6851,2025-07-15,541,87,1,1,80.57,32.46,80.57,48.11,0,On Time,Online,Current
6852,2024-08-17,151,85,6,1,142.01,14.17,142.01,127.84,0,On Time,Online,Current
6853,2025-07-28,570,34,6,4,116.01,2.43,464.04,461.61,0,On Time,Online,Future
6854,2025-07-24,237,61,3,4,82.33,8.64,329.32,320.68,2,Late,Online,Current
6855,2025-05-11,457,69,4,1,82.06,0.46,82.06,81.6,0,On Time,Online,Current
6856,2025-07-27,285,88,6,2,41.48,10.18,82.96,72.78,0,On Time,Click & Collect,Current
6857,2024-10-21,50,88,4,1,41.48,21.89,41.48,19.59,0,On Time,Click & Collect,Current
6858,2024-02-18,167,45,1,2,29.58,6.98,59.16,52.18,0,On Time,Online,Current
6859,2024-11-01,372,113,5,4,120.7,8.27,482.8,474.53,0,On Time,Online,Future
6860,2025-08-03,858,78,6,1,57.86,21.52,57.86,36.34,0,On Time,Online,Current
6861,2024-08-02,833,100,6,3,91.89,22.04,275.67,253.63,2,Late,Online,Current
6862,2025-06-08,869,27,2,2,148.3,13.12,296.6,283.48,5,Late,Click & Collect,Current
6863,2025-05-09,307,69,6,2,82.06,31.84,164.12,132.28,0,On Time,Online,Future
6864,2024-10-21,123,61,5,4,82.33,5.65,329.32,323.67,0,On Time,Wholesale,Current
6865,2025-03-30,118,75,4,2,112.15,19.4,224.3,204.9,0,On Time,Online,Future
6866,2025-10-02,124,14,3,4,85.15,3.99,340.6,336.61,4,Late,Click & Collect,Current
6867,2025-08-14,120,42,2,3,65.4,33.37,196.2,162.83,0,On Time,Online,Current
6868,2024-10-01,145,34,6,3,116.01,28.8,348.03,319.23,0,On Time,Online,Current
6869,2024-07-01,651,10,3,1,78.41,2.29,78.41,76.12,0,On Time,Online,Future
6870,2025-06-02,589,62,1,4,180.58,8.59,722.32,713.73,0,On Time,Online,Current
6871,2024-12-29,483,47,1,3,146.36,16.95,439.08,422.13,0,On Time,Click & Collect,Current
6872,2024-10-07,591,37,1,1,141.5,32.65,141.5,108.85,0,On Time,Wholesale,Current
6873,2024-01-20,226,34,4,4,116.01,34.45,464.04,429.59,0,On Time,Wholesale,Future
6874,2025-09-11,21,73,1,2,20.46,18.32,40.92,22.6,0,On Time,Click & Collect,Future
6875,2025-04-23,467,89,5,2,144.37,8.3,288.74,280.44,0,On Time,Online,Current
6876,2024-08-02,988,44,1,3,107.15,10.65,321.45,310.8,2,Late,In-Store,Future
6877,2025-04-11,634,22,6,3,118.48,5.36,355.44,350.08,4,Late,Online,Current
6878,2024-09-28,825,91,1,1,85.5,30.1,85.5,55.4,0,On Time,Online,Future
6879,2024-10-27,415,26,3,3,117.76,3.78,353.28,349.5,0,On Time,In-Store,Current
6880,2025-07-30,269,6,2,1,127.67,14.59,127.67,113.08,0,On Time,Online,Future
6881,2024-08-01,994,18,3,4,53.11,3.53,212.44,208.91,0,On Time,In-Store,Future
6882,2025-06-11,735,14,5,4,85.15,9.96,340.6,330.64,0,On Time,Wholesale,Current
6883,2025-08-03,757,90,6,4,82.64,25.3,330.56,305.26,0,On Time,Online,Future
6884,2025-09-10,928,102,6,2,68.71,10.53,137.42,126.89,0,On Time,Online,Current
6885,2025-11-07,842,6,6,4,127.67,25.51,510.68,485.17,0,On Time,Online,Current
6886,2025-04-07,398,56,5,3,166.72,15.88,500.16,484.28,0,On Time,Online,Current
6887,2025-11-23,341,27,6,4,148.3,0.1,593.2,593.1,0,On Time,Online,Current
6888,2025-10-12,395,102,5,2,68.71,19.98,137.42,117.44,0,On Time,Online,Future
6889,2025-08-15,716,22,3,1,118.48,21.82,118.48,96.66,0,On Time,Click & Collect,Current
6890,2024-08-03,312,98,6,3,192.94,9.2,578.82,569.62,0,On Time,Online,Current
6891,2024-02-07,785,89,4,4,144.37,13.89,577.48,563.59,0,On Time,Click & Collect,Future
6892,2024-11-12,80,34,4,2,116.01,18.35,232.02,213.67,0,On Time,In-Store,Current
6893,2025-08-12,401,91,5,1,85.5,28.95,85.5,56.55,0,On Time,Online,Current
6894,2024-01-01,469,88,6,3,41.48,6.5,124.44,117.94,1,Late,Online,Current
6895,2025-10-28,327,110,6,3,159.94,17.18,479.82,462.64,0,On Time,Online,Future
6896,2025-05-29,2,6,4,1,127.67,6.83,127.67,120.84,2,Late,In-Store,Future
6897,2025-02-19,471,98,6,3,192.94,29.36,578.82,549.46,0,On Time,Click & Collect,Future
6898,2025-08-24,978,35,3,3,41.4,3.35,124.2,120.85,0,On Time,Click & Collect,Current
6899,2024-03-19,766,41,3,1,110.65,19.43,110.65,91.22,0,On Time,Click & Collect,Current
6900,2024-01-18,148,103,6,3,113.76,30.16,341.28,311.12,7,Late,Online,Current
6901,2025-10-28,598,37,2,3,141.5,18.51,424.5,405.99,0,On Time,Online,Current
6902,2025-05-29,304,21,2,1,44.65,13.94,44.65,30.71,0,On Time,Wholesale,Current
6903,2025-12-16,481,78,3,4,57.86,26.63,231.44,204.81,0,On Time,Online,Current
6904,2024-02-22,796,71,6,2,135.62,0.09,271.24,271.15,0,On Time,Online,Future
6905,2025-04-28,522,116,5,3,159.24,32.07,477.72,445.65,1,Late,Wholesale,Current
6906,2024-07-27,262,93,6,4,119.71,23.1,478.84,455.74,0,On Time,Online,Future
6907,2025-09-24,4,53,2,3,103.59,32.69,310.77,278.08,0,On Time,Online,Current
6908,2025-05-11,533,20,6,3,93.73,18.65,281.19,262.54,0,On Time,Online,Current
6909,2025-10-17,101,10,6,1,78.41,6.0,78.41,72.41,0,On Time,Online,Current
6910,2024-04-03,228,104,1,4,154.04,14.78,616.16,601.38,0,On Time,Online,Future
6911,2025-01-06,178,116,6,1,159.24,8.04,159.24,151.2,0,On Time,Online,Current
6912,2025-05-09,459,58,3,4,118.61,24.41,474.44,450.03,0,On Time,In-Store,Future
6913,2025-07-14,371,104,6,3,154.04,22.82,462.12,439.3,0,On Time,Online,Current
6914,2025-05-17,633,37,6,3,141.5,1.47,424.5,423.03,0,On Time,Online,Current
6915,2024-01-03,182,108,5,2,50.05,10.6,100.1,89.5,4,Late,Online,Current
6916,2025-06-29,199,82,6,4,135.39,28.09,541.56,513.47,0,On Time,Online,Current
6917,2025-04-28,758,33,1,3,219.29,19.66,657.87,638.21,0,On Time,In-Store,Future
6918,2025-05-29,334,74,5,1,120.32,10.78,120.32,109.54,0,On Time,Wholesale,Current
6919,2025-11-22,838,108,2,4,50.05,8.34,200.2,191.86,0,On Time,Click & Collect,Future
6920,2025-10-01,599,31,4,3,64.76,16.06,194.28,178.22,0,On Time,Click & Collect,Current
6921,2025-12-23,94,112,3,4,167.65,9.91,670.6,660.69,0,On Time,Click & Collect,Current
6922,2024-11-20,221,31,6,2,64.76,31.51,129.52,98.01,0,On Time,Online,Current
6923,2024-03-07,46,55,4,2,80.85,26.1,161.7,135.6,0,On Time,Online,Future
6924,2024-03-27,343,4,2,4,143.64,0.86,574.56,573.7,0,On Time,Wholesale,Future
6925,2024-05-12,765,36,6,2,162.38,34.8,324.76,289.96,5,Late,Online,Current
6926,2024-08-31,584,64,4,3,106.6,17.78,319.8,302.02,0,On Time,Online,Current
6927,2024-12-14,214,120,1,3,47.37,0.04,142.11,142.07,0,On Time,Click & Collect,Current
6928,2024-02-15,244,114,3,4,83.67,24.43,334.68,310.25,7,Late,Wholesale,Current
6929,2024-07-07,200,12,6,3,177.18,8.17,531.54,523.37,0,On Time,Online,Current
6930,2025-08-04,53,68,6,3,76.01,17.26,228.03,210.77,0,On Time,Online,Current
6931,2024-07-06,179,100,3,4,91.89,3.66,367.56,363.9,6,Late,Online,Current
6932,2025-10-21,750,3,5,2,182.39,0.63,364.78,364.15,0,On Time,Online,Future
6933,2024-03-13,115,81,6,2,110.75,5.89,221.5,215.61,2,Late,Wholesale,Current
6934,2025-07-04,577,64,1,1,106.6,15.26,106.6,91.34,0,On Time,In-Store,Future
6935,2024-04-12,358,55,6,3,80.85,7.25,242.55,235.3,2,Late,Online,Current
6936,2025-11-04,220,83,6,4,73.64,1.84,294.56,292.72,0,On Time,Online,Current
6937,2024-11-10,90,44,6,2,107.15,32.84,214.3,181.46,0,On Time,Online,Current
6938,2025-03-03,648,8,3,4,62.57,9.53,250.28,240.75,0,On Time,Wholesale,Future
6939,2025-03-20,77,99,2,1,170.64,6.78,170.64,163.86,0,On Time,Wholesale,Current
6940,2024-10-10,438,31,3,4,64.76,5.95,259.04,253.09,0,On Time,Wholesale,Current
6941,2025-11-24,67,30,3,3,33.3,15.63,99.9,84.27,0,On Time,Online,Future
6942,2025-03-21,862,115,6,4,131.17,27.42,524.68,497.26,0,On Time,Online,Future
6943,2024-04-03,126,59,6,1,99.02,12.77,99.02,86.25,0,On Time,Online,Future
6944,2025-04-04,427,62,1,4,180.58,22.54,722.32,699.78,6,Late,In-Store,Current
6945,2025-01-27,959,54,2,1,110.37,3.36,110.37,107.01,0,On Time,Online,Current
6946,2025-02-01,500,70,6,3,117.81,25.7,353.43,327.73,0,On Time,Online,Future
6947,2025-03-02,221,39,6,3,128.17,23.11,384.51,361.4,0,On Time,Online,Future
6948,2024-12-18,816,119,6,1,21.52,31.06,21.52,-9.54,0,On Time,Online,Current
6949,2025-08-22,138,9,4,2,102.79,1.64,205.58,203.94,1,Late,In-Store,Future
6950,2024-03-22,156,64,1,1,106.6,10.58,106.6,96.02,0,On Time,Online,Future
6951,2024-08-15,803,64,1,3,106.6,20.57,319.8,299.23,0,On Time,Click & Collect,Future
6952,2025-03-11,663,98,6,4,192.94,12.65,771.76,759.11,0,On Time,Online,Current
6953,2025-08-18,23,49,3,3,134.92,28.75,404.76,376.01,4,Late,Online,Current
6954,2024-01-03,552,32,2,1,183.92,19.11,183.92,164.81,0,On Time,Online,Current
6955,2025-01-30,993,33,6,3,219.29,14.21,657.87,643.66,0,On Time,Online,Current
6956,2025-07-29,337,52,3,4,18.05,21.84,72.2,50.36,0,On Time,In-Store,Current
6957,2024-01-21,901,106,4,1,28.51,30.96,28.51,-2.45,0,On Time,Online,Current
6958,2024-10-02,564,89,6,1,144.37,14.0,144.37,130.37,0,On Time,Online,Future
6959,2025-12-12,289,89,1,4,144.37,22.8,577.48,554.68,0,On Time,Online,Current
6960,2025-10-25,22,100,4,2,91.89,11.49,183.78,172.29,0,On Time,Online,Future
6961,2025-04-16,585,33,6,3,219.29,33.43,657.87,624.44,0,On Time,Online,Future
6962,2024-12-28,699,8,3,2,62.57,27.31,125.14,97.83,0,On Time,Wholesale,Future
6963,2025-12-16,134,51,2,2,110.62,10.7,221.24,210.54,0,On Time,Wholesale,Current
6964,2025-11-24,396,68,3,2,76.01,7.13,152.02,144.89,0,On Time,Wholesale,Current
6965,2025-11-26,13,62,2,3,180.58,25.02,541.74,516.72,0,On Time,Click & Collect,Future
6966,2024-07-30,666,25,6,4,27.12,17.79,108.48,90.69,0,On Time,Online,Future
6967,2025-01-23,510,106,6,3,28.51,23.56,85.53,61.97,0,On Time,Online,Current
6968,2025-04-07,660,82,3,4,135.39,34.19,541.56,507.37,1,Late,Wholesale,Future
6969,2025-06-23,274,9,2,3,102.79,14.4,308.37,293.97,0,On Time,Click & Collect,Future
6970,2024-11-04,216,22,6,2,118.48,26.95,236.96,210.01,0,On Time,Online,Current
6971,2025-02-27,909,105,6,4,45.95,8.93,183.8,174.87,5,Late,Online,Current
6972,2025-01-13,799,101,1,3,123.75,4.81,371.25,366.44,0,On Time,Online,Future
6973,2025-04-30,94,76,1,4,128.17,32.78,512.68,479.9,0,On Time,Online,Current
6974,2024-06-04,781,118,5,2,167.17,34.41,334.34,299.93,0,On Time,Online,Future
6975,2024-10-04,502,102,1,3,68.71,12.08,206.13,194.05,0,On Time,Online,Future
6976,2024-09-25,701,118,6,1,167.17,27.6,167.17,139.57,0,On Time,Online,Current
6977,2024-10-13,733,69,3,4,82.06,31.32,328.24,296.92,0,On Time,Online,Future
6978,2025-01-11,198,72,4,3,141.82,30.73,425.46,394.73,0,On Time,Online,Current
6979,2024-04-13,639,19,6,3,118.63,11.35,355.89,344.54,0,On Time,Online,Future
6980,2025-03-11,113,107,6,1,49.65,10.14,49.65,39.51,0,On Time,Online,Future
6981,2024-06-19,984,50,1,4,97.72,33.22,390.88,357.66,0,On Time,Click & Collect,Current
6982,2024-07-18,872,76,6,2,128.17,22.08,256.34,234.26,0,On Time,Online,Future
6983,2024-03-11,358,97,5,1,54.01,1.3,54.01,52.71,0,On Time,Click & Collect,Current
6984,2024-04-09,788,103,4,3,113.76,30.85,341.28,310.43,0,On Time,Online,Future
6985,2024-12-31,693,4,6,3,143.64,20.31,430.92,410.61,0,On Time,Online,Future
6986,2024-06-12,367,120,6,2,47.37,21.45,94.74,73.29,0,On Time,Online,Current
6987,2025-08-08,625,11,5,4,40.32,15.67,161.28,145.61,2,Late,Wholesale,Future
6988,2024-05-05,827,83,4,3,73.64,2.86,220.92,218.06,2,Late,Online,Current
6989,2025-05-24,923,32,5,4,183.92,26.57,735.68,709.11,4,Late,Wholesale,Current
6990,2024-02-27,367,11,6,4,40.32,0.42,161.28,160.86,0,On Time,Online,Future
6991,2024-10-29,921,61,5,4,82.33,11.91,329.32,317.41,0,On Time,Online,Current
6992,2025-04-16,968,71,1,1,135.62,9.59,135.62,126.03,2,Late,Click & Collect,Current
6993,2024-12-08,927,9,4,3,102.79,31.99,308.37,276.38,0,On Time,Online,Current
6994,2024-03-07,724,74,1,2,120.32,32.52,240.64,208.12,0,On Time,Online,Current
6995,2024-02-07,298,102,1,1,68.71,6.53,68.71,62.18,0,On Time,Online,Current
6996,2025-04-25,669,11,5,3,40.32,2.11,120.96,118.85,0,On Time,Online,Current
6997,2024-03-20,712,95,3,1,168.8,15.23,168.8,153.57,0,On Time,In-Store,Future
6998,2025-05-01,183,52,6,1,18.05,30.35,18.05,-12.3,0,On Time,Online,Future
6999,2025-07-19,503,78,3,3,57.86,24.8,173.58,148.78,0,On Time,Online,Current
7000,2025-07-28,131,59,1,3,99.02,7.81,297.06,289.25,6,Late,Online,Current
7001,2024-03-02,612,17,2,1,141.85,2.97,141.85,138.88,0,On Time,Online,Future
7002,2024-03-13,780,15,5,1,76.6,8.8,76.6,67.8,0,On Time,In-Store,Future
7003,2024-10-30,83,49,4,3,134.92,14.43,404.76,390.33,0,On Time,Wholesale,Current
7004,2024-12-26,610,11,6,2,40.32,33.6,80.64,47.04,0,On Time,Online,Future
7005,2025-01-20,516,30,6,3,33.3,29.58,99.9,70.32,0,On Time,Online,Current
7006,2025-08-10,312,64,2,2,106.6,16.53,213.2,196.67,0,On Time,Online,Current
7007,2025-04-08,932,24,5,1,152.6,21.41,152.6,131.19,3,Late,Wholesale,Current
7008,2024-03-09,68,56,1,2,166.72,13.46,333.44,319.98,0,On Time,Online,Current
7009,2024-07-28,640,84,1,2,108.1,15.29,216.2,200.91,0,On Time,Wholesale,Future
7010,2025-09-30,962,55,4,2,80.85,28.46,161.7,133.24,1,Late,Online,Future
7011,2024-02-07,809,16,5,2,103.76,9.6,207.52,197.92,0,On Time,Online,Current
7012,2024-01-27,276,9,6,3,102.79,2.84,308.37,305.53,0,On Time,Online,Current
7013,2024-08-11,811,112,6,3,167.65,28.35,502.95,474.6,0,On Time,Online,Current
7014,2025-05-30,483,104,2,1,154.04,1.29,154.04,152.75,0,On Time,Online,Current
7015,2025-02-16,414,26,3,2,117.76,18.13,235.52,217.39,0,On Time,Online,Current
7016,2024-08-08,419,107,3,2,49.65,23.75,99.3,75.55,0,On Time,Wholesale,Future
7017,2025-06-14,840,7,6,4,172.34,4.66,689.36,684.7,0,On Time,Online,Future
7018,2025-10-28,264,86,6,3,102.94,16.99,308.82,291.83,0,On Time,Wholesale,Current
7019,2024-06-13,600,66,1,4,105.25,33.88,421.0,387.12,7,Late,In-Store,Current
7020,2025-03-31,885,108,5,2,50.05,9.94,100.1,90.16,7,Late,Online,Current
7021,2025-01-08,642,48,2,1,94.16,19.37,94.16,74.79,0,On Time,Click & Collect,Future
7022,2024-04-20,798,85,1,1,142.01,4.67,142.01,137.34,0,On Time,Wholesale,Current
7023,2025-04-07,111,25,1,3,27.12,9.43,81.36,71.93,0,On Time,Online,Future
7024,2025-04-22,572,60,6,3,148.3,29.48,444.9,415.42,0,On Time,Online,Future
7025,2024-07-23,864,24,3,1,152.6,22.49,152.6,130.11,2,Late,In-Store,Current
7026,2025-03-29,185,22,6,4,118.48,21.57,473.92,452.35,5,Late,Online,Current
7027,2025-04-18,887,43,6,1,129.42,4.54,129.42,124.88,0,On Time,Online,Future
7028,2025-11-25,143,46,4,1,117.41,32.45,117.41,84.96,0,On Time,Wholesale,Current
7029,2025-08-17,709,93,5,2,119.71,18.25,239.42,221.17,2,Late,Wholesale,Current
7030,2025-10-04,277,64,2,3,106.6,32.92,319.8,286.88,3,Late,Online,Current
7031,2025-06-28,773,38,1,4,97.97,10.99,391.88,380.89,0,On Time,Click & Collect,Current
7032,2025-01-07,348,108,3,1,50.05,27.29,50.05,22.76,0,On Time,Wholesale,Current
7033,2024-05-09,699,43,6,4,129.42,9.85,517.68,507.83,0,On Time,Online,Future
7034,2025-12-25,540,98,3,1,192.94,12.84,192.94,180.1,7,Late,Click & Collect,Current
7035,2024-11-24,532,93,1,3,119.71,26.64,359.13,332.49,0,On Time,Online,Current
7036,2024-09-20,28,96,6,2,44.65,18.64,89.3,70.66,0,On Time,Online,Current
7037,2025-12-08,894,99,3,4,170.64,18.61,682.56,663.95,3,Late,Online,Current
7038,2024-04-17,37,46,6,4,117.41,34.06,469.64,435.58,0,On Time,Online,Future
7039,2025-03-13,17,110,3,1,159.94,9.44,159.94,150.5,0,On Time,Click & Collect,Future
7040,2024-08-16,501,30,6,1,33.3,23.4,33.3,9.9,0,On Time,Online,Current
7041,2025-02-09,5,84,6,4,108.1,29.57,432.4,402.83,0,On Time,Online,Current
7042,2024-06-23,783,28,3,4,154.21,11.99,616.84,604.85,2,Late,Online,Current
7043,2024-02-10,103,56,2,1,166.72,26.93,166.72,139.79,0,On Time,Online,Current
7044,2025-05-12,777,118,6,2,167.17,26.96,334.34,307.38,0,On Time,Online,Future
7045,2025-06-22,468,80,6,3,119.07,27.95,357.21,329.26,0,On Time,Online,Current
7046,2024-05-18,367,4,6,3,143.64,33.64,430.92,397.28,3,Late,Online,Current
7047,2025-10-04,883,78,1,2,57.86,17.37,115.72,98.35,6,Late,Click & Collect,Current
7048,2025-02-11,20,114,6,3,83.67,2.07,251.01,248.94,0,On Time,Online,Current
7049,2024-03-25,832,95,1,1,168.8,25.09,168.8,143.71,0,On Time,Online,Current
7050,2025-08-23,923,26,2,3,117.76,11.28,353.28,342.0,0,On Time,Online,Future
7051,2025-03-22,482,47,6,4,146.36,18.1,585.44,567.34,0,On Time,Online,Current
7052,2024-04-09,640,59,2,1,99.02,22.54,99.02,76.48,0,On Time,Wholesale,Current
7053,2024-02-22,300,28,6,3,154.21,26.61,462.63,436.02,0,On Time,Online,Current
7054,2024-08-26,912,16,6,3,103.76,8.66,311.28,302.62,0,On Time,Online,Current
7055,2025-01-06,738,92,2,2,46.38,19.78,92.76,72.98,7,Late,Online,Current
7056,2024-08-11,439,52,1,1,18.05,29.13,18.05,-11.08,0,On Time,Online,Future
7057,2024-10-12,681,86,6,4,102.94,28.16,411.76,383.6,0,On Time,Wholesale,Future
7058,2025-10-06,532,29,1,2,130.05,19.19,260.1,240.91,0,On Time,Online,Current
7059,2025-04-20,594,67,6,3,214.61,9.37,643.83,634.46,0,On Time,Online,Future
7060,2025-03-06,547,7,3,3,172.34,6.55,517.02,510.47,5,Late,Online,Current
7061,2025-03-09,117,37,6,3,141.5,32.39,424.5,392.11,0,On Time,Online,Current
7062,2025-06-20,530,80,3,2,119.07,25.4,238.14,212.74,0,On Time,Click & Collect,Current
7063,2025-04-11,345,65,6,3,71.32,29.24,213.96,184.72,2,Late,In-Store,Future
7064,2025-09-27,592,68,3,2,76.01,10.03,152.02,141.99,0,On Time,Online,Future
7065,2024-11-19,309,95,3,4,168.8,16.55,675.2,658.65,2,Late,Online,Future
7066,2025-03-30,34,14,2,2,85.15,30.16,170.3,140.14,0,On Time,Online,Future
7067,2024-05-30,720,61,6,4,82.33,2.2,329.32,327.12,0,On Time,Online,Current
7068,2024-04-14,856,120,5,2,47.37,19.34,94.74,75.4,0,On Time,Wholesale,Future
7069,2025-08-05,260,110,4,1,159.94,6.98,159.94,152.96,6,Late,Online,Current
7070,2024-04-21,75,12,6,4,177.18,9.12,708.72,699.6,0,On Time,Online,Current
7071,2024-01-26,717,38,2,2,97.97,5.55,195.94,190.39,4,Late,Online,Current
7072,2024-02-14,926,58,6,2,118.61,7.82,237.22,229.4,0,On Time,Online,Current
7073,2025-03-04,719,95,3,2,168.8,32.36,337.6,305.24,0,On Time,Click & Collect,Current
7074,2024-11-05,810,19,6,4,118.63,25.61,474.52,448.91,0,On Time,Click & Collect,Current
7075,2024-10-04,853,42,2,1,65.4,5.57,65.4,59.83,0,On Time,Online,Current
7076,2025-07-17,720,7,6,1,172.34,9.12,172.34,163.22,0,On Time,Online,Future
7077,2024-12-13,104,54,2,4,110.37,4.34,441.48,437.14,0,On Time,Online,Current
7078,2024-01-29,346,9,4,4,102.79,28.92,411.16,382.24,0,On Time,Online,Future
7079,2025-05-22,359,62,5,2,180.58,22.12,361.16,339.04,0,On Time,Online,Current
7080,2025-11-22,591,19,4,4,118.63,15.07,474.52,459.45,0,On Time,Online,Future
7081,2024-03-07,274,20,6,1,93.73,15.84,93.73,77.89,1,Late,Online,Current
7082,2024-03-30,39,78,6,4,57.86,14.48,231.44,216.96,0,On Time,Online,Current
7083,2025-11-19,227,69,3,4,82.06,29.73,328.24,298.51,0,On Time,Click & Collect,Future
7084,2024-04-29,999,28,6,1,154.21,12.09,154.21,142.12,6,Late,Wholesale,Current
7085,2024-04-04,26,70,5,3,117.81,20.24,353.43,333.19,0,On Time,Online,Future
7086,2025-08-05,554,31,6,1,64.76,13.27,64.76,51.49,0,On Time,Online,Current
7087,2024-03-28,721,103,5,2,113.76,20.59,227.52,206.93,0,On Time,Click & Collect,Current
7088,2025-05-16,245,88,3,3,41.48,28.37,124.44,96.07,4,Late,Online,Current
7089,2024-07-11,612,29,6,4,130.05,20.09,520.2,500.11,1,Late,Online,Current
7090,2025-12-24,288,112,2,3,167.65,28.93,502.95,474.02,2,Late,Online,Future
7091,2025-07-06,411,63,6,4,50.08,31.34,200.32,168.98,6,Late,Online,Current
7092,2025-08-25,804,98,6,4,192.94,33.0,771.76,738.76,0,On Time,Online,Future
7093,2025-12-11,633,4,2,1,143.64,10.19,143.64,133.45,0,On Time,Online,Future
7094,2025-01-03,853,4,4,1,143.64,9.0,143.64,134.64,1,Late,Wholesale,Current
7095,2024-07-20,603,41,6,1,110.65,21.39,110.65,89.26,0,On Time,Online,Current
7096,2024-05-23,923,103,5,2,113.76,3.96,227.52,223.56,0,On Time,Online,Future
7097,2024-08-21,266,70,3,1,117.81,15.49,117.81,102.32,0,On Time,Online,Current
7098,2024-03-10,756,89,2,3,144.37,21.18,433.11,411.93,0,On Time,Online,Future
7099,2024-04-30,351,75,1,3,112.15,16.58,336.45,319.87,0,On Time,Online,Future
7100,2024-02-05,442,46,6,4,117.41,7.77,469.64,461.87,0,On Time,Online,Current
7101,2024-05-04,500,116,1,4,159.24,22.5,636.96,614.46,7,Late,Online,Current
7102,2025-05-16,211,18,1,3,53.11,21.07,159.33,138.26,0,On Time,In-Store,Future
7103,2025-08-05,625,96,4,4,44.65,15.92,178.6,162.68,0,On Time,Click & Collect,Current
7104,2025-04-13,356,17,6,2,141.85,3.42,283.7,280.28,0,On Time,Online,Current
7105,2025-08-09,658,92,5,1,46.38,33.76,46.38,12.62,0,On Time,Wholesale,Future
7106,2024-07-23,669,24,6,3,152.6,28.46,457.8,429.34,4,Late,Online,Current
7107,2024-01-13,275,50,4,3,97.72,29.62,293.16,263.54,0,On Time,In-Store,Future
7108,2025-02-27,575,80,3,2,119.07,6.19,238.14,231.95,0,On Time,Online,Future
7109,2025-08-01,247,62,2,2,180.58,15.58,361.16,345.58,0,On Time,Online,Future
7110,2025-11-21,780,12,6,2,177.18,23.59,354.36,330.77,0,On Time,Online,Future
7111,2025-12-14,794,25,3,1,27.12,4.32,27.12,22.8,0,On Time,In-Store,Current
7112,2025-05-09,346,4,6,1,143.64,6.12,143.64,137.52,0,On Time,Online,Current
7113,2024-11-29,407,66,1,2,105.25,2.39,210.5,208.11,0,On Time,Wholesale,Current
7114,2025-03-09,370,58,6,4,118.61,25.16,474.44,449.28,0,On Time,Online,Current
7115,2024-03-18,712,102,5,4,68.71,25.05,274.84,249.79,0,On Time,Click & Collect,Current
7116,2025-10-31,327,80,6,2,119.07,31.44,238.14,206.7,0,On Time,Online,Future
7117,2024-07-16,868,45,2,1,29.58,18.07,29.58,11.51,0,On Time,Wholesale,Future
7118,2025-07-07,61,64,6,2,106.6,22.76,213.2,190.44,0,On Time,Online,Future
7119,2024-05-11,529,109,6,1,65.96,32.0,65.96,33.96,0,On Time,Online,Future
7120,2025-06-21,138,118,1,4,167.17,28.69,668.68,639.99,0,On Time,Online,Future
7121,2025-08-29,644,9,6,4,102.79,26.98,411.16,384.18,0,On Time,Online,Current
7122,2024-11-11,410,109,2,1,65.96,2.08,65.96,63.88,0,On Time,Wholesale,Current
7123,2025-09-07,595,65,6,3,71.32,24.19,213.96,189.77,0,On Time,Online,Current
7124,2024-06-29,445,4,1,3,143.64,29.98,430.92,400.94,0,On Time,Wholesale,Future
7125,2024-10-26,825,99,6,3,170.64,33.76,511.92,478.16,2,Late,Online,Current
7126,2024-06-21,173,32,6,4,183.92,23.12,735.68,712.56,3,Late,Online,Current
7127,2025-07-01,485,18,2,2,53.11,30.1,106.22,76.12,0,On Time,Online,Current
7128,2024-05-23,488,46,1,4,117.41,6.05,469.64,463.59,0,On Time,Online,Future
7129,2024-03-10,726,73,4,4,20.46,15.13,81.84,66.71,6,Late,In-Store,Current
7130,2025-05-13,431,113,2,4,120.7,2.96,482.8,479.84,0,On Time,In-Store,Current
7131,2025-03-26,421,45,6,3,29.58,16.91,88.74,71.83,6,Late,Online,Current
7132,2024-09-27,208,26,2,4,117.76,32.49,471.04,438.55,0,On Time,Click & Collect,Current
7133,2024-05-22,236,31,5,4,64.76,9.09,259.04,249.95,0,On Time,In-Store,Current
7134,2024-07-13,911,56,2,4,166.72,19.98,666.88,646.9,0,On Time,Wholesale,Current
7135,2025-06-10,300,7,5,1,172.34,2.03,172.34,170.31,0,On Time,Wholesale,Future
7136,2025-11-21,849,35,3,3,41.4,9.52,124.2,114.68,0,On Time,Online,Future
7137,2024-05-18,78,50,6,4,97.72,16.06,390.88,374.82,0,On Time,Online,Future
7138,2025-11-14,277,102,3,2,68.71,18.73,137.42,118.69,0,On Time,In-Store,Current
7139,2025-12-03,112,39,2,3,128.17,19.37,384.51,365.14,0,On Time,Wholesale,Current
7140,2025-12-27,590,65,3,4,71.32,30.51,285.28,254.77,6,Late,Online,Current
7141,2025-11-04,254,58,6,4,118.61,1.49,474.44,472.95,4,Late,Online,Current
7142,2024-05-30,798,14,1,3,85.15,21.2,255.45,234.25,2,Late,Online,Future
7143,2024-09-18,154,77,6,4,132.93,23.9,531.72,507.82,0,On Time,In-Store,Future
7144,2025-07-15,371,53,1,2,103.59,28.41,207.18,178.77,0,On Time,Online,Current
7145,2024-06-05,872,52,1,4,18.05,5.95,72.2,66.25,0,On Time,Online,Current
7146,2025-01-19,435,5,3,3,140.44,26.8,421.32,394.52,0,On Time,Online,Current
7147,2025-02-05,397,44,3,2,107.15,8.43,214.3,205.87,0,On Time,Wholesale,Current
7148,2024-06-27,556,54,1,1,110.37,5.11,110.37,105.26,0,On Time,Click & Collect,Current
7149,2024-12-22,537,112,4,4,167.65,11.44,670.6,659.16,0,On Time,Online,Current
7150,2024-10-03,660,113,1,1,120.7,18.43,120.7,102.27,0,On Time,In-Store,Future
7151,2024-04-19,294,116,1,3,159.24,7.35,477.72,470.37,0,On Time,Online,Current
7152,2024-04-18,423,29,6,3,130.05,18.61,390.15,371.54,0,On Time,Online,Future
7153,2025-04-10,736,90,6,2,82.64,21.17,165.28,144.11,0,On Time,Online,Current
7154,2024-12-06,633,9,6,1,102.79,19.77,102.79,83.02,0,On Time,Online,Current
7155,2025-05-28,552,84,6,3,108.1,22.88,324.3,301.42,0,On Time,Online,Future
7156,2024-08-21,718,101,6,1,123.75,33.55,123.75,90.2,0,On Time,Online,Future
7157,2025-12-07,200,90,4,4,82.64,9.2,330.56,321.36,6,Late,Online,Current
7158,2024-05-13,918,80,3,4,119.07,32.54,476.28,443.74,1,Late,Online,Future
7159,2024-05-10,545,115,2,3,131.17,11.64,393.51,381.87,1,Late,Click & Collect,Future
7160,2025-05-28,700,63,6,3,50.08,10.08,150.24,140.16,0,On Time,Online,Future
7161,2024-01-27,781,64,6,3,106.6,8.18,319.8,311.62,0,On Time,Online,Current
7162,2025-01-29,436,93,3,4,119.71,28.13,478.84,450.71,0,On Time,Online,Current
7163,2024-09-04,779,47,5,3,146.36,10.59,439.08,428.49,0,On Time,Online,Current
7164,2025-07-10,424,54,1,2,110.37,19.34,220.74,201.4,0,On Time,Wholesale,Future
7165,2025-02-10,730,96,6,2,44.65,31.32,89.3,57.98,0,On Time,Online,Future
7166,2025-12-01,984,57,1,3,144.33,22.4,432.99,410.59,0,On Time,Click & Collect,Future
7167,2025-11-28,793,88,6,2,41.48,13.24,82.96,69.72,0,On Time,Online,Current
7168,2024-12-01,980,55,1,1,80.85,20.52,80.85,60.33,5,Late,Online,Current
7169,2025-03-05,944,27,2,4,148.3,5.82,593.2,587.38,2,Late,Online,Current
7170,2024-11-03,775,8,1,1,62.57,6.6,62.57,55.97,0,On Time,Online,Future
7171,2025-10-25,992,46,3,3,117.41,6.73,352.23,345.5,0,On Time,Online,Future
7172,2024-01-20,350,77,1,3,132.93,25.7,398.79,373.09,0,On Time,Wholesale,Future
7173,2025-04-30,49,103,6,3,113.76,2.14,341.28,339.14,0,On Time,Online,Current
7174,2025-01-11,981,84,6,1,108.1,21.64,108.1,86.46,4,Late,Online,Current
7175,2025-05-30,889,71,4,1,135.62,4.29,135.62,131.33,0,On Time,Click & Collect,Future
7176,2024-12-24,49,62,5,3,180.58,19.94,541.74,521.8,2,Late,Wholesale,Future
7177,2024-12-12,190,53,2,1,103.59,27.11,103.59,76.48,0,On Time,Online,Current
7178,2025-08-09,232,76,2,4,128.17,7.9,512.68,504.78,2,Late,Online,Current
7179,2025-06-10,940,49,3,4,134.92,26.23,539.68,513.45,0,On Time,Online,Future
7180,2024-07-27,163,23,6,1,87.41,1.56,87.41,85.85,0,On Time,Online,Current
7181,2024-01-05,439,71,1,4,135.62,10.81,542.48,531.67,0,On Time,Online,Future
7182,2025-02-16,435,89,6,2,144.37,12.31,288.74,276.43,0,On Time,Online,Future
7183,2025-07-05,865,5,6,2,140.44,27.13,280.88,253.75,4,Late,Online,Current
7184,2025-03-18,865,74,5,2,120.32,28.2,240.64,212.44,1,Late,Online,Current
7185,2024-07-06,748,55,3,1,80.85,16.29,80.85,64.56,0,On Time,In-Store,Future
7186,2025-08-20,931,36,5,3,162.38,26.68,487.14,460.46,0,On Time,Online,Current
7187,2024-12-29,656,52,4,1,18.05,23.3,18.05,-5.25,0,On Time,Wholesale,Future
7188,2025-02-10,877,20,3,1,93.73,24.2,93.73,69.53,0,On Time,Online,Future
7189,2024-06-22,563,37,5,1,141.5,10.22,141.5,131.28,0,On Time,Wholesale,Future
7190,2025-03-21,566,64,1,1,106.6,4.1,106.6,102.5,0,On Time,Wholesale,Current
7191,2025-06-23,109,87,6,4,80.57,6.11,322.28,316.17,0,On Time,Online,Current
7192,2024-02-19,141,102,1,2,68.71,13.55,137.42,123.87,0,On Time,Online,Current
7193,2024-01-08,438,97,6,1,54.01,10.05,54.01,43.96,0,On Time,Online,Future
7194,2024-09-08,351,64,4,2,106.6,17.87,213.2,195.33,0,On Time,Click & Collect,Current
7195,2025-02-04,731,80,6,4,119.07,2.06,476.28,474.22,0,On Time,Online,Future
7196,2025-02-26,264,93,1,3,119.71,31.08,359.13,328.05,0,On Time,Online,Future
7197,2024-06-16,7,9,6,3,102.79,17.19,308.37,291.18,0,On Time,Online,Future
7198,2024-12-22,32,2,6,3,200.36,9.61,601.08,591.47,0,On Time,Online,Current
7199,2024-04-04,508,10,6,4,78.41,20.91,313.64,292.73,0,On Time,Online,Current
7200,2025-07-23,462,76,3,1,128.17,6.07,128.17,122.1,3,Late,Online,Current
7201,2024-03-26,783,96,6,2,44.65,23.52,89.3,65.78,0,On Time,Online,Current
7202,2025-11-03,255,75,1,4,112.15,25.33,448.6,423.27,5,Late,Click & Collect,Current
7203,2024-08-15,340,53,4,4,103.59,3.67,414.36,410.69,0,On Time,Online,Current
7204,2025-02-13,351,61,6,3,82.33,24.18,246.99,222.81,0,On Time,Online,Future
7205,2025-11-20,898,61,3,3,82.33,17.78,246.99,229.21,0,On Time,Online,Current
7206,2024-11-05,980,41,3,4,110.65,18.92,442.6,423.68,0,On Time,Wholesale,Future
7207,2025-12-24,209,8,6,4,62.57,24.71,250.28,225.57,0,On Time,Online,Current
7208,2025-05-17,935,29,5,2,130.05,28.74,260.1,231.36,1,Late,Online,Future
7209,2025-08-22,19,41,6,2,110.65,22.01,221.3,199.29,0,On Time,Online,Future
7210,2025-10-31,171,18,6,1,53.11,19.31,53.11,33.8,0,On Time,Online,Current
7211,2024-12-15,860,38,5,1,97.97,15.5,97.97,82.47,0,On Time,Online,Future
7212,2024-08-26,156,82,2,3,135.39,9.92,406.17,396.25,0,On Time,In-Store,Future
7213,2024-09-05,21,108,1,4,50.05,32.71,200.2,167.49,0,On Time,In-Store,Current
7214,2024-08-20,801,70,2,1,117.81,31.73,117.81,86.08,0,On Time,Online,Current
7215,2025-08-28,471,12,2,3,177.18,13.71,531.54,517.83,0,On Time,Online,Future
7216,2024-09-17,743,59,6,2,99.02,17.71,198.04,180.33,0,On Time,Online,Current
7217,2025-02-22,117,80,5,4,119.07,13.2,476.28,463.08,0,On Time,Online,Current
7218,2025-04-16,940,13,1,2,109.25,18.03,218.5,200.47,0,On Time,Click & Collect,Future
7219,2024-10-25,34,71,1,3,135.62,17.35,406.86,389.51,0,On Time,Wholesale,Future
7220,2025-06-21,506,3,2,3,182.39,5.85,547.17,541.32,0,On Time,Click & Collect,Current
7221,2024-01-29,838,20,6,4,93.73,9.11,374.92,365.81,0,On Time,Online,Current
7222,2024-03-25,621,2,6,3,200.36,6.95,601.08,594.13,0,On Time,Online,Current
7223,2024-12-10,745,59,2,2,99.02,14.16,198.04,183.88,0,On Time,Wholesale,Current
7224,2024-01-01,782,2,3,3,200.36,18.35,601.08,582.73,1,Late,Online,Current
7225,2024-04-04,387,7,6,4,172.34,20.87,689.36,668.49,0,On Time,Online,Future
7226,2024-12-26,942,102,6,3,68.71,25.81,206.13,180.32,0,On Time,Online,Future
7227,2024-07-02,410,90,1,3,82.64,22.19,247.92,225.73,0,On Time,Online,Future
7228,2025-07-12,93,58,3,2,118.61,17.95,237.22,219.27,0,On Time,In-Store,Future
7229,2024-02-02,290,99,5,4,170.64,7.85,682.56,674.71,0,On Time,Online,Future
7230,2024-11-22,501,69,6,4,82.06,26.48,328.24,301.76,0,On Time,Online,Future
7231,2024-11-21,88,13,3,2,109.25,24.3,218.5,194.2,0,On Time,Online,Current
7232,2025-06-03,703,22,3,3,118.48,21.16,355.44,334.28,0,On Time,In-Store,Current
7233,2025-02-17,828,72,6,4,141.82,0.63,567.28,566.65,0,On Time,Online,Future
7234,2024-04-12,90,58,6,1,118.61,21.11,118.61,97.5,0,On Time,Online,Current
7235,2024-10-15,179,23,6,4,87.41,10.31,349.64,339.33,0,On Time,Online,Future
7236,2025-07-12,336,52,1,2,18.05,22.52,36.1,13.58,0,On Time,Online,Current
7237,2024-09-09,354,105,6,2,45.95,30.89,91.9,61.01,0,On Time,Online,Current
7238,2024-03-15,663,37,3,2,141.5,29.46,283.0,253.54,0,On Time,Online,Future
7239,2024-03-13,866,75,6,3,112.15,6.61,336.45,329.84,0,On Time,Online,Current
7240,2025-05-27,175,16,6,1,103.76,24.75,103.76,79.01,0,On Time,Online,Current
7241,2024-10-23,664,116,3,3,159.24,3.71,477.72,474.01,1,Late,Click & Collect,Current
7242,2025-01-03,49,86,1,2,102.94,17.31,205.88,188.57,0,On Time,Online,Future
7243,2025-05-11,2,43,1,2,129.42,13.77,258.84,245.07,0,On Time,Click & Collect,Current
7244,2025-08-08,990,99,5,1,170.64,2.21,170.64,168.43,0,On Time,Click & Collect,Future
7245,2024-12-10,748,97,2,4,54.01,12.11,216.04,203.93,0,On Time,Click & Collect,Current
7246,2024-07-06,936,69,6,1,82.06,30.9,82.06,51.16,0,On Time,Online,Future
7247,2025-12-09,352,100,2,4,91.89,10.68,367.56,356.88,0,On Time,In-Store,Current
7248,2025-08-09,713,50,6,3,97.72,6.41,293.16,286.75,0,On Time,Online,Current
7249,2025-03-04,101,60,2,1,148.3,23.19,148.3,125.11,0,On Time,Click & Collect,Current
7250,2024-09-18,387,87,2,2,80.57,19.32,161.14,141.82,0,On Time,Online,Current
7251,2025-01-12,360,82,6,3,135.39,14.42,406.17,391.75,0,On Time,Click & Collect,Current
7252,2025-11-17,448,1,6,4,125.71,29.99,502.84,472.85,2,Late,Online,Current
7253,2025-09-28,67,71,6,4,135.62,34.47,542.48,508.01,0,On Time,Online,Current
7254,2025-09-09,505,86,6,4,102.94,26.44,411.76,385.32,0,On Time,Online,Future
7255,2025-10-11,581,27,6,2,148.3,3.33,296.6,293.27,0,On Time,Online,Future
7256,2025-04-11,658,105,1,2,45.95,25.44,91.9,66.46,0,On Time,Online,Current
7257,2024-09-23,756,70,1,3,117.81,2.19,353.43,351.24,2,Late,In-Store,Current
7258,2025-11-24,853,109,6,1,65.96,4.64,65.96,61.32,0,On Time,Online,Future
7259,2024-12-17,839,11,1,1,40.32,19.44,40.32,20.88,0,On Time,Online,Future
7260,2025-12-14,943,46,6,2,117.41,0.49,234.82,234.33,6,Late,Online,Current
7261,2025-07-08,31,11,3,3,40.32,28.99,120.96,91.97,0,On Time,Wholesale,Current
7262,2024-11-22,880,86,6,1,102.94,10.5,102.94,92.44,0,On Time,Online,Current
7263,2024-09-28,747,87,4,2,80.57,13.68,161.14,147.46,0,On Time,Online,Future
7264,2025-01-17,901,82,6,3,135.39,31.15,406.17,375.02,0,On Time,Online,Future
7265,2025-05-07,953,59,6,3,99.02,33.84,297.06,263.22,0,On Time,Online,Future
7266,2024-01-04,155,104,3,2,154.04,23.75,308.08,284.33,0,On Time,Online,Future
7267,2025-09-30,69,4,6,1,143.64,33.53,143.64,110.11,0,On Time,Online,Future
7268,2024-04-19,206,15,3,2,76.6,27.42,153.2,125.78,7,Late,Online,Current
7269,2024-09-06,974,9,1,3,102.79,28.6,308.37,279.77,0,On Time,Click & Collect,Current
7270,2025-08-22,145,4,6,1,143.64,21.54,143.64,122.1,0,On Time,Online,Current
7271,2025-05-09,223,84,2,3,108.1,29.04,324.3,295.26,0,On Time,In-Store,Current
7272,2025-11-02,89,43,6,4,129.42,29.19,517.68,488.49,7,Late,Online,Current
7273,2025-08-20,772,116,1,2,159.24,16.63,318.48,301.85,0,On Time,Online,Future
7274,2024-05-15,800,75,3,3,112.15,15.91,336.45,320.54,4,Late,Online,Current
7275,2025-11-05,698,82,4,3,135.39,27.74,406.17,378.43,0,On Time,Online,Future
7276,2025-06-22,873,58,2,1,118.61,12.12,118.61,106.49,5,Late,Wholesale,Current
7277,2025-08-20,337,66,6,3,105.25,30.12,315.75,285.63,0,On Time,Online,Current
7278,2024-08-12,105,63,6,1,50.08,13.73,50.08,36.35,0,On Time,Online,Future
7279,2025-11-20,445,82,6,2,135.39,11.32,270.78,259.46,0,On Time,Online,Current
7280,2024-01-18,549,102,5,4,68.71,2.36,274.84,272.48,0,On Time,Online,Future
7281,2025-02-22,738,3,6,1,182.39,3.94,182.39,178.45,0,On Time,Online,Future
7282,2025-02-22,185,13,5,1,109.25,5.68,109.25,103.57,0,On Time,Online,Current
7283,2025-02-05,83,97,6,1,54.01,13.03,54.01,40.98,0,On Time,Online,Current
7284,2025-12-07,732,98,6,2,192.94,13.28,385.88,372.6,0,On Time,Online,Future
7285,2025-10-28,717,34,6,2,116.01,4.28,232.02,227.74,0,On Time,Online,Future
7286,2025-04-14,84,83,5,3,73.64,30.85,220.92,190.07,5,Late,Online,Current
7287,2025-06-15,178,111,1,1,139.05,10.61,139.05,128.44,0,On Time,Click & Collect,Current
7288,2024-01-22,571,60,1,1,148.3,21.87,148.3,126.43,0,On Time,Click & Collect,Future
7289,2025-08-19,601,45,1,1,29.58,31.15,29.58,-1.57,0,On Time,Click & Collect,Current
7290,2025-01-04,901,107,6,1,49.65,27.56,49.65,22.09,0,On Time,Online,Future
7291,2025-02-22,64,93,1,1,119.71,5.19,119.71,114.52,0,On Time,Wholesale,Current
7292,2025-01-31,988,64,3,1,106.6,31.17,106.6,75.43,0,On Time,Online,Future
7293,2024-01-07,85,114,6,3,83.67,9.04,251.01,241.97,0,On Time,Online,Current
7294,2025-02-07,663,98,3,4,192.94,25.48,771.76,746.28,0,On Time,Click & Collect,Future
7295,2025-04-23,991,30,6,1,33.3,25.86,33.3,7.44,0,On Time,Online,Current
7296,2024-04-21,916,36,4,4,162.38,15.62,649.52,633.9,0,On Time,Wholesale,Future
7297,2024-02-20,28,100,6,3,91.89,24.33,275.67,251.34,0,On Time,Online,Current
7298,2024-03-05,381,43,6,1,129.42,30.13,129.42,99.29,0,On Time,Online,Current
7299,2025-08-17,758,71,6,4,135.62,33.49,542.48,508.99,0,On Time,Online,Future
7300,2025-07-23,328,12,6,1,177.18,8.1,177.18,169.08,0,On Time,Online,Current
7301,2024-06-10,252,65,2,4,71.32,25.29,285.28,259.99,1,Late,Online,Current
7302,2024-07-17,574,84,3,4,108.1,4.54,432.4,427.86,6,Late,Click & Collect,Current
7303,2025-10-17,704,78,5,4,57.86,17.97,231.44,213.47,0,On Time,In-Store,Current
7304,2025-09-04,394,32,1,3,183.92,18.39,551.76,533.37,0,On Time,Online,Future
7305,2024-11-27,264,74,6,2,120.32,2.87,240.64,237.77,6,Late,Online,Current
7306,2025-03-24,455,74,5,3,120.32,13.66,360.96,347.3,0,On Time,Click & Collect,Current
7307,2025-11-22,55,51,3,1,110.62,13.83,110.62,96.79,0,On Time,Online,Future
7308,2025-07-28,51,60,2,1,148.3,27.52,148.3,120.78,0,On Time,Wholesale,Current
7309,2025-08-11,726,83,6,3,73.64,6.05,220.92,214.87,0,On Time,Online,Future
7310,2025-04-30,76,23,1,1,87.41,6.55,87.41,80.86,0,On Time,In-Store,Current
7311,2024-10-01,166,70,2,1,117.81,28.55,117.81,89.26,0,On Time,Wholesale,Current
7312,2024-04-07,632,97,1,4,54.01,24.1,216.04,191.94,0,On Time,Click & Collect,Current
7313,2025-01-14,88,106,1,2,28.51,18.6,57.02,38.42,0,On Time,Wholesale,Future
7314,2025-08-05,89,34,3,3,116.01,25.47,348.03,322.56,0,On Time,Wholesale,Future
7315,2025-10-28,708,104,6,3,154.04,5.05,462.12,457.07,0,On Time,Online,Future
7316,2025-12-14,925,95,4,1,168.8,14.5,168.8,154.3,0,On Time,Wholesale,Future
7317,2024-11-19,723,54,2,1,110.37,24.09,110.37,86.28,0,On Time,Online,Current
7318,2024-12-17,347,24,1,3,152.6,29.12,457.8,428.68,0,On Time,Wholesale,Future
7319,2024-06-04,526,29,5,3,130.05,21.11,390.15,369.04,0,On Time,Click & Collect,Current
7320,2025-02-13,462,104,6,2,154.04,32.19,308.08,275.89,1,Late,Click & Collect,Current
7321,2024-06-05,640,101,4,4,123.75,26.19,495.0,468.81,0,On Time,Wholesale,Current
7322,2025-09-19,869,80,1,1,119.07,18.16,119.07,100.91,0,On Time,Online,Current
7323,2025-02-09,171,105,6,1,45.95,14.84,45.95,31.11,6,Late,Online,Current
7324,2024-04-11,516,114,1,4,83.67,6.59,334.68,328.09,0,On Time,Click & Collect,Future
7325,2025-12-30,149,19,5,2,118.63,26.93,237.26,210.33,0,On Time,Online,Current
7326,2025-08-30,53,7,6,2,172.34,5.46,344.68,339.22,0,On Time,Online,Future
7327,2025-04-20,133,25,2,4,27.12,27.9,108.48,80.58,0,On Time,Wholesale,Future
7328,2025-10-27,946,120,1,3,47.37,2.98,142.11,139.13,0,On Time,Wholesale,Current
7329,2025-01-26,126,1,1,4,125.71,24.1,502.84,478.74,1,Late,Wholesale,Future
7330,2024-08-22,42,95,3,3,168.8,23.17,506.4,483.23,2,Late,Online,Future
7331,2025-11-03,361,37,6,1,141.5,16.24,141.5,125.26,6,Late,Online,Current
7332,2024-08-30,594,110,2,1,159.94,5.97,159.94,153.97,2,Late,Wholesale,Current
7333,2025-05-26,379,54,1,2,110.37,3.04,220.74,217.7,3,Late,Wholesale,Current
7334,2025-07-15,740,117,2,2,131.87,1.23,263.74,262.51,0,On Time,Online,Future
7335,2024-08-24,721,34,6,2,116.01,6.71,232.02,225.31,0,On Time,Online,Current
7336,2025-03-28,982,57,6,2,144.33,18.64,288.66,270.02,0,On Time,Online,Current
7337,2024-01-28,830,19,3,4,118.63,5.64,474.52,468.88,0,On Time,Click & Collect,Future
7338,2024-01-22,682,97,1,2,54.01,28.11,108.02,79.91,0,On Time,Wholesale,Current
7339,2024-11-25,507,113,2,1,120.7,23.4,120.7,97.3,6,Late,Online,Current
7340,2025-05-03,452,57,2,1,144.33,25.5,144.33,118.83,4,Late,Online,Current
7341,2025-04-27,580,42,6,3,65.4,20.73,196.2,175.47,0,On Time,Online,Current
7342,2024-04-07,677,91,5,1,85.5,24.52,85.5,60.98,0,On Time,In-Store,Current
7343,2024-10-15,643,77,1,4,132.93,28.23,531.72,503.49,0,On Time,In-Store,Future
7344,2025-10-16,531,69,2,2,82.06,18.26,164.12,145.86,4,Late,Wholesale,Current
7345,2025-11-28,713,16,1,2,103.76,32.18,207.52,175.34,0,On Time,Online,Current
7346,2024-05-13,695,13,4,4,109.25,17.9,437.0,419.1,0,On Time,Online,Current
7347,2024-10-11,978,95,6,2,168.8,22.21,337.6,315.39,0,On Time,Online,Future
7348,2024-05-13,414,77,6,4,132.93,25.62,531.72,506.1,0,On Time,Online,Current
7349,2025-08-18,64,86,4,4,102.94,8.12,411.76,403.64,0,On Time,Wholesale,Future
7350,2025-12-24,798,26,4,2,117.76,19.65,235.52,215.87,0,On Time,Wholesale,Future
7351,2025-04-06,106,89,6,4,144.37,14.79,577.48,562.69,3,Late,Online,Current
7352,2024-09-06,896,37,6,1,141.5,26.15,141.5,115.35,0,On Time,Online,Current
7353,2024-01-22,793,95,6,1,168.8,8.99,168.8,159.81,0,On Time,Wholesale,Current
7354,2025-03-25,791,87,5,4,80.57,14.63,322.28,307.65,0,On Time,In-Store,Current
7355,2025-12-02,880,87,3,1,80.57,17.35,80.57,63.22,0,On Time,Online,Current
7356,2025-07-23,92,37,6,3,141.5,1.3,424.5,423.2,2,Late,In-Store,Future
7357,2024-05-05,695,80,5,3,119.07,7.11,357.21,350.1,0,On Time,Online,Current
7358,2025-10-07,917,50,6,1,97.72,12.67,97.72,85.05,0,On Time,Online,Future
7359,2024-04-27,556,26,4,2,117.76,21.3,235.52,214.22,2,Late,Online,Future
7360,2024-10-10,134,26,4,1,117.76,15.58,117.76,102.18,1,Late,Click & Collect,Current
7361,2025-05-27,953,44,6,3,107.15,19.15,321.45,302.3,0,On Time,Online,Future
7362,2024-08-28,321,101,6,2,123.75,7.34,247.5,240.16,0,On Time,Online,Future
7363,2025-08-18,675,114,2,4,83.67,8.58,334.68,326.1,0,On Time,Online,Future
7364,2025-01-04,919,12,2,3,177.18,16.07,531.54,515.47,0,On Time,In-Store,Current
7365,2024-09-13,150,22,1,3,118.48,15.85,355.44,339.59,2,Late,In-Store,Future
7366,2025-03-19,776,58,6,3,118.61,15.12,355.83,340.71,0,On Time,Online,Future
7367,2025-08-25,742,46,6,1,117.41,7.77,117.41,109.64,0,On Time,Online,Current
7368,2024-08-17,615,97,4,3,54.01,20.17,162.03,141.86,3,Late,In-Store,Current
7369,2025-02-04,392,92,2,3,46.38,6.67,139.14,132.47,0,On Time,Online,Current
7370,2024-04-25,204,80,6,3,119.07,26.55,357.21,330.66,0,On Time,Wholesale,Current
7371,2025-11-15,268,117,3,3,131.87,15.01,395.61,380.6,2,Late,Click & Collect,Current
7372,2025-08-16,425,4,6,2,143.64,10.89,287.28,276.39,0,On Time,Wholesale,Future
7373,2024-09-21,623,61,6,2,82.33,32.35,164.66,132.31,0,On Time,Online,Future
7374,2025-12-05,599,18,1,4,53.11,33.39,212.44,179.05,0,On Time,Online,Future
7375,2024-01-19,583,32,6,1,183.92,19.43,183.92,164.49,0,On Time,Online,Current
7376,2024-01-17,767,13,6,4,109.25,20.55,437.0,416.45,2,Late,Online,Current
7377,2024-10-12,861,37,3,2,141.5,4.38,283.0,278.62,0,On Time,Online,Current
7378,2024-12-24,581,78,3,2,57.86,30.68,115.72,85.04,0,On Time,Online,Current
7379,2025-05-06,967,27,3,2,148.3,28.1,296.6,268.5,0,On Time,Online,Future
7380,2024-01-01,428,54,6,2,110.37,30.39,220.74,190.35,0,On Time,Online,Current
7381,2025-04-04,76,91,2,4,85.5,17.26,342.0,324.74,7,Late,Online,Current
7382,2025-10-06,30,107,1,2,49.65,15.92,99.3,83.38,2,Late,Wholesale,Current
7383,2024-12-06,483,107,1,3,49.65,29.19,148.95,119.76,0,On Time,Click & Collect,Current
7384,2024-03-07,876,72,6,4,141.82,14.05,567.28,553.23,0,On Time,Online,Current
7385,2024-05-18,949,25,1,3,27.12,31.06,81.36,50.3,0,On Time,Online,Current
7386,2024-03-30,523,38,2,2,97.97,11.38,195.94,184.56,2,Late,Online,Current
7387,2025-05-19,955,2,6,2,200.36,32.3,400.72,368.42,0,On Time,Online,Current
7388,2025-02-16,437,84,6,3,108.1,25.32,324.3,298.98,0,On Time,Online,Current
7389,2025-07-18,929,63,6,4,50.08,16.18,200.32,184.14,0,On Time,Online,Current
7390,2025-12-03,814,46,3,1,117.41,16.75,117.41,100.66,0,On Time,Online,Future
7391,2024-08-21,602,1,2,1,125.71,12.75,125.71,112.96,0,On Time,Online,Future
7392,2025-01-29,441,20,6,4,93.73,2.06,374.92,372.86,0,On Time,Online,Current
7393,2024-09-02,659,76,3,4,128.17,18.45,512.68,494.23,0,On Time,Click & Collect,Future
7394,2025-05-16,319,74,1,1,120.32,29.85,120.32,90.47,1,Late,In-Store,Current
7395,2025-06-14,807,36,3,1,162.38,8.39,162.38,153.99,0,On Time,Click & Collect,Future
7396,2024-07-16,765,81,1,3,110.75,26.86,332.25,305.39,2,Late,Wholesale,Current
7397,2024-05-20,946,19,6,3,118.63,2.62,355.89,353.27,0,On Time,Online,Current
7398,2024-08-30,711,77,1,1,132.93,27.52,132.93,105.41,0,On Time,Wholesale,Future
7399,2025-11-03,882,95,1,2,168.8,17.2,337.6,320.4,0,On Time,Click & Collect,Current
7400,2025-04-16,145,67,1,1,214.61,4.12,214.61,210.49,1,Late,Online,Current
7401,2025-03-16,501,83,6,4,73.64,25.84,294.56,268.72,0,On Time,Online,Future
7402,2025-07-06,497,70,6,2,117.81,7.4,235.62,228.22,2,Late,Online,Future
7403,2024-03-07,496,100,6,1,91.89,29.31,91.89,62.58,0,On Time,Online,Current
7404,2025-10-26,96,31,6,4,64.76,34.98,259.04,224.06,0,On Time,Online,Future
7405,2024-05-10,179,75,6,1,112.15,31.63,112.15,80.52,2,Late,Online,Current
7406,2025-06-20,506,72,4,2,141.82,20.41,283.64,263.23,0,On Time,Online,Current
7407,2025-03-26,21,6,6,2,127.67,19.64,255.34,235.7,0,On Time,Online,Future
7408,2025-04-09,356,118,3,2,167.17,6.64,334.34,327.7,0,On Time,Online,Future
7409,2025-10-12,45,86,1,3,102.94,33.04,308.82,275.78,0,On Time,In-Store,Current
7410,2024-05-06,491,55,6,2,80.85,24.23,161.7,137.47,0,On Time,Online,Future
7411,2025-06-12,153,106,4,3,28.51,3.51,85.53,82.02,1,Late,Click & Collect,Current
7412,2025-08-19,462,42,5,4,65.4,13.05,261.6,248.55,0,On Time,In-Store,Future
7413,2025-05-26,60,107,6,4,49.65,1.2,198.6,197.4,0,On Time,Online,Current
7414,2025-04-07,133,40,1,1,35.44,25.17,35.44,10.27,1,Late,Online,Current
7415,2025-03-30,394,104,5,1,154.04,23.67,154.04,130.37,0,On Time,Online,Current
7416,2024-07-08,226,86,1,4,102.94,30.81,411.76,380.95,3,Late,Online,Current
7417,2024-02-14,901,78,1,3,57.86,24.0,173.58,149.58,0,On Time,Wholesale,Current
7418,2024-11-24,154,38,6,2,97.97,32.47,195.94,163.47,0,On Time,Online,Future
7419,2025-12-24,994,12,5,1,177.18,33.09,177.18,144.09,0,On Time,Online,Current
7420,2024-06-26,307,39,5,4,128.17,4.03,512.68,508.65,0,On Time,Online,Future
7421,2025-03-07,472,31,5,2,64.76,7.2,129.52,122.32,0,On Time,Click & Collect,Future
7422,2025-05-08,602,115,1,4,131.17,14.38,524.68,510.3,2,Late,Click & Collect,Future
7423,2025-08-12,757,22,6,3,118.48,15.2,355.44,340.24,0,On Time,Online,Future
7424,2025-03-09,900,30,6,1,33.3,10.45,33.3,22.85,0,On Time,In-Store,Current
7425,2024-08-04,717,3,2,4,182.39,6.52,729.56,723.04,5,Late,Online,Current
7426,2025-12-28,33,43,6,3,129.42,23.02,388.26,365.24,0,On Time,Online,Future
7427,2025-09-02,918,108,4,4,50.05,12.73,200.2,187.47,0,On Time,Online,Current
7428,2025-10-05,653,57,5,1,144.33,19.65,144.33,124.68,0,On Time,Online,Future
7429,2025-04-07,330,10,6,1,78.41,23.86,78.41,54.55,0,On Time,Online,Current
7430,2024-06-29,766,59,6,2,99.02,21.39,198.04,176.65,0,On Time,Online,Current
7431,2025-05-06,18,4,4,3,143.64,10.78,430.92,420.14,4,Late,Click & Collect,Current
7432,2025-12-09,256,107,3,4,49.65,18.13,198.6,180.47,2,Late,Online,Future
7433,2024-10-12,14,37,6,1,141.5,31.39,141.5,110.11,0,On Time,Online,Future
7434,2025-11-04,857,52,2,3,18.05,1.07,54.15,53.08,0,On Time,Online,Future
7435,2025-09-26,84,111,6,1,139.05,2.9,139.05,136.15,0,On Time,Online,Future
7436,2025-05-04,760,30,3,4,33.3,9.73,133.2,123.47,1,Late,Online,Future
7437,2025-09-20,851,101,6,1,123.75,26.38,123.75,97.37,0,On Time,Online,Future
7438,2024-04-19,396,45,5,2,29.58,30.97,59.16,28.19,6,Late,Online,Current
7439,2024-11-03,70,68,3,2,76.01,17.61,152.02,134.41,0,On Time,Click & Collect,Current
7440,2025-08-20,756,80,2,4,119.07,8.82,476.28,467.46,0,On Time,Click & Collect,Current
7441,2025-05-31,584,114,1,3,83.67,13.3,251.01,237.71,0,On Time,Wholesale,Future
7442,2024-12-10,646,93,6,1,119.71,33.52,119.71,86.19,1,Late,Online,Current
7443,2024-01-14,57,50,4,3,97.72,5.1,293.16,288.06,0,On Time,Online,Current
7444,2025-01-16,521,95,1,3,168.8,1.91,506.4,504.49,1,Late,Online,Current
7445,2025-05-24,43,108,6,2,50.05,22.95,100.1,77.15,0,On Time,Online,Future
7446,2024-04-01,182,36,6,3,162.38,25.42,487.14,461.72,0,On Time,Online,Current
7447,2025-06-13,55,81,6,4,110.75,26.33,443.0,416.67,0,On Time,Wholesale,Current
7448,2024-05-10,454,3,5,3,182.39,7.77,547.17,539.4,0,On Time,In-Store,Future
7449,2024-03-11,432,79,6,1,174.91,0.79,174.91,174.12,0,On Time,Online,Future
7450,2024-12-16,779,32,1,1,183.92,5.71,183.92,178.21,0,On Time,Online,Future
7451,2025-06-01,653,20,1,2,93.73,6.63,187.46,180.83,0,On Time,Online,Current
7452,2025-09-11,968,2,6,2,200.36,34.19,400.72,366.53,0,On Time,In-Store,Future
7453,2025-09-08,476,99,6,1,170.64,5.09,170.64,165.55,4,Late,Online,Current
7454,2025-02-22,723,59,6,2,99.02,1.15,198.04,196.89,2,Late,Click & Collect,Current
7455,2025-06-28,193,42,6,3,65.4,32.42,196.2,163.78,0,On Time,Online,Future
7456,2025-12-22,810,90,6,3,82.64,26.55,247.92,221.37,0,On Time,Online,Future
7457,2025-09-17,32,115,1,3,131.17,8.15,393.51,385.36,0,On Time,Online,Future
7458,2025-09-16,715,20,6,2,93.73,6.0,187.46,181.46,0,On Time,Online,Current
7459,2025-11-17,699,34,6,2,116.01,3.14,232.02,228.88,0,On Time,Online,Current
7460,2025-04-09,406,19,6,2,118.63,31.0,237.26,206.26,7,Late,Online,Current
7461,2024-07-04,100,64,2,2,106.6,11.12,213.2,202.08,0,On Time,In-Store,Future
7462,2024-03-12,97,22,6,1,118.48,14.78,118.48,103.7,0,On Time,Online,Future
7463,2025-07-21,821,61,2,3,82.33,19.29,246.99,227.7,0,On Time,Online,Current
7464,2024-04-16,267,37,2,2,141.5,1.09,283.0,281.91,0,On Time,Online,Future
7465,2025-06-04,308,32,6,4,183.92,27.34,735.68,708.34,0,On Time,Online,Current
7466,2025-03-16,571,83,6,2,73.64,3.64,147.28,143.64,7,Late,Online,Current
7467,2025-09-24,384,84,3,4,108.1,16.08,432.4,416.32,0,On Time,Online,Future
7468,2025-07-12,106,5,6,3,140.44,24.26,421.32,397.06,0,On Time,Online,Future
7469,2025-06-13,514,19,5,1,118.63,17.64,118.63,100.99,6,Late,Online,Current
7470,2024-05-25,580,59,6,4,99.02,15.14,396.08,380.94,1,Late,Online,Current
7471,2025-08-27,301,87,2,4,80.57,17.11,322.28,305.17,0,On Time,Click & Collect,Future
7472,2025-05-09,332,24,6,2,152.6,4.0,305.2,301.2,0,On Time,Click & Collect,Future
7473,2024-11-09,360,76,4,4,128.17,29.67,512.68,483.01,0,On Time,In-Store,Future
7474,2025-11-17,715,102,3,1,68.71,15.4,68.71,53.31,0,On Time,Online,Current
7475,2025-03-06,682,54,4,3,110.37,13.63,331.11,317.48,0,On Time,Online,Future
7476,2025-01-12,830,37,2,2,141.5,25.92,283.0,257.08,0,On Time,Online,Future
7477,2025-03-19,504,50,3,4,97.72,22.9,390.88,367.98,0,On Time,Online,Current
7478,2024-01-07,570,48,1,1,94.16,4.37,94.16,89.79,0,On Time,Online,Current
7479,2024-08-21,313,95,6,2,168.8,32.25,337.6,305.35,0,On Time,Click & Collect,Future
7480,2024-04-05,182,31,6,1,64.76,5.54,64.76,59.22,0,On Time,Wholesale,Current
7481,2025-11-10,11,50,2,4,97.72,4.95,390.88,385.93,0,On Time,Click & Collect,Current
7482,2025-09-12,835,10,2,4,78.41,5.8,313.64,307.84,0,On Time,Wholesale,Current
7483,2024-03-03,635,53,3,2,103.59,6.45,207.18,200.73,0,On Time,Online,Future
7484,2025-03-20,91,79,6,2,174.91,10.04,349.82,339.78,0,On Time,Online,Current
7485,2024-09-23,777,2,3,3,200.36,5.38,601.08,595.7,6,Late,In-Store,Current
7486,2024-03-31,471,65,1,1,71.32,0.8,71.32,70.52,0,On Time,Online,Current
7487,2025-07-27,478,32,6,1,183.92,32.38,183.92,151.54,7,Late,Online,Current
7488,2024-01-11,969,72,6,4,141.82,10.69,567.28,556.59,4,Late,Online,Current
7489,2025-06-15,671,48,1,4,94.16,26.86,376.64,349.78,0,On Time,Wholesale,Future
7490,2024-09-07,770,16,4,2,103.76,14.13,207.52,193.39,0,On Time,Online,Future
7491,2025-09-02,23,47,2,2,146.36,31.01,292.72,261.71,0,On Time,Online,Future
7492,2024-03-17,424,57,1,4,144.33,33.03,577.32,544.29,0,On Time,Click & Collect,Current
7493,2025-03-26,712,117,1,3,131.87,20.7,395.61,374.91,0,On Time,In-Store,Future
7494,2024-07-27,792,120,6,1,47.37,19.82,47.37,27.55,0,On Time,Online,Future
7495,2024-04-26,890,23,3,2,87.41,28.25,174.82,146.57,0,On Time,Wholesale,Current
7496,2024-01-02,199,119,2,4,21.52,7.3,86.08,78.78,0,On Time,Click & Collect,Current
7497,2024-02-10,193,6,6,4,127.67,30.88,510.68,479.8,0,On Time,Online,Current
7498,2025-06-25,461,120,3,3,47.37,27.65,142.11,114.46,0,On Time,Click & Collect,Current
7499,2025-04-02,919,34,6,1,116.01,20.66,116.01,95.35,0,On Time,Online,Current
7500,2025-09-24,826,102,6,4,68.71,16.52,274.84,258.32,0,On Time,Online,Current
7501,2024-02-11,500,12,1,1,177.18,15.69,177.18,161.49,0,On Time,Online,Future
7502,2024-10-14,84,13,6,3,109.25,19.93,327.75,307.82,2,Late,Online,Current
7503,2025-07-27,90,57,6,2,144.33,33.38,288.66,255.28,0,On Time,Online,Future
7504,2025-03-22,24,52,6,3,18.05,18.07,54.15,36.08,0,On Time,Online,Current
7505,2024-06-29,936,117,3,2,131.87,1.21,263.74,262.53,0,On Time,Wholesale,Future
7506,2025-11-11,757,39,6,2,128.17,20.76,256.34,235.58,5,Late,Online,Current
7507,2025-07-12,762,16,2,2,103.76,27.33,207.52,180.19,0,On Time,Online,Current
7508,2024-12-01,884,59,6,4,99.02,30.14,396.08,365.94,0,On Time,Online,Current
7509,2025-10-23,434,91,6,4,85.5,12.03,342.0,329.97,0,On Time,Online,Current
7510,2024-04-20,862,118,3,3,167.17,21.22,501.51,480.29,0,On Time,Wholesale,Current
7511,2024-09-26,629,5,1,3,140.44,32.63,421.32,388.69,0,On Time,Click & Collect,Current
7512,2024-05-01,997,103,2,2,113.76,3.33,227.52,224.19,6,Late,Online,Current
7513,2025-07-04,785,36,5,4,162.38,30.97,649.52,618.55,0,On Time,In-Store,Future
7514,2025-03-04,477,36,6,1,162.38,33.49,162.38,128.89,0,On Time,Online,Future
7515,2025-09-30,983,47,1,1,146.36,34.39,146.36,111.97,0,On Time,Click & Collect,Current
7516,2025-11-03,814,2,2,3,200.36,11.21,601.08,589.87,0,On Time,Wholesale,Current
7517,2025-12-11,514,57,4,3,144.33,15.81,432.99,417.18,0,On Time,In-Store,Current
7518,2025-08-06,275,79,6,1,174.91,6.53,174.91,168.38,6,Late,Online,Current
7519,2025-05-18,497,55,6,4,80.85,26.0,323.4,297.4,0,On Time,Online,Future
7520,2024-04-09,651,88,1,1,41.48,2.53,41.48,38.95,0,On Time,Click & Collect,Current
7521,2024-07-04,492,94,5,3,56.02,28.65,168.06,139.41,0,On Time,Click & Collect,Future
7522,2024-11-18,311,71,6,3,135.62,5.25,406.86,401.61,0,On Time,Online,Future
7523,2024-05-06,660,42,3,1,65.4,6.14,65.4,59.26,0,On Time,Wholesale,Future
7524,2024-06-08,918,5,4,2,140.44,12.29,280.88,268.59,5,Late,Online,Current
7525,2024-11-29,554,67,2,3,214.61,28.38,643.83,615.45,0,On Time,Wholesale,Current
7526,2025-09-13,33,59,6,3,99.02,14.99,297.06,282.07,0,On Time,Online,Future
7527,2024-06-05,49,53,6,1,103.59,5.37,103.59,98.22,0,On Time,Online,Future
7528,2024-10-15,481,78,1,4,57.86,33.94,231.44,197.5,0,On Time,In-Store,Current
7529,2024-03-22,281,48,3,3,94.16,7.76,282.48,274.72,0,On Time,Online,Current
7530,2024-12-30,57,47,5,4,146.36,9.96,585.44,575.48,0,On Time,Wholesale,Future
7531,2024-01-18,862,108,6,4,50.05,20.44,200.2,179.76,0,On Time,Online,Future
7532,2025-07-24,454,108,6,2,50.05,21.09,100.1,79.01,0,On Time,Online,Future
7533,2025-08-25,953,25,6,2,27.12,9.53,54.24,44.71,0,On Time,Online,Current
7534,2024-06-23,183,73,1,1,20.46,4.77,20.46,15.69,0,On Time,Wholesale,Current
7535,2024-12-11,910,114,4,2,83.67,8.3,167.34,159.04,0,On Time,In-Store,Current
7536,2024-02-09,453,69,6,4,82.06,34.71,328.24,293.53,0,On Time,Online,Current
7537,2025-03-26,766,34,6,1,116.01,14.14,116.01,101.87,0,On Time,Online,Future
7538,2024-08-30,189,27,4,1,148.3,8.84,148.3,139.46,0,On Time,Click & Collect,Future
7539,2025-01-22,781,48,6,3,94.16,30.8,282.48,251.68,0,On Time,Online,Current
7540,2024-02-15,511,116,4,1,159.24,28.6,159.24,130.64,0,On Time,Online,Future
7541,2024-04-30,4,98,2,3,192.94,9.36,578.82,569.46,0,On Time,Wholesale,Future
7542,2025-09-12,864,63,1,2,50.08,1.3,100.16,98.86,0,On Time,In-Store,Future
7543,2024-10-05,399,37,6,2,141.5,11.51,283.0,271.49,0,On Time,Click & Collect,Future
7544,2024-08-21,523,65,4,2,71.32,32.95,142.64,109.69,0,On Time,Online,Current
7545,2024-12-04,442,42,6,2,65.4,33.53,130.8,97.27,6,Late,Online,Current
7546,2024-12-06,217,77,3,1,132.93,8.62,132.93,124.31,0,On Time,Online,Future
7547,2024-06-08,583,55,1,2,80.85,27.4,161.7,134.3,0,On Time,Click & Collect,Current
7548,2025-09-14,700,111,3,3,139.05,25.21,417.15,391.94,0,On Time,Wholesale,Current
7549,2024-06-08,422,13,6,1,109.25,13.27,109.25,95.98,0,On Time,Online,Current
7550,2024-04-19,901,86,5,3,102.94,20.21,308.82,288.61,0,On Time,Online,Current
7551,2024-08-11,445,65,4,3,71.32,16.85,213.96,197.11,0,On Time,Online,Future
7552,2025-02-10,422,108,2,3,50.05,18.56,150.15,131.59,0,On Time,Online,Current
7553,2025-04-13,912,93,3,4,119.71,8.61,478.84,470.23,1,Late,Online,Current
7554,2024-04-01,299,43,6,1,129.42,5.78,129.42,123.64,0,On Time,Online,Current
7555,2024-10-11,237,36,2,3,162.38,2.96,487.14,484.18,0,On Time,Wholesale,Future
7556,2025-06-14,316,32,6,1,183.92,0.72,183.92,183.2,0,On Time,Online,Future
7557,2024-01-09,128,27,4,4,148.3,25.5,593.2,567.7,0,On Time,Online,Current
7558,2025-05-29,180,96,2,1,44.65,19.12,44.65,25.53,0,On Time,Click & Collect,Current
7559,2025-12-01,784,63,3,2,50.08,28.27,100.16,71.89,0,On Time,Wholesale,Current
7560,2025-02-23,944,30,6,3,33.3,14.58,99.9,85.32,0,On Time,Online,Current
7561,2024-05-10,87,104,6,3,154.04,10.41,462.12,451.71,0,On Time,Online,Current
7562,2025-11-19,27,72,4,3,141.82,23.72,425.46,401.74,0,On Time,Online,Future
7563,2024-05-15,254,52,1,2,18.05,31.15,36.1,4.95,0,On Time,Click & Collect,Current
7564,2025-09-18,683,106,6,1,28.51,6.66,28.51,21.85,0,On Time,Online,Current
7565,2025-07-24,29,69,5,1,82.06,26.83,82.06,55.23,0,On Time,Online,Current
7566,2025-07-10,831,88,6,1,41.48,3.64,41.48,37.84,0,On Time,Online,Current
7567,2024-05-05,427,9,6,2,102.79,15.53,205.58,190.05,0,On Time,Online,Current
7568,2024-01-17,664,99,6,2,170.64,10.86,341.28,330.42,0,On Time,Online,Future
7569,2025-11-29,82,38,2,2,97.97,24.47,195.94,171.47,0,On Time,Click & Collect,Future
7570,2025-08-25,500,103,2,2,113.76,6.58,227.52,220.94,0,On Time,Wholesale,Current
7571,2025-04-09,866,56,3,1,166.72,33.04,166.72,133.68,0,On Time,Online,Current
7572,2025-08-24,987,56,6,4,166.72,26.17,666.88,640.71,0,On Time,Online,Future
7573,2025-07-29,535,72,5,1,141.82,34.99,141.82,106.83,0,On Time,Online,Future
7574,2025-11-30,66,98,6,4,192.94,24.34,771.76,747.42,2,Late,Online,Current
7575,2024-07-11,387,81,3,3,110.75,20.38,332.25,311.87,0,On Time,Wholesale,Future
7576,2024-05-15,339,7,1,3,172.34,29.93,517.02,487.09,0,On Time,Wholesale,Current
7577,2024-09-24,320,86,4,1,102.94,1.97,102.94,100.97,7,Late,Click & Collect,Current
7578,2024-07-16,757,20,1,2,93.73,25.19,187.46,162.27,7,Late,Online,Current
7579,2025-04-27,552,30,2,3,33.3,33.53,99.9,66.37,0,On Time,Wholesale,Current
7580,2025-02-09,700,81,3,2,110.75,13.4,221.5,208.1,0,On Time,Online,Future
7581,2024-10-27,582,73,6,1,20.46,6.44,20.46,14.02,0,On Time,Online,Future
7582,2024-01-09,406,115,6,3,131.17,21.18,393.51,372.33,0,On Time,Online,Future
7583,2025-02-04,553,96,6,4,44.65,27.89,178.6,150.71,0,On Time,Online,Current
7584,2024-07-11,137,46,4,4,117.41,2.88,469.64,466.76,6,Late,Online,Current
7585,2025-05-21,386,43,6,3,129.42,11.53,388.26,376.73,0,On Time,Online,Future
7586,2024-12-30,785,116,4,4,159.24,8.77,636.96,628.19,1,Late,Online,Future
7587,2024-01-30,724,109,1,4,65.96,26.85,263.84,236.99,0,On Time,Click & Collect,Current
7588,2025-10-17,408,64,1,2,106.6,24.05,213.2,189.15,0,On Time,Wholesale,Future
7589,2024-12-08,733,80,1,4,119.07,13.89,476.28,462.39,0,On Time,Wholesale,Current
7590,2024-06-30,608,119,2,4,21.52,26.78,86.08,59.3,0,On Time,Wholesale,Future
7591,2024-11-22,515,2,1,2,200.36,0.14,400.72,400.58,0,On Time,Wholesale,Future
7592,2025-04-28,355,70,6,1,117.81,31.52,117.81,86.29,3,Late,Click & Collect,Current
7593,2024-07-24,793,114,3,4,83.67,12.75,334.68,321.93,0,On Time,Wholesale,Future
7594,2024-07-29,878,112,3,1,167.65,8.33,167.65,159.32,0,On Time,Wholesale,Future
7595,2025-06-09,524,86,6,4,102.94,1.27,411.76,410.49,0,On Time,In-Store,Future
7596,2024-02-20,841,59,1,1,99.02,11.27,99.02,87.75,0,On Time,Click & Collect,Future
7597,2024-03-22,677,93,3,2,119.71,8.96,239.42,230.46,0,On Time,Online,Current
7598,2025-02-18,188,113,4,4,120.7,33.8,482.8,449.0,0,On Time,Online,Current
7599,2024-08-03,163,69,2,4,82.06,28.57,328.24,299.67,0,On Time,Online,Future
7600,2024-03-19,945,75,6,4,112.15,20.86,448.6,427.74,0,On Time,Online,Current
7601,2025-09-19,288,104,6,2,154.04,29.7,308.08,278.38,0,On Time,Online,Future
7602,2025-02-10,703,112,1,1,167.65,32.39,167.65,135.26,0,On Time,Online,Current
7603,2025-12-24,52,96,1,4,44.65,28.15,178.6,150.45,0,On Time,Online,Future
7604,2024-11-04,108,48,1,1,94.16,29.03,94.16,65.13,2,Late,Online,Future
7605,2025-05-25,218,99,6,2,170.64,4.03,341.28,337.25,0,On Time,Online,Current
7606,2024-01-11,929,56,1,2,166.72,2.69,333.44,330.75,0,On Time,Wholesale,Future
7607,2024-11-09,622,77,4,3,132.93,25.47,398.79,373.32,5,Late,In-Store,Current
7608,2024-04-05,676,66,6,1,105.25,15.57,105.25,89.68,0,On Time,Online,Current
7609,2025-01-24,922,7,6,2,172.34,9.07,344.68,335.61,0,On Time,Online,Future
7610,2024-12-13,593,67,6,1,214.61,7.94,214.61,206.67,0,On Time,Online,Current
7611,2024-05-01,425,55,6,1,80.85,27.56,80.85,53.29,0,On Time,Online,Future
7612,2024-10-23,951,72,4,3,141.82,6.33,425.46,419.13,0,On Time,Online,Current
7613,2025-02-22,368,96,6,2,44.65,6.37,89.3,82.93,0,On Time,Online,Current
7614,2024-06-27,710,11,5,2,40.32,20.62,80.64,60.02,0,On Time,Online,Future
7615,2025-04-01,46,98,5,2,192.94,4.72,385.88,381.16,0,On Time,Click & Collect,Current
7616,2025-09-07,614,72,6,4,141.82,32.97,567.28,534.31,0,On Time,Online,Current
7617,2025-08-18,608,21,4,2,44.65,23.28,89.3,66.02,0,On Time,Wholesale,Future
7618,2024-01-27,761,32,2,1,183.92,31.51,183.92,152.41,0,On Time,Online,Future
7619,2025-01-28,102,50,2,4,97.72,12.93,390.88,377.95,7,Late,Online,Current
7620,2025-06-20,267,51,1,4,110.62,27.15,442.48,415.33,2,Late,Online,Future
7621,2024-05-13,730,78,6,3,57.86,27.68,173.58,145.9,0,On Time,Online,Future
7622,2025-04-08,639,68,3,1,76.01,2.44,76.01,73.57,0,On Time,In-Store,Current
7623,2024-05-17,909,68,6,4,76.01,24.77,304.04,279.27,0,On Time,Online,Current
7624,2024-01-22,790,38,2,1,97.97,9.91,97.97,88.06,1,Late,Click & Collect,Current
7625,2024-05-02,274,72,1,1,141.82,4.06,141.82,137.76,6,Late,Click & Collect,Current
7626,2025-11-05,771,74,1,2,120.32,19.33,240.64,221.31,0,On Time,Online,Future
7627,2024-08-16,79,100,5,3,91.89,28.78,275.67,246.89,0,On Time,Online,Current
7628,2024-06-16,597,11,5,1,40.32,14.85,40.32,25.47,7,Late,Wholesale,Current
7629,2025-11-14,655,89,1,2,144.37,20.57,288.74,268.17,0,On Time,Online,Current
7630,2024-08-17,203,86,1,1,102.94,30.88,102.94,72.06,0,On Time,In-Store,Future
7631,2025-07-08,497,88,3,4,41.48,15.15,165.92,150.77,0,On Time,Wholesale,Current
7632,2025-12-12,691,37,4,2,141.5,31.86,283.0,251.14,0,On Time,In-Store,Future
7633,2024-11-04,782,79,6,4,174.91,6.28,699.64,693.36,0,On Time,Online,Future
7634,2024-02-29,230,52,6,2,18.05,32.73,36.1,3.37,1,Late,Online,Current
7635,2025-01-25,955,61,6,4,82.33,23.56,329.32,305.76,0,On Time,Online,Future
7636,2025-02-28,602,26,2,1,117.76,7.22,117.76,110.54,0,On Time,Click & Collect,Future
7637,2025-12-12,548,111,6,4,139.05,33.53,556.2,522.67,0,On Time,Online,Future
7638,2025-11-22,264,51,5,4,110.62,18.09,442.48,424.39,0,On Time,In-Store,Current
7639,2024-03-03,672,85,5,2,142.01,22.94,284.02,261.08,0,On Time,Click & Collect,Current
7640,2024-05-09,376,41,6,1,110.65,15.57,110.65,95.08,0,On Time,Online,Current
7641,2025-02-03,211,64,1,1,106.6,16.47,106.6,90.13,0,On Time,Online,Current
7642,2024-08-09,137,62,4,2,180.58,32.53,361.16,328.63,0,On Time,Online,Current
7643,2025-11-08,588,37,6,2,141.5,9.88,283.0,273.12,0,On Time,Online,Future
7644,2024-01-13,929,78,1,3,57.86,3.08,173.58,170.5,0,On Time,Click & Collect,Future
7645,2024-10-15,387,13,4,3,109.25,31.37,327.75,296.38,1,Late,Wholesale,Current
7646,2025-05-19,307,94,6,3,56.02,29.54,168.06,138.52,0,On Time,Online,Current
7647,2024-08-29,833,87,6,4,80.57,29.38,322.28,292.9,0,On Time,Online,Future
7648,2025-10-21,767,62,2,3,180.58,29.71,541.74,512.03,6,Late,In-Store,Current
7649,2024-03-05,555,117,6,3,131.87,1.31,395.61,394.3,0,On Time,Online,Current
7650,2024-05-31,169,115,5,2,131.17,5.86,262.34,256.48,0,On Time,Online,Current
7651,2025-06-11,186,19,1,1,118.63,0.59,118.63,118.04,0,On Time,Wholesale,Future
7652,2024-05-28,424,28,6,1,154.21,2.4,154.21,151.81,0,On Time,Online,Future
7653,2024-05-15,638,84,6,4,108.1,23.23,432.4,409.17,1,Late,Online,Future
7654,2025-09-30,212,100,2,1,91.89,24.75,91.89,67.14,0,On Time,Online,Current
7655,2024-08-03,885,80,1,3,119.07,4.78,357.21,352.43,0,On Time,In-Store,Current
7656,2025-12-30,716,90,6,2,82.64,9.85,165.28,155.43,2,Late,Online,Future
7657,2025-05-03,371,18,6,3,53.11,5.23,159.33,154.1,0,On Time,Online,Current
7658,2024-04-12,761,60,1,3,148.3,21.89,444.9,423.01,0,On Time,In-Store,Future
7659,2025-07-12,26,59,3,4,99.02,12.93,396.08,383.15,0,On Time,Wholesale,Current
7660,2024-11-06,820,4,4,1,143.64,6.07,143.64,137.57,4,Late,Online,Current
7661,2024-03-03,40,90,1,1,82.64,27.88,82.64,54.76,0,On Time,Online,Future
7662,2024-10-04,874,103,2,4,113.76,8.31,455.04,446.73,2,Late,Wholesale,Current
7663,2024-08-26,475,64,6,4,106.6,12.19,426.4,414.21,0,On Time,Online,Future
7664,2024-07-19,399,58,1,4,118.61,31.47,474.44,442.97,0,On Time,Click & Collect,Future
7665,2025-03-27,767,21,1,3,44.65,21.6,133.95,112.35,0,On Time,Wholesale,Current
7666,2025-06-02,643,59,2,3,99.02,13.59,297.06,283.47,0,On Time,Online,Future
7667,2024-01-26,173,105,4,1,45.95,23.79,45.95,22.16,0,On Time,Click & Collect,Future
7668,2025-11-15,80,24,2,2,152.6,15.6,305.2,289.6,0,On Time,Online,Current
7669,2025-03-21,853,98,6,2,192.94,0.29,385.88,385.59,0,On Time,Online,Future
7670,2025-08-24,795,49,6,1,134.92,20.54,134.92,114.38,0,On Time,Online,Future
7671,2025-11-15,505,9,3,4,102.79,3.17,411.16,407.99,0,On Time,Online,Current
7672,2025-08-16,410,84,4,1,108.1,14.41,108.1,93.69,0,On Time,Online,Current
7673,2024-10-12,777,7,3,3,172.34,15.69,517.02,501.33,0,On Time,Online,Future
7674,2024-02-21,33,65,1,2,71.32,19.88,142.64,122.76,0,On Time,Wholesale,Current
7675,2025-07-29,674,120,6,1,47.37,23.59,47.37,23.78,0,On Time,Online,Current
7676,2024-09-12,396,78,5,3,57.86,29.17,173.58,144.41,2,Late,Wholesale,Future
7677,2024-08-04,956,16,2,4,103.76,1.94,415.04,413.1,0,On Time,Online,Current
7678,2024-04-18,825,95,6,3,168.8,30.8,506.4,475.6,0,On Time,Online,Future
7679,2024-11-10,680,84,2,1,108.1,33.04,108.1,75.06,0,On Time,Wholesale,Future
7680,2024-09-23,399,111,6,3,139.05,33.83,417.15,383.32,0,On Time,Online,Current
7681,2025-04-27,671,103,1,3,113.76,20.68,341.28,320.6,0,On Time,Online,Current
7682,2025-01-14,208,19,1,3,118.63,32.55,355.89,323.34,0,On Time,Click & Collect,Current
7683,2025-09-30,855,40,6,3,35.44,29.02,106.32,77.3,0,On Time,Online,Future
7684,2024-03-31,459,33,6,4,219.29,13.03,877.16,864.13,0,On Time,Online,Future
7685,2024-11-05,545,35,6,1,41.4,31.61,41.4,9.79,0,On Time,Online,Current
7686,2025-02-21,60,104,3,2,154.04,14.48,308.08,293.6,0,On Time,Wholesale,Current
7687,2025-09-13,971,27,4,4,148.3,13.22,593.2,579.98,0,On Time,Online,Future
7688,2025-12-17,693,69,6,2,82.06,5.24,164.12,158.88,0,On Time,Online,Future
7689,2024-06-14,829,1,1,4,125.71,5.17,502.84,497.67,1,Late,In-Store,Future
7690,2024-06-29,567,99,1,2,170.64,14.53,341.28,326.75,0,On Time,Click & Collect,Future
7691,2025-05-15,557,9,1,1,102.79,5.17,102.79,97.62,0,On Time,Online,Future
7692,2024-01-30,504,98,4,3,192.94,34.08,578.82,544.74,1,Late,Click & Collect,Future
7693,2024-07-05,84,98,4,4,192.94,24.81,771.76,746.95,0,On Time,Wholesale,Current
7694,2024-05-22,645,114,2,1,83.67,29.39,83.67,54.28,0,On Time,Click & Collect,Future
7695,2024-08-08,474,37,6,2,141.5,9.2,283.0,273.8,0,On Time,Online,Current
7696,2024-09-11,104,112,4,4,167.65,13.17,670.6,657.43,0,On Time,Click & Collect,Future
7697,2025-11-29,30,77,3,3,132.93,14.26,398.79,384.53,0,On Time,Click & Collect,Current
7698,2025-03-21,181,5,6,1,140.44,1.01,140.44,139.43,0,On Time,Online,Current
7699,2025-11-20,536,5,5,2,140.44,19.74,280.88,261.14,0,On Time,In-Store,Future
7700,2025-09-18,130,59,1,2,99.02,20.03,198.04,178.01,0,On Time,Wholesale,Current
7701,2025-04-11,649,33,6,4,219.29,16.67,877.16,860.49,1,Late,Online,Future
7702,2024-03-31,339,107,1,2,49.65,14.32,99.3,84.98,0,On Time,Online,Future
7703,2024-09-23,43,83,5,2,73.64,26.69,147.28,120.59,0,On Time,Wholesale,Future
7704,2025-06-14,520,13,6,1,109.25,3.55,109.25,105.7,0,On Time,Online,Current
7705,2024-06-12,549,96,1,2,44.65,13.72,89.3,75.58,3,Late,Wholesale,Current
7706,2024-03-23,936,66,6,1,105.25,3.31,105.25,101.94,2,Late,Online,Current
7707,2024-12-26,790,21,2,3,44.65,28.48,133.95,105.47,0,On Time,Click & Collect,Future
7708,2025-12-19,553,84,6,2,108.1,4.6,216.2,211.6,3,Late,Online,Current
7709,2024-04-11,677,50,4,1,97.72,34.44,97.72,63.28,0,On Time,Online,Future
7710,2024-08-25,94,71,4,1,135.62,18.92,135.62,116.7,0,On Time,Online,Current
7711,2025-10-03,404,83,6,4,73.64,24.85,294.56,269.71,0,On Time,Online,Future
7712,2024-04-24,350,79,4,2,174.91,8.84,349.82,340.98,0,On Time,Online,Current
7713,2025-10-03,935,109,6,4,65.96,12.57,263.84,251.27,0,On Time,Online,Future
7714,2024-04-26,324,66,3,3,105.25,33.08,315.75,282.67,0,On Time,Online,Current
7715,2025-03-06,178,76,6,3,128.17,17.54,384.51,366.97,0,On Time,Click & Collect,Future
7716,2025-06-15,707,97,3,4,54.01,11.32,216.04,204.72,0,On Time,Wholesale,Future
7717,2024-01-03,664,6,1,2,127.67,27.69,255.34,227.65,7,Late,Online,Current
7718,2025-12-30,129,62,1,2,180.58,9.03,361.16,352.13,0,On Time,In-Store,Future
7719,2025-01-04,459,108,2,3,50.05,29.06,150.15,121.09,0,On Time,Online,Current
7720,2024-09-20,14,8,1,3,62.57,9.36,187.71,178.35,0,On Time,Click & Collect,Current
7721,2024-02-07,455,37,2,3,141.5,1.89,424.5,422.61,0,On Time,Wholesale,Current
7722,2025-07-25,817,103,6,4,113.76,20.25,455.04,434.79,7,Late,Online,Current
7723,2024-01-31,761,39,5,3,128.17,27.32,384.51,357.19,7,Late,Online,Current
7724,2024-03-13,780,26,6,3,117.76,16.75,353.28,336.53,0,On Time,Online,Current
7725,2025-04-03,137,74,6,3,120.32,33.12,360.96,327.84,0,On Time,Online,Current
7726,2025-08-03,946,81,2,4,110.75,22.05,443.0,420.95,0,On Time,Online,Current
7727,2025-08-31,197,94,6,4,56.02,15.65,224.08,208.43,0,On Time,Online,Future
7728,2025-04-18,714,86,3,3,102.94,19.35,308.82,289.47,6,Late,Online,Current
7729,2025-07-25,456,44,3,3,107.15,17.23,321.45,304.22,0,On Time,Wholesale,Current
7730,2025-09-01,46,82,6,4,135.39,20.58,541.56,520.98,0,On Time,Online,Future
7731,2024-01-30,671,50,6,2,97.72,32.98,195.44,162.46,0,On Time,Online,Current
7732,2025-09-17,264,104,5,2,154.04,10.91,308.08,297.17,0,On Time,Online,Current
7733,2025-09-03,288,57,6,2,144.33,13.28,288.66,275.38,0,On Time,Online,Current
7734,2024-05-22,223,100,3,4,91.89,3.34,367.56,364.22,0,On Time,In-Store,Current
7735,2025-11-19,6,9,1,3,102.79,32.5,308.37,275.87,0,On Time,Online,Future
7736,2025-09-13,91,85,4,2,142.01,18.26,284.02,265.76,0,On Time,Wholesale,Future
7737,2024-11-27,717,2,6,2,200.36,13.34,400.72,387.38,7,Late,Online,Current
7738,2025-11-17,93,39,1,3,128.17,33.85,384.51,350.66,0,On Time,Click & Collect,Future
7739,2025-02-15,924,25,6,3,27.12,30.75,81.36,50.61,0,On Time,Click & Collect,Future
7740,2024-12-21,216,64,2,3,106.6,19.83,319.8,299.97,0,On Time,Wholesale,Future
7741,2024-05-31,331,28,6,3,154.21,34.45,462.63,428.18,0,On Time,Online,Future
7742,2025-01-28,90,92,6,2,46.38,29.97,92.76,62.79,0,On Time,Online,Future
7743,2024-05-31,862,74,1,2,120.32,34.48,240.64,206.16,0,On Time,Online,Future
7744,2024-08-03,356,37,6,4,141.5,2.09,566.0,563.91,0,On Time,Online,Future
7745,2024-10-26,316,98,2,2,192.94,22.62,385.88,363.26,0,On Time,Click & Collect,Current
7746,2024-08-23,908,56,2,3,166.72,2.78,500.16,497.38,0,On Time,Online,Current
7747,2024-12-10,624,71,6,3,135.62,32.66,406.86,374.2,4,Late,Online,Current
7748,2024-06-22,846,59,1,2,99.02,9.83,198.04,188.21,0,On Time,Online,Future
7749,2024-10-17,512,75,6,1,112.15,13.82,112.15,98.33,6,Late,Online,Current
7750,2024-02-16,241,102,6,4,68.71,34.84,274.84,240.0,0,On Time,Wholesale,Future
7751,2025-09-15,752,26,3,1,117.76,26.63,117.76,91.13,2,Late,Online,Future
7752,2025-02-21,472,62,6,3,180.58,24.93,541.74,516.81,0,On Time,In-Store,Future
7753,2025-08-07,660,111,4,2,139.05,18.73,278.1,259.37,5,Late,Click & Collect,Current
7754,2024-04-21,97,83,1,4,73.64,15.08,294.56,279.48,0,On Time,Online,Current
7755,2024-03-13,695,95,6,3,168.8,9.29,506.4,497.11,0,On Time,Online,Future
7756,2024-11-24,83,54,3,1,110.37,8.13,110.37,102.24,0,On Time,Wholesale,Current
7757,2024-09-18,218,74,6,2,120.32,31.05,240.64,209.59,0,On Time,Online,Future
7758,2024-07-03,289,62,4,2,180.58,22.37,361.16,338.79,0,On Time,Online,Future
7759,2024-12-13,244,46,6,2,117.41,21.67,234.82,213.15,0,On Time,Online,Current
7760,2024-12-25,591,68,4,3,76.01,18.9,228.03,209.13,5,Late,Online,Current
7761,2025-07-13,476,23,2,2,87.41,3.96,174.82,170.86,0,On Time,Online,Current
7762,2024-08-09,910,69,2,3,82.06,16.71,246.18,229.47,0,On Time,Click & Collect,Current
7763,2025-12-06,991,79,4,3,174.91,16.52,524.73,508.21,0,On Time,Click & Collect,Current
7764,2024-03-09,751,44,6,1,107.15,8.41,107.15,98.74,0,On Time,Online,Current
7765,2024-01-22,248,29,6,2,130.05,17.53,260.1,242.57,0,On Time,Online,Current
7766,2024-05-18,33,88,1,4,41.48,25.1,165.92,140.82,0,On Time,In-Store,Current
7767,2025-05-10,457,12,5,4,177.18,9.31,708.72,699.41,0,On Time,Online,Future
7768,2025-07-07,234,5,6,3,140.44,18.59,421.32,402.73,0,On Time,Online,Future
7769,2025-07-28,475,78,6,3,57.86,21.28,173.58,152.3,0,On Time,Online,Current
7770,2024-03-12,410,60,6,3,148.3,2.48,444.9,442.42,0,On Time,Online,Future
7771,2024-09-21,918,48,5,1,94.16,26.28,94.16,67.88,0,On Time,Wholesale,Future
7772,2024-10-25,357,82,2,4,135.39,14.59,541.56,526.97,0,On Time,Wholesale,Current
7773,2024-03-09,64,4,6,2,143.64,19.7,287.28,267.58,0,On Time,Online,Current
7774,2025-05-30,416,50,6,1,97.72,0.89,97.72,96.83,0,On Time,Online,Current
7775,2024-12-26,903,118,6,3,167.17,7.56,501.51,493.95,0,On Time,Click & Collect,Current
7776,2025-04-18,563,66,6,3,105.25,30.15,315.75,285.6,4,Late,Online,Current
7777,2025-01-08,992,1,1,2,125.71,4.03,251.42,247.39,0,On Time,Click & Collect,Future
7778,2025-06-07,450,33,6,1,219.29,11.56,219.29,207.73,0,On Time,Online,Current
7779,2024-12-15,759,54,6,3,110.37,26.21,331.11,304.9,0,On Time,Online,Current
7780,2025-03-08,823,42,6,3,65.4,20.94,196.2,175.26,0,On Time,Online,Current
7781,2024-08-16,424,74,1,3,120.32,4.52,360.96,356.44,0,On Time,Click & Collect,Current
7782,2024-07-25,877,118,3,1,167.17,17.3,167.17,149.87,0,On Time,Online,Current
7783,2025-05-01,664,99,2,3,170.64,27.61,511.92,484.31,0,On Time,Online,Future
7784,2024-04-19,334,120,2,1,47.37,21.19,47.37,26.18,0,On Time,Online,Current
7785,2025-02-01,977,45,3,3,29.58,10.9,88.74,77.84,0,On Time,Online,Current
7786,2024-07-23,347,48,6,1,94.16,4.81,94.16,89.35,0,On Time,Online,Future
7787,2024-03-18,486,88,6,2,41.48,11.78,82.96,71.18,0,On Time,Online,Future
7788,2024-04-01,814,110,6,1,159.94,16.01,159.94,143.93,0,On Time,Online,Current
7789,2025-06-05,326,20,1,4,93.73,12.19,374.92,362.73,0,On Time,Wholesale,Current
7790,2025-12-03,974,47,3,4,146.36,27.82,585.44,557.62,0,On Time,Wholesale,Current
7791,2024-09-30,749,86,5,3,102.94,31.86,308.82,276.96,0,On Time,In-Store,Current
7792,2024-11-16,549,88,2,2,41.48,16.38,82.96,66.58,0,On Time,Online,Future
7793,2025-01-17,356,44,2,3,107.15,13.67,321.45,307.78,0,On Time,Online,Future
7794,2024-02-22,255,70,4,1,117.81,6.6,117.81,111.21,0,On Time,In-Store,Current
7795,2025-12-09,881,73,6,2,20.46,7.75,40.92,33.17,4,Late,Online,Current
7796,2025-01-20,981,44,3,1,107.15,18.64,107.15,88.51,0,On Time,In-Store,Future
7797,2024-11-03,75,79,5,2,174.91,8.14,349.82,341.68,0,On Time,Click & Collect,Future
7798,2025-07-13,667,5,2,1,140.44,14.46,140.44,125.98,3,Late,Online,Current
7799,2024-04-18,136,48,2,4,94.16,13.75,376.64,362.89,0,On Time,Wholesale,Current
7800,2025-10-18,399,32,1,3,183.92,13.17,551.76,538.59,0,On Time,Wholesale,Current
7801,2025-06-08,658,78,1,2,57.86,19.11,115.72,96.61,3,Late,Online,Current
7802,2024-08-19,265,91,6,3,85.5,18.41,256.5,238.09,0,On Time,Online,Future
7803,2025-11-29,128,114,2,2,83.67,32.25,167.34,135.09,0,On Time,Online,Current
7804,2025-12-04,590,104,1,1,154.04,15.55,154.04,138.49,0,On Time,Click & Collect,Current
7805,2025-05-24,382,86,6,3,102.94,30.46,308.82,278.36,0,On Time,Online,Future
7806,2025-04-19,468,20,1,4,93.73,12.62,374.92,362.3,0,On Time,Wholesale,Future
7807,2024-09-20,980,14,6,3,85.15,14.52,255.45,240.93,0,On Time,Online,Future
7808,2025-08-15,460,75,2,1,112.15,28.42,112.15,83.73,0,On Time,Click & Collect,Future
7809,2025-01-01,548,78,3,3,57.86,0.39,173.58,173.19,0,On Time,Online,Current
7810,2025-08-10,751,92,1,4,46.38,26.8,185.52,158.72,0,On Time,In-Store,Future
7811,2024-02-09,106,78,2,1,57.86,24.85,57.86,33.01,0,On Time,Online,Current
7812,2025-10-11,34,65,6,2,71.32,0.76,142.64,141.88,0,On Time,Online,Current
7813,2025-09-02,605,18,2,4,53.11,33.17,212.44,179.27,0,On Time,Online,Future
7814,2025-05-30,596,114,1,3,83.67,24.04,251.01,226.97,0,On Time,Online,Current
7815,2025-10-25,286,43,4,4,129.42,18.89,517.68,498.79,0,On Time,Wholesale,Current
7816,2025-05-20,741,100,2,4,91.89,32.13,367.56,335.43,0,On Time,In-Store,Current
7817,2025-07-31,147,63,2,4,50.08,6.39,200.32,193.93,0,On Time,Online,Current
7818,2025-08-29,550,36,4,1,162.38,2.51,162.38,159.87,0,On Time,Click & Collect,Current
7819,2024-12-02,958,79,5,3,174.91,23.4,524.73,501.33,0,On Time,Wholesale,Current
7820,2025-08-30,773,67,6,1,214.61,28.54,214.61,186.07,7,Late,Online,Current
7821,2024-08-18,20,38,2,2,97.97,26.54,195.94,169.4,0,On Time,Click & Collect,Future
7822,2025-03-29,947,35,1,4,41.4,34.95,165.6,130.65,0,On Time,In-Store,Future
7823,2024-08-26,289,52,6,2,18.05,33.22,36.1,2.88,0,On Time,Online,Future
7824,2024-08-08,978,81,6,4,110.75,13.36,443.0,429.64,0,On Time,Online,Current
7825,2024-11-09,486,38,6,3,97.97,9.89,293.91,284.02,0,On Time,Click & Collect,Current
7826,2024-08-17,541,91,2,3,85.5,15.05,256.5,241.45,0,On Time,Online,Current
7827,2025-06-02,939,38,6,1,97.97,25.46,97.97,72.51,0,On Time,In-Store,Future
7828,2024-10-30,84,28,5,4,154.21,27.05,616.84,589.79,0,On Time,In-Store,Current
7829,2025-12-28,35,28,5,3,154.21,10.42,462.63,452.21,0,On Time,In-Store,Future
7830,2025-10-20,448,63,6,4,50.08,31.96,200.32,168.36,0,On Time,Online,Current
7831,2024-01-31,283,1,6,3,125.71,32.21,377.13,344.92,2,Late,Online,Current
7832,2024-05-21,84,114,6,3,83.67,33.59,251.01,217.42,7,Late,Online,Current
7833,2025-08-17,509,17,6,1,141.85,18.82,141.85,123.03,0,On Time,Online,Future
7834,2024-04-06,945,35,2,4,41.4,32.42,165.6,133.18,0,On Time,Wholesale,Future
7835,2024-11-27,97,68,1,3,76.01,26.42,228.03,201.61,0,On Time,Online,Current
7836,2024-07-06,968,104,1,4,154.04,33.09,616.16,583.07,0,On Time,Online,Current
7837,2024-02-15,227,77,4,2,132.93,18.52,265.86,247.34,4,Late,In-Store,Current
7838,2024-04-19,75,12,3,2,177.18,11.2,354.36,343.16,0,On Time,Wholesale,Future
7839,2025-02-26,58,49,1,2,134.92,10.06,269.84,259.78,0,On Time,Online,Future
7840,2025-02-10,634,85,1,2,142.01,1.63,284.02,282.39,3,Late,Online,Current
7841,2024-09-17,19,80,1,4,119.07,12.1,476.28,464.18,7,Late,In-Store,Current
7842,2024-06-02,289,2,6,3,200.36,3.42,601.08,597.66,0,On Time,Online,Future
7843,2024-06-09,216,30,4,4,33.3,9.39,133.2,123.81,0,On Time,Online,Current
7844,2024-11-30,547,80,2,2,119.07,27.62,238.14,210.52,0,On Time,Online,Future
7845,2024-04-29,822,103,5,1,113.76,34.21,113.76,79.55,2,Late,Online,Current
7846,2025-10-26,385,56,2,2,166.72,2.85,333.44,330.59,0,On Time,Online,Current
7847,2024-03-28,937,99,6,1,170.64,0.17,170.64,170.47,1,Late,In-Store,Current
7848,2025-06-20,29,88,1,1,41.48,23.47,41.48,18.01,0,On Time,Online,Future
7849,2025-04-18,463,19,3,4,118.63,21.92,474.52,452.6,4,Late,Wholesale,Current
7850,2025-11-02,747,6,6,4,127.67,6.74,510.68,503.94,0,On Time,Online,Future
7851,2024-07-24,571,100,4,2,91.89,29.9,183.78,153.88,0,On Time,Online,Current
7852,2025-12-13,346,42,6,3,65.4,6.98,196.2,189.22,0,On Time,Online,Future
7853,2024-04-22,527,75,6,2,112.15,16.38,224.3,207.92,0,On Time,Online,Current
7854,2025-06-05,253,114,6,3,83.67,19.8,251.01,231.21,0,On Time,Online,Current
7855,2025-03-29,780,30,6,1,33.3,26.81,33.3,6.49,0,On Time,Online,Current
7856,2024-09-13,635,120,6,3,47.37,6.32,142.11,135.79,0,On Time,Online,Future
7857,2024-12-03,521,72,6,2,141.82,9.26,283.64,274.38,3,Late,Online,Current
7858,2024-04-26,223,112,6,1,167.65,11.82,167.65,155.83,0,On Time,Online,Future
7859,2024-02-15,614,33,4,2,219.29,2.68,438.58,435.9,0,On Time,Online,Future
7860,2024-10-31,158,60,6,2,148.3,22.8,296.6,273.8,6,Late,Online,Current
7861,2024-05-08,122,10,3,4,78.41,3.71,313.64,309.93,0,On Time,Online,Future
7862,2025-01-10,91,4,3,1,143.64,10.14,143.64,133.5,0,On Time,Click & Collect,Current
7863,2025-09-19,81,111,6,1,139.05,26.82,139.05,112.23,0,On Time,Online,Future
7864,2025-04-01,379,65,2,1,71.32,9.08,71.32,62.24,1,Late,Online,Future
7865,2024-04-07,80,101,1,2,123.75,5.8,247.5,241.7,3,Late,Online,Current
7866,2025-03-10,597,34,2,4,116.01,23.57,464.04,440.47,0,On Time,Online,Future
7867,2025-05-09,4,112,6,2,167.65,2.66,335.3,332.64,6,Late,Online,Current
7868,2024-12-29,929,23,6,4,87.41,19.0,349.64,330.64,0,On Time,Online,Current
7869,2025-06-06,202,34,3,2,116.01,17.08,232.02,214.94,0,On Time,Online,Current
7870,2024-08-26,702,1,4,4,125.71,4.97,502.84,497.87,0,On Time,Wholesale,Future
7871,2025-01-14,304,66,1,2,105.25,34.91,210.5,175.59,3,Late,In-Store,Current
7872,2024-10-29,526,110,4,3,159.94,19.34,479.82,460.48,7,Late,Click & Collect,Current
7873,2024-01-23,816,77,6,3,132.93,12.14,398.79,386.65,1,Late,Online,Future
7874,2024-01-12,151,14,6,3,85.15,15.23,255.45,240.22,0,On Time,Online,Future
7875,2025-05-02,533,2,4,3,200.36,27.3,601.08,573.78,0,On Time,Click & Collect,Current
7876,2025-09-26,175,98,6,3,192.94,11.04,578.82,567.78,0,On Time,Online,Current
7877,2025-11-05,964,104,6,2,154.04,21.77,308.08,286.31,0,On Time,Online,Future
7878,2025-05-14,278,79,2,2,174.91,27.67,349.82,322.15,0,On Time,In-Store,Current
7879,2025-05-12,271,53,3,3,103.59,4.92,310.77,305.85,0,On Time,Online,Future
7880,2024-12-22,81,85,6,2,142.01,23.56,284.02,260.46,0,On Time,Online,Current
7881,2024-11-16,51,11,3,2,40.32,34.08,80.64,46.56,0,On Time,In-Store,Current
7882,2024-03-03,840,25,6,1,27.12,18.26,27.12,8.86,2,Late,Online,Current
7883,2025-01-14,301,49,5,3,134.92,7.65,404.76,397.11,0,On Time,Online,Current
7884,2025-06-15,658,92,2,1,46.38,30.66,46.38,15.72,1,Late,Wholesale,Current
7885,2025-07-25,332,8,3,1,62.57,17.43,62.57,45.14,0,On Time,Online,Current
7886,2024-11-10,686,58,2,1,118.61,30.01,118.61,88.6,0,On Time,Wholesale,Current
7887,2024-09-04,771,69,2,2,82.06,21.75,164.12,142.37,0,On Time,Online,Current
7888,2025-11-11,794,58,6,2,118.61,18.26,237.22,218.96,0,On Time,Online,Current
7889,2024-05-21,9,108,2,1,50.05,4.58,50.05,45.47,0,On Time,Online,Future
7890,2024-10-09,543,96,1,2,44.65,15.97,89.3,73.33,0,On Time,Online,Current
7891,2024-03-25,409,47,1,3,146.36,1.3,439.08,437.78,0,On Time,Online,Current
7892,2024-04-02,737,101,1,2,123.75,28.19,247.5,219.31,3,Late,Online,Current
7893,2025-02-18,705,19,4,1,118.63,15.28,118.63,103.35,0,On Time,Online,Future
7894,2024-01-26,666,59,2,3,99.02,2.38,297.06,294.68,5,Late,Online,Current
7895,2024-02-06,826,56,6,2,166.72,11.99,333.44,321.45,0,On Time,Online,Current
7896,2024-06-04,796,46,5,2,117.41,12.77,234.82,222.05,0,On Time,In-Store,Current
7897,2025-02-01,387,88,5,1,41.48,15.18,41.48,26.3,0,On Time,Online,Current
7898,2024-06-24,526,111,2,2,139.05,7.9,278.1,270.2,0,On Time,In-Store,Current
7899,2025-11-10,663,45,1,3,29.58,13.61,88.74,75.13,0,On Time,Online,Current
7900,2024-12-24,303,73,6,3,20.46,13.88,61.38,47.5,0,On Time,Online,Current
7901,2024-05-10,16,20,6,4,93.73,29.94,374.92,344.98,4,Late,Online,Current
7902,2024-09-27,133,98,6,3,192.94,21.7,578.82,557.12,1,Late,Online,Current
7903,2025-08-05,604,59,4,4,99.02,29.32,396.08,366.76,7,Late,In-Store,Current
7904,2024-04-25,357,109,5,2,65.96,1.45,131.92,130.47,0,On Time,Click & Collect,Current
7905,2024-12-26,460,20,4,1,93.73,20.88,93.73,72.85,0,On Time,Online,Current
7906,2025-04-15,438,81,1,1,110.75,16.44,110.75,94.31,0,On Time,In-Store,Current
7907,2024-06-03,845,13,6,4,109.25,29.74,437.0,407.26,3,Late,Online,Current
7908,2024-03-11,576,86,6,2,102.94,25.36,205.88,180.52,0,On Time,Online,Current
7909,2025-01-13,700,54,2,4,110.37,27.85,441.48,413.63,0,On Time,Click & Collect,Future
7910,2024-05-30,970,69,6,1,82.06,18.61,82.06,63.45,0,On Time,Online,Current
7911,2024-01-05,612,93,6,1,119.71,10.69,119.71,109.02,0,On Time,Online,Current
7912,2025-10-24,865,40,6,3,35.44,14.05,106.32,92.27,3,Late,Click & Collect,Current
7913,2024-05-04,364,84,6,2,108.1,9.57,216.2,206.63,0,On Time,Online,Current
7914,2025-05-06,519,107,6,1,49.65,31.15,49.65,18.5,0,On Time,Online,Future
7915,2025-04-25,875,48,4,3,94.16,1.06,282.48,281.42,2,Late,Online,Current
7916,2025-07-02,781,98,6,2,192.94,10.49,385.88,375.39,0,On Time,Online,Current
7917,2025-02-10,508,32,6,3,183.92,2.78,551.76,548.98,0,On Time,Online,Current
7918,2024-04-29,42,75,1,2,112.15,20.11,224.3,204.19,0,On Time,Wholesale,Future
7919,2025-03-07,337,32,6,2,183.92,30.1,367.84,337.74,4,Late,Online,Current
7920,2025-03-02,963,115,6,2,131.17,20.43,262.34,241.91,0,On Time,Online,Future
7921,2024-04-15,619,52,6,1,18.05,28.12,18.05,-10.07,0,On Time,Online,Current
7922,2025-08-18,138,105,2,2,45.95,13.93,91.9,77.97,0,On Time,Online,Current
7923,2025-05-26,28,83,2,3,73.64,22.42,220.92,198.5,0,On Time,Wholesale,Current
7924,2024-11-05,438,114,3,1,83.67,27.79,83.67,55.88,0,On Time,Wholesale,Current
7925,2025-06-19,390,46,6,4,117.41,15.78,469.64,453.86,0,On Time,Online,Current
7926,2025-12-26,230,22,1,3,118.48,6.58,355.44,348.86,0,On Time,Wholesale,Current
7927,2024-11-14,170,35,2,3,41.4,2.01,124.2,122.19,0,On Time,Wholesale,Future
7928,2025-12-15,77,107,1,1,49.65,15.87,49.65,33.78,0,On Time,Wholesale,Future
7929,2024-10-02,860,4,1,3,143.64,34.07,430.92,396.85,0,On Time,Online,Future
7930,2025-02-14,119,82,3,2,135.39,22.28,270.78,248.5,0,On Time,Wholesale,Current
7931,2024-06-22,863,93,2,3,119.71,22.21,359.13,336.92,0,On Time,Online,Current
7932,2024-11-10,387,25,6,1,27.12,21.21,27.12,5.91,0,On Time,Online,Future
7933,2024-06-28,386,53,2,4,103.59,30.91,414.36,383.45,0,On Time,Wholesale,Future
7934,2024-01-20,564,19,6,3,118.63,18.05,355.89,337.84,0,On Time,Online,Current
7935,2025-11-19,876,29,1,2,130.05,3.68,260.1,256.42,0,On Time,In-Store,Current
7936,2024-04-05,447,91,6,1,85.5,4.81,85.5,80.69,0,On Time,Online,Current
7937,2025-11-16,198,63,6,2,50.08,1.53,100.16,98.63,0,On Time,Online,Current
7938,2024-05-25,696,34,6,2,116.01,4.74,232.02,227.28,0,On Time,Online,Current
7939,2025-12-05,384,91,6,1,85.5,17.06,85.5,68.44,0,On Time,Online,Current
7940,2024-03-20,415,107,4,1,49.65,22.14,49.65,27.51,1,Late,Online,Current
7941,2024-08-11,94,69,6,2,82.06,22.46,164.12,141.66,0,On Time,Online,Future
7942,2024-05-14,933,73,2,3,20.46,24.18,61.38,37.2,0,On Time,Click & Collect,Current
7943,2025-04-18,663,75,2,3,112.15,34.44,336.45,302.01,0,On Time,Online,Current
7944,2024-03-19,374,38,6,2,97.97,32.09,195.94,163.85,0,On Time,Online,Future
7945,2024-09-26,387,82,1,4,135.39,27.4,541.56,514.16,0,On Time,Online,Current
7946,2025-08-14,71,82,1,2,135.39,15.23,270.78,255.55,0,On Time,Online,Future
7947,2025-12-22,142,102,4,2,68.71,16.6,137.42,120.82,0,On Time,Online,Future
7948,2024-04-15,402,8,5,4,62.57,21.94,250.28,228.34,0,On Time,Online,Current
7949,2025-06-29,558,96,1,2,44.65,30.15,89.3,59.15,1,Late,In-Store,Future
7950,2025-02-02,277,5,3,3,140.44,30.1,421.32,391.22,0,On Time,Online,Future
7951,2024-01-21,168,29,2,1,130.05,22.75,130.05,107.3,5,Late,Wholesale,Current
7952,2025-08-27,85,19,6,1,118.63,17.91,118.63,100.72,2,Late,Online,Future
7953,2025-03-26,113,36,4,2,162.38,20.23,324.76,304.53,0,On Time,Click & Collect,Future
7954,2025-04-09,30,77,6,1,132.93,12.47,132.93,120.46,0,On Time,Online,Current
7955,2025-06-06,583,109,2,2,65.96,20.2,131.92,111.72,0,On Time,Online,Current
7956,2025-07-20,7,69,2,3,82.06,9.15,246.18,237.03,0,On Time,Wholesale,Future
7957,2024-08-19,260,60,6,1,148.3,18.62,148.3,129.68,0,On Time,Online,Future
7958,2024-11-21,6,93,2,1,119.71,30.15,119.71,89.56,7,Late,Online,Current
7959,2025-12-27,552,37,6,3,141.5,2.42,424.5,422.08,0,On Time,Online,Future
7960,2024-08-22,19,3,6,2,182.39,2.35,364.78,362.43,0,On Time,Online,Future
7961,2024-02-12,922,103,6,3,113.76,19.84,341.28,321.44,0,On Time,Online,Current
7962,2024-03-09,761,107,4,3,49.65,1.69,148.95,147.26,0,On Time,Online,Current
7963,2024-08-27,857,93,2,1,119.71,16.6,119.71,103.11,0,On Time,Online,Current
7964,2024-01-14,790,101,6,2,123.75,16.09,247.5,231.41,0,On Time,Online,Future
7965,2024-10-11,509,49,2,3,134.92,26.75,404.76,378.01,0,On Time,Online,Future
7966,2024-07-14,585,67,3,2,214.61,22.95,429.22,406.27,0,On Time,Click & Collect,Future
7967,2025-03-08,769,54,4,2,110.37,26.24,220.74,194.5,0,On Time,Online,Future
7968,2025-08-25,269,22,6,2,118.48,2.49,236.96,234.47,0,On Time,Online,Current
7969,2024-06-11,343,100,4,4,91.89,26.63,367.56,340.93,0,On Time,Online,Current
7970,2025-05-11,876,11,6,1,40.32,30.2,40.32,10.12,2,Late,Online,Current
7971,2024-04-09,507,65,6,3,71.32,28.97,213.96,184.99,0,On Time,Online,Current
7972,2025-08-09,174,119,6,3,21.52,25.31,64.56,39.25,0,On Time,Online,Current
7973,2025-07-30,89,101,6,3,123.75,23.89,371.25,347.36,0,On Time,Online,Future
7974,2024-03-20,667,41,1,1,110.65,26.05,110.65,84.6,0,On Time,Online,Future
7975,2025-06-18,856,97,6,1,54.01,21.46,54.01,32.55,0,On Time,In-Store,Current
7976,2025-05-15,500,40,6,3,35.44,17.63,106.32,88.69,0,On Time,Click & Collect,Current
7977,2024-02-21,618,89,6,4,144.37,20.04,577.48,557.44,0,On Time,Online,Future
7978,2025-12-20,531,85,6,1,142.01,6.51,142.01,135.5,0,On Time,Online,Future
7979,2025-11-30,432,114,4,3,83.67,27.22,251.01,223.79,0,On Time,Online,Current
7980,2024-08-31,208,92,5,4,46.38,7.44,185.52,178.08,0,On Time,Wholesale,Future
7981,2024-09-08,167,38,3,1,97.97,3.85,97.97,94.12,0,On Time,In-Store,Current
7982,2025-06-12,294,76,3,3,128.17,27.91,384.51,356.6,0,On Time,Online,Future
7983,2025-10-10,788,5,3,1,140.44,26.69,140.44,113.75,0,On Time,In-Store,Future
7984,2025-01-22,40,59,6,1,99.02,21.98,99.02,77.04,3,Late,Online,Current
7985,2024-11-23,429,71,6,3,135.62,28.76,406.86,378.1,2,Late,Online,Current
7986,2024-04-24,828,52,6,1,18.05,22.85,18.05,-4.8,0,On Time,Online,Future
7987,2025-01-11,858,73,4,3,20.46,13.28,61.38,48.1,0,On Time,Online,Future
7988,2025-04-28,608,13,2,2,109.25,5.12,218.5,213.38,0,On Time,Online,Future
7989,2025-05-25,126,102,3,2,68.71,25.53,137.42,111.89,0,On Time,Online,Current
7990,2024-11-29,281,79,6,2,174.91,19.19,349.82,330.63,0,On Time,Online,Future
7991,2025-07-22,822,68,6,3,76.01,32.15,228.03,195.88,6,Late,Online,Current
7992,2024-10-12,965,75,6,2,112.15,27.43,224.3,196.87,5,Late,Online,Current
7993,2025-04-11,510,9,2,3,102.79,25.72,308.37,282.65,0,On Time,Wholesale,Future
7994,2025-07-27,835,72,2,2,141.82,19.22,283.64,264.42,0,On Time,Wholesale,Future
7995,2024-12-22,590,38,6,3,97.97,16.72,293.91,277.19,1,Late,In-Store,Future
7996,2025-01-16,359,77,6,1,132.93,3.91,132.93,129.02,0,On Time,In-Store,Current
7997,2024-11-01,18,43,2,1,129.42,33.3,129.42,96.12,0,On Time,In-Store,Future
7998,2024-05-31,356,58,6,3,118.61,30.96,355.83,324.87,6,Late,Online,Current
7999,2025-07-25,892,103,2,2,113.76,18.62,227.52,208.9,0,On Time,Click & Collect,Current
8000,2025-09-22,151,5,4,3,140.44,30.79,421.32,390.53,1,Late,In-Store,Future
8001,2024-08-10,714,6,4,3,127.67,7.54,383.01,375.47,0,On Time,Online,Current
8002,2024-10-10,651,70,6,2,117.81,11.32,235.62,224.3,0,On Time,Online,Current
8003,2024-08-11,378,29,6,1,130.05,1.14,130.05,128.91,0,On Time,Online,Current
8004,2025-01-03,115,7,6,4,172.34,31.23,689.36,658.13,2,Late,Online,Future
8005,2024-07-08,758,55,2,1,80.85,16.95,80.85,63.9,0,On Time,In-Store,Future
8006,2025-01-06,973,35,3,4,41.4,23.26,165.6,142.34,0,On Time,Wholesale,Current
8007,2024-11-04,43,95,6,2,168.8,21.19,337.6,316.41,0,On Time,Online,Current
8008,2025-05-13,7,71,1,4,135.62,16.59,542.48,525.89,0,On Time,Wholesale,Current
8009,2024-03-21,874,42,6,2,65.4,20.78,130.8,110.02,0,On Time,Online,Future
8010,2024-11-02,974,46,2,3,117.41,2.29,352.23,349.94,0,On Time,Online,Current
8011,2024-04-16,984,31,6,2,64.76,14.08,129.52,115.44,0,On Time,Online,Current
8012,2024-07-10,9,11,6,3,40.32,2.28,120.96,118.68,0,On Time,In-Store,Current
8013,2025-10-10,916,17,1,1,141.85,16.44,141.85,125.41,0,On Time,Wholesale,Current
8014,2025-02-07,401,85,1,2,142.01,15.67,284.02,268.35,0,On Time,Online,Current
8015,2024-07-03,470,33,1,1,219.29,31.01,219.29,188.28,4,Late,Online,Current
8016,2024-02-23,783,106,3,2,28.51,15.74,57.02,41.28,0,On Time,Wholesale,Current
8017,2024-12-14,369,28,5,1,154.21,2.34,154.21,151.87,0,On Time,Wholesale,Current
8018,2025-08-13,138,120,2,2,47.37,13.02,94.74,81.72,0,On Time,Online,Future
8019,2025-06-27,675,120,1,1,47.37,16.12,47.37,31.25,0,On Time,Wholesale,Future
8020,2025-06-08,935,1,6,1,125.71,21.19,125.71,104.52,0,On Time,Online,Future
8021,2025-05-30,377,11,1,1,40.32,0.44,40.32,39.88,4,Late,Wholesale,Current
8022,2024-10-01,772,79,5,1,174.91,13.94,174.91,160.97,0,On Time,In-Store,Future
8023,2024-02-03,437,100,3,2,91.89,10.02,183.78,173.76,0,On Time,Click & Collect,Current
8024,2024-09-17,744,12,3,3,177.18,21.55,531.54,509.99,0,On Time,Wholesale,Current
8025,2025-02-02,366,66,6,1,105.25,16.5,105.25,88.75,0,On Time,Click & Collect,Current
8026,2024-05-07,77,21,1,1,44.65,29.27,44.65,15.38,0,On Time,Online,Current
8027,2025-07-20,28,104,3,2,154.04,27.05,308.08,281.03,0,On Time,Click & Collect,Current
8028,2025-05-22,823,48,5,2,94.16,23.6,188.32,164.72,0,On Time,Online,Future
8029,2024-09-11,605,80,1,3,119.07,32.11,357.21,325.1,5,Late,Click & Collect,Current
8030,2024-06-25,925,17,6,3,141.85,31.15,425.55,394.4,0,On Time,In-Store,Current
8031,2025-06-14,459,73,6,1,20.46,8.59,20.46,11.87,0,On Time,Online,Future
8032,2025-10-06,948,94,6,3,56.02,19.06,168.06,149.0,0,On Time,Online,Future
8033,2024-04-01,992,4,4,1,143.64,10.96,143.64,132.68,0,On Time,Click & Collect,Current
8034,2025-09-06,633,55,2,2,80.85,25.4,161.7,136.3,0,On Time,In-Store,Future
8035,2025-11-22,555,110,4,2,159.94,10.46,319.88,309.42,0,On Time,Wholesale,Current
8036,2024-04-02,680,37,5,1,141.5,29.12,141.5,112.38,0,On Time,Online,Current
8037,2024-11-28,241,63,5,3,50.08,5.53,150.24,144.71,0,On Time,Online,Current
8038,2025-11-22,76,20,6,1,93.73,30.18,93.73,63.55,0,On Time,Online,Future
8039,2024-10-11,548,103,6,4,113.76,29.7,455.04,425.34,0,On Time,Online,Future
8040,2024-09-18,209,48,1,1,94.16,29.02,94.16,65.14,0,On Time,Online,Future
8041,2024-07-18,466,119,6,2,21.52,12.11,43.04,30.93,0,On Time,Online,Future
8042,2024-09-03,906,28,6,1,154.21,15.73,154.21,138.48,0,On Time,Online,Future
8043,2025-07-12,744,118,6,3,167.17,29.81,501.51,471.7,0,On Time,Online,Future
8044,2025-07-09,825,118,1,2,167.17,24.11,334.34,310.23,0,On Time,Wholesale,Future
8045,2024-01-04,320,112,1,4,167.65,23.59,670.6,647.01,1,Late,Online,Current
8046,2024-01-06,516,69,5,2,82.06,24.8,164.12,139.32,1,Late,Online,Current
8047,2024-06-15,162,101,2,2,123.75,15.2,247.5,232.3,0,On Time,Wholesale,Current
8048,2024-12-28,20,51,1,2,110.62,14.84,221.24,206.4,2,Late,Online,Current
8049,2024-04-18,463,50,6,3,97.72,12.22,293.16,280.94,0,On Time,Online,Future
8050,2025-08-25,356,23,2,4,87.41,9.09,349.64,340.55,0,On Time,Online,Current
8051,2024-01-24,613,38,6,3,97.97,20.72,293.91,273.19,1,Late,In-Store,Current
8052,2025-03-13,974,66,4,2,105.25,16.38,210.5,194.12,0,On Time,Online,Future
8053,2024-07-21,763,50,6,1,97.72,31.57,97.72,66.15,0,On Time,Online,Future
8054,2024-02-16,664,120,6,1,47.37,29.74,47.37,17.63,0,On Time,Wholesale,Current
8055,2025-01-27,617,37,1,2,141.5,3.08,283.0,279.92,3,Late,Online,Current
8056,2024-01-12,362,65,4,2,71.32,2.28,142.64,140.36,5,Late,In-Store,Current
8057,2024-04-17,90,86,3,4,102.94,27.98,411.76,383.78,1,Late,Click & Collect,Current
8058,2025-04-05,400,95,3,3,168.8,9.42,506.4,496.98,0,On Time,Online,Future
8059,2024-02-12,512,54,6,1,110.37,32.59,110.37,77.78,0,On Time,Online,Current
8060,2025-11-28,338,110,2,1,159.94,16.99,159.94,142.95,0,On Time,Wholesale,Current
8061,2024-03-19,802,35,6,1,41.4,16.54,41.4,24.86,0,On Time,Online,Future
8062,2025-11-04,515,13,6,1,109.25,31.86,109.25,77.39,0,On Time,Online,Current
8063,2025-04-07,259,68,2,1,76.01,27.86,76.01,48.15,0,On Time,Online,Current
8064,2024-01-05,9,108,6,4,50.05,9.22,200.2,190.98,0,On Time,Click & Collect,Current
8065,2025-06-14,17,73,2,2,20.46,14.05,40.92,26.87,0,On Time,Click & Collect,Current
8066,2024-05-18,110,67,6,1,214.61,9.87,214.61,204.74,0,On Time,Online,Current
8067,2024-01-04,668,120,1,4,47.37,7.57,189.48,181.91,0,On Time,Wholesale,Current
8068,2025-03-09,225,19,5,1,118.63,0.41,118.63,118.22,4,Late,Wholesale,Current
8069,2024-04-16,813,57,6,2,144.33,18.54,288.66,270.12,0,On Time,In-Store,Future
8070,2024-05-10,896,16,6,1,103.76,21.99,103.76,81.77,0,On Time,Online,Current
8071,2025-07-18,602,28,6,2,154.21,9.88,308.42,298.54,0,On Time,Online,Current
8072,2025-10-17,773,80,6,2,119.07,12.07,238.14,226.07,0,On Time,Click & Collect,Future
8073,2025-09-12,540,33,6,4,219.29,29.14,877.16,848.02,0,On Time,Online,Current
8074,2025-12-15,462,72,5,3,141.82,3.59,425.46,421.87,2,Late,In-Store,Current
8075,2025-06-27,221,17,1,3,141.85,16.54,425.55,409.01,0,On Time,Online,Current
8076,2025-04-29,296,62,6,4,180.58,16.62,722.32,705.7,5,Late,Wholesale,Current
8077,2024-03-14,195,72,5,1,141.82,21.52,141.82,120.3,0,On Time,Online,Future
8078,2024-10-28,946,117,3,2,131.87,26.02,263.74,237.72,0,On Time,Wholesale,Current
8079,2024-02-09,453,73,6,2,20.46,6.34,40.92,34.58,0,On Time,Online,Current
8080,2025-12-18,254,5,1,4,140.44,8.97,561.76,552.79,1,Late,Wholesale,Future
8081,2025-04-23,425,6,3,1,127.67,27.56,127.67,100.11,0,On Time,In-Store,Current
8082,2025-09-15,83,69,5,3,82.06,22.74,246.18,223.44,0,On Time,Wholesale,Future
8083,2024-05-17,673,90,1,1,82.64,31.13,82.64,51.51,0,On Time,Online,Future
8084,2024-10-14,441,12,4,4,177.18,29.23,708.72,679.49,3,Late,Online,Current
8085,2025-06-29,144,95,2,3,168.8,8.87,506.4,497.53,1,Late,Wholesale,Current
8086,2024-06-13,456,16,3,3,103.76,25.91,311.28,285.37,0,On Time,Wholesale,Current
8087,2025-04-29,794,71,6,2,135.62,22.61,271.24,248.63,0,On Time,Online,Future
8088,2025-08-05,4,106,6,1,28.51,15.82,28.51,12.69,0,On Time,Online,Current
8089,2024-06-23,570,110,2,2,159.94,24.87,319.88,295.01,0,On Time,In-Store,Current
8090,2024-10-04,754,51,6,2,110.62,17.71,221.24,203.53,0,On Time,Online,Current
8091,2024-05-09,163,118,1,3,167.17,6.85,501.51,494.66,0,On Time,In-Store,Current
8092,2024-12-23,836,50,6,3,97.72,8.88,293.16,284.28,0,On Time,Online,Future
8093,2024-01-24,409,58,5,1,118.61,16.3,118.61,102.31,0,On Time,Online,Future
8094,2025-02-10,894,2,2,4,200.36,29.34,801.44,772.1,0,On Time,Wholesale,Current
8095,2024-11-05,335,5,6,4,140.44,17.64,561.76,544.12,0,On Time,Online,Current
8096,2024-04-02,995,108,6,4,50.05,6.92,200.2,193.28,5,Late,Online,Current
8097,2025-11-18,337,18,6,1,53.11,32.94,53.11,20.17,0,On Time,Online,Future
8098,2024-06-05,523,80,1,4,119.07,12.86,476.28,463.42,0,On Time,Online,Current
8099,2025-12-04,452,11,2,3,40.32,20.33,120.96,100.63,0,On Time,Online,Future
8100,2024-08-03,730,3,1,4,182.39,32.6,729.56,696.96,0,On Time,Online,Future
8101,2025-06-13,408,117,6,2,131.87,34.26,263.74,229.48,0,On Time,Online,Future
8102,2025-06-25,515,42,3,1,65.4,2.23,65.4,63.17,0,On Time,Online,Current
8103,2025-05-16,104,6,3,2,127.67,11.76,255.34,243.58,0,On Time,Online,Future
8104,2024-03-16,880,66,1,2,105.25,32.44,210.5,178.06,0,On Time,Click & Collect,Future
8105,2024-09-23,282,73,3,4,20.46,11.64,81.84,70.2,0,On Time,Click & Collect,Current
8106,2024-08-09,102,11,1,1,40.32,7.71,40.32,32.61,0,On Time,Click & Collect,Future
8107,2024-03-02,533,59,2,3,99.02,33.26,297.06,263.8,0,On Time,Online,Future
8108,2024-09-02,194,22,6,2,118.48,11.34,236.96,225.62,1,Late,Online,Current
8109,2025-03-14,175,70,3,4,117.81,14.69,471.24,456.55,0,On Time,Online,Current
8110,2024-06-19,671,114,4,4,83.67,3.33,334.68,331.35,0,On Time,Online,Current
8111,2024-04-23,499,96,6,2,44.65,15.95,89.3,73.35,0,On Time,Online,Future
8112,2024-04-23,676,70,3,4,117.81,7.0,471.24,464.24,0,On Time,Online,Future
8113,2025-10-05,462,32,3,1,183.92,34.12,183.92,149.8,4,Late,In-Store,Current
8114,2024-04-18,122,61,6,1,82.33,32.24,82.33,50.09,3,Late,Online,Current
8115,2025-04-04,982,116,6,2,159.24,32.93,318.48,285.55,3,Late,Online,Current
8116,2025-02-27,231,54,2,2,110.37,33.85,220.74,186.89,0,On Time,Online,Current
8117,2024-01-02,766,63,4,4,50.08,12.42,200.32,187.9,0,On Time,Click & Collect,Future
8118,2024-04-28,772,25,1,1,27.12,21.45,27.12,5.67,0,On Time,Online,Current
8119,2025-06-08,421,49,1,1,134.92,11.61,134.92,123.31,6,Late,Online,Current
8120,2025-01-24,338,120,2,2,47.37,8.36,94.74,86.38,0,On Time,Online,Future
8121,2024-02-17,726,41,6,1,110.65,25.47,110.65,85.18,0,On Time,Online,Future
8122,2025-11-18,828,113,6,1,120.7,33.24,120.7,87.46,0,On Time,Online,Current
8123,2025-08-14,330,29,6,1,130.05,24.6,130.05,105.45,0,On Time,Online,Future
8124,2025-11-08,229,56,6,4,166.72,17.78,666.88,649.1,0,On Time,In-Store,Current
8125,2024-03-18,994,41,2,3,110.65,15.37,331.95,316.58,0,On Time,Click & Collect,Current
8126,2025-10-18,8,120,5,4,47.37,12.59,189.48,176.89,0,On Time,Online,Future
8127,2025-12-26,520,50,6,1,97.72,24.14,97.72,73.58,0,On Time,Online,Future
8128,2024-03-22,417,90,2,2,82.64,9.41,165.28,155.87,0,On Time,Wholesale,Current
8129,2025-11-15,75,38,6,2,97.97,11.27,195.94,184.67,0,On Time,Online,Current
8130,2024-05-19,162,25,6,1,27.12,2.63,27.12,24.49,0,On Time,Online,Current
8131,2024-09-14,594,45,1,1,29.58,34.71,29.58,-5.13,0,On Time,Click & Collect,Current
8132,2025-06-16,537,35,1,3,41.4,19.76,124.2,104.44,0,On Time,In-Store,Current
8133,2024-07-18,816,78,6,4,57.86,32.42,231.44,199.02,0,On Time,Online,Future
8134,2024-03-30,136,92,3,4,46.38,21.63,185.52,163.89,0,On Time,Online,Current
8135,2025-10-11,518,83,5,4,73.64,18.05,294.56,276.51,3,Late,Online,Current
8136,2025-08-15,968,22,1,3,118.48,14.97,355.44,340.47,3,Late,Online,Current
8137,2024-01-14,349,29,6,4,130.05,1.61,520.2,518.59,3,Late,Online,Current
8138,2025-03-21,883,52,6,4,18.05,15.08,72.2,57.12,2,Late,Online,Current
8139,2024-11-16,452,110,6,1,159.94,14.07,159.94,145.87,0,On Time,Online,Current
8140,2025-05-21,330,47,6,3,146.36,34.01,439.08,405.07,0,On Time,Online,Current
8141,2025-03-13,154,28,5,4,154.21,29.49,616.84,587.35,0,On Time,Online,Current
8142,2024-02-18,344,59,6,3,99.02,3.49,297.06,293.57,0,On Time,Online,Current
8143,2025-09-25,834,10,2,1,78.41,20.61,78.41,57.8,5,Late,Online,Current
8144,2025-10-11,532,1,1,2,125.71,21.01,251.42,230.41,0,On Time,Online,Current
8145,2024-09-03,359,58,3,2,118.61,8.86,237.22,228.36,0,On Time,Wholesale,Current
8146,2024-06-19,240,105,3,2,45.95,9.89,91.9,82.01,0,On Time,Online,Current
8147,2024-06-25,602,1,3,1,125.71,28.22,125.71,97.49,0,On Time,Click & Collect,Current
8148,2025-03-16,446,78,1,4,57.86,19.5,231.44,211.94,0,On Time,Online,Current
8149,2024-08-11,749,105,1,1,45.95,6.76,45.95,39.19,0,On Time,Online,Future
8150,2025-04-24,637,34,1,2,116.01,16.84,232.02,215.18,4,Late,Online,Current
8151,2025-12-09,153,37,2,3,141.5,11.71,424.5,412.79,3,Late,Click & Collect,Current
8152,2024-12-05,804,69,6,1,82.06,24.19,82.06,57.87,0,On Time,Online,Current
8153,2025-06-01,823,94,1,3,56.02,1.47,168.06,166.59,0,On Time,Online,Future
8154,2024-07-14,397,100,6,1,91.89,11.63,91.89,80.26,0,On Time,Online,Future
8155,2025-06-14,762,18,6,2,53.11,30.44,106.22,75.78,0,On Time,Online,Future
8156,2025-02-17,167,74,1,3,120.32,32.86,360.96,328.1,0,On Time,In-Store,Future
8157,2025-10-01,203,116,1,2,159.24,1.14,318.48,317.34,0,On Time,Online,Current
8158,2025-10-19,109,83,1,4,73.64,10.78,294.56,283.78,0,On Time,Click & Collect,Future
8159,2024-12-15,689,26,6,2,117.76,10.3,235.52,225.22,3,Late,Online,Current
8160,2025-07-22,612,41,6,3,110.65,21.25,331.95,310.7,6,Late,Online,Current
8161,2024-08-23,478,37,6,2,141.5,9.23,283.0,273.77,0,On Time,Online,Future
8162,2024-07-08,168,110,1,1,159.94,7.35,159.94,152.59,0,On Time,Online,Future
8163,2024-06-17,267,32,2,1,183.92,22.75,183.92,161.17,0,On Time,Wholesale,Current
8164,2025-03-18,994,32,4,2,183.92,15.06,367.84,352.78,0,On Time,Online,Future
8165,2025-01-05,882,95,4,1,168.8,30.08,168.8,138.72,0,On Time,Online,Future
8166,2025-10-27,35,93,6,1,119.71,32.2,119.71,87.51,0,On Time,Click & Collect,Current
8167,2024-03-28,383,97,1,2,54.01,17.35,108.02,90.67,0,On Time,Click & Collect,Current
8168,2025-07-21,308,30,6,1,33.3,15.39,33.3,17.91,0,On Time,Online,Current
8169,2024-10-31,910,117,6,4,131.87,2.9,527.48,524.58,0,On Time,Online,Current
8170,2025-05-02,58,119,2,3,21.52,17.32,64.56,47.24,0,On Time,Online,Future
8171,2025-11-28,152,87,1,1,80.57,19.39,80.57,61.18,0,On Time,Click & Collect,Future
8172,2025-12-17,460,20,6,2,93.73,19.65,187.46,167.81,3,Late,Online,Current
8173,2024-05-05,894,12,1,3,177.18,9.91,531.54,521.63,0,On Time,In-Store,Future
8174,2024-05-03,116,9,4,4,102.79,20.75,411.16,390.41,0,On Time,Online,Future
8175,2024-09-07,563,91,6,4,85.5,3.75,342.0,338.25,0,On Time,Online,Current
8176,2025-08-03,8,98,1,1,192.94,5.47,192.94,187.47,0,On Time,Click & Collect,Future
8177,2025-03-01,275,94,6,4,56.02,19.18,224.08,204.9,0,On Time,Wholesale,Current
8178,2025-06-02,441,120,5,4,47.37,1.57,189.48,187.91,0,On Time,Click & Collect,Current
8179,2024-09-19,213,80,6,3,119.07,17.37,357.21,339.84,0,On Time,Online,Current
8180,2025-11-22,975,103,1,1,113.76,29.0,113.76,84.76,0,On Time,Online,Future
8181,2025-07-30,771,102,1,3,68.71,28.58,206.13,177.55,0,On Time,Online,Future
8182,2025-05-08,928,35,4,1,41.4,11.49,41.4,29.91,0,On Time,Wholesale,Current
8183,2025-01-24,623,36,6,2,162.38,25.38,324.76,299.38,0,On Time,Online,Future
8184,2024-07-06,772,18,6,3,53.11,17.72,159.33,141.61,0,On Time,Online,Future
8185,2024-08-17,873,85,2,2,142.01,12.75,284.02,271.27,0,On Time,Online,Current
8186,2025-01-24,629,114,1,1,83.67,5.49,83.67,78.18,0,On Time,Wholesale,Current
8187,2025-02-20,648,40,2,4,35.44,16.85,141.76,124.91,0,On Time,Online,Future
8188,2024-10-13,471,11,6,4,40.32,8.36,161.28,152.92,4,Late,Online,Current
8189,2024-02-13,980,19,6,1,118.63,18.74,118.63,99.89,0,On Time,Online,Future
8190,2024-01-02,876,1,1,4,125.71,18.33,502.84,484.51,4,Late,Online,Current
8191,2025-07-03,25,111,4,3,139.05,23.63,417.15,393.52,0,On Time,Online,Current
8192,2024-03-30,140,79,1,3,174.91,34.2,524.73,490.53,0,On Time,Online,Current
8193,2024-11-10,965,70,1,1,117.81,0.3,117.81,117.51,0,On Time,Click & Collect,Current
8194,2025-06-26,879,35,1,1,41.4,22.18,41.4,19.22,0,On Time,Click & Collect,Future
8195,2024-03-18,540,97,2,2,54.01,16.6,108.02,91.42,0,On Time,Wholesale,Future
8196,2025-08-03,728,48,5,4,94.16,26.42,376.64,350.22,1,Late,Online,Current
8197,2024-07-03,225,70,6,2,117.81,29.47,235.62,206.15,0,On Time,Online,Current
8198,2025-04-27,123,37,4,4,141.5,6.69,566.0,559.31,0,On Time,Online,Future
8199,2025-05-21,846,100,6,2,91.89,10.56,183.78,173.22,0,On Time,Online,Future
8200,2025-07-16,566,24,3,3,152.6,27.47,457.8,430.33,0,On Time,Online,Future
8201,2025-06-02,382,18,6,3,53.11,22.19,159.33,137.14,7,Late,Online,Current
8202,2024-12-06,647,97,3,3,54.01,34.79,162.03,127.24,0,On Time,Wholesale,Future
8203,2025-08-06,171,75,1,2,112.15,26.37,224.3,197.93,0,On Time,Online,Current
8204,2024-02-19,946,48,1,3,94.16,18.22,282.48,264.26,0,On Time,Online,Current
8205,2024-03-09,819,67,6,2,214.61,33.95,429.22,395.27,5,Late,Online,Current
8206,2024-09-14,400,116,5,3,159.24,14.15,477.72,463.57,0,On Time,Click & Collect,Future
8207,2025-03-09,888,36,3,1,162.38,23.28,162.38,139.1,0,On Time,In-Store,Current
8208,2025-02-15,653,43,1,1,129.42,27.32,129.42,102.1,0,On Time,Click & Collect,Future
8209,2025-06-06,335,29,1,3,130.05,3.27,390.15,386.88,0,On Time,Wholesale,Current
8210,2024-07-17,563,30,6,2,33.3,32.21,66.6,34.39,0,On Time,Online,Current
8211,2024-07-05,846,48,6,3,94.16,4.12,282.48,278.36,3,Late,Online,Current
8212,2024-07-27,979,116,6,2,159.24,16.34,318.48,302.14,0,On Time,Online,Future
8213,2024-09-10,900,90,6,4,82.64,3.01,330.56,327.55,0,On Time,Online,Current
8214,2025-04-17,817,105,6,4,45.95,17.28,183.8,166.52,0,On Time,Online,Current
8215,2025-07-13,970,2,5,3,200.36,29.04,601.08,572.04,0,On Time,Wholesale,Current
8216,2024-09-09,908,98,3,3,192.94,20.13,578.82,558.69,0,On Time,Wholesale,Future
8217,2024-07-05,424,92,6,3,46.38,9.93,139.14,129.21,0,On Time,Online,Current
8218,2024-04-30,992,69,3,2,82.06,17.59,164.12,146.53,0,On Time,Online,Future
8219,2025-12-05,545,89,4,2,144.37,6.36,288.74,282.38,0,On Time,Online,Current
8220,2025-12-03,443,3,6,4,182.39,8.96,729.56,720.6,0,On Time,Online,Future
8221,2024-12-02,456,57,2,2,144.33,18.48,288.66,270.18,0,On Time,Online,Current
8222,2024-04-23,609,100,1,2,91.89,9.42,183.78,174.36,0,On Time,Online,Current
8223,2025-02-15,505,51,5,4,110.62,12.48,442.48,430.0,4,Late,Online,Current
8224,2024-11-17,639,18,2,3,53.11,25.47,159.33,133.86,0,On Time,Online,Future
8225,2024-07-01,627,22,6,4,118.48,24.74,473.92,449.18,0,On Time,Online,Future
8226,2025-07-26,9,62,1,3,180.58,27.51,541.74,514.23,0,On Time,Online,Future
8227,2024-06-26,515,82,6,1,135.39,16.17,135.39,119.22,7,Late,Online,Current
8228,2024-03-13,406,85,4,1,142.01,28.05,142.01,113.96,0,On Time,Online,Future
8229,2025-08-05,796,43,5,2,129.42,2.25,258.84,256.59,0,On Time,Online,Future
8230,2024-07-09,128,81,2,3,110.75,25.73,332.25,306.52,0,On Time,Wholesale,Future
8231,2025-02-05,636,56,4,1,166.72,33.92,166.72,132.8,0,On Time,Online,Future
8232,2025-04-06,353,104,6,3,154.04,6.74,462.12,455.38,0,On Time,Online,Current
8233,2025-12-27,775,44,6,1,107.15,18.42,107.15,88.73,5,Late,Online,Current
8234,2025-10-27,998,105,4,2,45.95,5.47,91.9,86.43,0,On Time,Wholesale,Current
8235,2025-05-22,255,115,3,2,131.17,9.24,262.34,253.1,0,On Time,Online,Current
8236,2024-03-29,651,10,2,4,78.41,34.52,313.64,279.12,0,On Time,Click & Collect,Future
8237,2024-06-03,977,60,3,1,148.3,24.44,148.3,123.86,0,On Time,Click & Collect,Future
8238,2024-11-10,64,4,5,3,143.64,9.6,430.92,421.32,5,Late,Online,Current
8239,2025-01-28,487,58,4,4,118.61,24.09,474.44,450.35,0,On Time,Online,Current
8240,2024-01-10,489,14,3,3,85.15,6.5,255.45,248.95,0,On Time,Click & Collect,Future
8241,2025-03-27,1000,50,3,3,97.72,24.29,293.16,268.87,5,Late,Online,Current
8242,2025-10-19,587,16,3,2,103.76,5.83,207.52,201.69,6,Late,Click & Collect,Current
8243,2025-12-15,862,14,6,1,85.15,10.86,85.15,74.29,0,On Time,Online,Future
8244,2024-02-19,877,14,6,1,85.15,29.87,85.15,55.28,0,On Time,In-Store,Current
8245,2025-01-12,904,34,1,1,116.01,0.58,116.01,115.43,0,On Time,Online,Future
8246,2024-09-18,521,22,2,4,118.48,10.38,473.92,463.54,1,Late,Wholesale,Future
8247,2025-09-12,32,34,6,1,116.01,8.0,116.01,108.01,0,On Time,Online,Future
8248,2024-06-26,159,109,3,1,65.96,14.28,65.96,51.68,0,On Time,Online,Future
8249,2024-03-18,464,85,6,3,142.01,34.05,426.03,391.98,0,On Time,Online,Future
8250,2025-03-14,427,59,2,1,99.02,30.9,99.02,68.12,0,On Time,Online,Current
8251,2024-11-13,638,71,6,1,135.62,12.26,135.62,123.36,0,On Time,Online,Current
8252,2024-08-02,230,3,1,3,182.39,30.15,547.17,517.02,7,Late,Online,Current
8253,2024-03-12,709,79,6,1,174.91,16.05,174.91,158.86,0,On Time,Online,Future
8254,2025-01-04,701,50,1,1,97.72,28.3,97.72,69.42,0,On Time,Online,Current
8255,2024-12-13,548,92,1,3,46.38,6.01,139.14,133.13,0,On Time,Wholesale,Current
8256,2024-06-13,454,98,2,4,192.94,25.09,771.76,746.67,0,On Time,Click & Collect,Future
8257,2024-07-03,518,7,2,2,172.34,7.07,344.68,337.61,0,On Time,Online,Future
8258,2024-06-24,808,75,2,4,112.15,30.87,448.6,417.73,0,On Time,Click & Collect,Current
8259,2025-03-07,378,62,6,3,180.58,28.2,541.74,513.54,0,On Time,Online,Current
8260,2025-09-19,811,34,6,4,116.01,13.08,464.04,450.96,0,On Time,Online,Current
8261,2024-03-06,602,18,6,1,53.11,14.29,53.11,38.82,0,On Time,Online,Future
8262,2025-10-19,386,61,1,1,82.33,8.97,82.33,73.36,0,On Time,Wholesale,Future
8263,2024-03-21,598,22,1,3,118.48,5.87,355.44,349.57,0,On Time,In-Store,Future
8264,2024-04-27,317,82,6,1,135.39,21.85,135.39,113.54,0,On Time,Online,Future
8265,2024-09-01,180,117,6,2,131.87,17.43,263.74,246.31,0,On Time,Online,Future
8266,2025-01-05,743,116,5,2,159.24,15.07,318.48,303.41,0,On Time,Online,Current
8267,2024-10-01,53,89,3,4,144.37,16.11,577.48,561.37,0,On Time,In-Store,Current
8268,2024-09-18,570,49,3,3,134.92,13.28,404.76,391.48,0,On Time,Wholesale,Future
8269,2024-10-01,496,71,6,3,135.62,10.67,406.86,396.19,0,On Time,Online,Current
8270,2025-01-02,819,14,6,4,85.15,4.61,340.6,335.99,0,On Time,Online,Future
8271,2024-01-24,782,78,6,1,57.86,13.66,57.86,44.2,5,Late,Online,Current
8272,2025-05-10,747,59,6,3,99.02,8.8,297.06,288.26,0,On Time,Online,Future
8273,2024-05-04,983,101,5,4,123.75,25.86,495.0,469.14,1,Late,Online,Current
8274,2025-10-23,726,109,2,4,65.96,30.9,263.84,232.94,1,Late,Click & Collect,Current
8275,2024-07-13,745,28,6,4,154.21,26.84,616.84,590.0,0,On Time,Online,Current
8276,2025-07-23,701,112,6,2,167.65,16.96,335.3,318.34,0,On Time,Online,Future
8277,2025-03-10,431,74,6,2,120.32,19.67,240.64,220.97,0,On Time,Online,Future
8278,2024-12-09,760,83,3,2,73.64,31.93,147.28,115.35,0,On Time,Online,Current
8279,2025-11-16,469,34,2,4,116.01,32.55,464.04,431.49,0,On Time,Click & Collect,Future
8280,2025-01-30,596,8,4,3,62.57,17.03,187.71,170.68,4,Late,Online,Current
8281,2024-12-27,829,87,2,3,80.57,12.47,241.71,229.24,0,On Time,In-Store,Current
8282,2025-12-12,325,81,5,2,110.75,32.2,221.5,189.3,0,On Time,Online,Future
8283,2025-04-18,49,111,3,2,139.05,16.73,278.1,261.37,0,On Time,Online,Future
8284,2024-08-24,434,78,4,3,57.86,4.11,173.58,169.47,0,On Time,Online,Current
8285,2024-10-31,123,34,5,2,116.01,19.67,232.02,212.35,0,On Time,Click & Collect,Future
8286,2025-03-17,975,88,3,4,41.48,12.7,165.92,153.22,0,On Time,Click & Collect,Future
8287,2025-03-31,155,70,2,2,117.81,9.02,235.62,226.6,4,Late,In-Store,Current
8288,2025-10-25,29,12,6,4,177.18,11.22,708.72,697.5,0,On Time,Online,Current
8289,2025-05-07,509,15,4,3,76.6,12.76,229.8,217.04,2,Late,Wholesale,Current
8290,2024-12-21,994,92,1,4,46.38,25.24,185.52,160.28,0,On Time,Wholesale,Current
8291,2025-01-08,883,97,6,1,54.01,32.22,54.01,21.79,0,On Time,Online,Current
8292,2024-09-20,968,44,2,3,107.15,25.41,321.45,296.04,0,On Time,Online,Current
8293,2025-02-06,104,11,2,4,40.32,9.65,161.28,151.63,0,On Time,Online,Current
8294,2025-01-14,409,101,4,2,123.75,18.1,247.5,229.4,0,On Time,Click & Collect,Current
8295,2024-10-04,873,87,6,1,80.57,5.84,80.57,74.73,0,On Time,Online,Future
8296,2024-04-16,500,4,3,4,143.64,4.0,574.56,570.56,0,On Time,Online,Future
8297,2024-07-03,596,93,5,3,119.71,6.39,359.13,352.74,0,On Time,In-Store,Future
8298,2024-09-15,148,57,6,4,144.33,7.48,577.32,569.84,0,On Time,Online,Future
8299,2024-02-19,61,103,6,4,113.76,16.37,455.04,438.67,0,On Time,Online,Future
8300,2024-12-26,736,76,5,3,128.17,29.19,384.51,355.32,0,On Time,Online,Current
8301,2024-12-05,399,103,1,2,113.76,21.12,227.52,206.4,0,On Time,Online,Current
8302,2024-09-10,161,80,4,2,119.07,1.82,238.14,236.32,0,On Time,Online,Future
8303,2024-07-03,322,84,1,3,108.1,9.56,324.3,314.74,0,On Time,Online,Current
8304,2025-05-03,140,40,3,1,35.44,21.14,35.44,14.3,0,On Time,Online,Future
8305,2024-12-20,812,40,6,4,35.44,7.02,141.76,134.74,1,Late,Online,Future
8306,2024-10-08,750,91,6,2,85.5,13.55,171.0,157.45,0,On Time,Online,Current
8307,2025-03-31,807,102,1,4,68.71,0.29,274.84,274.55,5,Late,Wholesale,Current
8308,2024-08-25,542,68,6,4,76.01,11.73,304.04,292.31,0,On Time,Online,Current
8309,2024-06-29,157,95,1,1,168.8,1.49,168.8,167.31,0,On Time,Online,Current
8310,2025-05-13,933,27,5,4,148.3,27.07,593.2,566.13,0,On Time,Online,Future
8311,2024-10-04,711,58,6,2,118.61,8.66,237.22,228.56,2,Late,Online,Current
8312,2024-05-19,383,11,6,3,40.32,6.76,120.96,114.2,0,On Time,Online,Current
8313,2025-10-06,698,21,6,2,44.65,13.79,89.3,75.51,7,Late,Online,Current
8314,2025-10-14,977,46,3,4,117.41,15.81,469.64,453.83,0,On Time,Online,Current
8315,2024-11-14,420,6,6,3,127.67,2.16,383.01,380.85,0,On Time,Online,Future
8316,2025-01-11,200,58,4,1,118.61,2.04,118.61,116.57,1,Late,Wholesale,Future
8317,2025-02-22,241,117,6,4,131.87,29.3,527.48,498.18,5,Late,Online,Current
8318,2024-08-04,602,82,6,3,135.39,1.73,406.17,404.44,6,Late,Online,Current
8319,2025-06-10,213,3,4,1,182.39,20.31,182.39,162.08,0,On Time,Online,Future
8320,2025-08-28,87,55,4,1,80.85,19.53,80.85,61.32,0,On Time,Online,Current
8321,2024-02-23,915,91,6,4,85.5,29.96,342.0,312.04,3,Late,Click & Collect,Current
8322,2024-12-01,234,92,6,4,46.38,21.28,185.52,164.24,0,On Time,Online,Future
8323,2024-09-13,229,34,4,1,116.01,11.83,116.01,104.18,0,On Time,In-Store,Future
8324,2025-05-02,995,83,6,1,73.64,10.2,73.64,63.44,0,On Time,Online,Current
8325,2024-05-14,904,83,6,3,73.64,10.45,220.92,210.47,6,Late,Online,Current
8326,2025-03-15,12,83,6,2,73.64,33.19,147.28,114.09,0,On Time,Online,Current
8327,2024-10-28,478,117,1,3,131.87,33.9,395.61,361.71,3,Late,Online,Current
8328,2025-02-06,127,37,4,4,141.5,3.18,566.0,562.82,0,On Time,Click & Collect,Current
8329,2025-04-29,857,53,5,4,103.59,33.05,414.36,381.31,0,On Time,Online,Current
8330,2024-10-22,756,4,3,1,143.64,8.35,143.64,135.29,0,On Time,Online,Current
8331,2024-10-17,245,102,2,2,68.71,3.24,137.42,134.18,0,On Time,Online,Future
8332,2024-02-12,247,29,1,2,130.05,7.55,260.1,252.55,2,Late,Online,Current
8333,2024-10-01,534,93,2,2,119.71,8.16,239.42,231.26,0,On Time,Online,Future
8334,2024-02-03,428,38,6,2,97.97,16.12,195.94,179.82,0,On Time,Online,Current
8335,2024-07-28,461,110,6,3,159.94,29.69,479.82,450.13,0,On Time,Online,Current
8336,2025-03-06,472,18,5,1,53.11,16.21,53.11,36.9,0,On Time,Wholesale,Future
8337,2025-01-15,220,36,5,1,162.38,32.39,162.38,129.99,0,On Time,In-Store,Current
8338,2024-09-11,220,34,4,4,116.01,16.48,464.04,447.56,7,Late,Online,Current
8339,2024-08-07,879,42,5,4,65.4,16.78,261.6,244.82,0,On Time,Online,Current
8340,2025-06-06,507,9,6,2,102.79,33.48,205.58,172.1,2,Late,Online,Current
8341,2025-08-18,51,41,5,1,110.65,24.53,110.65,86.12,0,On Time,Wholesale,Current
8342,2024-07-22,482,108,4,2,50.05,32.17,100.1,67.93,0,On Time,Online,Future
8343,2025-01-22,570,89,1,3,144.37,28.54,433.11,404.57,0,On Time,Wholesale,Current
8344,2024-11-08,69,71,6,4,135.62,25.15,542.48,517.33,5,Late,Online,Current
8345,2025-03-03,861,17,6,3,141.85,32.91,425.55,392.64,0,On Time,Online,Future
8346,2025-06-06,710,71,6,1,135.62,17.03,135.62,118.59,0,On Time,Online,Current
8347,2025-07-17,435,120,6,2,47.37,13.56,94.74,81.18,0,On Time,Online,Future
8348,2025-02-09,40,76,5,4,128.17,29.34,512.68,483.34,0,On Time,Online,Current
8349,2024-12-22,331,45,2,4,29.58,17.45,118.32,100.87,0,On Time,Wholesale,Future
8350,2025-03-04,577,97,6,3,54.01,9.56,162.03,152.47,0,On Time,Online,Future
8351,2025-01-08,206,75,6,4,112.15,25.0,448.6,423.6,4,Late,Online,Current
8352,2025-06-06,133,79,2,4,174.91,0.37,699.64,699.27,0,On Time,In-Store,Current
8353,2025-01-04,595,16,3,3,103.76,12.54,311.28,298.74,0,On Time,Click & Collect,Current
8354,2024-09-27,536,112,3,1,167.65,2.55,167.65,165.1,0,On Time,Online,Future
8355,2025-09-13,266,119,5,4,21.52,22.32,86.08,63.76,2,Late,Online,Current
8356,2024-05-26,682,98,6,2,192.94,21.38,385.88,364.5,0,On Time,Online,Future
8357,2024-01-14,827,11,6,3,40.32,30.46,120.96,90.5,0,On Time,Wholesale,Current
8358,2025-02-25,873,24,3,1,152.6,19.03,152.6,133.57,7,Late,Wholesale,Current
8359,2025-02-16,499,76,6,1,128.17,26.25,128.17,101.92,5,Late,Online,Current
8360,2024-02-29,332,40,1,3,35.44,5.56,106.32,100.76,0,On Time,Online,Current
8361,2025-07-01,669,104,5,1,154.04,12.11,154.04,141.93,0,On Time,Online,Current
8362,2024-05-10,315,65,5,3,71.32,14.77,213.96,199.19,0,On Time,In-Store,Future
8363,2025-05-10,724,119,6,2,21.52,8.48,43.04,34.56,0,On Time,Online,Current
8364,2024-06-27,549,88,6,1,41.48,2.11,41.48,39.37,0,On Time,Online,Current
8365,2025-08-31,847,39,4,3,128.17,24.97,384.51,359.54,0,On Time,Online,Current
8366,2025-09-27,504,22,3,4,118.48,8.18,473.92,465.74,0,On Time,Wholesale,Future
8367,2025-05-04,721,55,1,4,80.85,8.71,323.4,314.69,7,Late,Click & Collect,Current
8368,2025-12-08,80,119,6,2,21.52,21.82,43.04,21.22,2,Late,Online,Future
8369,2024-03-15,681,26,6,1,117.76,24.82,117.76,92.94,0,On Time,Online,Current
8370,2025-08-26,61,102,6,4,68.71,15.74,274.84,259.1,0,On Time,Online,Current
8371,2024-03-02,751,9,6,4,102.79,24.82,411.16,386.34,4,Late,Online,Current
8372,2024-12-17,471,15,1,2,76.6,22.94,153.2,130.26,0,On Time,Online,Current
8373,2025-02-10,348,19,3,2,118.63,7.32,237.26,229.94,4,Late,Online,Current
8374,2024-03-26,840,45,6,1,29.58,14.72,29.58,14.86,0,On Time,Online,Current
8375,2025-10-03,10,107,3,4,49.65,6.46,198.6,192.14,0,On Time,Click & Collect,Current
8376,2025-01-16,638,50,6,1,97.72,21.73,97.72,75.99,0,On Time,Online,Future
8377,2025-09-17,169,3,6,1,182.39,28.93,182.39,153.46,0,On Time,Online,Future
8378,2024-06-15,454,110,4,1,159.94,26.71,159.94,133.23,0,On Time,Wholesale,Future
8379,2025-08-07,445,70,3,4,117.81,33.7,471.24,437.54,5,Late,Online,Current
8380,2024-08-15,647,80,1,3,119.07,19.74,357.21,337.47,0,On Time,Online,Future
8381,2025-05-31,754,114,6,1,83.67,13.24,83.67,70.43,0,On Time,Online,Future
8382,2024-01-26,663,83,6,1,73.64,16.68,73.64,56.96,2,Late,Online,Current
8383,2025-11-18,516,88,6,3,41.48,33.17,124.44,91.27,0,On Time,Online,Current
8384,2025-04-07,965,90,1,1,82.64,9.86,82.64,72.78,2,Late,In-Store,Current
8385,2024-06-18,193,16,6,3,103.76,29.91,311.28,281.37,0,On Time,Online,Future
8386,2025-07-14,88,108,6,3,50.05,24.1,150.15,126.05,0,On Time,Online,Future
8387,2024-06-05,117,92,4,3,46.38,8.18,139.14,130.96,0,On Time,In-Store,Current
8388,2024-03-16,706,88,3,2,41.48,8.89,82.96,74.07,0,On Time,Online,Future
8389,2024-01-11,669,54,1,1,110.37,12.61,110.37,97.76,0,On Time,Online,Current
8390,2025-04-05,566,101,1,2,123.75,2.44,247.5,245.06,0,On Time,Click & Collect,Current
8391,2025-11-20,927,79,4,2,174.91,18.21,349.82,331.61,0,On Time,Wholesale,Future
8392,2025-03-14,764,27,3,2,148.3,19.34,296.6,277.26,2,Late,Wholesale,Current
8393,2024-12-15,468,20,4,4,93.73,13.64,374.92,361.28,0,On Time,Online,Current
8394,2025-02-23,652,76,2,2,128.17,25.81,256.34,230.53,4,Late,Click & Collect,Current
8395,2025-04-30,308,61,2,4,82.33,7.75,329.32,321.57,0,On Time,Online,Current
8396,2025-07-20,187,90,6,3,82.64,8.93,247.92,238.99,5,Late,Online,Current
8397,2024-03-10,919,21,3,3,44.65,0.55,133.95,133.4,0,On Time,Click & Collect,Current
8398,2025-08-02,269,75,3,2,112.15,23.94,224.3,200.36,1,Late,In-Store,Current
8399,2024-06-18,571,114,6,2,83.67,9.54,167.34,157.8,0,On Time,Online,Current
8400,2024-11-23,674,79,2,4,174.91,19.86,699.64,679.78,0,On Time,Online,Current
8401,2024-11-08,678,17,3,4,141.85,31.53,567.4,535.87,0,On Time,Online,Current
8402,2025-10-25,983,25,1,1,27.12,14.66,27.12,12.46,0,On Time,In-Store,Current
8403,2024-12-17,116,18,1,4,53.11,13.72,212.44,198.72,0,On Time,Online,Future
8404,2025-11-18,565,84,3,2,108.1,6.39,216.2,209.81,0,On Time,Wholesale,Future
8405,2024-12-20,791,28,1,2,154.21,19.19,308.42,289.23,0,On Time,Online,Future
8406,2025-09-22,139,64,2,2,106.6,17.4,213.2,195.8,0,On Time,Online,Current
8407,2024-07-04,499,99,6,4,170.64,28.44,682.56,654.12,0,On Time,Online,Current
8408,2024-08-11,446,108,1,2,50.05,0.63,100.1,99.47,0,On Time,In-Store,Current
8409,2025-06-01,804,13,1,1,109.25,21.12,109.25,88.13,0,On Time,Online,Current
8410,2024-09-08,357,103,4,1,113.76,33.71,113.76,80.05,0,On Time,Wholesale,Current
8411,2025-10-12,585,96,6,1,44.65,23.88,44.65,20.77,0,On Time,Online,Current
8412,2025-07-02,653,19,3,4,118.63,29.61,474.52,444.91,6,Late,Wholesale,Current
8413,2024-04-17,95,6,6,3,127.67,7.02,383.01,375.99,6,Late,Online,Current
8414,2025-02-12,131,17,4,3,141.85,5.62,425.55,419.93,0,On Time,Click & Collect,Current
8415,2025-04-10,177,62,6,3,180.58,19.1,541.74,522.64,0,On Time,Online,Future
8416,2025-05-29,925,94,3,2,56.02,19.14,112.04,92.9,2,Late,In-Store,Current
8417,2025-11-27,557,61,6,4,82.33,17.8,329.32,311.52,0,On Time,Online,Current
8418,2025-12-20,111,36,5,2,162.38,2.37,324.76,322.39,0,On Time,Online,Future
8419,2025-07-28,532,77,6,4,132.93,0.66,531.72,531.06,0,On Time,Online,Future
8420,2024-06-27,238,77,2,1,132.93,19.58,132.93,113.35,0,On Time,Click & Collect,Future
8421,2025-07-03,972,61,2,1,82.33,16.86,82.33,65.47,0,On Time,In-Store,Future
8422,2025-03-25,36,18,6,3,53.11,28.97,159.33,130.36,0,On Time,Online,Current
8423,2024-10-25,421,14,1,2,85.15,22.81,170.3,147.49,2,Late,In-Store,Future
8424,2025-06-12,163,66,6,3,105.25,20.28,315.75,295.47,0,On Time,Online,Current
8425,2025-12-20,517,69,6,3,82.06,21.88,246.18,224.3,5,Late,Online,Current
8426,2025-01-18,514,115,2,2,131.17,3.77,262.34,258.57,7,Late,In-Store,Current
8427,2024-02-13,73,6,3,3,127.67,26.11,383.01,356.9,0,On Time,Online,Current
8428,2025-07-31,769,27,6,3,148.3,28.75,444.9,416.15,1,Late,Online,Current
8429,2025-06-13,468,51,1,1,110.62,20.98,110.62,89.64,0,On Time,Online,Future
8430,2024-03-05,992,71,5,3,135.62,6.62,406.86,400.24,0,On Time,Online,Current
8431,2024-12-27,359,82,1,2,135.39,4.0,270.78,266.78,0,On Time,Online,Future
8432,2025-08-11,236,13,1,1,109.25,11.62,109.25,97.63,0,On Time,In-Store,Future
8433,2024-08-02,18,119,6,1,21.52,12.47,21.52,9.05,0,On Time,Online,Future
8434,2024-09-03,670,118,6,1,167.17,15.78,167.17,151.39,0,On Time,Online,Current
8435,2025-03-17,182,116,1,3,159.24,5.23,477.72,472.49,1,Late,Wholesale,Future
8436,2025-11-21,197,62,1,1,180.58,15.64,180.58,164.94,0,On Time,Online,Future
8437,2025-05-26,828,41,6,1,110.65,16.85,110.65,93.8,0,On Time,In-Store,Future
8438,2024-05-17,41,1,4,4,125.71,16.08,502.84,486.76,0,On Time,Click & Collect,Future
8439,2024-08-01,815,90,6,1,82.64,25.07,82.64,57.57,0,On Time,Online,Current
8440,2025-08-11,232,30,3,1,33.3,15.74,33.3,17.56,0,On Time,Wholesale,Current
8441,2025-04-28,464,48,4,4,94.16,9.88,376.64,366.76,1,Late,Wholesale,Current
8442,2024-06-25,423,57,2,2,144.33,11.66,288.66,277.0,0,On Time,In-Store,Current
8443,2024-12-17,608,45,6,3,29.58,28.24,88.74,60.5,0,On Time,Online,Future
8444,2024-01-20,410,19,4,3,118.63,30.85,355.89,325.04,0,On Time,Online,Current
8445,2024-12-20,877,76,6,1,128.17,2.74,128.17,125.43,0,On Time,Online,Future
8446,2025-10-10,607,40,6,4,35.44,6.64,141.76,135.12,1,Late,Online,Future
8447,2024-07-31,48,58,2,3,118.61,1.9,355.83,353.93,0,On Time,Wholesale,Current
8448,2024-07-09,966,88,5,3,41.48,20.55,124.44,103.89,0,On Time,Online,Future
8449,2025-04-14,770,23,6,4,87.41,26.2,349.64,323.44,0,On Time,Online,Future
8450,2024-05-16,748,50,6,3,97.72,22.34,293.16,270.82,0,On Time,Online,Current
8451,2024-07-19,657,61,1,2,82.33,5.47,164.66,159.19,4,Late,Online,Current
8452,2024-11-20,61,42,5,2,65.4,9.37,130.8,121.43,0,On Time,Online,Future
8453,2025-03-15,604,31,2,4,64.76,23.66,259.04,235.38,0,On Time,Online,Future
8454,2025-05-23,501,118,2,1,167.17,31.98,167.17,135.19,0,On Time,In-Store,Current
8455,2024-02-09,937,53,3,4,103.59,11.92,414.36,402.44,0,On Time,Online,Current
8456,2024-11-10,860,85,1,1,142.01,3.42,142.01,138.59,0,On Time,Online,Current
8457,2024-02-28,284,63,6,2,50.08,31.09,100.16,69.07,0,On Time,Online,Current
8458,2025-08-23,523,96,1,4,44.65,13.12,178.6,165.48,6,Late,Wholesale,Current
8459,2024-02-10,142,95,4,3,168.8,25.86,506.4,480.54,0,On Time,Online,Current
8460,2024-11-21,303,89,2,1,144.37,1.25,144.37,143.12,0,On Time,Online,Current
8461,2024-11-15,417,4,4,4,143.64,2.41,574.56,572.15,2,Late,Online,Current
8462,2025-10-15,328,62,1,3,180.58,17.61,541.74,524.13,0,On Time,Online,Current
8463,2025-07-20,124,36,3,4,162.38,16.77,649.52,632.75,0,On Time,Online,Future
8464,2025-10-10,692,45,6,2,29.58,31.3,59.16,27.86,0,On Time,Wholesale,Future
8465,2025-08-21,894,80,6,4,119.07,24.13,476.28,452.15,0,On Time,Online,Current
8466,2024-11-13,622,80,2,4,119.07,6.6,476.28,469.68,0,On Time,Online,Current
8467,2024-07-29,961,2,1,3,200.36,33.39,601.08,567.69,0,On Time,In-Store,Future
8468,2024-02-09,804,54,3,4,110.37,19.67,441.48,421.81,2,Late,Online,Future
8469,2025-08-21,79,31,1,1,64.76,12.83,64.76,51.93,0,On Time,Online,Future
8470,2025-09-10,703,26,2,3,117.76,33.54,353.28,319.74,0,On Time,Wholesale,Future
8471,2024-02-12,218,61,6,4,82.33,27.67,329.32,301.65,3,Late,Online,Current
8472,2024-12-20,362,33,6,2,219.29,17.84,438.58,420.74,4,Late,Online,Current
8473,2024-08-31,157,41,1,2,110.65,5.88,221.3,215.42,0,On Time,In-Store,Current
8474,2024-11-11,450,77,2,4,132.93,27.23,531.72,504.49,2,Late,Online,Future
8475,2025-03-27,221,77,3,3,132.93,5.58,398.79,393.21,2,Late,Online,Current
8476,2024-12-28,798,20,6,3,93.73,3.35,281.19,277.84,0,On Time,Online,Current
8477,2024-01-28,162,67,3,1,214.61,21.47,214.61,193.14,0,On Time,Wholesale,Current
8478,2024-04-22,701,81,4,4,110.75,28.89,443.0,414.11,0,On Time,In-Store,Current
8479,2024-08-12,450,42,1,1,65.4,21.21,65.4,44.19,0,On Time,Online,Current
8480,2024-05-15,125,70,1,1,117.81,23.01,117.81,94.8,7,Late,Wholesale,Current
8481,2025-07-20,93,92,3,3,46.38,14.87,139.14,124.27,0,On Time,Online,Current
8482,2024-08-23,999,5,6,3,140.44,27.06,421.32,394.26,0,On Time,Online,Current
8483,2025-05-02,655,74,6,4,120.32,30.0,481.28,451.28,0,On Time,Online,Current
8484,2024-09-10,308,118,6,4,167.17,28.94,668.68,639.74,0,On Time,Online,Future
8485,2025-04-05,378,100,2,3,91.89,6.89,275.67,268.78,0,On Time,Online,Current
8486,2025-06-18,174,96,6,4,44.65,27.11,178.6,151.49,0,On Time,Online,Future
8487,2025-11-30,659,59,6,4,99.02,5.97,396.08,390.11,0,On Time,Online,Current
8488,2025-06-12,966,106,6,4,28.51,27.94,114.04,86.1,7,Late,Online,Current
8489,2025-09-12,827,52,2,3,18.05,0.43,54.15,53.72,0,On Time,Online,Future
8490,2025-03-08,224,97,6,1,54.01,12.69,54.01,41.32,0,On Time,Online,Current
8491,2024-05-31,174,92,5,1,46.38,29.24,46.38,17.14,1,Late,Wholesale,Current
8492,2024-05-22,107,53,4,3,103.59,15.67,310.77,295.1,0,On Time,Online,Current
8493,2025-12-26,659,90,2,1,82.64,8.79,82.64,73.85,0,On Time,Online,Future
8494,2025-03-07,212,51,4,2,110.62,20.29,221.24,200.95,0,On Time,Online,Current
8495,2024-10-10,714,5,6,2,140.44,10.46,280.88,270.42,0,On Time,Online,Current
8496,2025-12-20,500,42,4,1,65.4,25.48,65.4,39.92,0,On Time,In-Store,Current
8497,2024-11-06,354,55,5,1,80.85,15.7,80.85,65.15,0,On Time,Wholesale,Future
8498,2024-10-23,995,73,1,3,20.46,14.93,61.38,46.45,0,On Time,In-Store,Current
8499,2024-01-27,406,48,5,4,94.16,2.95,376.64,373.69,0,On Time,Online,Future
8500,2025-03-12,828,49,3,4,134.92,18.14,539.68,521.54,0,On Time,Wholesale,Current
8501,2025-01-19,278,103,6,4,113.76,23.9,455.04,431.14,0,On Time,Online,Future
8502,2024-05-02,382,60,6,1,148.3,16.04,148.3,132.26,0,On Time,Online,Current
8503,2025-12-12,566,72,5,4,141.82,10.85,567.28,556.43,1,Late,Click & Collect,Future
8504,2025-03-12,844,15,6,4,76.6,11.29,306.4,295.11,0,On Time,Online,Current
8505,2024-09-15,338,119,1,3,21.52,21.97,64.56,42.59,0,On Time,Online,Current
8506,2024-05-18,370,87,1,3,80.57,19.34,241.71,222.37,0,On Time,Wholesale,Current
8507,2024-04-28,944,93,6,4,119.71,6.01,478.84,472.83,0,On Time,Online,Future
8508,2025-10-22,331,101,5,3,123.75,1.81,371.25,369.44,0,On Time,In-Store,Current
8509,2025-05-12,408,3,2,3,182.39,15.48,547.17,531.69,0,On Time,In-Store,Future
8510,2024-05-06,812,49,4,4,134.92,28.57,539.68,511.11,0,On Time,Online,Current
8511,2025-10-10,850,85,6,4,142.01,21.96,568.04,546.08,0,On Time,Online,Future
8512,2024-07-08,860,112,2,3,167.65,4.44,502.95,498.51,6,Late,Online,Current
8513,2025-02-21,116,114,6,1,83.67,32.52,83.67,51.15,1,Late,Online,Current
8514,2024-05-15,830,10,3,4,78.41,10.59,313.64,303.05,0,On Time,Online,Current
8515,2024-05-08,100,12,1,4,177.18,19.74,708.72,688.98,6,Late,Online,Current
8516,2024-08-19,335,43,2,4,129.42,9.32,517.68,508.36,0,On Time,In-Store,Current
8517,2025-01-07,310,9,2,2,102.79,26.92,205.58,178.66,0,On Time,Wholesale,Future
8518,2025-11-21,726,22,2,1,118.48,8.0,118.48,110.48,0,On Time,Click & Collect,Current
8519,2025-05-22,695,62,1,2,180.58,14.36,361.16,346.8,0,On Time,Online,Current
8520,2025-07-25,858,22,2,4,118.48,12.78,473.92,461.14,0,On Time,Click & Collect,Future
8521,2025-01-16,634,93,3,1,119.71,27.87,119.71,91.84,0,On Time,Online,Future
8522,2025-02-09,82,79,6,1,174.91,16.12,174.91,158.79,0,On Time,Online,Current
8523,2024-10-25,119,43,4,1,129.42,5.74,129.42,123.68,1,Late,Wholesale,Current
8524,2025-03-15,851,67,4,3,214.61,17.03,643.83,626.8,0,On Time,Click & Collect,Future
8525,2025-05-09,601,102,6,4,68.71,30.45,274.84,244.39,0,On Time,Online,Future
8526,2024-09-27,824,27,5,4,148.3,32.55,593.2,560.65,4,Late,Online,Current
8527,2024-11-20,129,79,6,2,174.91,32.02,349.82,317.8,0,On Time,Click & Collect,Current
8528,2025-02-12,161,100,6,4,91.89,8.36,367.56,359.2,6,Late,Online,Current
8529,2025-08-07,366,114,2,1,83.67,20.24,83.67,63.43,0,On Time,Click & Collect,Current
8530,2025-08-28,18,75,6,2,112.15,17.27,224.3,207.03,0,On Time,Online,Future
8531,2024-02-13,779,63,5,1,50.08,28.67,50.08,21.41,0,On Time,Click & Collect,Current
8532,2025-05-22,265,17,3,2,141.85,26.73,283.7,256.97,0,On Time,Online,Future
8533,2025-01-23,616,91,6,2,85.5,10.18,171.0,160.82,1,Late,Online,Future
8534,2025-07-01,970,81,6,2,110.75,12.79,221.5,208.71,0,On Time,Online,Future
8535,2025-01-30,645,49,2,4,134.92,1.86,539.68,537.82,0,On Time,In-Store,Future
8536,2025-08-29,371,39,6,4,128.17,28.06,512.68,484.62,0,On Time,Online,Current
8537,2025-09-21,950,95,1,3,168.8,1.42,506.4,504.98,0,On Time,Wholesale,Future
8538,2025-12-20,455,36,3,1,162.38,1.36,162.38,161.02,0,On Time,Online,Future
8539,2024-04-13,821,95,6,3,168.8,6.85,506.4,499.55,0,On Time,Online,Future
8540,2025-04-11,998,57,6,4,144.33,26.55,577.32,550.77,0,On Time,Online,Current
8541,2025-04-11,602,31,1,1,64.76,1.83,64.76,62.93,0,On Time,Online,Current
8542,2024-02-03,636,32,6,3,183.92,3.25,551.76,548.51,0,On Time,Online,Future
8543,2024-04-17,381,16,6,1,103.76,12.54,103.76,91.22,0,On Time,Online,Current
8544,2025-02-26,170,93,3,3,119.71,21.25,359.13,337.88,0,On Time,Online,Future
8545,2024-09-21,647,44,1,1,107.15,2.88,107.15,104.27,0,On Time,Click & Collect,Current
8546,2024-03-28,219,75,3,3,112.15,4.34,336.45,332.11,0,On Time,Wholesale,Future
8547,2024-09-14,618,117,5,2,131.87,18.77,263.74,244.97,0,On Time,In-Store,Future
8548,2025-02-17,895,103,2,1,113.76,15.82,113.76,97.94,0,On Time,Online,Current
8549,2025-07-23,514,9,6,2,102.79,11.77,205.58,193.81,3,Late,Online,Current
8550,2024-06-26,304,10,5,2,78.41,33.69,156.82,123.13,0,On Time,Online,Current
8551,2025-01-27,890,48,4,1,94.16,21.3,94.16,72.86,2,Late,Online,Current
8552,2024-03-29,385,82,6,2,135.39,24.13,270.78,246.65,0,On Time,Online,Current
8553,2025-11-01,134,5,6,3,140.44,17.54,421.32,403.78,2,Late,Online,Future
8554,2024-09-09,742,114,1,2,83.67,19.99,167.34,147.35,0,On Time,Click & Collect,Current
8555,2024-12-30,828,21,6,3,44.65,11.39,133.95,122.56,0,On Time,Online,Current
8556,2025-02-04,566,85,6,1,142.01,21.06,142.01,120.95,3,Late,Online,Current
8557,2025-05-26,755,28,3,4,154.21,9.41,616.84,607.43,0,On Time,Online,Future
8558,2024-07-29,8,48,6,1,94.16,8.66,94.16,85.5,4,Late,Online,Current
8559,2025-11-04,33,39,6,2,128.17,6.61,256.34,249.73,0,On Time,Online,Future
8560,2025-02-03,945,14,3,3,85.15,33.68,255.45,221.77,0,On Time,Online,Current
8561,2024-10-23,138,50,5,1,97.72,23.78,97.72,73.94,0,On Time,Wholesale,Current
8562,2025-12-24,796,115,4,2,131.17,34.49,262.34,227.85,0,On Time,Online,Future
8563,2025-03-08,629,10,3,3,78.41,34.95,235.23,200.28,5,Late,In-Store,Current
8564,2025-01-01,716,45,4,2,29.58,25.97,59.16,33.19,0,On Time,Online,Future
8565,2025-06-25,203,10,6,1,78.41,13.66,78.41,64.75,0,On Time,Online,Current
8566,2025-04-16,184,100,4,3,91.89,14.66,275.67,261.01,0,On Time,Click & Collect,Current
8567,2024-11-30,206,19,6,1,118.63,4.67,118.63,113.96,0,On Time,Online,Current
8568,2025-10-11,306,59,3,3,99.02,10.02,297.06,287.04,0,On Time,Online,Future
8569,2025-07-20,174,6,2,2,127.67,22.69,255.34,232.65,0,On Time,Online,Current
8570,2024-11-27,343,29,2,1,130.05,8.62,130.05,121.43,0,On Time,Wholesale,Future
8571,2025-05-23,671,13,6,3,109.25,9.06,327.75,318.69,0,On Time,Online,Current
8572,2025-07-13,307,92,3,3,46.38,27.77,139.14,111.37,0,On Time,Online,Current
8573,2025-11-14,61,33,4,2,219.29,11.2,438.58,427.38,0,On Time,Online,Current
8574,2024-11-07,432,12,5,4,177.18,27.56,708.72,681.16,0,On Time,Online,Current
8575,2025-09-22,468,33,2,3,219.29,17.88,657.87,639.99,0,On Time,Online,Future
8576,2024-02-26,869,92,3,1,46.38,5.72,46.38,40.66,0,On Time,Online,Current
8577,2025-07-11,394,36,6,2,162.38,0.9,324.76,323.86,0,On Time,Online,Current
8578,2024-07-29,680,41,2,4,110.65,27.02,442.6,415.58,1,Late,In-Store,Current
8579,2025-11-03,730,1,1,4,125.71,5.81,502.84,497.03,0,On Time,Online,Current
8580,2025-03-10,157,112,6,1,167.65,31.94,167.65,135.71,0,On Time,Online,Current
8581,2025-04-28,23,40,6,4,35.44,13.04,141.76,128.72,0,On Time,Online,Current
8582,2025-02-09,307,94,2,4,56.02,13.67,224.08,210.41,7,Late,In-Store,Current
8583,2024-11-20,766,38,4,2,97.97,8.23,195.94,187.71,4,Late,Wholesale,Current
8584,2025-04-24,282,57,3,2,144.33,27.61,288.66,261.05,0,On Time,Online,Current
8585,2024-02-13,890,80,6,1,119.07,26.26,119.07,92.81,1,Late,Wholesale,Future
8586,2024-09-09,573,77,6,2,132.93,34.41,265.86,231.45,4,Late,Online,Current
8587,2024-12-25,84,1,4,3,125.71,6.15,377.13,370.98,0,On Time,Online,Current
8588,2024-08-20,135,1,6,2,125.71,1.07,251.42,250.35,0,On Time,Online,Future
8589,2024-01-16,164,37,6,4,141.5,12.18,566.0,553.82,0,On Time,Online,Current
8590,2025-12-21,127,1,6,1,125.71,32.83,125.71,92.88,7,Late,Online,Current
8591,2024-05-08,811,63,6,2,50.08,30.1,100.16,70.06,0,On Time,Online,Current
8592,2025-05-14,323,5,2,2,140.44,8.94,280.88,271.94,0,On Time,Online,Current
8593,2025-01-10,809,97,1,1,54.01,9.5,54.01,44.51,0,On Time,Online,Current
8594,2025-01-26,249,80,6,3,119.07,29.26,357.21,327.95,0,On Time,Online,Future
8595,2025-09-13,734,30,6,2,33.3,23.46,66.6,43.14,0,On Time,Online,Future
8596,2024-04-14,856,19,1,3,118.63,7.74,355.89,348.15,0,On Time,Online,Current
8597,2025-05-12,290,17,2,4,141.85,8.88,567.4,558.52,0,On Time,Online,Future
8598,2024-08-03,597,29,1,4,130.05,20.35,520.2,499.85,0,On Time,Online,Current
8599,2025-02-24,864,61,6,1,82.33,24.01,82.33,58.32,0,On Time,In-Store,Current
8600,2025-06-24,398,105,4,1,45.95,4.86,45.95,41.09,0,On Time,Wholesale,Future
8601,2025-06-23,285,16,2,4,103.76,23.39,415.04,391.65,0,On Time,Online,Future
8602,2025-10-07,858,120,3,1,47.37,18.55,47.37,28.82,6,Late,Wholesale,Current
8603,2025-11-06,892,96,6,3,44.65,1.8,133.95,132.15,0,On Time,Online,Future
8604,2024-12-09,415,50,5,3,97.72,11.76,293.16,281.4,0,On Time,Online,Future
8605,2025-09-15,140,95,6,1,168.8,34.39,168.8,134.41,0,On Time,Online,Current
8606,2025-02-20,863,52,2,3,18.05,10.42,54.15,43.73,0,On Time,Online,Current
8607,2024-03-12,722,85,1,3,142.01,34.84,426.03,391.19,0,On Time,Online,Current
8608,2025-04-05,181,29,6,1,130.05,30.6,130.05,99.45,0,On Time,In-Store,Future
8609,2025-05-24,780,116,6,1,159.24,28.7,159.24,130.54,0,On Time,Online,Current
8610,2024-03-21,979,4,4,2,143.64,29.74,287.28,257.54,0,On Time,Online,Current
8611,2024-02-10,950,23,6,2,87.41,31.46,174.82,143.36,0,On Time,Online,Future
8612,2025-04-20,183,13,6,2,109.25,27.61,218.5,190.89,0,On Time,Online,Future
8613,2025-01-01,236,109,6,1,65.96,30.05,65.96,35.91,0,On Time,Online,Current
8614,2025-03-29,64,93,3,1,119.71,11.76,119.71,107.95,0,On Time,Online,Future
8615,2024-05-16,974,30,1,4,33.3,17.24,133.2,115.96,2,Late,Online,Current
8616,2025-06-15,119,120,6,4,47.37,30.1,189.48,159.38,0,On Time,Online,Current
8617,2024-04-29,89,16,3,2,103.76,15.61,207.52,191.91,0,On Time,Online,Current
8618,2024-12-24,315,23,1,2,87.41,30.85,174.82,143.97,1,Late,Click & Collect,Current
8619,2024-08-01,888,118,3,4,167.17,28.66,668.68,640.02,0,On Time,Click & Collect,Current
8620,2025-11-25,614,84,6,3,108.1,5.44,324.3,318.86,0,On Time,Online,Current
8621,2024-08-27,684,102,3,4,68.71,29.31,274.84,245.53,0,On Time,Online,Future
8622,2025-05-08,58,107,6,4,49.65,18.23,198.6,180.37,0,On Time,Online,Future
8623,2025-04-10,903,56,6,1,166.72,8.32,166.72,158.4,0,On Time,Online,Future
8624,2024-09-09,870,81,6,2,110.75,24.54,221.5,196.96,0,On Time,Online,Current
8625,2025-04-21,236,109,1,2,65.96,31.45,131.92,100.47,0,On Time,Wholesale,Current
8626,2024-10-15,373,37,2,4,141.5,3.58,566.0,562.42,0,On Time,Click & Collect,Future
8627,2025-03-04,76,61,2,4,82.33,34.69,329.32,294.63,0,On Time,Wholesale,Future
8628,2025-05-21,634,34,2,3,116.01,13.8,348.03,334.23,4,Late,Wholesale,Current
8629,2025-03-29,464,3,6,1,182.39,18.71,182.39,163.68,0,On Time,Online,Current
8630,2025-03-11,56,59,6,1,99.02,16.2,99.02,82.82,0,On Time,Online,Current
8631,2024-07-07,224,70,3,4,117.81,29.5,471.24,441.74,1,Late,Online,Current
8632,2025-05-26,528,101,4,1,123.75,5.49,123.75,118.26,0,On Time,Online,Current
8633,2024-02-29,657,3,1,4,182.39,20.86,729.56,708.7,0,On Time,Online,Future
8634,2025-06-01,749,120,6,2,47.37,26.91,94.74,67.83,0,On Time,Online,Current
8635,2025-09-19,969,101,1,1,123.75,31.53,123.75,92.22,0,On Time,Online,Current
8636,2025-05-08,400,3,2,3,182.39,14.46,547.17,532.71,0,On Time,Online,Current
8637,2025-02-28,238,46,6,2,117.41,12.98,234.82,221.84,0,On Time,Online,Future
8638,2025-07-25,292,62,6,4,180.58,9.64,722.32,712.68,0,On Time,Online,Future
8639,2024-02-02,656,17,1,3,141.85,6.66,425.55,418.89,0,On Time,Online,Future
8640,2024-12-28,801,70,3,2,117.81,19.15,235.62,216.47,0,On Time,Online,Current
8641,2025-03-25,949,7,3,3,172.34,14.19,517.02,502.83,0,On Time,Online,Current
8642,2025-11-09,307,103,6,3,113.76,20.88,341.28,320.4,0,On Time,Online,Future
8643,2025-11-02,895,81,1,1,110.75,24.77,110.75,85.98,0,On Time,Online,Current
8644,2024-07-23,839,16,1,1,103.76,7.83,103.76,95.93,0,On Time,In-Store,Future
8645,2024-12-01,257,57,2,2,144.33,2.37,288.66,286.29,0,On Time,Online,Current
8646,2025-03-06,53,27,6,4,148.3,24.48,593.2,568.72,0,On Time,Online,Current
8647,2024-07-04,546,106,6,2,28.51,20.79,57.02,36.23,0,On Time,Click & Collect,Future
8648,2025-10-22,150,76,6,2,128.17,15.96,256.34,240.38,0,On Time,Online,Current
8649,2024-10-16,380,85,6,3,142.01,10.53,426.03,415.5,0,On Time,Online,Current
8650,2025-12-03,976,90,1,2,82.64,26.68,165.28,138.6,7,Late,In-Store,Current
8651,2025-09-20,854,55,6,4,80.85,20.62,323.4,302.78,0,On Time,Online,Current
8652,2024-08-12,315,64,6,1,106.6,21.42,106.6,85.18,0,On Time,Online,Future
8653,2025-03-18,752,37,2,2,141.5,31.76,283.0,251.24,0,On Time,Click & Collect,Current
8654,2025-09-22,474,120,5,2,47.37,31.92,94.74,62.82,0,On Time,Online,Future
8655,2025-05-30,609,117,1,4,131.87,7.4,527.48,520.08,0,On Time,Wholesale,Future
8656,2025-07-17,703,104,6,1,154.04,16.53,154.04,137.51,0,On Time,Online,Future
8657,2024-08-02,187,70,6,1,117.81,27.59,117.81,90.22,0,On Time,Online,Future
8658,2024-08-24,621,30,6,1,33.3,10.73,33.3,22.57,0,On Time,Online,Future
8659,2024-10-15,719,60,6,3,148.3,5.47,444.9,439.43,7,Late,Online,Current
8660,2024-06-09,772,104,6,4,154.04,8.28,616.16,607.88,0,On Time,Online,Current
8661,2025-02-12,377,9,2,1,102.79,23.67,102.79,79.12,0,On Time,Online,Current
8662,2024-01-11,650,22,2,3,118.48,3.61,355.44,351.83,0,On Time,Online,Future
8663,2024-11-04,579,98,6,1,192.94,19.81,192.94,173.13,0,On Time,Online,Current
8664,2024-05-05,520,64,6,3,106.6,19.14,319.8,300.66,0,On Time,Wholesale,Current
8665,2025-03-13,666,70,4,1,117.81,17.6,117.81,100.21,0,On Time,Online,Current
8666,2024-08-27,866,112,3,3,167.65,4.84,502.95,498.11,0,On Time,Online,Future
8667,2025-12-02,282,94,6,3,56.02,2.52,168.06,165.54,0,On Time,Online,Current
8668,2024-01-14,867,93,6,3,119.71,5.79,359.13,353.34,0,On Time,Online,Current
8669,2024-04-04,881,34,3,1,116.01,30.57,116.01,85.44,0,On Time,Online,Current
8670,2025-02-10,677,103,1,4,113.76,4.87,455.04,450.17,0,On Time,Online,Current
8671,2025-03-01,179,26,1,4,117.76,15.36,471.04,455.68,0,On Time,Wholesale,Future
8672,2025-10-28,309,30,5,3,33.3,18.38,99.9,81.52,0,On Time,Online,Current
8673,2024-11-19,196,95,4,1,168.8,10.79,168.8,158.01,0,On Time,Online,Current
8674,2024-12-29,559,115,4,3,131.17,1.52,393.51,391.99,0,On Time,Online,Current
8675,2025-11-08,668,57,6,3,144.33,12.07,432.99,420.92,0,On Time,Online,Future
8676,2024-05-11,516,34,3,1,116.01,26.09,116.01,89.92,0,On Time,Click & Collect,Current
8677,2025-03-03,465,64,4,4,106.6,5.83,426.4,420.57,0,On Time,Wholesale,Future
8678,2024-09-10,112,15,5,4,76.6,33.25,306.4,273.15,0,On Time,Click & Collect,Future
8679,2025-04-22,738,101,1,2,123.75,6.27,247.5,241.23,0,On Time,Online,Future
8680,2025-04-22,487,16,6,4,103.76,12.72,415.04,402.32,2,Late,Online,Current
8681,2024-10-21,985,48,3,3,94.16,31.11,282.48,251.37,0,On Time,In-Store,Future
8682,2024-08-30,703,110,1,4,159.94,11.75,639.76,628.01,0,On Time,Click & Collect,Current
8683,2024-08-12,364,36,2,3,162.38,15.2,487.14,471.94,0,On Time,Wholesale,Current
8684,2024-12-11,622,71,6,4,135.62,18.88,542.48,523.6,0,On Time,Online,Future
8685,2025-11-25,139,112,1,1,167.65,19.42,167.65,148.23,0,On Time,Online,Future
8686,2024-11-03,182,32,1,1,183.92,9.73,183.92,174.19,0,On Time,Online,Future
8687,2025-12-17,243,8,6,2,62.57,20.16,125.14,104.98,0,On Time,Online,Future
8688,2024-11-14,221,24,3,3,152.6,16.48,457.8,441.32,0,On Time,Online,Current
8689,2025-04-23,610,71,6,3,135.62,33.46,406.86,373.4,0,On Time,Online,Future
8690,2025-12-27,799,2,3,1,200.36,31.48,200.36,168.88,0,On Time,Click & Collect,Current
8691,2024-04-07,975,45,3,4,29.58,6.46,118.32,111.86,7,Late,Online,Current
8692,2025-08-18,14,59,1,4,99.02,24.28,396.08,371.8,0,On Time,Online,Future
8693,2024-04-04,748,81,6,3,110.75,30.21,332.25,302.04,0,On Time,Online,Future
8694,2024-05-29,635,117,2,1,131.87,6.94,131.87,124.93,0,On Time,Click & Collect,Current
8695,2024-07-24,487,106,2,4,28.51,24.96,114.04,89.08,0,On Time,Click & Collect,Current
8696,2025-02-16,18,39,4,1,128.17,3.11,128.17,125.06,0,On Time,Wholesale,Future
8697,2025-09-19,935,63,1,1,50.08,26.83,50.08,23.25,0,On Time,Click & Collect,Future
8698,2025-09-08,871,18,6,3,53.11,0.06,159.33,159.27,0,On Time,Online,Future
8699,2025-02-04,247,85,2,2,142.01,23.89,284.02,260.13,0,On Time,Wholesale,Future
8700,2024-08-25,906,74,2,1,120.32,29.87,120.32,90.45,0,On Time,Online,Future
8701,2024-11-02,881,15,1,2,76.6,13.99,153.2,139.21,0,On Time,Online,Future
8702,2024-11-13,960,63,4,4,50.08,31.58,200.32,168.74,0,On Time,Wholesale,Current
8703,2025-07-01,766,45,6,2,29.58,11.62,59.16,47.54,0,On Time,Online,Current
8704,2024-06-12,394,20,3,3,93.73,7.09,281.19,274.1,1,Late,Click & Collect,Current
8705,2024-08-12,613,85,6,4,142.01,29.28,568.04,538.76,1,Late,Online,Current
8706,2025-08-31,594,106,5,3,28.51,14.33,85.53,71.2,0,On Time,In-Store,Future
8707,2024-05-08,883,41,4,2,110.65,0.81,221.3,220.49,2,Late,Click & Collect,Current
8708,2025-04-26,87,79,3,2,174.91,17.96,349.82,331.86,0,On Time,In-Store,Future
8709,2024-08-23,201,5,2,2,140.44,34.48,280.88,246.4,0,On Time,In-Store,Current
8710,2025-04-21,845,42,1,1,65.4,9.44,65.4,55.96,0,On Time,Click & Collect,Current
8711,2024-07-06,755,55,2,1,80.85,5.01,80.85,75.84,0,On Time,In-Store,Current
8712,2025-12-08,432,93,6,4,119.71,11.09,478.84,467.75,0,On Time,Online,Future
8713,2024-02-13,527,40,2,1,35.44,18.89,35.44,16.55,0,On Time,Online,Future
8714,2025-05-09,164,71,6,1,135.62,30.0,135.62,105.62,0,On Time,Online,Future
8715,2024-06-07,669,103,6,4,113.76,5.46,455.04,449.58,0,On Time,Online,Future
8716,2024-12-22,999,91,6,2,85.5,15.38,171.0,155.62,0,On Time,Online,Future
8717,2025-09-17,703,119,6,1,21.52,4.58,21.52,16.94,0,On Time,Wholesale,Current
8718,2025-07-21,233,84,6,3,108.1,34.15,324.3,290.15,0,On Time,Click & Collect,Current
8719,2025-03-09,355,107,6,1,49.65,19.72,49.65,29.93,5,Late,Online,Current
8720,2025-04-09,275,75,1,4,112.15,18.58,448.6,430.02,0,On Time,In-Store,Current
8721,2024-03-16,410,79,6,1,174.91,5.6,174.91,169.31,0,On Time,Online,Future
8722,2024-03-30,597,89,6,2,144.37,5.57,288.74,283.17,3,Late,Online,Current
8723,2024-05-28,405,54,2,4,110.37,13.49,441.48,427.99,0,On Time,Online,Future
8724,2025-08-29,313,41,2,3,110.65,30.97,331.95,300.98,0,On Time,Wholesale,Future
8725,2025-02-15,730,91,3,4,85.5,3.47,342.0,338.53,2,Late,Online,Current
8726,2024-10-22,991,23,1,3,87.41,7.04,262.23,255.19,0,On Time,Online,Current
8727,2024-10-16,696,24,4,4,152.6,3.26,610.4,607.14,0,On Time,Online,Future
8728,2024-04-11,630,50,5,4,97.72,7.54,390.88,383.34,0,On Time,Online,Future
8729,2024-09-23,379,12,6,4,177.18,32.02,708.72,676.7,0,On Time,Online,Current
8730,2024-07-17,415,110,6,4,159.94,11.29,639.76,628.47,0,On Time,Online,Current
8731,2024-05-19,460,5,6,4,140.44,26.05,561.76,535.71,0,On Time,Online,Current
8732,2024-08-29,668,81,6,1,110.75,1.74,110.75,109.01,0,On Time,Online,Future
8733,2024-08-26,809,16,3,4,103.76,2.49,415.04,412.55,0,On Time,Click & Collect,Future
8734,2024-05-31,651,14,5,4,85.15,28.45,340.6,312.15,0,On Time,Online,Current
8735,2025-09-02,748,92,6,1,46.38,13.82,46.38,32.56,0,On Time,Online,Current
8736,2025-12-25,411,52,6,1,18.05,13.73,18.05,4.32,0,On Time,Online,Future
8737,2024-06-19,143,85,5,2,142.01,29.17,284.02,254.85,0,On Time,Online,Current
8738,2024-08-29,92,60,6,1,148.3,6.02,148.3,142.28,0,On Time,Online,Current
8739,2024-04-19,713,8,6,2,62.57,25.49,125.14,99.65,6,Late,Online,Current
8740,2025-05-29,371,110,1,4,159.94,8.44,639.76,631.32,0,On Time,Online,Future
8741,2024-04-17,287,18,6,2,53.11,23.82,106.22,82.4,0,On Time,Online,Future
8742,2024-04-28,785,35,6,1,41.4,6.78,41.4,34.62,0,On Time,Online,Current
8743,2024-09-25,120,37,1,3,141.5,0.38,424.5,424.12,0,On Time,In-Store,Future
8744,2025-09-01,747,100,6,1,91.89,30.33,91.89,61.56,0,On Time,Online,Current
8745,2025-01-14,203,14,6,1,85.15,4.59,85.15,80.56,0,On Time,Online,Future
8746,2024-05-09,16,31,3,2,64.76,29.31,129.52,100.21,0,On Time,Online,Future
8747,2024-01-14,400,83,6,1,73.64,26.13,73.64,47.51,0,On Time,Online,Current
8748,2024-01-02,541,68,4,4,76.01,9.19,304.04,294.85,0,On Time,Online,Future
8749,2025-04-26,102,114,1,2,83.67,23.31,167.34,144.03,0,On Time,Wholesale,Future
8750,2024-02-10,152,94,1,4,56.02,28.26,224.08,195.82,0,On Time,Online,Future
8751,2024-01-20,837,111,6,3,139.05,28.18,417.15,388.97,0,On Time,Online,Future
8752,2024-03-11,113,77,4,3,132.93,29.87,398.79,368.92,0,On Time,Wholesale,Current
8753,2025-07-09,841,39,1,2,128.17,7.25,256.34,249.09,0,On Time,Wholesale,Future
8754,2024-05-28,418,119,2,2,21.52,20.78,43.04,22.26,0,On Time,Online,Current
8755,2025-03-16,709,27,1,3,148.3,20.52,444.9,424.38,1,Late,Click & Collect,Future
8756,2024-11-23,827,74,5,2,120.32,26.01,240.64,214.63,0,On Time,Wholesale,Current
8757,2024-01-24,528,51,1,2,110.62,25.42,221.24,195.82,6,Late,Online,Current
8758,2025-06-19,648,61,6,1,82.33,6.88,82.33,75.45,6,Late,Wholesale,Current
8759,2025-02-12,980,9,6,1,102.79,4.66,102.79,98.13,0,On Time,Online,Future
8760,2024-04-19,155,49,6,3,134.92,2.5,404.76,402.26,0,On Time,Online,Current
8761,2025-04-09,688,88,6,3,41.48,11.41,124.44,113.03,2,Late,Online,Current
8762,2024-06-07,938,97,6,2,54.01,27.36,108.02,80.66,0,On Time,Wholesale,Current
8763,2025-10-07,811,23,6,4,87.41,15.3,349.64,334.34,0,On Time,Online,Current
8764,2024-06-25,139,18,1,4,53.11,0.76,212.44,211.68,0,On Time,Wholesale,Current
8765,2025-04-21,270,53,2,3,103.59,22.18,310.77,288.59,4,Late,In-Store,Current
8766,2024-03-22,831,30,6,1,33.3,15.54,33.3,17.76,0,On Time,Online,Current
8767,2025-01-02,803,18,5,4,53.11,5.42,212.44,207.02,1,Late,Click & Collect,Current
8768,2025-01-10,851,5,6,2,140.44,4.47,280.88,276.41,0,On Time,In-Store,Current
8769,2025-04-19,798,63,4,3,50.08,24.89,150.24,125.35,0,On Time,Online,Current
8770,2025-11-16,463,119,4,3,21.52,22.73,64.56,41.83,0,On Time,Online,Future
8771,2024-10-03,245,10,1,3,78.41,24.97,235.23,210.26,0,On Time,Online,Current
8772,2024-01-02,979,57,6,4,144.33,17.59,577.32,559.73,0,On Time,Online,Future
8773,2024-03-21,46,92,3,2,46.38,3.65,92.76,89.11,0,On Time,Online,Current
8774,2024-03-28,872,91,6,3,85.5,4.94,256.5,251.56,0,On Time,Online,Future
8775,2025-12-15,107,110,6,4,159.94,30.6,639.76,609.16,0,On Time,Online,Current
8776,2025-10-24,829,41,1,4,110.65,18.63,442.6,423.97,0,On Time,Online,Current
8777,2025-07-11,135,72,6,3,141.82,25.53,425.46,399.93,0,On Time,Online,Future
8778,2025-11-12,302,39,6,4,128.17,20.97,512.68,491.71,0,On Time,In-Store,Future
8779,2024-03-13,107,21,2,3,44.65,1.16,133.95,132.79,0,On Time,Click & Collect,Future
8780,2025-10-22,142,64,1,2,106.6,30.35,213.2,182.85,2,Late,Online,Current
8781,2025-05-15,630,63,6,3,50.08,9.52,150.24,140.72,0,On Time,Online,Future
8782,2025-12-17,250,1,3,1,125.71,7.44,125.71,118.27,0,On Time,Click & Collect,Current
8783,2025-03-23,688,52,2,3,18.05,17.31,54.15,36.84,0,On Time,Wholesale,Current
8784,2025-12-24,840,86,6,1,102.94,26.97,102.94,75.97,0,On Time,Online,Current
8785,2025-01-28,571,21,1,2,44.65,7.89,89.3,81.41,0,On Time,Wholesale,Future
8786,2024-12-05,219,108,1,3,50.05,18.75,150.15,131.4,0,On Time,In-Store,Future
8787,2025-09-10,309,43,2,1,129.42,22.54,129.42,106.88,0,On Time,Wholesale,Current
8788,2024-11-30,362,20,6,4,93.73,24.64,374.92,350.28,2,Late,Online,Current
8789,2024-04-21,129,63,6,2,50.08,4.04,100.16,96.12,3,Late,Online,Current
8790,2025-09-11,991,65,2,1,71.32,23.67,71.32,47.65,0,On Time,Click & Collect,Current
8791,2024-08-13,586,46,6,4,117.41,9.16,469.64,460.48,0,On Time,Wholesale,Future
8792,2025-06-27,873,39,6,4,128.17,29.5,512.68,483.18,0,On Time,Online,Future
8793,2024-05-08,677,61,6,1,82.33,27.99,82.33,54.34,0,On Time,Online,Future
8794,2024-03-18,658,66,1,1,105.25,22.32,105.25,82.93,0,On Time,Wholesale,Current
8795,2024-05-06,136,4,5,2,143.64,0.23,287.28,287.05,0,On Time,Wholesale,Future
8796,2025-03-11,423,85,6,1,142.01,7.56,142.01,134.45,0,On Time,Online,Current
8797,2025-07-15,882,14,1,4,85.15,30.8,340.6,309.8,0,On Time,Online,Current
8798,2025-10-03,309,40,6,2,35.44,27.07,70.88,43.81,0,On Time,Online,Future
8799,2024-01-01,767,43,6,3,129.42,26.27,388.26,361.99,3,Late,Online,Current
8800,2024-09-07,828,78,6,2,57.86,4.45,115.72,111.27,0,On Time,Online,Future
8801,2024-12-25,267,102,1,3,68.71,20.5,206.13,185.63,0,On Time,Wholesale,Current
8802,2025-02-27,67,54,1,3,110.37,9.97,331.11,321.14,0,On Time,Online,Current
8803,2024-05-21,818,90,6,2,82.64,16.24,165.28,149.04,0,On Time,Online,Future
8804,2025-11-17,239,45,6,1,29.58,4.69,29.58,24.89,0,On Time,Online,Current
8805,2024-12-21,792,15,1,4,76.6,32.27,306.4,274.13,0,On Time,In-Store,Current
8806,2025-12-19,258,4,5,1,143.64,11.33,143.64,132.31,0,On Time,Online,Current
8807,2024-04-09,562,23,4,4,87.41,12.01,349.64,337.63,0,On Time,Online,Future
8808,2025-10-19,416,82,1,3,135.39,31.12,406.17,375.05,0,On Time,Click & Collect,Future
8809,2024-01-21,156,39,5,1,128.17,5.09,128.17,123.08,0,On Time,Click & Collect,Current
8810,2024-11-07,57,25,6,1,27.12,31.63,27.12,-4.51,0,On Time,Online,Current
8811,2025-03-20,738,11,2,2,40.32,25.53,80.64,55.11,0,On Time,Click & Collect,Current
8812,2025-06-09,803,44,1,2,107.15,5.81,214.3,208.49,0,On Time,In-Store,Future
8813,2024-03-24,832,118,6,2,167.17,23.58,334.34,310.76,4,Late,Online,Current
8814,2024-11-08,97,22,1,4,118.48,1.76,473.92,472.16,0,On Time,Online,Future
8815,2024-05-09,595,43,3,4,129.42,11.91,517.68,505.77,0,On Time,In-Store,Current
8816,2025-07-14,385,82,2,3,135.39,34.87,406.17,371.3,0,On Time,In-Store,Current
8817,2024-08-21,642,65,4,1,71.32,23.46,71.32,47.86,5,Late,Online,Current
8818,2025-08-28,951,50,4,1,97.72,10.34,97.72,87.38,0,On Time,Wholesale,Future
8819,2024-06-08,372,44,2,4,107.15,13.81,428.6,414.79,0,On Time,Online,Current
8820,2025-12-22,601,60,1,1,148.3,33.49,148.3,114.81,0,On Time,Click & Collect,Future
8821,2024-12-26,320,63,5,2,50.08,32.59,100.16,67.57,0,On Time,Online,Future
8822,2025-03-29,671,28,1,2,154.21,17.2,308.42,291.22,0,On Time,Online,Current
8823,2024-12-19,24,111,4,1,139.05,30.79,139.05,108.26,0,On Time,Online,Future
8824,2024-09-17,437,24,5,4,152.6,22.13,610.4,588.27,0,On Time,In-Store,Current
8825,2025-12-09,538,88,2,1,41.48,1.94,41.48,39.54,0,On Time,Click & Collect,Current
8826,2024-09-19,314,87,6,3,80.57,29.58,241.71,212.13,0,On Time,Online,Future
8827,2024-07-01,973,106,6,4,28.51,29.56,114.04,84.48,0,On Time,Online,Current
8828,2024-05-19,684,28,3,4,154.21,3.38,616.84,613.46,0,On Time,Online,Future
8829,2025-10-05,820,64,6,1,106.6,26.78,106.6,79.82,0,On Time,Online,Current
8830,2025-02-04,927,41,2,1,110.65,2.71,110.65,107.94,0,On Time,In-Store,Current
8831,2025-07-16,825,24,6,1,152.6,22.12,152.6,130.48,0,On Time,Online,Current
8832,2025-03-07,904,41,6,3,110.65,12.6,331.95,319.35,0,On Time,Online,Current
8833,2025-06-13,678,32,2,2,183.92,15.89,367.84,351.95,6,Late,Click & Collect,Current
8834,2025-10-02,406,72,1,2,141.82,5.56,283.64,278.08,0,On Time,Online,Current
8835,2024-06-28,358,11,2,2,40.32,3.54,80.64,77.1,0,On Time,Wholesale,Current
8836,2025-08-29,339,55,6,3,80.85,2.92,242.55,239.63,2,Late,Online,Future
8837,2025-10-27,636,38,6,4,97.97,16.51,391.88,375.37,0,On Time,Online,Current
8838,2024-08-27,593,115,3,1,131.17,4.73,131.17,126.44,2,Late,Online,Current
8839,2024-06-04,387,66,6,1,105.25,11.4,105.25,93.85,0,On Time,Wholesale,Future
8840,2024-09-08,793,113,6,4,120.7,15.16,482.8,467.64,6,Late,Online,Current
8841,2025-10-23,716,100,6,4,91.89,18.73,367.56,348.83,0,On Time,Online,Current
8842,2025-06-29,404,119,6,3,21.52,8.63,64.56,55.93,6,Late,Online,Current
8843,2025-05-31,184,78,5,3,57.86,18.03,173.58,155.55,0,On Time,Wholesale,Future
8844,2024-12-01,683,2,6,2,200.36,17.4,400.72,383.32,0,On Time,Online,Current
8845,2025-10-09,681,97,6,4,54.01,17.51,216.04,198.53,6,Late,Online,Current
8846,2024-06-20,326,52,6,1,18.05,29.57,18.05,-11.52,0,On Time,Online,Future
8847,2024-07-17,35,24,5,2,152.6,13.26,305.2,291.94,0,On Time,Online,Future
8848,2025-10-31,37,79,1,4,174.91,11.74,699.64,687.9,4,Late,Online,Current
8849,2025-10-14,158,104,2,4,154.04,7.21,616.16,608.95,0,On Time,Online,Future
8850,2024-05-02,629,80,1,4,119.07,12.14,476.28,464.14,0,On Time,Wholesale,Current
8851,2024-07-05,352,11,2,2,40.32,4.75,80.64,75.89,0,On Time,Click & Collect,Future
8852,2024-09-05,362,66,1,2,105.25,10.03,210.5,200.47,0,On Time,Online,Current
8853,2024-12-21,403,65,2,4,71.32,30.11,285.28,255.17,0,On Time,Online,Current
8854,2024-01-13,82,66,6,3,105.25,14.93,315.75,300.82,0,On Time,Online,Future
8855,2025-11-21,846,7,6,2,172.34,28.2,344.68,316.48,0,On Time,Online,Current
8856,2024-08-14,881,20,6,1,93.73,19.63,93.73,74.1,0,On Time,Online,Future
8857,2025-05-07,945,27,6,1,148.3,25.9,148.3,122.4,0,On Time,Online,Current
8858,2025-06-20,316,8,2,1,62.57,13.09,62.57,49.48,0,On Time,In-Store,Current
8859,2024-06-25,850,21,4,1,44.65,4.23,44.65,40.42,0,On Time,Online,Future
8860,2024-03-23,959,90,3,4,82.64,3.26,330.56,327.3,1,Late,Online,Current
8861,2024-09-18,450,86,2,3,102.94,23.8,308.82,285.02,1,Late,Online,Current
8862,2024-07-19,660,118,6,2,167.17,18.45,334.34,315.89,0,On Time,Online,Current
8863,2024-11-17,284,118,2,3,167.17,29.01,501.51,472.5,0,On Time,Online,Current
8864,2025-04-08,882,62,3,4,180.58,8.44,722.32,713.88,0,On Time,In-Store,Future
8865,2024-11-04,17,86,2,1,102.94,13.93,102.94,89.01,0,On Time,Online,Current
8866,2025-11-27,702,86,3,4,102.94,29.63,411.76,382.13,0,On Time,Online,Current
8867,2025-02-19,115,81,5,3,110.75,25.29,332.25,306.96,0,On Time,Online,Current
8868,2025-04-26,685,99,6,4,170.64,16.34,682.56,666.22,0,On Time,Online,Future
8869,2024-08-30,674,22,6,4,118.48,4.36,473.92,469.56,0,On Time,Online,Current
8870,2025-07-14,407,51,5,3,110.62,11.75,331.86,320.11,0,On Time,Online,Future
8871,2025-02-27,854,7,1,3,172.34,18.16,517.02,498.86,0,On Time,Online,Future
8872,2024-11-10,247,71,2,1,135.62,17.22,135.62,118.4,0,On Time,In-Store,Current
8873,2024-03-19,138,22,6,3,118.48,0.07,355.44,355.37,0,On Time,Online,Future
8874,2025-04-14,373,2,1,4,200.36,23.82,801.44,777.62,0,On Time,Wholesale,Future
8875,2025-09-16,80,8,4,1,62.57,11.32,62.57,51.25,0,On Time,Online,Future
8876,2025-11-27,494,23,4,4,87.41,7.38,349.64,342.26,2,Late,Online,Current
8877,2024-10-17,339,73,3,3,20.46,14.14,61.38,47.24,0,On Time,Online,Current
8878,2024-06-19,25,1,1,1,125.71,22.85,125.71,102.86,0,On Time,Online,Current
8879,2025-09-09,785,5,6,2,140.44,2.42,280.88,278.46,0,On Time,Online,Future
8880,2024-08-22,878,11,1,2,40.32,14.63,80.64,66.01,0,On Time,In-Store,Current
8881,2024-10-29,354,90,1,2,82.64,13.15,165.28,152.13,0,On Time,Online,Future
8882,2025-06-12,122,29,3,4,130.05,14.42,520.2,505.78,0,On Time,In-Store,Current
8883,2024-10-02,477,2,4,2,200.36,29.87,400.72,370.85,0,On Time,Click & Collect,Current
8884,2024-05-06,591,55,6,1,80.85,19.09,80.85,61.76,0,On Time,Online,Current
8885,2025-10-23,945,33,2,4,219.29,25.64,877.16,851.52,0,On Time,Online,Current
8886,2024-07-07,405,114,6,1,83.67,27.98,83.67,55.69,0,On Time,Online,Current
8887,2025-03-21,482,85,5,4,142.01,3.92,568.04,564.12,0,On Time,Online,Current
8888,2024-12-02,337,83,4,3,73.64,4.1,220.92,216.82,0,On Time,Online,Current
8889,2024-05-14,589,34,2,1,116.01,25.42,116.01,90.59,0,On Time,Online,Current
8890,2025-12-03,792,118,6,3,167.17,23.2,501.51,478.31,0,On Time,Online,Future
8891,2024-10-30,419,51,5,1,110.62,18.66,110.62,91.96,0,On Time,Online,Current
8892,2025-07-27,159,22,1,1,118.48,8.03,118.48,110.45,0,On Time,Click & Collect,Current
8893,2024-04-26,504,84,1,1,108.1,8.37,108.1,99.73,3,Late,In-Store,Current
8894,2024-04-26,163,49,6,3,134.92,10.58,404.76,394.18,6,Late,Online,Current
8895,2025-11-01,64,72,6,3,141.82,2.91,425.46,422.55,0,On Time,Online,Current
8896,2025-12-14,398,35,2,4,41.4,19.07,165.6,146.53,0,On Time,Click & Collect,Future
8897,2025-08-04,724,29,6,1,130.05,13.99,130.05,116.06,0,On Time,Online,Current
8898,2025-09-08,191,51,2,4,110.62,3.96,442.48,438.52,0,On Time,Online,Current
8899,2024-01-21,566,23,3,4,87.41,0.3,349.64,349.34,0,On Time,Online,Current
8900,2024-03-20,209,88,6,1,41.48,13.19,41.48,28.29,0,On Time,Online,Future
8901,2024-12-02,733,46,2,1,117.41,20.33,117.41,97.08,6,Late,Wholesale,Current
8902,2024-05-13,742,87,6,4,80.57,26.85,322.28,295.43,0,On Time,Online,Future
8903,2024-02-22,456,72,6,1,141.82,1.83,141.82,139.99,0,On Time,Online,Current
8904,2024-05-21,887,51,1,3,110.62,19.35,331.86,312.51,0,On Time,Click & Collect,Future
8905,2024-04-15,542,61,6,3,82.33,33.92,246.99,213.07,0,On Time,Online,Current
8906,2025-05-07,457,80,3,4,119.07,31.45,476.28,444.83,0,On Time,In-Store,Current
8907,2024-01-08,16,26,3,1,117.76,31.55,117.76,86.21,3,Late,Online,Current
8908,2024-06-20,91,1,1,2,125.71,4.92,251.42,246.5,0,On Time,In-Store,Future
8909,2024-02-14,337,22,3,2,118.48,11.93,236.96,225.03,0,On Time,Online,Future
8910,2024-10-17,197,10,3,2,78.41,10.82,156.82,146.0,0,On Time,Online,Current
8911,2024-09-02,476,68,6,3,76.01,26.15,228.03,201.88,0,On Time,Online,Future
8912,2024-05-08,568,113,3,3,120.7,4.98,362.1,357.12,2,Late,Click & Collect,Current
8913,2025-01-26,825,44,3,1,107.15,1.34,107.15,105.81,0,On Time,Click & Collect,Future
8914,2024-08-22,631,9,3,3,102.79,33.99,308.37,274.38,0,On Time,In-Store,Future
8915,2024-08-11,916,58,1,1,118.61,19.15,118.61,99.46,0,On Time,Online,Future
8916,2024-01-30,371,10,3,1,78.41,24.71,78.41,53.7,0,On Time,Online,Future
8917,2025-09-18,790,112,2,2,167.65,29.78,335.3,305.52,3,Late,Online,Current
8918,2024-12-31,488,7,1,4,172.34,28.06,689.36,661.3,0,On Time,Online,Future
8919,2024-09-08,270,38,6,4,97.97,21.49,391.88,370.39,0,On Time,Online,Future
8920,2024-01-31,992,28,1,2,154.21,17.82,308.42,290.6,0,On Time,Click & Collect,Future
8921,2025-01-28,191,56,5,2,166.72,11.78,333.44,321.66,0,On Time,Online,Future
8922,2025-12-24,923,74,1,4,120.32,23.44,481.28,457.84,0,On Time,Wholesale,Future
8923,2025-01-02,855,11,1,4,40.32,22.59,161.28,138.69,0,On Time,Online,Future
8924,2025-09-18,208,57,2,2,144.33,24.62,288.66,264.04,4,Late,Wholesale,Current
8925,2024-12-10,379,43,2,4,129.42,19.37,517.68,498.31,0,On Time,Online,Current
8926,2025-04-22,824,10,6,4,78.41,13.89,313.64,299.75,0,On Time,Online,Future
8927,2024-03-11,767,65,5,3,71.32,10.11,213.96,203.85,1,Late,Wholesale,Future
8928,2025-03-09,829,28,2,3,154.21,32.6,462.63,430.03,2,Late,Wholesale,Current
8929,2025-07-20,242,93,6,2,119.71,22.38,239.42,217.04,0,On Time,Online,Current
8930,2025-02-18,785,111,1,1,139.05,6.92,139.05,132.13,0,On Time,Wholesale,Future
8931,2024-07-11,837,96,4,2,44.65,32.15,89.3,57.15,0,On Time,Online,Future
8932,2025-06-17,977,68,5,1,76.01,2.01,76.01,74.0,3,Late,In-Store,Current
8933,2024-03-11,163,83,6,2,73.64,28.58,147.28,118.7,3,Late,Online,Current
8934,2024-11-11,414,118,6,1,167.17,30.81,167.17,136.36,0,On Time,Online,Future
8935,2025-01-03,985,103,6,3,113.76,23.25,341.28,318.03,0,On Time,Online,Future
8936,2024-02-10,178,115,6,2,131.17,20.72,262.34,241.62,0,On Time,Online,Current
8937,2025-02-28,812,71,2,4,135.62,0.93,542.48,541.55,0,On Time,In-Store,Current
8938,2024-11-22,595,112,6,1,167.65,5.04,167.65,162.61,0,On Time,Online,Future
8939,2024-06-09,237,37,6,1,141.5,27.25,141.5,114.25,0,On Time,Online,Current
8940,2025-05-11,575,78,1,1,57.86,23.43,57.86,34.43,3,Late,Online,Current
8941,2025-01-26,732,94,2,2,56.02,12.19,112.04,99.85,0,On Time,Online,Current
8942,2024-10-27,881,56,5,3,166.72,6.63,500.16,493.53,0,On Time,Online,Current
8943,2024-08-27,651,112,6,2,167.65,12.1,335.3,323.2,0,On Time,Online,Future
8944,2025-10-28,935,109,2,4,65.96,10.44,263.84,253.4,0,On Time,In-Store,Future
8945,2025-06-28,268,42,2,3,65.4,24.58,196.2,171.62,0,On Time,Click & Collect,Future
8946,2025-09-15,787,50,1,3,97.72,10.53,293.16,282.63,0,On Time,Online,Future
8947,2025-11-14,942,103,3,2,113.76,30.86,227.52,196.66,0,On Time,Wholesale,Current
8948,2025-06-27,755,56,6,1,166.72,24.25,166.72,142.47,0,On Time,Online,Current
8949,2024-05-02,848,69,4,2,82.06,19.58,164.12,144.54,0,On Time,Click & Collect,Future
8950,2024-09-23,238,54,3,1,110.37,7.55,110.37,102.82,0,On Time,Online,Current
8951,2024-09-25,197,62,3,1,180.58,13.36,180.58,167.22,0,On Time,Online,Current
8952,2024-01-15,65,112,1,2,167.65,6.88,335.3,328.42,0,On Time,In-Store,Current
8953,2025-05-04,597,109,6,2,65.96,0.26,131.92,131.66,0,On Time,In-Store,Current
8954,2024-07-24,630,27,4,3,148.3,13.05,444.9,431.85,0,On Time,Online,Future
8955,2025-03-22,245,39,1,3,128.17,6.73,384.51,377.78,0,On Time,Online,Future
8956,2024-09-18,629,77,6,3,132.93,32.24,398.79,366.55,0,On Time,Online,Current
8957,2024-07-10,177,78,4,1,57.86,4.19,57.86,53.67,0,On Time,Wholesale,Current
8958,2025-11-15,964,39,3,2,128.17,7.13,256.34,249.21,0,On Time,Click & Collect,Current
8959,2025-05-15,275,13,2,2,109.25,25.6,218.5,192.9,6,Late,Online,Current
8960,2025-05-21,75,82,5,3,135.39,19.75,406.17,386.42,0,On Time,Online,Current
8961,2025-02-21,31,45,1,3,29.58,12.58,88.74,76.16,0,On Time,Online,Current
8962,2024-01-18,595,110,6,4,159.94,32.9,639.76,606.86,0,On Time,Online,Current
8963,2025-10-16,108,102,6,3,68.71,2.35,206.13,203.78,0,On Time,Online,Current
8964,2025-05-12,931,66,2,4,105.25,28.44,421.0,392.56,0,On Time,Online,Current
8965,2025-04-30,665,27,6,1,148.3,14.35,148.3,133.95,0,On Time,Online,Current
8966,2024-05-26,693,15,4,4,76.6,27.49,306.4,278.91,0,On Time,Online,Future
8967,2024-03-10,763,104,3,4,154.04,3.17,616.16,612.99,0,On Time,Click & Collect,Future
8968,2024-01-04,410,94,5,3,56.02,28.43,168.06,139.63,0,On Time,Online,Current
8969,2024-11-14,380,38,6,3,97.97,21.89,293.91,272.02,0,On Time,Online,Future
8970,2024-06-28,965,113,6,1,120.7,23.15,120.7,97.55,2,Late,Online,Future
8971,2025-07-07,16,42,6,1,65.4,11.08,65.4,54.32,0,On Time,Online,Current
8972,2024-11-23,386,106,6,4,28.51,15.69,114.04,98.35,0,On Time,Online,Current
8973,2025-10-30,706,29,3,2,130.05,32.94,260.1,227.16,4,Late,Online,Current
8974,2024-01-18,410,50,2,3,97.72,1.82,293.16,291.34,0,On Time,In-Store,Current
8975,2024-02-03,340,23,3,3,87.41,9.39,262.23,252.84,0,On Time,Online,Future
8976,2024-11-13,988,102,1,1,68.71,2.54,68.71,66.17,1,Late,Online,Future
8977,2025-07-10,295,119,6,3,21.52,6.03,64.56,58.53,0,On Time,Online,Future
8978,2024-07-10,851,23,1,1,87.41,26.98,87.41,60.43,0,On Time,Online,Current
8979,2025-09-20,887,2,4,3,200.36,8.82,601.08,592.26,0,On Time,Online,Future
8980,2025-07-25,5,29,2,2,130.05,19.55,260.1,240.55,2,Late,Wholesale,Future
8981,2024-02-24,884,20,6,4,93.73,32.17,374.92,342.75,0,On Time,Online,Future
8982,2025-01-31,122,106,2,3,28.51,24.25,85.53,61.28,0,On Time,Online,Future
8983,2025-04-14,428,19,6,1,118.63,18.89,118.63,99.74,0,On Time,Online,Current
8984,2025-10-13,902,93,5,1,119.71,4.14,119.71,115.57,0,On Time,Online,Future
8985,2025-09-28,291,36,1,3,162.38,30.37,487.14,456.77,0,On Time,Click & Collect,Current
8986,2024-04-10,390,38,6,3,97.97,16.29,293.91,277.62,0,On Time,Online,Future
8987,2025-12-30,139,115,6,4,131.17,18.56,524.68,506.12,0,On Time,Online,Future
8988,2024-08-07,625,2,2,3,200.36,29.03,601.08,572.05,0,On Time,Online,Current
8989,2025-12-14,573,77,6,3,132.93,14.87,398.79,383.92,0,On Time,Online,Future
8990,2024-08-27,615,45,5,3,29.58,23.9,88.74,64.84,0,On Time,Click & Collect,Current
8991,2025-11-29,614,27,2,2,148.3,31.34,296.6,265.26,0,On Time,Online,Current
8992,2025-05-10,344,60,1,1,148.3,17.96,148.3,130.34,6,Late,Online,Current
8993,2025-07-06,282,3,1,4,182.39,25.31,729.56,704.25,0,On Time,Online,Future
8994,2025-05-08,259,86,1,2,102.94,1.9,205.88,203.98,0,On Time,Click & Collect,Future
8995,2025-11-05,940,44,6,1,107.15,10.76,107.15,96.39,4,Late,Online,Current
8996,2025-05-30,934,111,6,4,139.05,24.29,556.2,531.91,0,On Time,Online,Current
8997,2025-10-30,755,117,1,2,131.87,14.27,263.74,249.47,0,On Time,Wholesale,Current
8998,2025-05-02,370,64,4,4,106.6,20.21,426.4,406.19,6,Late,Online,Current
8999,2024-01-20,789,60,6,2,148.3,25.82,296.6,270.78,0,On Time,Online,Future
9000,2025-07-21,819,78,1,2,57.86,24.49,115.72,91.23,0,On Time,Online,Current
9001,2024-12-20,345,62,3,3,180.58,22.01,541.74,519.73,0,On Time,In-Store,Current
9002,2025-04-01,64,110,3,2,159.94,14.32,319.88,305.56,0,On Time,In-Store,Future
9003,2024-05-30,976,53,3,2,103.59,23.83,207.18,183.35,0,On Time,Online,Future
9004,2024-09-17,844,18,2,1,53.11,6.03,53.11,47.08,0,On Time,Online,Future
9005,2025-05-08,3,70,1,1,117.81,10.12,117.81,107.69,0,On Time,Online,Current
9006,2025-01-13,553,1,3,2,125.71,9.14,251.42,242.28,6,Late,Wholesale,Current
9007,2024-04-05,553,21,6,4,44.65,3.2,178.6,175.4,2,Late,Click & Collect,Future
9008,2024-12-08,605,24,2,4,152.6,12.54,610.4,597.86,1,Late,In-Store,Current
9009,2025-11-08,171,54,1,2,110.37,24.72,220.74,196.02,4,Late,Click & Collect,Current
9010,2024-04-14,129,55,6,1,80.85,10.39,80.85,70.46,0,On Time,Online,Current
9011,2025-04-09,572,101,1,1,123.75,13.23,123.75,110.52,0,On Time,Wholesale,Current
9012,2024-07-22,420,104,1,3,154.04,18.87,462.12,443.25,0,On Time,Online,Future
9013,2024-03-01,564,76,6,4,128.17,13.47,512.68,499.21,0,On Time,Online,Future
9014,2024-09-04,161,118,2,3,167.17,20.13,501.51,481.38,0,On Time,Wholesale,Future
9015,2024-06-18,418,32,4,1,183.92,16.65,183.92,167.27,0,On Time,Online,Future
9016,2024-09-27,247,119,5,2,21.52,14.77,43.04,28.27,0,On Time,Wholesale,Current
9017,2024-09-22,585,2,2,2,200.36,18.11,400.72,382.61,0,On Time,Online,Current
9018,2024-05-21,916,52,1,4,18.05,2.9,72.2,69.3,0,On Time,Wholesale,Future
9019,2024-04-15,301,21,6,4,44.65,1.51,178.6,177.09,0,On Time,Online,Current
9020,2025-07-14,199,72,2,3,141.82,33.91,425.46,391.55,0,On Time,Online,Current
9021,2024-01-05,663,56,3,4,166.72,34.75,666.88,632.13,0,On Time,Online,Current
9022,2024-05-29,506,48,6,3,94.16,28.78,282.48,253.7,0,On Time,Online,Current
9023,2025-09-13,508,83,1,4,73.64,6.69,294.56,287.87,0,On Time,Online,Current
9024,2024-09-05,609,46,3,2,117.41,30.78,234.82,204.04,0,On Time,Click & Collect,Current
9025,2025-07-23,947,85,6,3,142.01,34.22,426.03,391.81,0,On Time,Online,Future
9026,2025-10-22,57,45,3,3,29.58,22.27,88.74,66.47,0,On Time,In-Store,Current
9027,2024-09-19,806,72,6,3,141.82,18.66,425.46,406.8,0,On Time,Click & Collect,Future
9028,2025-04-28,522,45,2,3,29.58,5.64,88.74,83.1,0,On Time,Online,Current
9029,2024-07-23,793,98,1,2,192.94,28.32,385.88,357.56,0,On Time,Online,Current
9030,2025-01-25,111,62,6,1,180.58,34.47,180.58,146.11,0,On Time,Online,Current
9031,2024-04-28,650,117,2,1,131.87,32.67,131.87,99.2,0,On Time,Click & Collect,Current
9032,2025-11-11,346,26,6,2,117.76,18.99,235.52,216.53,0,On Time,Online,Future
9033,2025-06-13,771,117,1,2,131.87,20.85,263.74,242.89,0,On Time,Online,Current
9034,2025-01-05,137,55,6,1,80.85,23.5,80.85,57.35,0,On Time,Online,Future
9035,2024-06-04,410,65,1,2,71.32,15.58,142.64,127.06,0,On Time,Click & Collect,Current
9036,2024-02-13,490,120,5,4,47.37,18.84,189.48,170.64,0,On Time,Click & Collect,Current
9037,2024-05-14,514,94,6,3,56.02,8.3,168.06,159.76,0,On Time,Online,Current
9038,2025-11-24,669,119,5,3,21.52,7.52,64.56,57.04,6,Late,In-Store,Current
9039,2024-12-26,871,105,4,3,45.95,11.46,137.85,126.39,1,Late,Click & Collect,Current
9040,2025-09-17,609,60,5,2,148.3,7.3,296.6,289.3,0,On Time,Online,Current
9041,2024-11-22,869,64,1,2,106.6,31.72,213.2,181.48,0,On Time,Online,Future
9042,2024-05-29,800,24,4,1,152.6,10.37,152.6,142.23,0,On Time,Online,Current
9043,2024-08-11,897,114,6,2,83.67,14.54,167.34,152.8,0,On Time,Online,Current
9044,2025-04-07,682,91,2,2,85.5,13.69,171.0,157.31,0,On Time,Online,Future
9045,2025-03-12,857,19,6,2,118.63,9.13,237.26,228.13,1,Late,Online,Current
9046,2025-07-05,228,11,2,2,40.32,9.94,80.64,70.7,0,On Time,Click & Collect,Current
9047,2025-04-17,413,61,6,4,82.33,15.18,329.32,314.14,0,On Time,Online,Future
9048,2024-01-01,601,72,1,2,141.82,2.13,283.64,281.51,0,On Time,Click & Collect,Current
9049,2024-10-30,775,110,2,3,159.94,6.43,479.82,473.39,0,On Time,Online,Current
9050,2025-12-02,592,68,2,2,76.01,25.02,152.02,127.0,0,On Time,Online,Future
9051,2025-10-26,625,55,6,1,80.85,30.75,80.85,50.1,0,On Time,Online,Current
9052,2024-08-07,988,1,1,4,125.71,28.81,502.84,474.03,0,On Time,Online,Future
9053,2025-04-08,47,102,1,3,68.71,8.65,206.13,197.48,0,On Time,In-Store,Future
9054,2024-09-23,918,90,6,4,82.64,6.51,330.56,324.05,0,On Time,Online,Future
9055,2025-05-03,867,103,6,2,113.76,28.32,227.52,199.2,5,Late,Online,Current
9056,2024-02-10,649,68,6,3,76.01,6.43,228.03,221.6,0,On Time,Wholesale,Current
9057,2024-07-23,910,82,5,1,135.39,6.44,135.39,128.95,0,On Time,Wholesale,Future
9058,2025-02-22,186,112,1,2,167.65,12.1,335.3,323.2,0,On Time,Click & Collect,Future
9059,2024-03-01,801,95,1,2,168.8,24.46,337.6,313.14,0,On Time,Online,Future
9060,2025-05-04,192,36,5,4,162.38,17.57,649.52,631.95,0,On Time,Online,Future
9061,2024-02-02,384,106,2,2,28.51,3.02,57.02,54.0,0,On Time,Click & Collect,Future
9062,2025-03-08,176,44,2,2,107.15,15.37,214.3,198.93,0,On Time,Online,Current
9063,2024-09-03,683,8,6,1,62.57,15.22,62.57,47.35,0,On Time,Online,Current
9064,2024-04-19,853,38,1,2,97.97,25.0,195.94,170.94,0,On Time,Online,Current
9065,2024-05-20,181,24,6,3,152.6,30.12,457.8,427.68,0,On Time,Online,Future
9066,2024-06-01,942,72,6,3,141.82,33.69,425.46,391.77,2,Late,Online,Current
9067,2024-03-16,457,55,3,2,80.85,8.15,161.7,153.55,0,On Time,Wholesale,Current
9068,2024-02-27,904,31,6,4,64.76,17.47,259.04,241.57,0,On Time,Online,Future
9069,2024-11-24,440,115,6,1,131.17,28.12,131.17,103.05,7,Late,Online,Current
9070,2024-03-12,779,77,3,4,132.93,7.69,531.72,524.03,1,Late,In-Store,Future
9071,2024-02-18,56,53,4,2,103.59,22.22,207.18,184.96,0,On Time,Online,Current
9072,2025-10-02,607,66,6,2,105.25,16.02,210.5,194.48,0,On Time,Online,Future
9073,2025-11-09,47,41,3,2,110.65,25.25,221.3,196.05,0,On Time,Click & Collect,Future
9074,2024-06-02,171,45,5,1,29.58,27.11,29.58,2.47,0,On Time,Online,Current
9075,2024-01-13,209,117,1,4,131.87,13.99,527.48,513.49,1,Late,Online,Current
9076,2024-08-26,996,31,3,4,64.76,10.12,259.04,248.92,0,On Time,Click & Collect,Current
9077,2025-05-13,214,42,1,3,65.4,3.57,196.2,192.63,5,Late,Click & Collect,Current
9078,2025-05-12,30,7,6,3,172.34,25.79,517.02,491.23,0,On Time,Online,Current
9079,2025-12-04,841,21,4,2,44.65,29.35,89.3,59.95,0,On Time,Online,Current
9080,2025-06-05,69,70,6,3,117.81,26.57,353.43,326.86,0,On Time,Online,Current
9081,2024-01-26,971,45,6,3,29.58,16.47,88.74,72.27,0,On Time,Online,Future
9082,2024-04-19,856,72,6,3,141.82,23.34,425.46,402.12,0,On Time,Online,Current
9083,2025-10-29,195,16,6,1,103.76,26.34,103.76,77.42,1,Late,Online,Future
9084,2024-05-09,65,105,6,2,45.95,29.85,91.9,62.05,0,On Time,Online,Future
9085,2024-10-14,546,60,2,4,148.3,28.7,593.2,564.5,0,On Time,Online,Future
9086,2025-08-09,666,65,6,2,71.32,6.43,142.64,136.21,0,On Time,Online,Future
9087,2024-11-03,154,15,6,4,76.6,27.51,306.4,278.89,0,On Time,Online,Current
9088,2024-05-22,325,86,2,2,102.94,25.91,205.88,179.97,0,On Time,Online,Future
9089,2025-08-01,936,37,1,1,141.5,23.9,141.5,117.6,0,On Time,Online,Future
9090,2025-01-06,215,77,4,2,132.93,31.49,265.86,234.37,0,On Time,Online,Current
9091,2025-09-06,876,49,4,2,134.92,22.0,269.84,247.84,0,On Time,Online,Current
9092,2024-04-07,550,16,6,2,103.76,23.5,207.52,184.02,0,On Time,Online,Current
9093,2025-04-25,665,86,6,4,102.94,15.71,411.76,396.05,0,On Time,Online,Current
9094,2024-06-14,402,92,4,1,46.38,27.99,46.38,18.39,0,On Time,Online,Current
9095,2025-02-25,319,26,6,3,117.76,26.43,353.28,326.85,0,On Time,Wholesale,Current
9096,2024-08-28,276,115,1,3,131.17,11.03,393.51,382.48,3,Late,Click & Collect,Current
9097,2025-08-23,518,40,3,4,35.44,18.78,141.76,122.98,0,On Time,Click & Collect,Future
9098,2025-03-13,11,22,2,1,118.48,4.77,118.48,113.71,0,On Time,In-Store,Future
9099,2025-01-19,513,56,1,3,166.72,28.37,500.16,471.79,0,On Time,Online,Future
9100,2025-12-07,170,28,1,1,154.21,24.51,154.21,129.7,6,Late,Wholesale,Current
9101,2025-08-19,481,23,6,4,87.41,8.08,349.64,341.56,0,On Time,Online,Current
9102,2024-03-07,577,10,3,3,78.41,7.94,235.23,227.29,0,On Time,Online,Current
9103,2025-04-27,727,9,6,4,102.79,33.0,411.16,378.16,0,On Time,Online,Current
9104,2025-06-03,706,113,5,2,120.7,20.84,241.4,220.56,0,On Time,Online,Future
9105,2025-12-14,410,27,2,3,148.3,15.85,444.9,429.05,0,On Time,Click & Collect,Future
9106,2025-01-12,311,51,3,4,110.62,32.16,442.48,410.32,0,On Time,Online,Future
9107,2024-01-27,536,67,3,1,214.61,0.41,214.61,214.2,0,On Time,Online,Current
9108,2025-10-21,157,40,1,3,35.44,18.15,106.32,88.17,1,Late,Online,Future
9109,2025-10-19,837,66,6,3,105.25,10.81,315.75,304.94,0,On Time,Online,Current
9110,2025-02-20,615,54,4,3,110.37,34.91,331.11,296.2,0,On Time,Online,Current
9111,2025-04-20,42,103,6,1,113.76,12.61,113.76,101.15,0,On Time,Online,Current
9112,2025-05-28,689,113,1,1,120.7,15.73,120.7,104.97,0,On Time,Click & Collect,Future
9113,2025-02-15,287,91,6,3,85.5,22.3,256.5,234.2,6,Late,Click & Collect,Current
9114,2024-09-02,577,70,6,2,117.81,29.01,235.62,206.61,0,On Time,Online,Current
9115,2024-02-11,286,42,6,1,65.4,13.91,65.4,51.49,0,On Time,Online,Current
9116,2025-09-08,441,92,1,3,46.38,34.18,139.14,104.96,0,On Time,Online,Current
9117,2025-08-25,293,85,3,1,142.01,24.5,142.01,117.51,0,On Time,Wholesale,Current
9118,2025-10-07,861,33,6,4,219.29,11.16,877.16,866.0,4,Late,Online,Current
9119,2025-03-21,177,27,2,3,148.3,1.45,444.9,443.45,0,On Time,Online,Current
9120,2024-04-10,702,71,3,1,135.62,30.62,135.62,105.0,0,On Time,Wholesale,Current
9121,2025-01-07,621,12,4,4,177.18,19.15,708.72,689.57,0,On Time,In-Store,Current
9122,2025-10-26,734,112,3,4,167.65,31.22,670.6,639.38,0,On Time,Click & Collect,Future
9123,2024-06-24,59,2,6,1,200.36,26.11,200.36,174.25,0,On Time,Online,Future
9124,2025-12-08,131,41,4,1,110.65,26.24,110.65,84.41,0,On Time,In-Store,Future
9125,2025-01-04,948,105,6,3,45.95,7.03,137.85,130.82,5,Late,In-Store,Current
9126,2025-09-22,489,91,1,4,85.5,0.96,342.0,341.04,0,On Time,Online,Current
9127,2025-01-16,868,64,2,1,106.6,2.97,106.6,103.63,0,On Time,Online,Current
9128,2024-07-30,994,18,5,3,53.11,17.2,159.33,142.13,0,On Time,Wholesale,Future
9129,2025-06-22,541,100,6,4,91.89,25.19,367.56,342.37,0,On Time,Online,Future
9130,2025-01-07,904,18,1,4,53.11,32.23,212.44,180.21,0,On Time,In-Store,Future
9131,2024-03-27,665,2,2,4,200.36,0.36,801.44,801.08,0,On Time,In-Store,Future
9132,2025-02-25,541,78,6,4,57.86,25.22,231.44,206.22,0,On Time,Online,Future
9133,2024-05-18,551,94,2,1,56.02,16.5,56.02,39.52,0,On Time,Online,Future
9134,2025-08-27,509,86,1,2,102.94,32.72,205.88,173.16,0,On Time,Wholesale,Future
9135,2024-01-20,285,94,1,1,56.02,8.34,56.02,47.68,0,On Time,Wholesale,Future
9136,2024-07-15,94,112,3,3,167.65,15.86,502.95,487.09,0,On Time,Wholesale,Future
9137,2025-10-21,534,43,6,4,129.42,20.13,517.68,497.55,0,On Time,Wholesale,Future
9138,2025-03-12,326,87,3,2,80.57,18.76,161.14,142.38,0,On Time,Wholesale,Current
9139,2024-02-04,726,74,1,1,120.32,8.79,120.32,111.53,0,On Time,Online,Future
9140,2024-02-21,954,80,6,1,119.07,23.08,119.07,95.99,0,On Time,Online,Future
9141,2024-01-20,920,24,6,1,152.6,2.49,152.6,150.11,1,Late,Online,Current
9142,2025-09-27,477,39,5,2,128.17,7.66,256.34,248.68,0,On Time,Click & Collect,Current
9143,2025-10-20,898,59,5,1,99.02,24.92,99.02,74.1,0,On Time,Online,Future
9144,2024-11-10,553,87,6,4,80.57,15.85,322.28,306.43,0,On Time,Online,Current
9145,2024-06-12,163,107,4,2,49.65,0.92,99.3,98.38,0,On Time,Online,Current
9146,2024-03-05,451,74,5,3,120.32,19.04,360.96,341.92,0,On Time,Online,Future
9147,2024-09-10,73,35,6,3,41.4,1.84,124.2,122.36,0,On Time,Online,Current
9148,2025-02-05,133,78,3,3,57.86,20.18,173.58,153.4,1,Late,Click & Collect,Current
9149,2024-08-14,825,119,3,2,21.52,7.4,43.04,35.64,0,On Time,Online,Current
9150,2025-01-13,837,6,6,2,127.67,22.83,255.34,232.51,0,On Time,Online,Future
9151,2025-12-07,867,38,6,1,97.97,19.48,97.97,78.49,0,On Time,Online,Current
9152,2025-07-11,769,107,1,4,49.65,0.21,198.6,198.39,0,On Time,Online,Current
9153,2024-04-24,99,23,1,1,87.41,33.39,87.41,54.02,7,Late,Click & Collect,Current
9154,2024-12-26,563,40,1,2,35.44,26.1,70.88,44.78,0,On Time,Online,Future
9155,2025-02-04,388,87,2,4,80.57,13.45,322.28,308.83,0,On Time,Wholesale,Current
9156,2024-03-21,654,92,1,1,46.38,22.84,46.38,23.54,0,On Time,Click & Collect,Future
9157,2025-07-11,988,16,6,1,103.76,32.08,103.76,71.68,3,Late,Online,Current
9158,2025-12-22,811,47,6,2,146.36,11.69,292.72,281.03,0,On Time,Online,Current
9159,2025-04-11,54,93,1,3,119.71,19.44,359.13,339.69,2,Late,Online,Current
9160,2024-10-22,729,59,5,3,99.02,20.68,297.06,276.38,0,On Time,Online,Current
9161,2024-12-17,399,84,4,2,108.1,12.77,216.2,203.43,0,On Time,Online,Current
9162,2024-01-13,239,48,6,1,94.16,14.78,94.16,79.38,7,Late,Online,Current
9163,2024-02-26,731,52,2,1,18.05,23.93,18.05,-5.88,0,On Time,Online,Current
9164,2025-04-02,483,25,2,3,27.12,5.28,81.36,76.08,0,On Time,Click & Collect,Current
9165,2024-04-05,746,5,1,1,140.44,12.47,140.44,127.97,0,On Time,Wholesale,Future
9166,2024-08-07,482,8,6,2,62.57,2.44,125.14,122.7,0,On Time,Online,Future
9167,2025-12-11,535,38,6,4,97.97,25.24,391.88,366.64,0,On Time,Online,Current
9168,2024-08-31,118,5,5,1,140.44,25.1,140.44,115.34,0,On Time,In-Store,Future
9169,2025-07-24,500,58,6,4,118.61,26.3,474.44,448.14,0,On Time,Online,Current
9170,2024-11-08,951,18,1,2,53.11,34.21,106.22,72.01,0,On Time,Online,Current
9171,2024-05-17,640,117,6,2,131.87,7.68,263.74,256.06,0,On Time,Online,Future
9172,2025-08-25,432,44,3,4,107.15,33.41,428.6,395.19,1,Late,Online,Current
9173,2025-03-30,681,92,6,2,46.38,19.72,92.76,73.04,2,Late,Online,Current
9174,2025-01-13,996,100,2,2,91.89,24.27,183.78,159.51,0,On Time,Wholesale,Future
9175,2025-10-02,400,116,1,1,159.24,19.09,159.24,140.15,0,On Time,In-Store,Future
9176,2025-01-01,197,26,4,3,117.76,33.97,353.28,319.31,0,On Time,Online,Future
9177,2024-12-03,72,23,2,1,87.41,7.74,87.41,79.67,0,On Time,Online,Current
9178,2024-02-18,793,38,2,2,97.97,4.6,195.94,191.34,0,On Time,Online,Future
9179,2024-10-06,764,117,1,2,131.87,9.81,263.74,253.93,0,On Time,Online,Current
9180,2025-06-18,941,29,2,2,130.05,19.45,260.1,240.65,0,On Time,Online,Current
9181,2025-07-03,575,93,3,3,119.71,34.58,359.13,324.55,1,Late,Online,Current
9182,2025-02-18,31,62,1,2,180.58,6.31,361.16,354.85,0,On Time,In-Store,Current
9183,2024-12-04,141,46,6,3,117.41,20.34,352.23,331.89,0,On Time,Online,Future
9184,2024-10-14,635,14,2,3,85.15,7.4,255.45,248.05,0,On Time,Wholesale,Future
9185,2025-03-24,342,52,6,1,18.05,13.63,18.05,4.42,0,On Time,Online,Current
9186,2024-07-22,787,96,6,3,44.65,24.15,133.95,109.8,0,On Time,Online,Current
9187,2025-06-07,145,66,2,2,105.25,6.51,210.5,203.99,7,Late,Click & Collect,Current
9188,2024-08-19,703,37,2,2,141.5,7.3,283.0,275.7,0,On Time,Click & Collect,Future
9189,2025-10-23,932,109,1,2,65.96,16.73,131.92,115.19,5,Late,Click & Collect,Current
9190,2025-01-16,672,35,3,4,41.4,13.75,165.6,151.85,0,On Time,Online,Current
9191,2025-12-17,29,95,3,4,168.8,7.07,675.2,668.13,0,On Time,Online,Future
9192,2024-05-02,899,4,3,1,143.64,8.35,143.64,135.29,0,On Time,In-Store,Current
9193,2024-05-22,231,43,4,2,129.42,5.93,258.84,252.91,0,On Time,Click & Collect,Future
9194,2025-02-07,239,116,6,2,159.24,5.17,318.48,313.31,0,On Time,Online,Future
9195,2025-02-08,991,23,1,1,87.41,33.84,87.41,53.57,0,On Time,Online,Future
9196,2024-09-12,782,79,5,2,174.91,3.1,349.82,346.72,0,On Time,Online,Current
9197,2025-01-03,421,27,6,2,148.3,11.69,296.6,284.91,0,On Time,Online,Current
9198,2024-07-31,57,74,1,2,120.32,12.78,240.64,227.86,0,On Time,Click & Collect,Current
9199,2025-12-18,771,64,4,3,106.6,33.04,319.8,286.76,0,On Time,Click & Collect,Current
9200,2025-12-10,240,83,5,4,73.64,1.31,294.56,293.25,0,On Time,Online,Current
9201,2025-04-06,504,103,5,4,113.76,22.07,455.04,432.97,0,On Time,Online,Future
9202,2024-10-08,384,17,5,1,141.85,4.79,141.85,137.06,0,On Time,In-Store,Future
9203,2025-08-02,574,28,6,3,154.21,34.04,462.63,428.59,0,On Time,Online,Future
9204,2024-04-03,4,87,2,4,80.57,15.96,322.28,306.32,0,On Time,Online,Future
9205,2024-12-23,149,16,5,1,103.76,5.63,103.76,98.13,0,On Time,In-Store,Future
9206,2025-12-01,554,47,6,4,146.36,18.43,585.44,567.01,4,Late,Online,Current
9207,2025-07-17,194,1,2,4,125.71,24.11,502.84,478.73,0,On Time,Click & Collect,Current
9208,2024-07-24,533,107,1,2,49.65,14.51,99.3,84.79,0,On Time,Online,Future
9209,2024-08-25,88,92,2,4,46.38,23.79,185.52,161.73,0,On Time,Wholesale,Future
9210,2025-04-20,629,110,6,3,159.94,25.44,479.82,454.38,0,On Time,Online,Future
9211,2025-04-16,371,21,6,2,44.65,28.3,89.3,61.0,0,On Time,Wholesale,Current
9212,2025-01-28,630,46,6,1,117.41,33.62,117.41,83.79,0,On Time,Online,Current
9213,2025-08-31,939,14,2,1,85.15,15.51,85.15,69.64,1,Late,Wholesale,Future
9214,2025-12-18,438,5,6,1,140.44,4.29,140.44,136.15,0,On Time,Online,Current
9215,2024-04-14,130,17,6,2,141.85,28.46,283.7,255.24,0,On Time,Online,Current
9216,2024-09-25,440,17,1,1,141.85,4.46,141.85,137.39,0,On Time,In-Store,Current
9217,2024-07-23,638,43,1,4,129.42,14.0,517.68,503.68,0,On Time,Online,Future
9218,2025-02-01,129,18,6,4,53.11,7.61,212.44,204.83,0,On Time,Online,Current
9219,2025-03-01,338,28,6,4,154.21,30.01,616.84,586.83,0,On Time,Online,Current
9220,2024-06-22,866,118,5,3,167.17,19.45,501.51,482.06,0,On Time,Online,Current
9221,2025-01-01,86,65,6,1,71.32,10.71,71.32,60.61,0,On Time,Wholesale,Current
9222,2025-09-07,450,59,1,4,99.02,24.38,396.08,371.7,0,On Time,Online,Current
9223,2024-04-10,560,86,6,2,102.94,18.18,205.88,187.7,0,On Time,Online,Future
9224,2024-04-18,909,34,6,1,116.01,34.45,116.01,81.56,7,Late,Online,Current
9225,2024-11-29,627,11,4,1,40.32,23.63,40.32,16.69,0,On Time,Online,Current
9226,2025-01-10,662,9,6,4,102.79,27.88,411.16,383.28,0,On Time,Online,Future
9227,2025-10-07,188,3,6,3,182.39,30.4,547.17,516.77,5,Late,Online,Current
9228,2024-06-01,103,63,6,3,50.08,15.71,150.24,134.53,6,Late,Online,Current
9229,2025-08-05,427,14,2,2,85.15,18.42,170.3,151.88,0,On Time,In-Store,Future
9230,2024-03-03,608,73,1,3,20.46,30.71,61.38,30.67,0,On Time,Online,Current
9231,2024-11-30,417,90,2,4,82.64,18.8,330.56,311.76,0,On Time,Wholesale,Current
9232,2024-08-19,756,27,5,4,148.3,28.42,593.2,564.78,1,Late,Click & Collect,Future
9233,2024-04-27,90,101,6,4,123.75,33.47,495.0,461.53,0,On Time,Online,Current
9234,2024-03-02,971,102,1,3,68.71,18.43,206.13,187.7,0,On Time,In-Store,Future
9235,2024-10-21,578,35,3,3,41.4,9.89,124.2,114.31,0,On Time,Online,Future
9236,2025-02-04,739,73,6,1,20.46,21.42,20.46,-0.96,0,On Time,Online,Current
9237,2025-12-24,652,117,3,4,131.87,22.17,527.48,505.31,0,On Time,Online,Future
9238,2024-08-31,516,24,6,3,152.6,34.3,457.8,423.5,0,On Time,Online,Current
9239,2024-07-15,304,109,2,4,65.96,26.71,263.84,237.13,0,On Time,Online,Future
9240,2025-06-22,413,57,4,1,144.33,6.25,144.33,138.08,0,On Time,Online,Future
9241,2025-04-19,35,111,6,3,139.05,5.56,417.15,411.59,0,On Time,Online,Current
9242,2024-05-16,82,87,6,2,80.57,2.18,161.14,158.96,0,On Time,Online,Future
9243,2024-05-16,504,118,6,1,167.17,18.88,167.17,148.29,6,Late,Online,Current
9244,2024-06-12,811,28,6,2,154.21,17.82,308.42,290.6,0,On Time,Online,Current
9245,2024-04-27,981,18,1,4,53.11,4.26,212.44,208.18,0,On Time,Online,Future
9246,2025-06-02,180,71,6,4,135.62,13.56,542.48,528.92,0,On Time,Online,Current
9247,2024-10-17,348,56,5,3,166.72,22.44,500.16,477.72,0,On Time,Online,Current
9248,2025-01-03,665,89,6,2,144.37,31.71,288.74,257.03,0,On Time,Online,Current
9249,2024-06-13,370,42,2,2,65.4,27.89,130.8,102.91,0,On Time,Click & Collect,Current
9250,2025-10-15,894,46,6,3,117.41,25.9,352.23,326.33,0,On Time,Online,Future
9251,2024-01-02,750,17,4,3,141.85,2.64,425.55,422.91,0,On Time,Wholesale,Future
9252,2025-02-03,143,9,6,3,102.79,20.53,308.37,287.84,0,On Time,Online,Current
9253,2025-09-30,74,43,2,1,129.42,5.76,129.42,123.66,0,On Time,Wholesale,Current
9254,2025-04-13,30,35,6,1,41.4,24.71,41.4,16.69,0,On Time,Click & Collect,Future
9255,2024-12-13,236,58,6,4,118.61,17.13,474.44,457.31,0,On Time,Online,Future
9256,2024-07-07,530,10,1,2,78.41,28.43,156.82,128.39,0,On Time,Online,Current
9257,2025-01-12,795,107,6,1,49.65,8.89,49.65,40.76,0,On Time,Online,Current
9258,2025-12-04,804,18,3,4,53.11,27.57,212.44,184.87,1,Late,In-Store,Future
9259,2024-05-08,311,103,6,3,113.76,17.45,341.28,323.83,0,On Time,Online,Future
9260,2025-04-01,211,55,3,1,80.85,7.47,80.85,73.38,0,On Time,Online,Future
9261,2025-08-26,652,91,6,2,85.5,11.88,171.0,159.12,0,On Time,Wholesale,Current
9262,2025-06-14,180,77,6,1,132.93,18.63,132.93,114.3,0,On Time,Online,Current
9263,2024-10-12,303,7,5,1,172.34,27.49,172.34,144.85,3,Late,Online,Current
9264,2025-12-08,627,54,1,2,110.37,20.49,220.74,200.25,0,On Time,Click & Collect,Current
9265,2024-02-06,200,34,4,3,116.01,21.89,348.03,326.14,0,On Time,Wholesale,Current
9266,2024-12-02,40,100,4,4,91.89,32.22,367.56,335.34,0,On Time,Online,Future
9267,2024-10-19,902,44,3,1,107.15,7.97,107.15,99.18,0,On Time,Online,Future
9268,2025-11-18,993,18,2,3,53.11,12.6,159.33,146.73,6,Late,Click & Collect,Current
9269,2024-07-09,976,96,6,1,44.65,1.82,44.65,42.83,0,On Time,Online,Future
9270,2025-10-24,67,59,6,3,99.02,28.15,297.06,268.91,6,Late,Online,Current
9271,2025-06-26,605,79,2,2,174.91,30.51,349.82,319.31,0,On Time,Online,Future
9272,2025-09-27,860,73,3,1,20.46,3.97,20.46,16.49,0,On Time,Online,Future
9273,2025-04-25,638,9,2,4,102.79,16.88,411.16,394.28,0,On Time,Online,Future
9274,2025-03-02,41,96,2,3,44.65,29.15,133.95,104.8,2,Late,In-Store,Current
9275,2025-06-30,315,38,5,4,97.97,27.29,391.88,364.59,0,On Time,Wholesale,Current
9276,2024-12-03,429,9,4,1,102.79,11.37,102.79,91.42,0,On Time,In-Store,Current
9277,2024-10-09,771,80,4,1,119.07,10.13,119.07,108.94,0,On Time,Online,Future
9278,2025-06-01,499,103,2,1,113.76,22.98,113.76,90.78,0,On Time,Online,Current
9279,2025-11-12,6,18,6,2,53.11,11.42,106.22,94.8,0,On Time,Online,Current
9280,2024-02-14,830,58,3,3,118.61,29.19,355.83,326.64,0,On Time,In-Store,Current
9281,2025-06-30,932,35,5,4,41.4,2.11,165.6,163.49,7,Late,Click & Collect,Current
9282,2024-10-18,563,101,6,4,123.75,1.78,495.0,493.22,0,On Time,Online,Current
9283,2024-01-28,491,57,3,3,144.33,12.45,432.99,420.54,0,On Time,In-Store,Future
9284,2025-10-14,606,68,3,1,76.01,21.14,76.01,54.87,0,On Time,Click & Collect,Future
9285,2025-08-22,290,79,5,2,174.91,30.1,349.82,319.72,0,On Time,Online,Current
9286,2024-01-18,113,4,2,1,143.64,10.03,143.64,133.61,5,Late,In-Store,Current
9287,2024-03-05,712,47,6,1,146.36,13.32,146.36,133.04,0,On Time,Online,Future
9288,2024-09-19,874,31,4,1,64.76,7.63,64.76,57.13,0,On Time,Click & Collect,Future
9289,2024-08-27,606,62,4,4,180.58,10.35,722.32,711.97,6,Late,Online,Current
9290,2025-02-15,210,91,6,4,85.5,25.36,342.0,316.64,5,Late,Online,Current
9291,2025-04-11,485,66,1,2,105.25,11.25,210.5,199.25,0,On Time,Click & Collect,Current
9292,2024-06-27,107,101,3,1,123.75,26.27,123.75,97.48,0,On Time,Online,Future
9293,2024-01-27,101,103,3,2,113.76,20.8,227.52,206.72,0,On Time,Wholesale,Current
9294,2024-09-27,482,102,1,1,68.71,24.17,68.71,44.54,0,On Time,Click & Collect,Current
9295,2024-04-22,398,38,6,4,97.97,21.72,391.88,370.16,4,Late,Online,Current
9296,2025-10-20,380,94,1,2,56.02,17.11,112.04,94.93,0,On Time,Online,Current
9297,2025-10-03,130,32,2,3,183.92,12.63,551.76,539.13,0,On Time,Click & Collect,Future
9298,2025-03-26,351,49,6,1,134.92,26.58,134.92,108.34,4,Late,Online,Current
9299,2024-07-16,699,92,6,1,46.38,33.27,46.38,13.11,0,On Time,Online,Future
9300,2024-07-09,889,108,2,1,50.05,1.27,50.05,48.78,0,On Time,Online,Current
9301,2025-03-14,872,93,4,2,119.71,19.17,239.42,220.25,2,Late,Click & Collect,Future
9302,2024-09-19,434,36,2,3,162.38,32.69,487.14,454.45,0,On Time,Online,Future
9303,2025-02-10,301,119,6,2,21.52,26.92,43.04,16.12,6,Late,Online,Current
9304,2025-04-10,174,33,6,2,219.29,33.28,438.58,405.3,0,On Time,Online,Current
9305,2025-02-08,926,16,6,1,103.76,9.96,103.76,93.8,0,On Time,Online,Future
9306,2025-03-14,39,116,1,1,159.24,16.38,159.24,142.86,0,On Time,In-Store,Future
9307,2025-04-29,16,38,6,2,97.97,3.04,195.94,192.9,0,On Time,Online,Future
9308,2024-09-30,999,93,3,1,119.71,2.32,119.71,117.39,5,Late,Wholesale,Current
9309,2025-01-19,240,112,1,1,167.65,1.26,167.65,166.39,0,On Time,In-Store,Current
9310,2024-08-11,857,103,5,1,113.76,23.07,113.76,90.69,0,On Time,Click & Collect,Future
9311,2025-10-01,885,9,1,3,102.79,8.57,308.37,299.8,0,On Time,Wholesale,Current
9312,2025-03-03,788,47,2,2,146.36,6.62,292.72,286.1,0,On Time,Online,Current
9313,2024-08-13,700,88,3,1,41.48,9.04,41.48,32.44,3,Late,In-Store,Current
9314,2024-08-05,902,101,6,3,123.75,2.89,371.25,368.36,0,On Time,Online,Future
9315,2024-02-02,534,41,3,3,110.65,13.77,331.95,318.18,0,On Time,Online,Current
9316,2025-02-19,453,89,3,3,144.37,29.93,433.11,403.18,0,On Time,Online,Current
9317,2025-10-02,28,74,1,4,120.32,19.55,481.28,461.73,3,Late,Online,Current
9318,2025-08-25,714,29,4,3,130.05,8.97,390.15,381.18,3,Late,Online,Current
9319,2025-09-29,472,72,2,1,141.82,27.95,141.82,113.87,4,Late,Online,Current
9320,2024-09-29,472,59,4,4,99.02,13.21,396.08,382.87,0,On Time,Click & Collect,Current
9321,2024-10-27,639,42,3,3,65.4,30.29,196.2,165.91,0,On Time,Online,Future
9322,2024-07-07,746,48,4,4,94.16,25.07,376.64,351.57,0,On Time,Wholesale,Current
9323,2024-09-27,362,40,2,2,35.44,25.17,70.88,45.71,1,Late,In-Store,Current
9324,2025-01-10,327,78,1,1,57.86,30.92,57.86,26.94,0,On Time,Online,Current
9325,2025-07-28,975,47,1,4,146.36,28.83,585.44,556.61,0,On Time,Online,Future
9326,2024-04-24,262,76,3,2,128.17,0.24,256.34,256.1,0,On Time,In-Store,Current
9327,2025-04-20,959,14,6,4,85.15,22.96,340.6,317.64,0,On Time,Online,Current
9328,2025-11-21,199,16,2,1,103.76,15.88,103.76,87.88,1,Late,In-Store,Future
9329,2024-09-17,90,30,4,1,33.3,6.5,33.3,26.8,3,Late,Online,Current
9330,2025-11-24,1,94,6,1,56.02,6.22,56.02,49.8,0,On Time,Online,Future
9331,2024-12-14,561,57,1,1,144.33,16.73,144.33,127.6,3,Late,Click & Collect,Current
9332,2024-10-11,954,69,1,1,82.06,27.42,82.06,54.64,0,On Time,Online,Current
9333,2024-04-14,752,61,5,1,82.33,18.67,82.33,63.66,0,On Time,Wholesale,Current
9334,2024-08-12,116,60,1,1,148.3,4.03,148.3,144.27,0,On Time,Wholesale,Future
9335,2024-11-28,666,75,6,2,112.15,12.76,224.3,211.54,0,On Time,Online,Future
9336,2024-11-21,190,82,3,3,135.39,20.92,406.17,385.25,0,On Time,Click & Collect,Current
9337,2024-02-25,44,65,1,4,71.32,2.55,285.28,282.73,0,On Time,Wholesale,Current
9338,2025-08-18,807,84,5,2,108.1,22.63,216.2,193.57,0,On Time,Wholesale,Future
9339,2024-06-28,194,61,6,1,82.33,18.47,82.33,63.86,0,On Time,Online,Current
9340,2025-01-13,298,68,6,3,76.01,21.32,228.03,206.71,0,On Time,Online,Current
9341,2024-12-20,909,115,2,2,131.17,0.59,262.34,261.75,0,On Time,Online,Future
9342,2025-03-17,748,36,5,3,162.38,28.87,487.14,458.27,4,Late,Wholesale,Current
9343,2024-04-07,808,73,4,1,20.46,29.06,20.46,-8.6,0,On Time,Online,Current
9344,2024-04-03,335,69,4,2,82.06,2.34,164.12,161.78,0,On Time,Online,Current
9345,2024-10-12,992,62,6,1,180.58,14.86,180.58,165.72,4,Late,Online,Current
9346,2024-06-10,987,50,2,3,97.72,29.42,293.16,263.74,0,On Time,In-Store,Current
9347,2024-04-16,483,91,5,1,85.5,26.01,85.5,59.49,0,On Time,Online,Future
9348,2025-12-20,980,94,3,2,56.02,24.08,112.04,87.96,0,On Time,Wholesale,Current
9349,2024-12-10,163,63,2,1,50.08,18.28,50.08,31.8,7,Late,Click & Collect,Current
9350,2025-04-26,692,53,3,3,103.59,26.07,310.77,284.7,0,On Time,Online,Future
9351,2024-11-16,551,92,1,4,46.38,27.45,185.52,158.07,0,On Time,Wholesale,Current
9352,2025-09-28,506,76,2,4,128.17,24.47,512.68,488.21,0,On Time,Online,Future
9353,2024-07-26,974,71,2,2,135.62,26.19,271.24,245.05,0,On Time,Online,Future
9354,2025-05-31,886,3,5,4,182.39,30.68,729.56,698.88,0,On Time,Online,Future
9355,2025-04-16,126,119,6,3,21.52,2.99,64.56,61.57,0,On Time,Online,Future
9356,2025-01-13,291,108,5,2,50.05,29.33,100.1,70.77,0,On Time,Wholesale,Current
9357,2025-06-24,291,105,1,4,45.95,19.32,183.8,164.48,0,On Time,Online,Future
9358,2025-02-13,920,12,6,4,177.18,13.59,708.72,695.13,0,On Time,Wholesale,Future
9359,2024-02-14,854,28,6,3,154.21,15.65,462.63,446.98,0,On Time,Online,Current
9360,2025-04-09,86,29,3,4,130.05,0.18,520.2,520.02,0,On Time,Online,Current
9361,2024-01-26,436,74,4,1,120.32,31.64,120.32,88.68,0,On Time,Online,Current
9362,2024-06-30,647,119,6,2,21.52,31.85,43.04,11.19,0,On Time,Online,Future
9363,2025-08-28,976,68,6,2,76.01,34.49,152.02,117.53,0,On Time,Online,Current
9364,2025-01-16,843,108,5,1,50.05,28.95,50.05,21.1,0,On Time,Online,Future
9365,2025-04-07,928,44,2,3,107.15,13.8,321.45,307.65,0,On Time,Online,Current
9366,2024-07-08,461,59,6,4,99.02,34.69,396.08,361.39,0,On Time,Online,Current
9367,2025-02-06,268,40,1,1,35.44,15.74,35.44,19.7,0,On Time,Online,Current
9368,2025-10-07,881,64,6,4,106.6,14.66,426.4,411.74,5,Late,Online,Current
9369,2024-09-02,156,45,1,1,29.58,5.1,29.58,24.48,0,On Time,Online,Current
9370,2024-06-11,890,24,4,2,152.6,15.82,305.2,289.38,0,On Time,Online,Future
9371,2025-01-19,673,66,4,2,105.25,30.65,210.5,179.85,0,On Time,Online,Current
9372,2025-04-06,163,89,6,2,144.37,12.07,288.74,276.67,0,On Time,Click & Collect,Future
9373,2025-10-18,132,83,3,3,73.64,25.76,220.92,195.16,0,On Time,Online,Future
9374,2025-07-14,375,111,2,1,139.05,25.14,139.05,113.91,6,Late,Online,Current
9375,2024-08-02,663,48,1,3,94.16,20.85,282.48,261.63,0,On Time,Click & Collect,Current
9376,2025-03-31,614,74,1,1,120.32,1.18,120.32,119.14,0,On Time,Online,Future
9377,2025-08-10,174,44,6,4,107.15,10.92,428.6,417.68,0,On Time,Online,Current
9378,2025-11-20,17,30,6,3,33.3,8.53,99.9,91.37,0,On Time,Online,Current
9379,2024-10-18,484,61,5,2,82.33,28.99,164.66,135.67,0,On Time,Click & Collect,Future
9380,2024-06-11,284,67,6,3,214.61,22.74,643.83,621.09,0,On Time,Online,Future
9381,2024-04-25,632,27,2,3,148.3,12.13,444.9,432.77,3,Late,Click & Collect,Current
9382,2024-12-09,990,71,4,3,135.62,24.95,406.86,381.91,0,On Time,Wholesale,Future
9383,2025-01-08,757,58,5,4,118.61,22.44,474.44,452.0,0,On Time,Online,Current
9384,2025-05-18,208,86,3,1,102.94,26.17,102.94,76.77,0,On Time,Online,Future
9385,2024-09-24,372,32,6,4,183.92,12.85,735.68,722.83,3,Late,Online,Current
9386,2025-08-19,802,19,5,2,118.63,11.26,237.26,226.0,0,On Time,Click & Collect,Future
9387,2024-09-21,687,67,6,4,214.61,26.61,858.44,831.83,0,On Time,Online,Current
9388,2024-04-24,890,55,1,3,80.85,31.07,242.55,211.48,0,On Time,Online,Current
9389,2024-09-28,221,12,1,4,177.18,7.05,708.72,701.67,0,On Time,Wholesale,Future
9390,2024-08-09,524,77,1,4,132.93,16.99,531.72,514.73,2,Late,Click & Collect,Future
9391,2025-06-16,264,24,2,4,152.6,21.01,610.4,589.39,0,On Time,Online,Future
9392,2024-07-06,599,104,4,3,154.04,16.49,462.12,445.63,0,On Time,Online,Future
9393,2025-08-26,879,16,2,3,103.76,22.01,311.28,289.27,0,On Time,Online,Current
9394,2024-12-09,540,120,2,3,47.37,31.23,142.11,110.88,0,On Time,Online,Future
9395,2025-02-04,62,85,6,4,142.01,24.92,568.04,543.12,0,On Time,Online,Current
9396,2024-11-08,350,14,6,1,85.15,1.48,85.15,83.67,0,On Time,Online,Current
9397,2024-02-05,47,21,5,3,44.65,20.16,133.95,113.79,5,Late,In-Store,Current
9398,2024-05-04,703,72,6,3,141.82,29.2,425.46,396.26,3,Late,Wholesale,Current
9399,2024-01-10,537,17,1,3,141.85,0.05,425.55,425.5,0,On Time,In-Store,Future
9400,2025-06-13,289,2,6,1,200.36,33.37,200.36,166.99,0,On Time,Online,Future
9401,2025-02-09,257,7,6,4,172.34,9.66,689.36,679.7,5,Late,Online,Current
9402,2024-08-31,163,65,1,4,71.32,31.99,285.28,253.29,0,On Time,Online,Future
9403,2025-03-30,111,35,6,4,41.4,24.43,165.6,141.17,0,On Time,Online,Future
9404,2024-07-31,673,30,3,3,33.3,9.17,99.9,90.73,0,On Time,Click & Collect,Current
9405,2025-09-01,283,90,1,3,82.64,6.4,247.92,241.52,0,On Time,In-Store,Current
9406,2025-07-15,649,22,1,3,118.48,7.01,355.44,348.43,0,On Time,In-Store,Current
9407,2025-10-08,821,70,3,2,117.81,3.04,235.62,232.58,0,On Time,In-Store,Future
9408,2025-07-31,983,29,4,2,130.05,0.4,260.1,259.7,0,On Time,Online,Current
9409,2024-10-23,934,1,1,2,125.71,24.38,251.42,227.04,0,On Time,Online,Current
9410,2024-12-15,753,46,3,3,117.41,9.49,352.23,342.74,0,On Time,In-Store,Future
9411,2025-03-19,458,37,4,1,141.5,23.08,141.5,118.42,1,Late,Wholesale,Future
9412,2025-03-16,322,78,4,3,57.86,21.39,173.58,152.19,0,On Time,Online,Current
9413,2025-06-17,918,118,1,1,167.17,2.88,167.17,164.29,0,On Time,Online,Future
9414,2024-11-11,504,108,1,2,50.05,10.47,100.1,89.63,5,Late,Online,Current
9415,2025-10-17,212,84,6,1,108.1,11.93,108.1,96.17,0,On Time,Online,Current
9416,2025-03-19,833,46,4,1,117.41,24.22,117.41,93.19,0,On Time,Online,Current
9417,2024-01-19,553,32,2,3,183.92,0.52,551.76,551.24,0,On Time,In-Store,Current
9418,2024-07-07,834,109,4,3,65.96,20.57,197.88,177.31,0,On Time,Online,Current
9419,2025-10-26,605,101,2,3,123.75,10.11,371.25,361.14,0,On Time,In-Store,Future
9420,2025-02-19,907,12,3,2,177.18,20.95,354.36,333.41,1,Late,In-Store,Current
9421,2024-12-22,181,117,6,1,131.87,29.89,131.87,101.98,0,On Time,Online,Current
9422,2024-09-26,983,22,1,3,118.48,5.12,355.44,350.32,0,On Time,Online,Current
9423,2025-12-17,609,13,1,1,109.25,13.96,109.25,95.29,0,On Time,Online,Future
9424,2025-07-16,329,42,1,1,65.4,8.32,65.4,57.08,0,On Time,Online,Current
9425,2024-08-07,175,48,5,3,94.16,17.42,282.48,265.06,0,On Time,Online,Current
9426,2025-12-30,515,85,2,3,142.01,26.34,426.03,399.69,0,On Time,Online,Current
9427,2024-09-10,981,3,4,2,182.39,34.05,364.78,330.73,0,On Time,Online,Future
9428,2024-11-27,768,78,1,3,57.86,7.92,173.58,165.66,0,On Time,Online,Current
9429,2024-04-24,119,1,5,2,125.71,13.26,251.42,238.16,1,Late,Online,Current
9430,2025-06-15,514,80,2,4,119.07,18.56,476.28,457.72,0,On Time,Online,Current
9431,2024-02-12,807,49,5,4,134.92,10.26,539.68,529.42,0,On Time,Wholesale,Future
9432,2024-09-30,271,85,3,1,142.01,28.58,142.01,113.43,1,Late,Wholesale,Future
9433,2025-07-25,774,90,5,1,82.64,4.24,82.64,78.4,0,On Time,Online,Future
9434,2025-08-26,766,52,6,3,18.05,30.79,54.15,23.36,0,On Time,Online,Current
9435,2025-03-11,741,35,5,2,41.4,12.63,82.8,70.17,0,On Time,Online,Current
9436,2025-01-07,407,97,6,4,54.01,18.06,216.04,197.98,4,Late,Online,Current
9437,2025-08-02,825,58,6,4,118.61,27.38,474.44,447.06,0,On Time,Online,Current
9438,2024-02-20,657,59,4,3,99.02,19.8,297.06,277.26,0,On Time,Online,Future
9439,2025-01-01,443,97,6,3,54.01,4.97,162.03,157.06,0,On Time,Online,Current
9440,2025-03-25,113,1,3,4,125.71,32.9,502.84,469.94,0,On Time,Wholesale,Current
9441,2025-09-08,636,46,3,4,117.41,23.72,469.64,445.92,0,On Time,In-Store,Current
9442,2025-06-16,425,60,6,1,148.3,21.82,148.3,126.48,0,On Time,Online,Future
9443,2024-08-24,609,59,6,4,99.02,2.21,396.08,393.87,0,On Time,Online,Future
9444,2025-09-21,164,116,3,4,159.24,6.26,636.96,630.7,0,On Time,Click & Collect,Current
9445,2024-09-19,133,95,6,4,168.8,7.39,675.2,667.81,0,On Time,Online,Current
9446,2024-05-17,816,93,1,3,119.71,7.58,359.13,351.55,0,On Time,Click & Collect,Current
9447,2025-04-20,607,85,2,1,142.01,20.01,142.01,122.0,0,On Time,Click & Collect,Current
9448,2024-01-25,211,115,3,1,131.17,30.02,131.17,101.15,0,On Time,In-Store,Current
9449,2024-11-16,740,33,6,4,219.29,26.63,877.16,850.53,3,Late,Online,Current
9450,2025-01-23,45,25,1,1,27.12,16.45,27.12,10.67,0,On Time,Online,Future
9451,2024-08-27,773,20,3,1,93.73,11.66,93.73,82.07,0,On Time,Online,Future
9452,2025-02-07,287,74,1,1,120.32,34.22,120.32,86.1,0,On Time,Online,Current
9453,2024-01-26,593,5,6,1,140.44,14.01,140.44,126.43,2,Late,Online,Current
9454,2025-10-07,919,119,6,3,21.52,25.22,64.56,39.34,0,On Time,Online,Future
9455,2025-11-18,523,51,6,4,110.62,0.38,442.48,442.1,0,On Time,Online,Future
9456,2025-12-10,873,5,2,3,140.44,29.45,421.32,391.87,0,On Time,Online,Current
9457,2025-09-16,458,44,1,4,107.15,32.67,428.6,395.93,0,On Time,Click & Collect,Future
9458,2025-04-21,599,37,2,2,141.5,5.22,283.0,277.78,7,Late,Online,Current
9459,2024-09-22,396,52,2,2,18.05,23.02,36.1,13.08,0,On Time,In-Store,Current
9460,2025-05-28,409,36,6,4,162.38,13.69,649.52,635.83,0,On Time,Online,Current
9461,2024-05-16,472,120,3,1,47.37,10.19,47.37,37.18,0,On Time,Online,Current
9462,2025-10-18,644,115,6,2,131.17,2.85,262.34,259.49,0,On Time,Online,Current
9463,2024-09-08,920,104,3,3,154.04,32.28,462.12,429.84,0,On Time,Online,Current
9464,2025-03-18,997,79,4,2,174.91,22.45,349.82,327.37,0,On Time,Wholesale,Future
9465,2025-09-04,153,73,2,4,20.46,21.09,81.84,60.75,0,On Time,Click & Collect,Current
9466,2024-12-03,261,10,2,1,78.41,14.77,78.41,63.64,2,Late,Click & Collect,Future
9467,2025-09-28,710,28,2,3,154.21,9.49,462.63,453.14,0,On Time,Click & Collect,Current
9468,2024-06-15,627,74,1,4,120.32,26.36,481.28,454.92,0,On Time,Click & Collect,Current
9469,2024-11-06,754,93,4,2,119.71,13.44,239.42,225.98,0,On Time,In-Store,Future
9470,2024-08-28,455,17,6,1,141.85,14.87,141.85,126.98,0,On Time,Online,Current
9471,2024-02-17,837,52,6,4,18.05,7.14,72.2,65.06,0,On Time,Online,Future
9472,2025-09-22,36,46,6,1,117.41,18.64,117.41,98.77,0,On Time,Online,Current
9473,2024-10-01,762,57,5,1,144.33,14.37,144.33,129.96,0,On Time,In-Store,Current
9474,2025-04-24,809,112,6,2,167.65,26.21,335.3,309.09,0,On Time,Online,Current
9475,2025-06-21,374,79,4,3,174.91,21.02,524.73,503.71,0,On Time,In-Store,Future
9476,2025-09-27,293,11,1,3,40.32,11.44,120.96,109.52,0,On Time,Click & Collect,Current
9477,2025-05-10,456,5,6,2,140.44,31.21,280.88,249.67,0,On Time,Online,Current
9478,2024-12-12,531,61,6,2,82.33,31.93,164.66,132.73,2,Late,Online,Future
9479,2025-07-02,881,15,5,2,76.6,34.56,153.2,118.64,0,On Time,In-Store,Current
9480,2024-12-16,873,45,6,1,29.58,8.66,29.58,20.92,0,On Time,Online,Current
9481,2024-06-14,641,71,5,4,135.62,2.46,542.48,540.02,0,On Time,Online,Current
9482,2024-10-25,263,2,2,4,200.36,22.31,801.44,779.13,0,On Time,Wholesale,Future
9483,2024-12-18,101,17,3,3,141.85,4.63,425.55,420.92,0,On Time,Online,Current
9484,2025-01-31,235,40,6,3,35.44,31.25,106.32,75.07,0,On Time,Online,Current
9485,2025-04-28,954,86,5,1,102.94,27.16,102.94,75.78,6,Late,Online,Current
9486,2025-03-07,713,72,2,3,141.82,26.55,425.46,398.91,0,On Time,Online,Future
9487,2025-04-20,785,79,3,4,174.91,15.98,699.64,683.66,0,On Time,In-Store,Future
9488,2025-02-08,401,117,1,2,131.87,21.72,263.74,242.02,0,On Time,Online,Future
9489,2025-11-10,92,77,5,1,132.93,1.02,132.93,131.91,0,On Time,In-Store,Future
9490,2024-04-16,395,100,1,4,91.89,7.48,367.56,360.08,0,On Time,Click & Collect,Future
9491,2024-12-21,325,30,6,2,33.3,19.82,66.6,46.78,0,On Time,Online,Current
9492,2025-06-15,518,11,6,4,40.32,11.77,161.28,149.51,0,On Time,Online,Current
9493,2025-03-25,15,107,6,1,49.65,10.48,49.65,39.17,4,Late,Online,Current
9494,2025-09-05,242,81,6,1,110.75,30.78,110.75,79.97,3,Late,Online,Current
9495,2025-08-04,907,4,2,3,143.64,7.38,430.92,423.54,0,On Time,Online,Future
9496,2024-01-21,279,29,1,3,130.05,33.14,390.15,357.01,6,Late,Click & Collect,Current
9497,2025-11-10,829,100,5,1,91.89,31.16,91.89,60.73,0,On Time,Online,Current
9498,2025-10-10,375,43,6,3,129.42,29.62,388.26,358.64,0,On Time,Online,Current
9499,2025-09-11,847,24,1,2,152.6,30.53,305.2,274.67,0,On Time,Online,Future
9500,2025-07-18,6,96,1,2,44.65,20.84,89.3,68.46,0,On Time,Online,Future
9501,2024-02-22,550,94,4,4,56.02,18.96,224.08,205.12,0,On Time,Click & Collect,Future
9502,2024-03-03,87,100,6,3,91.89,3.48,275.67,272.19,0,On Time,Online,Future
9503,2024-04-26,232,38,1,2,97.97,27.21,195.94,168.73,7,Late,Online,Current
9504,2024-05-02,821,111,1,3,139.05,1.44,417.15,415.71,0,On Time,Online,Future
9505,2024-04-05,601,103,5,2,113.76,19.7,227.52,207.82,0,On Time,Online,Current
9506,2024-08-22,511,40,1,4,35.44,10.72,141.76,131.04,0,On Time,Online,Future
9507,2025-07-12,922,34,6,3,116.01,12.64,348.03,335.39,0,On Time,Online,Current
9508,2025-10-13,445,100,4,4,91.89,34.96,367.56,332.6,0,On Time,Online,Future
9509,2025-08-07,533,104,3,3,154.04,34.2,462.12,427.92,0,On Time,Online,Future
9510,2024-11-17,130,90,3,1,82.64,2.1,82.64,80.54,0,On Time,Online,Current
9511,2025-04-08,482,50,6,2,97.72,14.89,195.44,180.55,0,On Time,Online,Future
9512,2025-05-25,516,45,6,2,29.58,10.29,59.16,48.87,0,On Time,Online,Current
9513,2024-02-18,755,87,5,4,80.57,31.74,322.28,290.54,1,Late,Online,Current
9514,2024-07-06,237,7,6,4,172.34,27.79,689.36,661.57,0,On Time,Online,Future
9515,2025-09-26,530,6,2,3,127.67,12.58,383.01,370.43,0,On Time,Wholesale,Current
9516,2024-03-20,145,114,6,1,83.67,26.17,83.67,57.5,0,On Time,Online,Future
9517,2024-06-17,848,59,6,3,99.02,17.58,297.06,279.48,0,On Time,Online,Current
9518,2025-12-11,843,69,5,3,82.06,25.53,246.18,220.65,0,On Time,Online,Current
9519,2025-06-22,275,20,1,4,93.73,14.21,374.92,360.71,0,On Time,Online,Future
9520,2024-04-28,329,67,2,2,214.61,34.25,429.22,394.97,0,On Time,Click & Collect,Current
9521,2025-05-08,304,52,6,1,18.05,21.46,18.05,-3.41,0,On Time,Online,Current
9522,2025-03-20,630,86,6,3,102.94,23.88,308.82,284.94,0,On Time,Online,Future
9523,2024-02-15,841,27,6,3,148.3,19.49,444.9,425.41,3,Late,Online,Current
9524,2024-09-23,543,23,3,4,87.41,32.66,349.64,316.98,0,On Time,In-Store,Current
9525,2025-02-06,851,62,1,4,180.58,21.56,722.32,700.76,3,Late,Online,Current
9526,2025-01-30,179,78,4,3,57.86,29.85,173.58,143.73,0,On Time,Click & Collect,Current
9527,2024-09-12,366,30,6,4,33.3,6.21,133.2,126.99,0,On Time,Online,Current
9528,2025-06-04,475,119,2,4,21.52,10.28,86.08,75.8,0,On Time,In-Store,Future
9529,2024-08-10,877,87,4,1,80.57,12.69,80.57,67.88,0,On Time,Online,Current
9530,2024-07-19,546,119,2,4,21.52,31.79,86.08,54.29,0,On Time,In-Store,Future
9531,2025-06-08,747,57,6,4,144.33,34.2,577.32,543.12,0,On Time,Online,Current
9532,2024-01-21,736,108,6,2,50.05,25.37,100.1,74.73,0,On Time,Online,Future
9533,2025-05-10,299,11,6,4,40.32,29.21,161.28,132.07,0,On Time,Online,Current
9534,2025-06-20,874,12,5,4,177.18,34.22,708.72,674.5,0,On Time,Online,Future
9535,2024-09-05,491,59,6,3,99.02,6.91,297.06,290.15,7,Late,Online,Current
9536,2025-11-25,298,48,1,4,94.16,34.83,376.64,341.81,1,Late,In-Store,Current
9537,2024-05-10,562,114,1,3,83.67,33.49,251.01,217.52,0,On Time,Wholesale,Future
9538,2024-01-09,37,13,6,1,109.25,5.21,109.25,104.04,0,On Time,Online,Future
9539,2025-07-14,743,41,1,2,110.65,15.3,221.3,206.0,0,On Time,In-Store,Future
9540,2025-09-28,597,84,6,3,108.1,33.15,324.3,291.15,0,On Time,Wholesale,Future
9541,2025-09-08,883,38,1,2,97.97,3.68,195.94,192.26,0,On Time,Click & Collect,Current
9542,2025-11-09,436,59,6,4,99.02,2.61,396.08,393.47,0,On Time,Online,Current
9543,2024-06-06,471,23,1,2,87.41,8.82,174.82,166.0,0,On Time,Click & Collect,Future
9544,2025-12-05,497,8,2,3,62.57,34.55,187.71,153.16,5,Late,Online,Current
9545,2024-01-17,183,87,6,1,80.57,1.37,80.57,79.2,0,On Time,Online,Future
9546,2025-10-02,614,71,6,2,135.62,19.42,271.24,251.82,0,On Time,Online,Future
9547,2024-05-31,461,66,3,4,105.25,3.14,421.0,417.86,0,On Time,Online,Current
9548,2025-02-26,285,41,6,3,110.65,18.53,331.95,313.42,0,On Time,Online,Current
9549,2025-04-07,518,69,4,1,82.06,27.31,82.06,54.75,0,On Time,Click & Collect,Future
9550,2025-11-21,735,31,5,1,64.76,7.14,64.76,57.62,0,On Time,Click & Collect,Future
9551,2024-05-12,438,32,2,3,183.92,11.4,551.76,540.36,0,On Time,Online,Current
9552,2025-10-28,741,24,6,1,152.6,16.4,152.6,136.2,0,On Time,Online,Current
9553,2025-02-11,576,31,6,2,64.76,9.78,129.52,119.74,0,On Time,Online,Current
9554,2025-10-01,428,113,2,4,120.7,16.4,482.8,466.4,0,On Time,Online,Future
9555,2024-07-07,955,71,3,3,135.62,4.93,406.86,401.93,0,On Time,Online,Future
9556,2024-11-19,637,84,3,1,108.1,31.76,108.1,76.34,0,On Time,Click & Collect,Current
9557,2025-04-01,304,33,3,2,219.29,17.1,438.58,421.48,0,On Time,Online,Future
9558,2025-09-12,788,74,6,1,120.32,17.36,120.32,102.96,0,On Time,Online,Future
9559,2025-02-05,15,37,6,1,141.5,34.48,141.5,107.02,0,On Time,Online,Current
9560,2024-01-24,238,97,6,3,54.01,0.53,162.03,161.5,0,On Time,Online,Future
9561,2025-01-11,875,60,6,2,148.3,30.64,296.6,265.96,0,On Time,Online,Current
9562,2024-12-08,486,47,1,4,146.36,33.97,585.44,551.47,0,On Time,Online,Current
9563,2024-04-14,422,46,2,3,117.41,3.17,352.23,349.06,0,On Time,In-Store,Current
9564,2024-01-16,21,113,4,2,120.7,20.38,241.4,221.02,0,On Time,Online,Current
9565,2025-09-07,615,53,5,4,103.59,9.11,414.36,405.25,0,On Time,Online,Future
9566,2025-10-10,373,76,4,3,128.17,8.97,384.51,375.54,0,On Time,Online,Current
9567,2025-05-06,590,115,5,3,131.17,13.37,393.51,380.14,5,Late,Wholesale,Current
9568,2024-10-14,646,61,6,2,82.33,32.73,164.66,131.93,0,On Time,Online,Current
9569,2024-11-15,433,20,4,3,93.73,25.58,281.19,255.61,0,On Time,Online,Current
9570,2024-09-10,535,39,6,1,128.17,34.39,128.17,93.78,0,On Time,Online,Future
9571,2024-12-15,368,47,6,2,146.36,27.2,292.72,265.52,4,Late,Online,Current
9572,2024-08-18,118,7,4,2,172.34,3.03,344.68,341.65,0,On Time,Online,Future
9573,2024-04-22,176,36,1,3,162.38,3.68,487.14,483.46,0,On Time,Click & Collect,Current
9574,2024-11-07,261,63,1,2,50.08,4.46,100.16,95.7,0,On Time,Online,Current
9575,2025-01-09,341,96,1,3,44.65,8.67,133.95,125.28,0,On Time,In-Store,Current
9576,2024-08-18,374,95,4,1,168.8,27.03,168.8,141.77,5,Late,In-Store,Current
9577,2025-06-25,97,113,4,2,120.7,29.7,241.4,211.7,0,On Time,Online,Current
9578,2025-12-25,924,16,3,3,103.76,19.79,311.28,291.49,6,Late,Online,Current
9579,2024-02-25,987,95,3,4,168.8,5.87,675.2,669.33,0,On Time,Wholesale,Current
9580,2025-01-22,701,31,2,3,64.76,29.01,194.28,165.27,0,On Time,Online,Current
9581,2025-03-26,230,99,6,1,170.64,16.93,170.64,153.71,4,Late,Online,Current
9582,2024-08-29,645,18,1,1,53.11,15.92,53.11,37.19,0,On Time,Click & Collect,Current
9583,2024-03-01,474,73,2,2,20.46,31.1,40.92,9.82,0,On Time,Online,Current
9584,2025-07-16,372,64,6,4,106.6,12.18,426.4,414.22,2,Late,Online,Future
9585,2024-07-01,389,120,6,1,47.37,26.88,47.37,20.49,0,On Time,Online,Current
9586,2024-04-25,681,32,3,3,183.92,19.5,551.76,532.26,0,On Time,Online,Future
9587,2024-04-23,155,13,6,4,109.25,3.42,437.0,433.58,0,On Time,Online,Future
9588,2024-08-05,681,93,6,3,119.71,8.02,359.13,351.11,0,On Time,Online,Current
9589,2024-06-15,773,74,1,1,120.32,7.14,120.32,113.18,0,On Time,Online,Future
9590,2024-08-14,886,104,6,1,154.04,30.64,154.04,123.4,0,On Time,Click & Collect,Future
9591,2025-11-01,701,64,6,1,106.6,10.24,106.6,96.36,0,On Time,Online,Current
9592,2024-03-27,909,74,6,4,120.32,8.55,481.28,472.73,0,On Time,Online,Current
9593,2025-11-02,896,71,1,4,135.62,30.66,542.48,511.82,0,On Time,Online,Current
9594,2025-03-16,65,47,2,3,146.36,5.53,439.08,433.55,0,On Time,Click & Collect,Current
9595,2025-11-11,413,114,3,4,83.67,5.07,334.68,329.61,0,On Time,In-Store,Current
9596,2025-05-30,189,7,1,2,172.34,14.1,344.68,330.58,0,On Time,Online,Current
9597,2025-05-25,865,10,1,3,78.41,8.83,235.23,226.4,0,On Time,Click & Collect,Current
9598,2024-11-11,761,90,4,2,82.64,26.74,165.28,138.54,0,On Time,Online,Current
9599,2024-07-17,262,9,6,3,102.79,7.25,308.37,301.12,0,On Time,Online,Future
9600,2024-11-01,657,103,3,2,113.76,7.27,227.52,220.25,4,Late,Click & Collect,Current
9601,2025-08-30,762,38,3,2,97.97,4.72,195.94,191.22,2,Late,Click & Collect,Future
9602,2025-05-01,584,73,6,1,20.46,14.95,20.46,5.51,1,Late,Online,Future
9603,2024-07-21,687,80,6,2,119.07,1.47,238.14,236.67,3,Late,Online,Current
9604,2024-02-28,189,37,6,3,141.5,22.87,424.5,401.63,0,On Time,Online,Future
9605,2025-10-13,244,37,1,4,141.5,27.58,566.0,538.42,6,Late,In-Store,Current
9606,2025-06-28,353,118,6,4,167.17,15.62,668.68,653.06,1,Late,Online,Future
9607,2025-12-06,90,59,1,3,99.02,32.72,297.06,264.34,0,On Time,Online,Future
9608,2025-04-21,654,59,3,4,99.02,4.46,396.08,391.62,0,On Time,Online,Current
9609,2025-12-08,312,45,1,2,29.58,16.19,59.16,42.97,0,On Time,Online,Current
9610,2025-07-18,220,71,1,3,135.62,26.05,406.86,380.81,0,On Time,Online,Future
9611,2024-04-13,603,22,2,2,118.48,12.13,236.96,224.83,0,On Time,Online,Future
9612,2025-04-26,811,7,3,1,172.34,33.92,172.34,138.42,0,On Time,Online,Future
9613,2024-10-02,31,50,6,2,97.72,31.28,195.44,164.16,0,On Time,Online,Current
9614,2025-08-23,217,45,3,2,29.58,1.24,59.16,57.92,0,On Time,Wholesale,Current
9615,2024-01-26,116,17,3,1,141.85,33.41,141.85,108.44,0,On Time,Wholesale,Current
9616,2025-08-20,955,29,6,1,130.05,15.12,130.05,114.93,0,On Time,Online,Current
9617,2025-05-16,641,61,6,2,82.33,17.83,164.66,146.83,0,On Time,Online,Current
9618,2024-05-12,464,92,6,2,46.38,19.1,92.76,73.66,0,On Time,Online,Current
9619,2024-11-06,347,68,4,2,76.01,23.48,152.02,128.54,0,On Time,Online,Future
9620,2024-06-26,805,33,3,4,219.29,19.97,877.16,857.19,0,On Time,Online,Current
9621,2024-03-31,48,111,2,4,139.05,25.18,556.2,531.02,0,On Time,Wholesale,Current
9622,2024-11-05,899,56,6,3,166.72,8.56,500.16,491.6,0,On Time,Online,Current
9623,2025-11-20,698,22,3,1,118.48,9.2,118.48,109.28,0,On Time,In-Store,Current
9624,2024-11-15,630,63,3,3,50.08,4.24,150.24,146.0,4,Late,Online,Current
9625,2024-12-27,362,24,6,3,152.6,28.41,457.8,429.39,0,On Time,Online,Current
9626,2024-04-23,556,31,5,4,64.76,6.67,259.04,252.37,0,On Time,Online,Future
9627,2024-02-27,800,4,4,3,143.64,2.09,430.92,428.83,0,On Time,Online,Current
9628,2025-02-11,567,4,4,1,143.64,6.42,143.64,137.22,3,Late,Online,Current
9629,2024-12-17,411,62,4,4,180.58,7.05,722.32,715.27,0,On Time,Online,Future
9630,2025-10-05,705,71,1,1,135.62,0.79,135.62,134.83,0,On Time,Online,Current
9631,2024-03-23,371,45,3,3,29.58,12.71,88.74,76.03,0,On Time,Online,Current
9632,2025-05-25,624,68,3,3,76.01,7.43,228.03,220.6,1,Late,Online,Future
9633,2024-04-15,15,83,4,1,73.64,16.61,73.64,57.03,0,On Time,Online,Future
9634,2024-04-21,944,4,1,3,143.64,5.79,430.92,425.13,0,On Time,Online,Future
9635,2024-03-21,106,38,5,1,97.97,12.61,97.97,85.36,0,On Time,Wholesale,Current
9636,2024-03-24,713,45,4,3,29.58,3.71,88.74,85.03,4,Late,In-Store,Current
9637,2024-05-03,394,2,2,2,200.36,4.61,400.72,396.11,0,On Time,Click & Collect,Current
9638,2025-06-17,374,53,3,2,103.59,13.59,207.18,193.59,0,On Time,Online,Future
9639,2025-11-24,846,57,6,4,144.33,17.88,577.32,559.44,0,On Time,Online,Future
9640,2025-06-11,10,40,6,4,35.44,33.33,141.76,108.43,0,On Time,Online,Current
9641,2025-07-31,151,86,1,4,102.94,10.97,411.76,400.79,0,On Time,Online,Current
9642,2024-02-08,236,66,4,3,105.25,1.97,315.75,313.78,0,On Time,In-Store,Future
9643,2024-04-03,503,1,6,2,125.71,6.45,251.42,244.97,0,On Time,Online,Future
9644,2024-09-07,518,94,6,4,56.02,8.15,224.08,215.93,0,On Time,Online,Current
9645,2024-06-20,408,96,1,2,44.65,4.71,89.3,84.59,0,On Time,Online,Future
9646,2025-09-14,759,34,6,2,116.01,11.67,232.02,220.35,2,Late,Online,Future
9647,2024-05-03,398,77,6,4,132.93,28.59,531.72,503.13,0,On Time,Online,Future
9648,2025-08-02,991,119,4,3,21.52,24.86,64.56,39.7,0,On Time,In-Store,Current
9649,2024-08-25,316,9,1,1,102.79,33.87,102.79,68.92,5,Late,Click & Collect,Current
9650,2025-07-01,287,8,6,4,62.57,14.84,250.28,235.44,0,On Time,Online,Future
9651,2025-07-22,954,11,6,4,40.32,0.3,161.28,160.98,0,On Time,Online,Future
9652,2025-01-24,703,68,2,1,76.01,29.04,76.01,46.97,0,On Time,Wholesale,Current
9653,2025-09-22,969,21,4,3,44.65,1.59,133.95,132.36,0,On Time,Online,Future
9654,2024-01-27,725,58,3,2,118.61,29.36,237.22,207.86,0,On Time,In-Store,Future
9655,2024-02-28,526,113,1,2,120.7,20.92,241.4,220.48,0,On Time,In-Store,Current
9656,2025-02-01,505,32,6,3,183.92,5.85,551.76,545.91,0,On Time,Online,Future
9657,2024-05-15,915,62,1,4,180.58,15.45,722.32,706.87,0,On Time,In-Store,Current
9658,2025-09-11,916,97,2,1,54.01,11.61,54.01,42.4,0,On Time,Click & Collect,Future
9659,2025-08-23,483,106,6,3,28.51,5.97,85.53,79.56,0,On Time,Online,Current
9660,2025-05-14,609,30,4,3,33.3,19.86,99.9,80.04,0,On Time,Click & Collect,Current
9661,2024-11-14,836,64,2,4,106.6,26.28,426.4,400.12,2,Late,Online,Current
9662,2025-02-01,793,118,6,4,167.17,18.73,668.68,649.95,0,On Time,Online,Current
9663,2024-11-07,36,18,6,2,53.11,1.65,106.22,104.57,0,On Time,Online,Current
9664,2025-02-18,694,15,3,1,76.6,4.95,76.6,71.65,0,On Time,Click & Collect,Current
9665,2025-10-28,795,103,3,2,113.76,33.36,227.52,194.16,0,On Time,Online,Current
9666,2024-07-11,411,28,6,1,154.21,15.71,154.21,138.5,0,On Time,Online,Current
9667,2025-05-11,282,38,4,3,97.97,22.96,293.91,270.95,0,On Time,Online,Future
9668,2025-03-20,784,61,1,1,82.33,5.12,82.33,77.21,0,On Time,Online,Current
9669,2025-09-21,236,51,3,4,110.62,10.52,442.48,431.96,0,On Time,Wholesale,Current
9670,2025-11-16,940,91,5,4,85.5,11.82,342.0,330.18,2,Late,Online,Current
9671,2024-09-06,139,24,2,1,152.6,5.26,152.6,147.34,0,On Time,Online,Current
9672,2025-08-08,65,99,6,4,170.64,24.67,682.56,657.89,0,On Time,In-Store,Current
9673,2025-10-06,110,12,3,1,177.18,1.59,177.18,175.59,0,On Time,Online,Current
9674,2025-10-31,128,6,4,2,127.67,18.51,255.34,236.83,0,On Time,Wholesale,Future
9675,2024-11-28,115,43,1,4,129.42,30.34,517.68,487.34,0,On Time,Wholesale,Future
9676,2025-08-07,568,36,1,1,162.38,0.4,162.38,161.98,0,On Time,Wholesale,Current
9677,2025-03-12,524,26,6,1,117.76,2.83,117.76,114.93,0,On Time,Online,Future
9678,2025-11-23,126,109,1,2,65.96,17.49,131.92,114.43,0,On Time,Wholesale,Current
9679,2024-04-16,713,26,3,4,117.76,31.0,471.04,440.04,0,On Time,Online,Future
9680,2024-12-12,830,119,6,2,21.52,19.99,43.04,23.05,0,On Time,Online,Future
9681,2025-07-24,815,93,3,2,119.71,22.64,239.42,216.78,0,On Time,Click & Collect,Future
9682,2025-12-01,571,103,6,2,113.76,27.85,227.52,199.67,7,Late,Online,Current
9683,2025-08-04,416,109,1,3,65.96,18.5,197.88,179.38,0,On Time,Online,Future
9684,2024-03-01,978,66,6,3,105.25,28.08,315.75,287.67,0,On Time,Online,Future
9685,2025-03-19,133,118,1,1,167.17,17.67,167.17,149.5,0,On Time,Wholesale,Current
9686,2024-07-19,955,75,6,2,112.15,26.0,224.3,198.3,6,Late,Online,Current
9687,2025-09-22,530,27,3,4,148.3,21.45,593.2,571.75,0,On Time,Click & Collect,Current
9688,2025-04-17,12,3,3,2,182.39,21.89,364.78,342.89,0,On Time,Click & Collect,Current
9689,2025-04-15,882,94,1,1,56.02,23.68,56.02,32.34,0,On Time,Online,Current
9690,2024-09-15,841,105,6,4,45.95,33.03,183.8,150.77,0,On Time,Online,Current
9691,2025-06-22,431,61,1,1,82.33,14.12,82.33,68.21,0,On Time,Online,Current
9692,2024-02-29,410,18,2,4,53.11,8.84,212.44,203.6,0,On Time,Online,Future
9693,2024-01-07,47,93,6,1,119.71,30.93,119.71,88.78,0,On Time,Online,Current
9694,2024-09-05,203,102,1,4,68.71,33.33,274.84,241.51,0,On Time,In-Store,Current
9695,2024-11-20,594,65,4,3,71.32,7.5,213.96,206.46,0,On Time,In-Store,Current
9696,2024-11-21,655,116,3,2,159.24,28.86,318.48,289.62,0,On Time,In-Store,Current
9697,2024-12-22,542,43,1,4,129.42,7.13,517.68,510.55,0,On Time,Online,Future
9698,2025-01-31,279,67,2,2,214.61,12.14,429.22,417.08,0,On Time,Online,Future
9699,2024-03-03,806,8,6,3,62.57,11.83,187.71,175.88,0,On Time,Online,Future
9700,2025-09-16,410,96,6,4,44.65,24.6,178.6,154.0,0,On Time,Online,Current
9701,2025-02-16,217,43,6,4,129.42,31.43,517.68,486.25,0,On Time,Online,Current
9702,2024-09-20,727,103,6,1,113.76,2.93,113.76,110.83,0,On Time,Online,Current
9703,2024-07-14,962,111,2,3,139.05,27.53,417.15,389.62,0,On Time,In-Store,Future
9704,2024-12-17,815,29,1,3,130.05,4.98,390.15,385.17,3,Late,Online,Current
9705,2024-09-01,55,10,1,2,78.41,18.17,156.82,138.65,0,On Time,Online,Current
9706,2024-10-30,378,53,6,1,103.59,33.27,103.59,70.32,3,Late,Online,Current
9707,2025-12-27,289,100,1,4,91.89,17.19,367.56,350.37,1,Late,Online,Current
9708,2024-06-14,717,31,1,4,64.76,32.99,259.04,226.05,0,On Time,Click & Collect,Future
9709,2024-02-14,531,27,6,1,148.3,23.85,148.3,124.45,0,On Time,Online,Current
9710,2024-07-28,84,10,6,1,78.41,15.19,78.41,63.22,0,On Time,Online,Future
9711,2025-01-29,124,119,6,2,21.52,4.01,43.04,39.03,0,On Time,Online,Current
9712,2024-03-09,577,87,1,4,80.57,17.33,322.28,304.95,0,On Time,Online,Current
9713,2024-08-03,475,51,3,2,110.62,0.63,221.24,220.61,0,On Time,Click & Collect,Current
9714,2025-06-11,724,107,6,1,49.65,17.98,49.65,31.67,2,Late,Online,Current
9715,2025-11-26,98,28,3,1,154.21,7.36,154.21,146.85,1,Late,Online,Future
9716,2025-04-19,845,4,4,1,143.64,17.13,143.64,126.51,6,Late,Online,Current
9717,2024-05-09,703,81,3,4,110.75,28.16,443.0,414.84,0,On Time,Click & Collect,Future
9718,2024-06-10,250,101,5,1,123.75,9.77,123.75,113.98,0,On Time,Online,Future
9719,2024-12-27,848,27,1,2,148.3,33.56,296.6,263.04,0,On Time,Wholesale,Future
9720,2024-04-04,852,46,2,4,117.41,11.89,469.64,457.75,0,On Time,Online,Current
9721,2024-08-08,549,3,5,3,182.39,27.02,547.17,520.15,0,On Time,In-Store,Future
9722,2024-01-24,632,8,1,4,62.57,17.24,250.28,233.04,0,On Time,Wholesale,Current
9723,2025-08-28,487,10,2,3,78.41,7.3,235.23,227.93,0,On Time,Online,Current
9724,2025-06-03,691,66,1,4,105.25,2.28,421.0,418.72,0,On Time,Online,Future
9725,2024-09-10,89,47,6,1,146.36,22.35,146.36,124.01,0,On Time,Online,Future
9726,2025-02-25,404,48,4,1,94.16,0.8,94.16,93.36,0,On Time,Online,Current
9727,2024-05-31,976,82,3,2,135.39,21.11,270.78,249.67,0,On Time,Wholesale,Future
9728,2024-09-06,306,4,6,3,143.64,26.54,430.92,404.38,5,Late,Online,Current
9729,2025-11-20,767,11,3,3,40.32,9.38,120.96,111.58,0,On Time,Online,Future
9730,2025-01-06,732,86,1,3,102.94,34.65,308.82,274.17,0,On Time,Online,Current
9731,2025-06-28,546,48,3,3,94.16,10.27,282.48,272.21,0,On Time,Click & Collect,Future
9732,2024-09-18,224,94,1,4,56.02,6.31,224.08,217.77,0,On Time,Online,Current
9733,2024-11-07,635,108,1,4,50.05,26.67,200.2,173.53,0,On Time,Online,Future
9734,2025-06-24,868,114,1,1,83.67,24.12,83.67,59.55,3,Late,Online,Current
9735,2024-01-09,731,3,6,4,182.39,13.48,729.56,716.08,0,On Time,Click & Collect,Current
9736,2025-08-19,613,83,2,2,73.64,30.88,147.28,116.4,0,On Time,Wholesale,Future
9737,2025-09-18,541,14,6,1,85.15,17.36,85.15,67.79,0,On Time,Online,Current
9738,2024-07-02,74,88,2,3,41.48,27.12,124.44,97.32,0,On Time,Click & Collect,Current
9739,2024-03-19,46,66,1,4,105.25,12.86,421.0,408.14,0,On Time,Online,Current
9740,2025-08-11,234,41,2,2,110.65,3.21,221.3,218.09,1,Late,Online,Future
9741,2025-09-09,31,84,6,1,108.1,25.55,108.1,82.55,0,On Time,Online,Current
9742,2025-08-04,317,12,4,3,177.18,20.63,531.54,510.91,5,Late,In-Store,Current
9743,2024-01-26,86,62,6,4,180.58,22.66,722.32,699.66,0,On Time,Online,Future
9744,2025-11-02,95,17,6,1,141.85,26.99,141.85,114.86,2,Late,Online,Future
9745,2024-10-31,609,85,6,3,142.01,1.33,426.03,424.7,0,On Time,Online,Current
9746,2024-08-27,378,27,1,4,148.3,2.12,593.2,591.08,0,On Time,Online,Future
9747,2025-08-17,145,26,4,3,117.76,33.38,353.28,319.9,0,On Time,Online,Current
9748,2025-09-24,459,39,6,1,128.17,27.96,128.17,100.21,5,Late,Online,Current
9749,2025-02-14,780,36,6,2,162.38,26.92,324.76,297.84,0,On Time,Online,Current
9750,2025-12-24,516,8,6,3,62.57,30.93,187.71,156.78,0,On Time,Online,Current
9751,2024-02-11,65,94,6,4,56.02,14.11,224.08,209.97,1,Late,Online,Future
9752,2024-06-15,858,26,5,4,117.76,24.15,471.04,446.89,0,On Time,Online,Future
9753,2024-05-06,59,116,4,2,159.24,7.59,318.48,310.89,0,On Time,Online,Future
9754,2024-11-08,322,27,3,3,148.3,7.11,444.9,437.79,0,On Time,Click & Collect,Current
9755,2024-02-29,255,119,4,2,21.52,15.64,43.04,27.4,0,On Time,Online,Future
9756,2025-01-01,768,61,6,4,82.33,11.0,329.32,318.32,6,Late,Online,Current
9757,2025-02-28,925,62,1,2,180.58,31.62,361.16,329.54,7,Late,Online,Current
9758,2025-03-03,45,114,2,2,83.67,8.18,167.34,159.16,6,Late,Online,Current
9759,2024-01-09,410,13,5,4,109.25,7.42,437.0,429.58,1,Late,Wholesale,Current
9760,2024-05-31,498,43,6,1,129.42,25.73,129.42,103.69,0,On Time,Online,Future
9761,2025-09-29,725,110,1,2,159.94,3.25,319.88,316.63,0,On Time,Wholesale,Future
9762,2024-12-19,246,107,2,1,49.65,2.03,49.65,47.62,0,On Time,Click & Collect,Future
9763,2025-08-19,610,109,6,1,65.96,26.42,65.96,39.54,0,On Time,Online,Future
9764,2025-05-18,544,103,6,3,113.76,10.97,341.28,330.31,0,On Time,Online,Current
9765,2024-06-19,387,119,6,1,21.52,12.22,21.52,9.3,1,Late,Online,Future
9766,2025-01-10,498,10,6,4,78.41,17.22,313.64,296.42,7,Late,Online,Current
9767,2024-04-29,209,8,6,1,62.57,8.7,62.57,53.87,0,On Time,Online,Future
9768,2024-06-19,540,72,2,3,141.82,29.44,425.46,396.02,0,On Time,In-Store,Current
9769,2025-09-02,538,36,6,3,162.38,29.77,487.14,457.37,0,On Time,Online,Future
9770,2024-07-28,181,53,6,2,103.59,12.78,207.18,194.4,7,Late,Online,Current
9771,2025-02-08,640,38,2,2,97.97,18.84,195.94,177.1,0,On Time,In-Store,Current
9772,2025-09-01,866,53,1,1,103.59,7.61,103.59,95.98,0,On Time,Click & Collect,Current
9773,2024-10-12,904,29,2,3,130.05,19.26,390.15,370.89,0,On Time,In-Store,Future
9774,2024-02-07,12,98,6,3,192.94,32.93,578.82,545.89,0,On Time,Online,Current
9775,2024-10-24,471,93,6,4,119.71,0.5,478.84,478.34,0,On Time,Online,Future
9776,2025-01-12,885,27,2,1,148.3,29.2,148.3,119.1,0,On Time,Wholesale,Future
9777,2025-05-16,791,74,2,4,120.32,29.72,481.28,451.56,3,Late,Online,Current
9778,2025-01-24,927,6,1,2,127.67,14.63,255.34,240.71,0,On Time,Wholesale,Future
9779,2025-09-18,337,19,1,2,118.63,0.91,237.26,236.35,0,On Time,Online,Future
9780,2024-01-30,717,97,6,1,54.01,23.23,54.01,30.78,0,On Time,Online,Current
9781,2024-07-12,239,14,6,4,85.15,5.43,340.6,335.17,0,On Time,Online,Future
9782,2024-08-12,313,118,6,3,167.17,30.3,501.51,471.21,2,Late,Online,Current
9783,2025-05-04,259,71,4,4,135.62,18.64,542.48,523.84,3,Late,Online,Current
9784,2025-05-26,746,54,1,4,110.37,4.26,441.48,437.22,0,On Time,Online,Future
9785,2025-08-08,621,75,1,3,112.15,24.55,336.45,311.9,5,Late,In-Store,Current
9786,2024-06-25,63,118,1,2,167.17,29.21,334.34,305.13,0,On Time,Online,Future
9787,2024-09-26,453,55,3,3,80.85,22.49,242.55,220.06,0,On Time,Online,Future
9788,2025-09-23,123,81,2,3,110.75,15.61,332.25,316.64,0,On Time,Online,Current
9789,2024-01-27,728,104,6,2,154.04,19.31,308.08,288.77,0,On Time,Online,Future
9790,2024-01-24,459,9,3,4,102.79,6.63,411.16,404.53,0,On Time,Online,Future
9791,2024-07-14,602,27,1,1,148.3,6.53,148.3,141.77,0,On Time,Online,Current
9792,2024-04-02,674,53,6,2,103.59,20.09,207.18,187.09,0,On Time,Online,Current
9793,2025-12-27,938,99,6,3,170.64,31.24,511.92,480.68,0,On Time,Online,Current
9794,2024-11-28,512,46,6,4,117.41,25.33,469.64,444.31,4,Late,Online,Current
9795,2025-02-18,32,93,4,2,119.71,32.82,239.42,206.6,0,On Time,Wholesale,Current
9796,2025-01-01,672,92,5,3,46.38,14.08,139.14,125.06,6,Late,Click & Collect,Current
9797,2024-07-20,530,92,2,4,46.38,22.34,185.52,163.18,0,On Time,Click & Collect,Current
9798,2024-05-21,381,46,5,4,117.41,25.95,469.64,443.69,0,On Time,Click & Collect,Future
9799,2025-10-09,492,52,2,4,18.05,29.66,72.2,42.54,0,On Time,Online,Current
9800,2025-10-18,854,67,4,3,214.61,8.63,643.83,635.2,0,On Time,Online,Current
9801,2024-04-07,733,69,2,2,82.06,27.9,164.12,136.22,0,On Time,Wholesale,Current
9802,2024-04-29,904,94,1,1,56.02,13.08,56.02,42.94,0,On Time,Wholesale,Current
9803,2025-02-05,967,45,1,3,29.58,21.71,88.74,67.03,0,On Time,Online,Future
9804,2024-02-09,670,56,5,1,166.72,31.32,166.72,135.4,0,On Time,Click & Collect,Current
9805,2025-11-12,87,54,6,4,110.37,26.1,441.48,415.38,0,On Time,Online,Current
9806,2025-11-01,987,56,6,3,166.72,19.63,500.16,480.53,0,On Time,Online,Current
9807,2025-10-20,706,107,6,4,49.65,31.3,198.6,167.3,0,On Time,Online,Current
9808,2024-10-18,514,112,3,2,167.65,29.41,335.3,305.89,0,On Time,Online,Current
9809,2024-10-07,84,83,1,4,73.64,17.42,294.56,277.14,0,On Time,Wholesale,Future
9810,2024-08-24,364,45,6,2,29.58,22.95,59.16,36.21,4,Late,Online,Current
9811,2024-03-30,475,100,6,1,91.89,17.74,91.89,74.15,0,On Time,Online,Current
9812,2025-12-30,80,80,2,3,119.07,27.97,357.21,329.24,0,On Time,In-Store,Future
9813,2024-11-30,937,74,3,1,120.32,5.6,120.32,114.72,0,On Time,Online,Future
9814,2025-08-30,970,44,4,3,107.15,31.69,321.45,289.76,5,Late,Wholesale,Current
9815,2025-01-30,442,102,5,4,68.71,3.31,274.84,271.53,0,On Time,Online,Current
9816,2025-08-10,877,110,3,1,159.94,16.32,159.94,143.62,0,On Time,Online,Future
9817,2024-11-15,620,4,2,4,143.64,24.17,574.56,550.39,0,On Time,Online,Future
9818,2025-11-14,881,87,4,1,80.57,28.5,80.57,52.07,0,On Time,In-Store,Current
9819,2024-06-04,322,24,6,1,152.6,10.79,152.6,141.81,0,On Time,Online,Current
9820,2024-05-01,855,44,6,1,107.15,28.14,107.15,79.01,0,On Time,Online,Current
9821,2024-02-12,666,120,4,3,47.37,33.24,142.11,108.87,1,Late,Click & Collect,Future
9822,2025-10-13,837,56,6,1,166.72,22.21,166.72,144.51,0,On Time,Wholesale,Current
9823,2024-09-05,366,59,3,2,99.02,13.46,198.04,184.58,0,On Time,Online,Future
9824,2024-11-08,593,96,3,2,44.65,13.83,89.3,75.47,3,Late,Wholesale,Current
9825,2024-05-05,1000,27,2,4,148.3,2.01,593.2,591.19,0,On Time,Online,Future
9826,2025-02-03,120,12,5,4,177.18,7.17,708.72,701.55,0,On Time,Online,Future
9827,2025-10-23,391,1,6,1,125.71,1.39,125.71,124.32,0,On Time,Online,Current
9828,2024-12-14,492,59,1,4,99.02,2.77,396.08,393.31,0,On Time,Wholesale,Current
9829,2025-01-17,612,74,3,2,120.32,15.12,240.64,225.52,0,On Time,Online,Current
9830,2024-03-04,925,9,3,4,102.79,28.68,411.16,382.48,0,On Time,Online,Current
9831,2025-07-31,156,81,5,1,110.75,16.59,110.75,94.16,0,On Time,Online,Future
9832,2024-08-27,525,76,6,1,128.17,7.88,128.17,120.29,0,On Time,Online,Current
9833,2025-08-18,498,111,2,2,139.05,5.13,278.1,272.97,0,On Time,Click & Collect,Future
9834,2024-09-22,36,69,3,3,82.06,29.91,246.18,216.27,2,Late,Online,Future
9835,2025-06-04,69,34,6,2,116.01,3.27,232.02,228.75,2,Late,Online,Future
9836,2025-06-01,988,66,4,4,105.25,33.47,421.0,387.53,0,On Time,Wholesale,Current
9837,2025-11-29,322,75,6,3,112.15,21.49,336.45,314.96,0,On Time,Online,Current
9838,2024-02-01,296,16,6,1,103.76,1.11,103.76,102.65,2,Late,Online,Future
9839,2024-01-04,332,88,6,4,41.48,15.31,165.92,150.61,0,On Time,Online,Future
9840,2024-08-15,722,85,5,2,142.01,30.02,284.02,254.0,0,On Time,Online,Current
9841,2025-01-05,727,73,6,4,20.46,23.75,81.84,58.09,0,On Time,Online,Current
9842,2025-06-20,331,114,1,4,83.67,29.36,334.68,305.32,0,On Time,Online,Current
9843,2024-01-08,370,107,1,4,49.65,23.79,198.6,174.81,7,Late,Online,Current
9844,2025-07-06,466,69,2,2,82.06,16.09,164.12,148.03,5,Late,Online,Current
9845,2024-08-23,591,96,1,2,44.65,15.71,89.3,73.59,0,On Time,Wholesale,Current
9846,2024-01-23,469,24,6,4,152.6,16.77,610.4,593.63,3,Late,Online,Current
9847,2024-11-02,631,45,6,4,29.58,34.25,118.32,84.07,0,On Time,In-Store,Current
9848,2024-04-13,607,61,2,1,82.33,23.0,82.33,59.33,0,On Time,Online,Future
9849,2025-10-03,911,55,6,1,80.85,12.89,80.85,67.96,0,On Time,Online,Future
9850,2025-06-05,568,105,1,2,45.95,21.49,91.9,70.41,3,Late,In-Store,Current
9851,2024-10-01,265,38,1,4,97.97,28.68,391.88,363.2,0,On Time,Online,Current
9852,2024-09-19,431,99,6,3,170.64,25.73,511.92,486.19,0,On Time,Online,Future
9853,2024-01-05,226,5,6,2,140.44,31.39,280.88,249.49,0,On Time,Online,Current
9854,2025-08-17,267,9,3,3,102.79,9.71,308.37,298.66,0,On Time,Click & Collect,Current
9855,2025-03-06,555,64,3,4,106.6,19.59,426.4,406.81,0,On Time,Online,Future
9856,2025-11-27,737,117,2,1,131.87,19.03,131.87,112.84,4,Late,Online,Current
9857,2025-09-22,649,102,6,1,68.71,33.34,68.71,35.37,0,On Time,Online,Future
9858,2024-06-01,681,94,3,3,56.02,18.21,168.06,149.85,0,On Time,In-Store,Future
9859,2024-08-10,655,53,6,3,103.59,19.27,310.77,291.5,0,On Time,Online,Current
9860,2024-09-30,711,57,6,2,144.33,8.69,288.66,279.97,4,Late,Online,Current
9861,2024-05-20,511,112,5,2,167.65,7.99,335.3,327.31,0,On Time,Online,Current
9862,2024-10-31,8,51,6,3,110.62,19.87,331.86,311.99,3,Late,Online,Current
9863,2024-07-23,393,32,6,4,183.92,1.13,735.68,734.55,0,On Time,Online,Current
9864,2024-04-26,181,15,6,4,76.6,3.6,306.4,302.8,2,Late,Online,Future
9865,2024-11-14,293,12,5,3,177.18,11.95,531.54,519.59,0,On Time,Online,Future
9866,2024-07-19,492,50,6,2,97.72,30.12,195.44,165.32,0,On Time,Online,Future
9867,2025-07-04,260,24,6,2,152.6,32.56,305.2,272.64,1,Late,Online,Current
9868,2025-01-06,166,117,6,3,131.87,32.92,395.61,362.69,0,On Time,Online,Future
9869,2025-07-24,759,50,2,2,97.72,33.2,195.44,162.24,0,On Time,Wholesale,Current
9870,2024-02-20,688,66,6,2,105.25,24.42,210.5,186.08,7,Late,Online,Current
9871,2024-08-11,454,112,1,4,167.65,23.14,670.6,647.46,0,On Time,Click & Collect,Current
9872,2024-03-31,707,86,6,4,102.94,8.58,411.76,403.18,2,Late,Online,Current
9873,2024-06-19,74,3,1,1,182.39,11.36,182.39,171.03,0,On Time,Wholesale,Future
9874,2025-08-21,41,97,2,2,54.01,17.23,108.02,90.79,0,On Time,Online,Current
9875,2024-03-27,898,49,6,4,134.92,19.85,539.68,519.83,0,On Time,Online,Future
9876,2025-04-29,689,75,6,3,112.15,6.04,336.45,330.41,0,On Time,Online,Current
9877,2025-05-27,541,10,6,2,78.41,2.51,156.82,154.31,0,On Time,Online,Current
9878,2025-02-22,167,115,6,4,131.17,5.11,524.68,519.57,0,On Time,Online,Current
9879,2024-08-09,376,45,6,3,29.58,26.83,88.74,61.91,0,On Time,Online,Current
9880,2024-07-22,796,22,2,4,118.48,5.07,473.92,468.85,0,On Time,Online,Current
9881,2025-02-13,381,69,6,3,82.06,10.07,246.18,236.11,0,On Time,Click & Collect,Current
9882,2025-09-15,836,117,6,4,131.87,34.78,527.48,492.7,1,Late,Online,Future
9883,2024-06-03,470,95,6,4,168.8,29.25,675.2,645.95,0,On Time,Online,Future
9884,2024-06-20,101,63,6,1,50.08,4.5,50.08,45.58,0,On Time,Online,Current
9885,2024-11-30,137,29,2,1,130.05,21.72,130.05,108.33,0,On Time,Wholesale,Current
9886,2024-10-23,937,73,6,3,20.46,23.6,61.38,37.78,0,On Time,Online,Current
9887,2024-12-01,951,12,6,3,177.18,11.88,531.54,519.66,0,On Time,Online,Current
9888,2024-10-29,185,112,2,3,167.65,21.18,502.95,481.77,0,On Time,Wholesale,Current
9889,2024-06-12,72,112,4,1,167.65,32.12,167.65,135.53,7,Late,In-Store,Current
9890,2024-11-29,277,14,2,1,85.15,27.95,85.15,57.2,0,On Time,Click & Collect,Current
9891,2024-11-07,586,27,1,3,148.3,31.72,444.9,413.18,0,On Time,Online,Current
9892,2025-10-25,698,99,6,4,170.64,4.34,682.56,678.22,0,On Time,Online,Future
9893,2024-04-29,972,67,1,2,214.61,27.54,429.22,401.68,0,On Time,Wholesale,Current
9894,2024-02-19,39,87,1,2,80.57,30.65,161.14,130.49,0,On Time,In-Store,Future
9895,2025-12-26,376,34,2,1,116.01,29.95,116.01,86.06,0,On Time,Wholesale,Current
9896,2024-01-08,146,105,6,1,45.95,31.6,45.95,14.35,0,On Time,Online,Current
9897,2025-04-26,396,99,2,3,170.64,23.61,511.92,488.31,0,On Time,Online,Current
9898,2024-05-12,63,59,6,1,99.02,5.4,99.02,93.62,0,On Time,Online,Future
9899,2025-04-07,394,86,6,3,102.94,20.24,308.82,288.58,0,On Time,Online,Current
9900,2024-04-11,434,19,2,4,118.63,18.5,474.52,456.02,0,On Time,Online,Current
9901,2024-10-28,922,10,6,4,78.41,24.13,313.64,289.51,0,On Time,Online,Current
9902,2024-12-26,800,2,5,1,200.36,19.16,200.36,181.2,0,On Time,Online,Future
9903,2025-08-22,381,79,6,4,174.91,3.8,699.64,695.84,0,On Time,Online,Current
9904,2024-03-19,955,73,6,4,20.46,9.42,81.84,72.42,5,Late,Online,Current
9905,2024-03-25,675,81,5,3,110.75,33.04,332.25,299.21,0,On Time,Online,Current
9906,2024-02-24,747,97,4,1,54.01,27.03,54.01,26.98,0,On Time,Online,Current
9907,2025-01-25,102,12,4,4,177.18,11.9,708.72,696.82,4,Late,In-Store,Current
9908,2024-01-03,454,52,1,3,18.05,21.83,54.15,32.32,0,On Time,Wholesale,Current
9909,2024-03-10,201,95,2,1,168.8,16.82,168.8,151.98,0,On Time,Wholesale,Future
9910,2024-11-18,275,81,1,2,110.75,29.97,221.5,191.53,0,On Time,Click & Collect,Current
9911,2024-03-06,717,41,3,3,110.65,31.87,331.95,300.08,0,On Time,Online,Future
9912,2024-12-26,707,39,2,1,128.17,12.54,128.17,115.63,0,On Time,Online,Current
9913,2025-02-07,678,41,6,4,110.65,11.59,442.6,431.01,0,On Time,Online,Current
9914,2025-05-24,622,13,6,1,109.25,3.92,109.25,105.33,0,On Time,Online,Current
9915,2024-03-02,95,14,6,4,85.15,16.85,340.6,323.75,0,On Time,Online,Current
9916,2024-02-18,672,63,5,2,50.08,13.25,100.16,86.91,0,On Time,Click & Collect,Current
9917,2024-09-30,333,57,2,1,144.33,30.45,144.33,113.88,1,Late,Wholesale,Future
9918,2024-08-30,282,48,6,3,94.16,21.48,282.48,261.0,0,On Time,Online,Future
9919,2025-04-16,277,67,5,1,214.61,30.72,214.61,183.89,0,On Time,Online,Current
9920,2024-07-11,606,84,3,4,108.1,14.69,432.4,417.71,1,Late,Wholesale,Current
9921,2024-03-22,94,85,4,2,142.01,3.29,284.02,280.73,0,On Time,Wholesale,Current
9922,2025-07-16,899,32,1,4,183.92,27.56,735.68,708.12,7,Late,In-Store,Current
9923,2025-11-12,948,7,6,2,172.34,33.06,344.68,311.62,0,On Time,Online,Current
9924,2025-06-27,316,34,6,1,116.01,34.28,116.01,81.73,0,On Time,Online,Current
9925,2024-07-20,783,111,6,4,139.05,7.58,556.2,548.62,0,On Time,Online,Current
9926,2024-04-21,115,65,6,2,71.32,15.87,142.64,126.77,0,On Time,Online,Future
9927,2024-09-26,80,55,3,1,80.85,27.21,80.85,53.64,2,Late,Wholesale,Current
9928,2025-03-11,158,90,1,1,82.64,16.22,82.64,66.42,0,On Time,Online,Current
9929,2024-09-06,178,53,4,4,103.59,2.86,414.36,411.5,0,On Time,Online,Current
9930,2024-08-10,901,16,2,2,103.76,14.6,207.52,192.92,0,On Time,Click & Collect,Future
9931,2024-05-14,873,97,6,1,54.01,20.13,54.01,33.88,0,On Time,In-Store,Current
9932,2025-01-28,892,94,6,4,56.02,33.31,224.08,190.77,0,On Time,Online,Current
9933,2024-10-14,710,92,3,4,46.38,12.7,185.52,172.82,0,On Time,Online,Future
9934,2024-08-28,748,21,5,4,44.65,14.74,178.6,163.86,0,On Time,Online,Current
9935,2025-03-16,525,82,2,2,135.39,3.05,270.78,267.73,0,On Time,Online,Future
9936,2024-08-11,179,97,6,3,54.01,31.27,162.03,130.76,0,On Time,Online,Current
9937,2024-09-16,281,117,6,4,131.87,8.44,527.48,519.04,0,On Time,Online,Current
9938,2025-01-12,916,44,1,3,107.15,19.82,321.45,301.63,0,On Time,In-Store,Future
9939,2025-07-17,840,114,1,3,83.67,0.52,251.01,250.49,0,On Time,Wholesale,Current
9940,2025-11-01,28,85,6,1,142.01,10.98,142.01,131.03,0,On Time,Online,Future
9941,2024-02-21,537,2,4,2,200.36,9.38,400.72,391.34,0,On Time,In-Store,Future
9942,2025-03-02,627,6,3,2,127.67,25.09,255.34,230.25,0,On Time,Online,Future
9943,2024-04-26,277,47,6,3,146.36,21.85,439.08,417.23,7,Late,Online,Current
9944,2024-01-29,826,51,4,4,110.62,14.58,442.48,427.9,0,On Time,Click & Collect,Current
9945,2025-02-09,835,41,6,2,110.65,28.25,221.3,193.05,0,On Time,Online,Future
9946,2025-02-22,103,102,6,4,68.71,24.9,274.84,249.94,0,On Time,Online,Current
9947,2024-02-18,884,83,2,4,73.64,25.93,294.56,268.63,7,Late,Online,Current
9948,2025-06-18,651,33,6,1,219.29,14.64,219.29,204.65,0,On Time,Online,Current
9949,2024-11-12,463,86,6,3,102.94,27.7,308.82,281.12,0,On Time,Online,Future
9950,2024-12-17,2,39,5,4,128.17,22.36,512.68,490.32,0,On Time,Click & Collect,Current
9951,2024-04-23,804,105,1,3,45.95,3.21,137.85,134.64,0,On Time,Wholesale,Current
9952,2024-06-16,476,64,6,3,106.6,2.58,319.8,317.22,7,Late,Online,Current
9953,2024-02-04,723,116,6,2,159.24,10.39,318.48,308.09,0,On Time,Online,Current
9954,2024-01-29,875,92,4,3,46.38,2.8,139.14,136.34,0,On Time,Wholesale,Future
9955,2025-11-25,579,68,6,2,76.01,29.11,152.02,122.91,0,On Time,Online,Current
9956,2024-06-07,747,115,6,2,131.17,18.24,262.34,244.1,2,Late,Online,Future
9957,2025-11-02,566,113,2,2,120.7,23.22,241.4,218.18,0,On Time,Online,Future
9958,2025-03-08,896,54,1,3,110.37,25.41,331.11,305.7,0,On Time,In-Store,Future
9959,2025-08-04,92,101,6,1,123.75,4.27,123.75,119.48,0,On Time,Online,Current
9960,2025-12-16,85,110,3,1,159.94,0.28,159.94,159.66,0,On Time,Wholesale,Current
9961,2025-06-01,645,70,1,1,117.81,4.58,117.81,113.23,0,On Time,Online,Future
9962,2024-11-21,285,93,6,4,119.71,23.76,478.84,455.08,0,On Time,Online,Current
9963,2025-12-16,60,74,1,4,120.32,30.14,481.28,451.14,0,On Time,Click & Collect,Future
9964,2025-08-26,958,97,5,2,54.01,10.28,108.02,97.74,0,On Time,Online,Future
9965,2024-01-21,668,1,6,4,125.71,25.58,502.84,477.26,0,On Time,Online,Future
9966,2024-05-02,793,56,6,4,166.72,16.75,666.88,650.13,2,Late,Online,Future
9967,2025-07-06,960,62,6,3,180.58,33.35,541.74,508.39,0,On Time,Online,Future
9968,2025-02-09,367,34,6,1,116.01,1.95,116.01,114.06,0,On Time,Online,Future
9969,2025-08-15,591,16,1,3,103.76,24.43,311.28,286.85,0,On Time,Online,Current
9970,2025-05-15,96,90,6,2,82.64,7.9,165.28,157.38,0,On Time,Online,Current
9971,2024-01-14,988,64,6,1,106.6,19.57,106.6,87.03,0,On Time,Online,Current
9972,2025-02-02,557,53,3,3,103.59,29.23,310.77,281.54,0,On Time,In-Store,Current
9973,2025-11-14,927,5,1,4,140.44,1.13,561.76,560.63,0,On Time,Online,Current
9974,2024-01-23,375,109,2,3,65.96,12.85,197.88,185.03,0,On Time,Online,Current
9975,2025-01-19,255,23,6,3,87.41,7.54,262.23,254.69,0,On Time,Online,Future
9976,2025-06-10,728,28,1,2,154.21,10.47,308.42,297.95,0,On Time,Online,Current
9977,2024-08-06,958,21,2,3,44.65,7.48,133.95,126.47,0,On Time,Online,Current
9978,2025-05-06,381,79,1,3,174.91,6.28,524.73,518.45,0,On Time,Click & Collect,Future
9979,2024-09-18,540,71,2,4,135.62,12.95,542.48,529.53,0,On Time,Online,Future
9980,2025-06-28,940,73,6,4,20.46,15.25,81.84,66.59,0,On Time,Online,Current
9981,2024-01-08,618,102,6,4,68.71,19.42,274.84,255.42,0,On Time,Online,Current
9982,2024-03-08,854,15,2,1,76.6,15.97,76.6,60.63,0,On Time,Online,Current
9983,2024-02-09,139,111,6,4,139.05,3.33,556.2,552.87,0,On Time,Online,Future
9984,2025-06-20,242,88,5,4,41.48,18.98,165.92,146.94,0,On Time,Online,Current
9985,2024-06-20,181,118,2,2,167.17,0.91,334.34,333.43,0,On Time,Online,Future
9986,2024-04-12,416,100,6,3,91.89,31.76,275.67,243.91,0,On Time,Online,Current
9987,2024-04-23,306,70,6,1,117.81,27.88,117.81,89.93,0,On Time,Online,Current
9988,2024-07-11,985,73,2,1,20.46,2.19,20.46,18.27,0,On Time,Wholesale,Future
9989,2024-04-03,871,17,1,4,141.85,24.28,567.4,543.12,6,Late,In-Store,Current
9990,2025-07-09,523,11,6,2,40.32,13.24,80.64,67.4,7,Late,Online,Current
9991,2024-04-17,208,88,3,2,41.48,28.53,82.96,54.43,5,Late,Online,Current
9992,2024-10-26,396,115,6,3,131.17,24.55,393.51,368.96,0,On Time,Online,Future
9993,2025-07-11,255,29,3,1,130.05,4.65,130.05,125.4,0,On Time,Online,Current
9994,2024-11-09,933,30,1,3,33.3,17.2,99.9,82.7,1,Late,Online,Future
9995,2025-06-13,543,108,2,3,50.05,5.45,150.15,144.7,0,On Time,Wholesale,Current
9996,2025-05-20,143,25,1,1,27.12,0.82,27.12,26.3,0,On Time,Online,Current
9997,2025-04-13,674,11,1,4,40.32,3.31,161.28,157.97,0,On Time,Click & Collect,Future
9998,2024-12-17,992,65,6,4,71.32,32.55,285.28,252.73,0,On Time,Online,Future
9999,2024-12-11,292,38,2,1,97.97,1.92,97.97,96.05,0,On Time,Online,Future
10000,2025-01-07,504,8,6,3,62.57,32.34,187.71,155.37,0,On Time,Online,Future
10001,2024-06-30,204,44,2,4,107.15,23.88,428.6,404.72,7,Late,Online,Current
10002,2025-08-17,860,6,6,2,127.67,12.85,255.34,242.49,0,On Time,Online,Future
10003,2025-09-17,34,101,4,2,123.75,33.39,247.5,214.11,0,On Time,Click & Collect,Future
10004,2024-12-06,856,50,5,1,97.72,10.27,97.72,87.45,0,On Time,Online,Current
10005,2024-08-16,958,40,6,1,35.44,19.59,35.44,15.85,0,On Time,Online,Current
10006,2025-09-07,203,27,5,4,148.3,31.06,593.2,562.14,7,Late,Wholesale,Current
10007,2024-12-15,595,107,6,4,49.65,5.59,198.6,193.01,0,On Time,Online,Current
10008,2024-11-29,286,95,6,3,168.8,20.53,506.4,485.87,0,On Time,Online,Future
10009,2025-04-12,40,13,5,4,109.25,14.6,437.0,422.4,0,On Time,Click & Collect,Current
10010,2025-01-09,828,3,5,2,182.39,7.81,364.78,356.97,0,On Time,Click & Collect,Future
10011,2024-02-13,866,4,3,1,143.64,14.61,143.64,129.03,0,On Time,Online,Future
10012,2025-10-22,177,21,3,3,44.65,11.02,133.95,122.93,3,Late,Online,Current
10013,2024-04-30,637,119,6,3,21.52,12.17,64.56,52.39,0,On Time,Online,Current
10014,2024-07-09,418,38,6,4,97.97,9.88,391.88,382.0,2,Late,Online,Future
10015,2024-07-01,764,40,6,4,35.44,13.39,141.76,128.37,0,On Time,Online,Current
10016,2024-01-15,663,60,2,2,148.3,16.5,296.6,280.1,0,On Time,Online,Future
10017,2025-05-11,971,50,4,4,97.72,18.62,390.88,372.26,0,On Time,In-Store,Current
10018,2024-07-08,434,31,6,1,64.76,16.23,64.76,48.53,0,On Time,Online,Future
10019,2025-10-02,368,97,3,1,54.01,10.7,54.01,43.31,0,On Time,Wholesale,Future
10020,2025-05-30,129,115,6,4,131.17,23.54,524.68,501.14,1,Late,Online,Future
10021,2025-07-19,716,9,6,4,102.79,2.85,411.16,408.31,0,On Time,In-Store,Future
10022,2025-10-22,189,80,4,4,119.07,5.46,476.28,470.82,0,On Time,Online,Current
10023,2025-02-24,336,84,6,4,108.1,2.93,432.4,429.47,0,On Time,Online,Current
10024,2024-02-07,561,67,6,2,214.61,15.08,429.22,414.14,0,On Time,Online,Future
10025,2024-01-16,740,118,1,2,167.17,21.23,334.34,313.11,0,On Time,Online,Current
10026,2024-12-30,274,63,6,3,50.08,10.78,150.24,139.46,0,On Time,Online,Future
10027,2025-09-07,854,68,6,1,76.01,14.9,76.01,61.11,0,On Time,Online,Current
10028,2025-04-28,864,67,6,2,214.61,30.85,429.22,398.37,0,On Time,Online,Current
10029,2025-05-01,985,80,6,3,119.07,16.96,357.21,340.25,0,On Time,Online,Current
10030,2024-04-12,199,24,6,2,152.6,25.25,305.2,279.95,0,On Time,Online,Current
10031,2025-10-03,955,2,4,1,200.36,16.52,200.36,183.84,0,On Time,Online,Future
10032,2025-03-12,854,49,1,4,134.92,10.61,539.68,529.07,0,On Time,Online,Future
10033,2025-11-14,909,32,3,2,183.92,21.75,367.84,346.09,0,On Time,Online,Future
10034,2025-04-07,527,112,4,1,167.65,26.44,167.65,141.21,0,On Time,In-Store,Current
10035,2024-01-02,420,6,6,2,127.67,29.31,255.34,226.03,0,On Time,Online,Current
10036,2025-06-19,372,117,6,2,131.87,12.27,263.74,251.47,0,On Time,Online,Current
10037,2025-07-28,882,55,4,1,80.85,17.49,80.85,63.36,0,On Time,In-Store,Current
10038,2025-10-08,217,82,2,2,135.39,34.71,270.78,236.07,0,On Time,Online,Future
10039,2024-07-06,711,23,6,3,87.41,32.26,262.23,229.97,0,On Time,Online,Current
10040,2024-07-07,686,58,1,1,118.61,2.16,118.61,116.45,0,On Time,Click & Collect,Current
10041,2025-08-27,685,113,4,4,120.7,4.26,482.8,478.54,0,On Time,Online,Future
10042,2024-01-20,710,103,6,2,113.76,17.88,227.52,209.64,0,On Time,Online,Current
10043,2024-07-04,603,79,1,2,174.91,12.24,349.82,337.58,0,On Time,In-Store,Future
10044,2024-07-07,500,15,6,4,76.6,12.24,306.4,294.16,4,Late,Online,Current
10045,2024-10-28,30,53,6,4,103.59,18.85,414.36,395.51,0,On Time,Online,Current
10046,2025-10-06,752,80,2,3,119.07,7.32,357.21,349.89,0,On Time,Online,Current
10047,2024-04-09,454,110,6,2,159.94,0.69,319.88,319.19,0,On Time,Online,Current
10048,2024-07-20,446,83,1,2,73.64,0.03,147.28,147.25,0,On Time,Wholesale,Future
10049,2024-05-31,861,79,1,4,174.91,28.18,699.64,671.46,1,Late,Wholesale,Future
10050,2025-05-24,677,61,2,2,82.33,0.46,164.66,164.2,0,On Time,Online,Future
10051,2025-11-30,880,72,6,1,141.82,34.83,141.82,106.99,0,On Time,Online,Future
10052,2025-02-21,160,40,6,4,35.44,28.72,141.76,113.04,0,On Time,Online,Future
10053,2025-06-09,186,66,2,4,105.25,1.05,421.0,419.95,0,On Time,Click & Collect,Future
10054,2024-08-26,423,23,1,1,87.41,1.53,87.41,85.88,3,Late,Click & Collect,Current
10055,2024-06-19,396,22,6,3,118.48,30.65,355.44,324.79,0,On Time,Online,Future
10056,2024-05-08,236,12,1,4,177.18,15.96,708.72,692.76,0,On Time,Click & Collect,Current
10057,2025-03-28,595,93,3,3,119.71,34.43,359.13,324.7,0,On Time,Click & Collect,Future
10058,2025-03-05,329,18,1,1,53.11,5.25,53.11,47.86,0,On Time,Online,Current
10059,2025-08-19,59,50,1,4,97.72,2.46,390.88,388.42,1,Late,In-Store,Future
10060,2025-03-10,966,12,6,4,177.18,12.69,708.72,696.03,0,On Time,Online,Future
10061,2024-09-18,263,92,4,4,46.38,24.41,185.52,161.11,0,On Time,Click & Collect,Future
10062,2024-07-18,748,51,1,3,110.62,22.25,331.86,309.61,2,Late,Online,Current
10063,2024-03-11,431,119,6,2,21.52,17.57,43.04,25.47,0,On Time,Online,Current
10064,2024-04-16,401,27,4,2,148.3,12.75,296.6,283.85,0,On Time,In-Store,Future
10065,2025-02-24,660,1,5,2,125.71,30.68,251.42,220.74,0,On Time,Online,Future
10066,2025-03-21,470,39,6,4,128.17,12.07,512.68,500.61,0,On Time,Online,Current
10067,2024-08-16,745,49,5,2,134.92,24.44,269.84,245.4,0,On Time,In-Store,Current
10068,2024-09-10,621,93,1,3,119.71,21.38,359.13,337.75,0,On Time,In-Store,Current
10069,2024-06-10,13,107,1,3,49.65,27.28,148.95,121.67,0,On Time,Online,Current
10070,2025-12-06,653,84,6,4,108.1,13.23,432.4,419.17,0,On Time,Online,Current
10071,2025-04-22,181,21,6,4,44.65,3.55,178.6,175.05,0,On Time,Online,Future
10072,2025-07-12,763,22,1,1,118.48,4.99,118.48,113.49,0,On Time,In-Store,Future
10073,2024-02-01,786,39,3,4,128.17,7.84,512.68,504.84,0,On Time,In-Store,Current
10074,2025-03-10,863,116,2,4,159.24,8.04,636.96,628.92,0,On Time,Online,Current
10075,2024-03-21,541,94,3,3,56.02,23.85,168.06,144.21,0,On Time,Online,Current
10076,2024-12-30,52,120,5,1,47.37,34.78,47.37,12.59,0,On Time,Click & Collect,Future
10077,2024-02-08,118,107,6,4,49.65,13.82,198.6,184.78,0,On Time,Online,Future
10078,2025-09-03,770,72,6,1,141.82,28.65,141.82,113.17,0,On Time,Online,Current
10079,2025-06-14,980,2,6,2,200.36,25.94,400.72,374.78,0,On Time,Online,Future
10080,2024-04-10,149,112,3,2,167.65,8.0,335.3,327.3,3,Late,Online,Current
10081,2025-05-29,240,63,1,3,50.08,19.61,150.24,130.63,0,On Time,Click & Collect,Future
10082,2025-03-17,116,94,3,1,56.02,5.43,56.02,50.59,1,Late,In-Store,Current
10083,2024-05-30,502,90,5,3,82.64,0.07,247.92,247.85,2,Late,Click & Collect,Current
10084,2024-05-29,867,9,3,3,102.79,31.09,308.37,277.28,2,Late,Online,Current
10085,2025-08-27,583,52,3,4,18.05,13.43,72.2,58.77,0,On Time,Online,Current
10086,2025-05-11,990,14,1,1,85.15,31.35,85.15,53.8,1,Late,Online,Current
10087,2024-08-25,35,43,1,3,129.42,16.01,388.26,372.25,1,Late,Online,Current
10088,2024-04-21,589,80,6,2,119.07,5.2,238.14,232.94,0,On Time,Wholesale,Future
10089,2025-07-23,417,120,6,1,47.37,22.91,47.37,24.46,2,Late,Online,Future
10090,2025-08-19,747,77,1,3,132.93,15.3,398.79,383.49,0,On Time,Online,Future
10091,2024-08-16,522,49,2,1,134.92,2.3,134.92,132.62,0,On Time,In-Store,Current
10092,2024-07-01,807,84,1,1,108.1,2.84,108.1,105.26,4,Late,Online,Current
10093,2024-07-14,229,30,6,4,33.3,34.03,133.2,99.17,0,On Time,Online,Current
10094,2024-03-24,31,106,6,2,28.51,28.33,57.02,28.69,0,On Time,Online,Current
10095,2025-04-15,873,81,2,3,110.75,34.1,332.25,298.15,0,On Time,Click & Collect,Future
10096,2024-01-13,824,116,6,2,159.24,26.56,318.48,291.92,4,Late,Online,Current
10097,2024-04-12,472,27,6,2,148.3,11.71,296.6,284.89,0,On Time,Online,Future
10098,2024-06-26,764,57,6,4,144.33,12.83,577.32,564.49,0,On Time,Online,Future
10099,2024-08-09,524,69,1,4,82.06,9.23,328.24,319.01,0,On Time,Online,Current
10100,2024-02-15,359,86,1,3,102.94,33.93,308.82,274.89,0,On Time,Wholesale,Current
10101,2024-02-09,802,64,6,3,106.6,5.42,319.8,314.38,0,On Time,Online,Current
10102,2025-04-21,952,101,6,3,123.75,0.86,371.25,370.39,0,On Time,Online,Future
10103,2024-04-09,732,91,6,1,85.5,33.15,85.5,52.35,0,On Time,Online,Future
10104,2025-06-12,581,40,1,4,35.44,23.75,141.76,118.01,5,Late,Wholesale,Current
10105,2024-08-23,734,58,3,2,118.61,16.34,237.22,220.88,0,On Time,Wholesale,Future
10106,2025-10-18,297,65,5,2,71.32,29.2,142.64,113.44,0,On Time,Online,Future
10107,2025-07-24,177,42,1,4,65.4,17.63,261.6,243.97,0,On Time,Wholesale,Future
10108,2025-11-05,61,18,1,1,53.11,10.17,53.11,42.94,0,On Time,Online,Current
10109,2025-12-02,929,49,2,3,134.92,19.82,404.76,384.94,0,On Time,In-Store,Future
10110,2024-01-09,634,72,1,4,141.82,24.91,567.28,542.37,0,On Time,Online,Current
10111,2025-04-16,896,66,6,2,105.25,11.74,210.5,198.76,0,On Time,In-Store,Future
10112,2025-06-04,686,81,3,1,110.75,17.3,110.75,93.45,0,On Time,Wholesale,Future
10113,2024-08-04,878,32,6,2,183.92,23.78,367.84,344.06,0,On Time,Online,Current
10114,2024-08-20,295,64,3,1,106.6,29.35,106.6,77.25,7,Late,Online,Current
10115,2025-12-02,311,13,6,3,109.25,33.71,327.75,294.04,0,On Time,Online,Current
10116,2025-03-29,67,39,2,2,128.17,31.45,256.34,224.89,0,On Time,Wholesale,Future
10117,2024-01-07,798,97,6,3,54.01,3.64,162.03,158.39,0,On Time,Wholesale,Current
10118,2024-07-16,359,81,1,3,110.75,31.62,332.25,300.63,0,On Time,Online,Current
10119,2024-10-04,869,86,1,1,102.94,1.93,102.94,101.01,0,On Time,Online,Current
10120,2024-02-06,752,114,6,1,83.67,11.27,83.67,72.4,0,On Time,Online,Future
10121,2025-07-11,745,106,6,1,28.51,16.82,28.51,11.69,0,On Time,Online,Current
10122,2024-03-07,325,48,3,2,94.16,17.74,188.32,170.58,1,Late,Wholesale,Current
10123,2025-03-08,308,46,3,1,117.41,16.82,117.41,100.59,0,On Time,Online,Current
10124,2024-02-25,70,1,4,3,125.71,27.69,377.13,349.44,0,On Time,Click & Collect,Current
10125,2024-11-14,238,62,6,4,180.58,18.27,722.32,704.05,0,On Time,Online,Current
10126,2024-06-18,541,103,2,3,113.76,15.35,341.28,325.93,0,On Time,Wholesale,Current
10127,2024-07-10,85,30,4,2,33.3,1.88,66.6,64.72,0,On Time,Online,Current
10128,2024-08-13,696,96,1,1,44.65,13.54,44.65,31.11,0,On Time,Online,Current
10129,2024-06-04,617,6,6,1,127.67,31.02,127.67,96.65,4,Late,Online,Current
10130,2025-06-12,434,4,1,1,143.64,3.0,143.64,140.64,0,On Time,Online,Current
10131,2025-11-21,742,81,1,4,110.75,27.57,443.0,415.43,0,On Time,Online,Current
10132,2024-02-21,988,86,6,2,102.94,32.57,205.88,173.31,0,On Time,Online,Future
10133,2025-11-01,342,21,6,3,44.65,23.11,133.95,110.84,0,On Time,Online,Future
10134,2025-05-14,98,70,6,1,117.81,11.83,117.81,105.98,0,On Time,Online,Current
10135,2024-01-23,639,19,4,2,118.63,31.24,237.26,206.02,0,On Time,Online,Future
10136,2025-03-18,666,10,6,4,78.41,30.92,313.64,282.72,0,On Time,Online,Future
10137,2025-01-01,625,103,3,1,113.76,5.38,113.76,108.38,0,On Time,Online,Future
10138,2025-08-08,758,39,3,3,128.17,12.96,384.51,371.55,0,On Time,Online,Future
10139,2024-05-08,649,49,2,1,134.92,8.76,134.92,126.16,0,On Time,Click & Collect,Current
10140,2024-02-29,965,85,4,4,142.01,2.7,568.04,565.34,7,Late,Online,Current
10141,2025-01-11,448,100,3,1,91.89,2.73,91.89,89.16,0,On Time,In-Store,Current
10142,2024-12-02,9,8,2,1,62.57,27.45,62.57,35.12,0,On Time,Click & Collect,Future
10143,2025-06-17,790,82,5,3,135.39,2.6,406.17,403.57,1,Late,Click & Collect,Current
10144,2025-05-01,306,16,5,2,103.76,19.04,207.52,188.48,0,On Time,Online,Current
10145,2024-11-26,366,23,5,4,87.41,0.32,349.64,349.32,0,On Time,Online,Current
10146,2025-09-12,572,63,6,2,50.08,30.84,100.16,69.32,0,On Time,Online,Future
10147,2025-03-22,471,65,6,1,71.32,9.48,71.32,61.84,0,On Time,Click & Collect,Future
10148,2024-10-22,941,73,6,4,20.46,13.18,81.84,68.66,0,On Time,Online,Current
10149,2025-04-25,770,94,2,2,56.02,23.15,112.04,88.89,1,Late,Online,Future
10150,2024-12-07,533,89,3,2,144.37,31.71,288.74,257.03,0,On Time,Online,Future
10151,2025-03-27,375,46,4,3,117.41,24.56,352.23,327.67,0,On Time,In-Store,Current
10152,2025-02-18,550,72,6,1,141.82,1.38,141.82,140.44,0,On Time,Online,Current
10153,2024-05-22,219,90,6,2,82.64,2.75,165.28,162.53,0,On Time,Online,Future
10154,2025-03-15,426,46,6,2,117.41,32.55,234.82,202.27,0,On Time,Online,Current
10155,2024-01-15,357,53,1,1,103.59,22.92,103.59,80.67,0,On Time,Click & Collect,Future
10156,2025-11-25,81,115,6,2,131.17,20.69,262.34,241.65,3,Late,Online,Current
10157,2024-11-09,90,40,3,3,35.44,4.32,106.32,102.0,0,On Time,In-Store,Current
10158,2024-01-21,861,48,6,4,94.16,10.03,376.64,366.61,0,On Time,Online,Future
10159,2024-03-30,195,77,6,3,132.93,1.34,398.79,397.45,0,On Time,Online,Current
10160,2025-01-21,450,27,2,2,148.3,18.67,296.6,277.93,0,On Time,Online,Current
10161,2025-11-14,58,95,6,4,168.8,19.08,675.2,656.12,0,On Time,Online,Future
10162,2024-06-09,405,79,1,3,174.91,24.02,524.73,500.71,0,On Time,Online,Current
10163,2025-10-12,4,24,6,4,152.6,2.09,610.4,608.31,0,On Time,Online,Future
10164,2024-03-31,893,1,6,3,125.71,29.98,377.13,347.15,0,On Time,Online,Future
10165,2025-04-15,167,3,2,1,182.39,10.4,182.39,171.99,0,On Time,Wholesale,Future
10166,2025-05-17,378,66,5,1,105.25,24.31,105.25,80.94,0,On Time,Wholesale,Current
10167,2024-06-30,775,5,5,2,140.44,24.82,280.88,256.06,0,On Time,Online,Current
10168,2024-06-12,416,114,1,3,83.67,9.69,251.01,241.32,0,On Time,Online,Current
10169,2024-10-11,37,12,1,4,177.18,7.71,708.72,701.01,5,Late,In-Store,Current
10170,2024-11-22,645,115,2,4,131.17,17.48,524.68,507.2,0,On Time,Wholesale,Current
10171,2024-06-29,741,54,5,2,110.37,13.16,220.74,207.58,2,Late,Wholesale,Future
10172,2024-11-03,336,89,6,1,144.37,21.97,144.37,122.4,0,On Time,Online,Current
10173,2025-09-01,569,112,5,3,167.65,15.15,502.95,487.8,0,On Time,Online,Future
10174,2025-02-13,500,1,1,4,125.71,31.42,502.84,471.42,0,On Time,Click & Collect,Current
10175,2025-04-16,279,99,6,4,170.64,28.39,682.56,654.17,2,Late,Online,Current
10176,2025-06-17,472,11,2,1,40.32,5.9,40.32,34.42,0,On Time,Online,Future
10177,2025-10-14,4,63,6,2,50.08,32.7,100.16,67.46,0,On Time,Online,Current
10178,2025-02-05,417,114,6,3,83.67,0.72,251.01,250.29,0,On Time,Online,Current
10179,2025-01-24,256,30,5,3,33.3,15.32,99.9,84.58,0,On Time,Online,Current
10180,2025-02-26,907,28,4,1,154.21,18.44,154.21,135.77,0,On Time,In-Store,Future
10181,2024-02-20,80,65,2,3,71.32,12.7,213.96,201.26,0,On Time,Click & Collect,Future
10182,2025-01-02,474,64,5,3,106.6,27.45,319.8,292.35,0,On Time,Online,Future
10183,2024-04-13,413,51,1,3,110.62,21.44,331.86,310.42,0,On Time,Wholesale,Current
10184,2025-06-07,757,66,6,4,105.25,16.32,421.0,404.68,0,On Time,Online,Future
10185,2025-08-25,164,27,6,4,148.3,13.59,593.2,579.61,0,On Time,Click & Collect,Current
10186,2024-01-16,282,85,6,4,142.01,18.82,568.04,549.22,0,On Time,Online,Current
10187,2024-01-10,863,26,3,4,117.76,28.19,471.04,442.85,0,On Time,Wholesale,Current
10188,2024-09-16,845,104,6,2,154.04,9.69,308.08,298.39,5,Late,Online,Current
10189,2025-11-24,453,25,6,1,27.12,1.22,27.12,25.9,0,On Time,Online,Current
10190,2024-11-15,443,111,6,1,139.05,22.58,139.05,116.47,0,On Time,Online,Current
10191,2024-10-06,852,101,3,1,123.75,2.62,123.75,121.13,0,On Time,Click & Collect,Future
10192,2024-08-03,153,88,6,2,41.48,31.86,82.96,51.1,0,On Time,Online,Future
10193,2024-03-30,110,64,6,2,106.6,30.14,213.2,183.06,5,Late,Online,Current
10194,2024-07-19,567,43,6,2,129.42,12.37,258.84,246.47,0,On Time,Online,Current
10195,2024-10-26,558,43,1,3,129.42,8.85,388.26,379.41,0,On Time,Click & Collect,Current
10196,2024-09-24,270,41,6,3,110.65,12.16,331.95,319.79,0,On Time,Online,Future
10197,2024-06-10,149,76,6,2,128.17,20.21,256.34,236.13,5,Late,Online,Current
10198,2024-09-23,456,119,6,4,21.52,6.14,86.08,79.94,0,On Time,Online,Current
10199,2025-03-26,225,26,6,1,117.76,17.85,117.76,99.91,3,Late,Online,Current
10200,2024-02-19,956,56,3,2,166.72,33.26,333.44,300.18,0,On Time,In-Store,Future
10201,2025-12-22,111,67,2,4,214.61,1.44,858.44,857.0,0,On Time,Online,Current
10202,2024-05-19,167,38,3,1,97.97,30.58,97.97,67.39,0,On Time,Online,Future
10203,2024-11-03,230,54,6,1,110.37,26.11,110.37,84.26,0,On Time,Online,Current
10204,2024-03-16,348,88,1,1,41.48,12.92,41.48,28.56,0,On Time,Wholesale,Future
10205,2025-03-01,410,117,1,2,131.87,5.24,263.74,258.5,2,Late,Wholesale,Current
10206,2025-05-12,163,111,6,3,139.05,17.91,417.15,399.24,1,Late,Online,Current
10207,2025-09-08,647,63,6,2,50.08,25.48,100.16,74.68,0,On Time,Online,Future
10208,2024-01-04,51,18,5,1,53.11,18.69,53.11,34.42,0,On Time,Online,Future
10209,2024-08-21,396,21,6,2,44.65,4.6,89.3,84.7,0,On Time,Online,Current
10210,2025-07-31,49,38,5,1,97.97,17.09,97.97,80.88,0,On Time,Online,Future
10211,2024-11-25,165,90,1,3,82.64,25.78,247.92,222.14,0,On Time,Click & Collect,Current
10212,2024-08-21,534,91,1,4,85.5,18.86,342.0,323.14,0,On Time,Wholesale,Future
10213,2024-09-18,130,31,3,3,64.76,18.75,194.28,175.53,0,On Time,Click & Collect,Current
10214,2024-02-03,689,112,5,4,167.65,22.68,670.6,647.92,0,On Time,Online,Current
10215,2025-07-31,668,99,4,1,170.64,7.54,170.64,163.1,0,On Time,Online,Current
10216,2025-04-19,654,108,4,1,50.05,11.36,50.05,38.69,7,Late,Online,Current
10217,2025-05-20,377,81,6,1,110.75,5.11,110.75,105.64,0,On Time,Online,Current
10218,2025-03-24,712,86,2,1,102.94,6.36,102.94,96.58,0,On Time,In-Store,Current
10219,2025-03-13,539,69,6,2,82.06,9.77,164.12,154.35,0,On Time,Online,Future
10220,2025-07-14,729,7,6,3,172.34,30.92,517.02,486.1,0,On Time,Online,Current
10221,2024-09-07,965,70,2,2,117.81,3.04,235.62,232.58,0,On Time,Online,Current
10222,2025-03-02,377,1,3,4,125.71,30.14,502.84,472.7,0,On Time,Wholesale,Future
10223,2025-04-19,895,31,2,2,64.76,25.04,129.52,104.48,0,On Time,In-Store,Current
10224,2025-09-27,346,44,6,1,107.15,4.75,107.15,102.4,0,On Time,Online,Current
10225,2024-02-20,101,83,4,3,73.64,26.02,220.92,194.9,0,On Time,In-Store,Future
10226,2025-02-23,262,78,5,4,57.86,20.42,231.44,211.02,0,On Time,Online,Current
10227,2025-10-08,370,117,4,2,131.87,23.38,263.74,240.36,4,Late,Online,Current
10228,2024-01-25,138,50,1,4,97.72,26.39,390.88,364.49,0,On Time,Wholesale,Future
10229,2024-10-23,784,38,1,4,97.97,14.77,391.88,377.11,0,On Time,Online,Current
10230,2025-10-30,828,37,1,1,141.5,29.25,141.5,112.25,0,On Time,Online,Future
10231,2024-08-20,813,38,4,2,97.97,17.67,195.94,178.27,0,On Time,Wholesale,Future
10232,2025-07-25,404,12,3,2,177.18,17.8,354.36,336.56,0,On Time,Wholesale,Future
10233,2024-11-18,560,90,6,2,82.64,29.5,165.28,135.78,0,On Time,Online,Future
10234,2024-11-13,567,11,4,1,40.32,22.19,40.32,18.13,6,Late,Online,Current
10235,2024-04-26,596,22,1,4,118.48,27.12,473.92,446.8,2,Late,Click & Collect,Current
10236,2025-11-02,964,95,6,1,168.8,32.26,168.8,136.54,0,On Time,Online,Current
10237,2025-01-21,571,84,6,4,108.1,29.77,432.4,402.63,0,On Time,Online,Current
10238,2025-05-19,687,61,6,1,82.33,22.63,82.33,59.7,2,Late,Online,Future
10239,2024-10-27,34,7,6,4,172.34,1.44,689.36,687.92,0,On Time,Online,Future
10240,2025-05-10,888,11,6,2,40.32,22.37,80.64,58.27,0,On Time,Online,Future
10241,2025-04-09,171,92,2,3,46.38,30.27,139.14,108.87,0,On Time,Click & Collect,Future
10242,2024-12-02,128,88,2,3,41.48,7.48,124.44,116.96,0,On Time,Online,Current
10243,2024-09-19,219,67,3,1,214.61,26.93,214.61,187.68,0,On Time,Wholesale,Current
10244,2025-12-25,678,95,2,3,168.8,17.51,506.4,488.89,4,Late,Click & Collect,Current
10245,2025-09-11,248,83,2,4,73.64,9.18,294.56,285.38,0,On Time,Click & Collect,Future
10246,2024-08-19,405,118,5,4,167.17,12.99,668.68,655.69,0,On Time,Click & Collect,Future
10247,2024-05-26,234,91,1,4,85.5,22.83,342.0,319.17,0,On Time,In-Store,Current
10248,2024-02-06,973,81,3,2,110.75,14.92,221.5,206.58,0,On Time,Wholesale,Future
10249,2024-07-07,664,95,3,4,168.8,7.88,675.2,667.32,0,On Time,Online,Current
10250,2025-08-20,365,68,6,4,76.01,19.8,304.04,284.24,0,On Time,Online,Current
10251,2025-01-26,788,12,6,1,177.18,12.19,177.18,164.99,0,On Time,Online,Future
10252,2025-07-29,909,43,2,4,129.42,29.12,517.68,488.56,0,On Time,In-Store,Future
10253,2025-10-14,249,3,6,4,182.39,33.52,729.56,696.04,0,On Time,Online,Current
10254,2025-04-01,559,66,1,1,105.25,21.29,105.25,83.96,4,Late,In-Store,Current
10255,2024-11-09,303,116,2,3,159.24,14.21,477.72,463.51,0,On Time,Online,Current
10256,2024-12-26,562,99,5,3,170.64,11.65,511.92,500.27,0,On Time,Online,Current
10257,2024-03-12,462,54,6,2,110.37,19.71,220.74,201.03,0,On Time,Online,Future
10258,2025-08-30,997,104,2,2,154.04,28.66,308.08,279.42,0,On Time,Online,Current
10259,2025-06-04,307,38,5,3,97.97,2.32,293.91,291.59,0,On Time,In-Store,Future
10260,2024-11-13,211,44,6,4,107.15,10.72,428.6,417.88,0,On Time,Online,Future
10261,2025-05-25,104,47,1,3,146.36,17.59,439.08,421.49,0,On Time,Online,Current
10262,2025-08-19,842,56,1,1,166.72,20.97,166.72,145.75,0,On Time,In-Store,Current
10263,2024-08-20,752,38,2,2,97.97,31.45,195.94,164.49,0,On Time,In-Store,Current
10264,2024-04-26,806,120,4,3,47.37,18.31,142.11,123.8,0,On Time,Click & Collect,Current
10265,2024-03-12,532,87,5,1,80.57,30.75,80.57,49.82,3,Late,Online,Current
10266,2025-11-20,843,6,2,2,127.67,1.74,255.34,253.6,0,On Time,Online,Future
10267,2025-04-28,71,87,6,1,80.57,0.01,80.57,80.56,0,On Time,Online,Current
10268,2025-11-24,913,22,2,2,118.48,25.66,236.96,211.3,0,On Time,Wholesale,Current
10269,2025-08-09,657,58,6,1,118.61,12.12,118.61,106.49,0,On Time,Online,Current
10270,2024-02-22,590,92,2,1,46.38,5.96,46.38,40.42,0,On Time,Online,Future
10271,2024-10-18,505,47,1,4,146.36,22.02,585.44,563.42,0,On Time,Online,Current
10272,2024-02-13,826,76,4,3,128.17,32.49,384.51,352.02,0,On Time,Wholesale,Future
10273,2025-11-02,775,86,6,4,102.94,7.79,411.76,403.97,0,On Time,Online,Current
10274,2025-01-11,667,49,2,4,134.92,32.84,539.68,506.84,0,On Time,Click & Collect,Current
10275,2024-11-20,736,77,2,3,132.93,9.91,398.79,388.88,0,On Time,Wholesale,Future
10276,2025-07-17,520,33,5,3,219.29,2.79,657.87,655.08,0,On Time,Click & Collect,Future
10277,2025-05-15,673,12,6,4,177.18,18.35,708.72,690.37,0,On Time,Online,Future
10278,2024-01-14,231,105,1,1,45.95,12.77,45.95,33.18,0,On Time,Online,Future
10279,2024-03-19,578,68,2,1,76.01,34.46,76.01,41.55,6,Late,Wholesale,Current
10280,2025-07-03,565,82,5,4,135.39,7.65,541.56,533.91,0,On Time,Online,Current
10281,2024-08-19,529,37,6,2,141.5,28.23,283.0,254.77,0,On Time,Online,Current
10282,2024-01-02,430,66,2,4,105.25,3.1,421.0,417.9,0,On Time,Online,Current
10283,2024-03-12,464,117,6,1,131.87,4.48,131.87,127.39,0,On Time,Wholesale,Future
10284,2024-11-11,997,15,6,1,76.6,2.68,76.6,73.92,0,On Time,Online,Future
10285,2025-06-21,901,1,1,3,125.71,32.27,377.13,344.86,0,On Time,Click & Collect,Current
10286,2025-09-08,240,2,1,2,200.36,19.44,400.72,381.28,0,On Time,Online,Current
10287,2024-08-21,736,88,6,2,41.48,32.62,82.96,50.34,0,On Time,Online,Current
10288,2024-12-05,726,100,6,4,91.89,17.05,367.56,350.51,0,On Time,In-Store,Future
10289,2025-05-17,902,40,1,2,35.44,17.83,70.88,53.05,0,On Time,Online,Current
10290,2025-06-17,202,5,5,3,140.44,30.46,421.32,390.86,0,On Time,Online,Current
10291,2025-06-07,67,38,4,4,97.97,34.79,391.88,357.09,0,On Time,Online,Future
10292,2025-07-27,741,25,5,4,27.12,34.77,108.48,73.71,0,On Time,Wholesale,Current
10293,2025-05-27,173,82,6,2,135.39,27.95,270.78,242.83,5,Late,Online,Current
10294,2025-11-13,400,49,1,1,134.92,1.57,134.92,133.35,0,On Time,Click & Collect,Future
10295,2025-09-12,89,38,1,1,97.97,5.97,97.97,92.0,0,On Time,Online,Current
10296,2025-07-31,30,62,4,4,180.58,16.59,722.32,705.73,0,On Time,In-Store,Future
10297,2025-02-28,535,107,4,3,49.65,8.29,148.95,140.66,0,On Time,Wholesale,Current
10298,2024-04-14,132,58,6,4,118.61,7.24,474.44,467.2,0,On Time,Online,Future
10299,2025-02-20,926,114,1,4,83.67,9.82,334.68,324.86,0,On Time,Online,Future
10300,2025-05-14,713,40,2,1,35.44,19.01,35.44,16.43,0,On Time,Online,Current
10301,2024-03-07,174,10,6,3,78.41,16.63,235.23,218.6,0,On Time,Online,Current
10302,2025-09-15,573,63,2,2,50.08,15.82,100.16,84.34,0,On Time,Wholesale,Future
10303,2025-11-11,128,16,5,4,103.76,22.1,415.04,392.94,0,On Time,Click & Collect,Current
10304,2024-03-21,435,8,6,4,62.57,31.13,250.28,219.15,0,On Time,Online,Future
10305,2025-08-05,320,60,3,2,148.3,21.79,296.6,274.81,0,On Time,Online,Current
10306,2024-01-25,91,7,3,1,172.34,8.78,172.34,163.56,0,On Time,Wholesale,Current
10307,2024-12-19,879,105,2,3,45.95,1.86,137.85,135.99,0,On Time,In-Store,Future
10308,2024-09-17,89,18,6,2,53.11,33.23,106.22,72.99,0,On Time,Online,Current
10309,2024-08-19,886,96,6,1,44.65,25.79,44.65,18.86,6,Late,Online,Current
10310,2025-05-30,69,49,6,2,134.92,8.14,269.84,261.7,1,Late,Online,Current
10311,2025-08-03,855,40,3,3,35.44,29.21,106.32,77.11,0,On Time,Online,Future
10312,2025-04-15,969,98,6,4,192.94,28.32,771.76,743.44,0,On Time,Online,Future
10313,2025-03-22,849,65,6,1,71.32,11.66,71.32,59.66,0,On Time,Click & Collect,Future
10314,2024-07-28,240,16,4,2,103.76,12.15,207.52,195.37,0,On Time,Wholesale,Current
10315,2024-05-28,208,6,5,1,127.67,30.37,127.67,97.3,0,On Time,Online,Current
10316,2024-05-30,460,35,6,1,41.4,22.95,41.4,18.45,0,On Time,Online,Current
10317,2025-07-21,344,5,1,4,140.44,2.63,561.76,559.13,0,On Time,Online,Future
10318,2024-07-02,772,39,4,3,128.17,8.23,384.51,376.28,0,On Time,Wholesale,Current
10319,2025-05-22,65,87,6,1,80.57,17.89,80.57,62.68,5,Late,Online,Current
10320,2025-12-30,10,1,1,1,125.71,15.41,125.71,110.3,0,On Time,Click & Collect,Future
10321,2024-02-10,852,69,5,2,82.06,4.08,164.12,160.04,0,On Time,In-Store,Future
10322,2025-10-16,814,75,6,4,112.15,34.99,448.6,413.61,0,On Time,Online,Future
10323,2025-01-09,849,49,2,3,134.92,23.43,404.76,381.33,0,On Time,Online,Future
10324,2025-11-22,579,26,6,2,117.76,13.05,235.52,222.47,0,On Time,Online,Current
10325,2025-04-18,375,118,5,1,167.17,3.75,167.17,163.42,1,Late,Online,Current
10326,2025-01-24,205,59,6,2,99.02,0.55,198.04,197.49,0,On Time,Online,Future
10327,2024-07-10,604,87,6,3,80.57,26.42,241.71,215.29,0,On Time,Wholesale,Future
10328,2025-06-04,455,109,6,4,65.96,23.61,263.84,240.23,0,On Time,Online,Future
10329,2024-10-06,129,34,6,3,116.01,33.92,348.03,314.11,0,On Time,Online,Future
10330,2024-08-31,294,118,5,4,167.17,27.53,668.68,641.15,0,On Time,Online,Current
10331,2025-04-02,710,107,6,4,49.65,5.89,198.6,192.71,0,On Time,Online,Future
10332,2025-06-11,539,62,5,2,180.58,6.08,361.16,355.08,0,On Time,Online,Future
10333,2025-06-27,921,41,6,2,110.65,27.1,221.3,194.2,0,On Time,Online,Current
10334,2025-11-23,317,41,6,2,110.65,0.05,221.3,221.25,1,Late,Online,Future
10335,2025-05-22,674,114,6,4,83.67,14.0,334.68,320.68,0,On Time,Online,Future
10336,2024-05-01,743,57,5,1,144.33,27.21,144.33,117.12,6,Late,In-Store,Current
10337,2025-04-05,713,39,6,2,128.17,11.49,256.34,244.85,0,On Time,Online,Future
10338,2024-04-22,500,111,6,2,139.05,18.29,278.1,259.81,0,On Time,Online,Current
10339,2024-10-31,817,38,2,1,97.97,26.81,97.97,71.16,0,On Time,Online,Current
10340,2025-09-12,228,23,6,1,87.41,30.82,87.41,56.59,0,On Time,Online,Current
10341,2025-07-07,110,78,6,3,57.86,24.21,173.58,149.37,0,On Time,Online,Future
10342,2025-08-10,949,106,1,3,28.51,13.12,85.53,72.41,2,Late,Wholesale,Current
10343,2025-07-04,601,1,6,4,125.71,21.9,502.84,480.94,0,On Time,Online,Future
10344,2025-04-14,781,111,6,4,139.05,26.9,556.2,529.3,4,Late,Online,Current
10345,2024-05-21,719,43,2,2,129.42,8.01,258.84,250.83,0,On Time,Click & Collect,Current
10346,2024-06-07,44,90,6,4,82.64,6.66,330.56,323.9,0,On Time,Online,Current
10347,2025-05-27,893,34,3,3,116.01,21.48,348.03,326.55,0,On Time,Online,Future
10348,2025-03-06,175,93,1,3,119.71,34.12,359.13,325.01,0,On Time,In-Store,Current
10349,2024-01-20,996,2,6,2,200.36,3.6,400.72,397.12,0,On Time,Online,Current
10350,2024-10-08,274,47,2,4,146.36,17.14,585.44,568.3,2,Late,In-Store,Current
10351,2025-12-20,179,46,6,1,117.41,27.74,117.41,89.67,0,On Time,Online,Future
10352,2025-04-26,181,87,1,2,80.57,26.48,161.14,134.66,5,Late,Online,Current
10353,2025-12-03,201,67,6,3,214.61,14.25,643.83,629.58,0,On Time,Online,Future
10354,2024-09-14,208,69,6,1,82.06,33.36,82.06,48.7,0,On Time,Online,Future
10355,2024-06-03,76,68,5,2,76.01,8.11,152.02,143.91,0,On Time,Online,Current
10356,2024-04-16,449,21,3,1,44.65,34.6,44.65,10.05,0,On Time,Online,Future
10357,2024-12-28,501,87,1,1,80.57,30.95,80.57,49.62,0,On Time,Click & Collect,Current
10358,2025-11-21,219,120,6,1,47.37,5.97,47.37,41.4,5,Late,Online,Current
10359,2024-01-28,187,116,5,3,159.24,25.61,477.72,452.11,4,Late,Wholesale,Current
10360,2025-11-03,313,34,6,3,116.01,9.94,348.03,338.09,0,On Time,Online,Current
10361,2025-05-19,913,18,5,2,53.11,12.29,106.22,93.93,0,On Time,Online,Future
10362,2024-05-06,853,40,6,4,35.44,20.31,141.76,121.45,3,Late,Online,Current
10363,2024-05-24,307,98,1,1,192.94,1.89,192.94,191.05,0,On Time,Online,Future
10364,2024-05-29,959,108,2,3,50.05,6.58,150.15,143.57,0,On Time,Online,Current
10365,2024-10-20,1,64,1,1,106.6,4.73,106.6,101.87,0,On Time,In-Store,Current
10366,2025-09-20,53,4,1,2,143.64,13.11,287.28,274.17,0,On Time,Online,Future
10367,2025-08-22,133,71,6,3,135.62,1.72,406.86,405.14,0,On Time,Online,Future
10368,2024-02-27,437,62,6,3,180.58,18.11,541.74,523.63,0,On Time,Online,Current
10369,2025-07-31,984,115,6,3,131.17,33.4,393.51,360.11,0,On Time,Online,Current
10370,2025-03-12,587,94,5,4,56.02,28.07,224.08,196.01,5,Late,Online,Current
10371,2024-03-04,855,6,6,4,127.67,32.25,510.68,478.43,0,On Time,Online,Future
10372,2024-09-26,28,42,6,3,65.4,17.83,196.2,178.37,0,On Time,Online,Future
10373,2025-06-10,186,65,2,1,71.32,24.9,71.32,46.42,0,On Time,In-Store,Current
10374,2024-09-25,728,70,6,3,117.81,16.9,353.43,336.53,0,On Time,Online,Current
10375,2025-08-30,259,41,1,3,110.65,14.89,331.95,317.06,0,On Time,Online,Current
10376,2025-02-05,282,60,2,3,148.3,0.4,444.9,444.5,4,Late,Online,Current
10377,2024-07-28,535,112,4,3,167.65,5.84,502.95,497.11,0,On Time,Online,Current
10378,2025-06-25,592,30,3,1,33.3,12.36,33.3,20.94,6,Late,Online,Current
10379,2025-09-06,920,89,1,1,144.37,0.48,144.37,143.89,2,Late,Click & Collect,Current
10380,2024-05-23,155,74,6,4,120.32,13.25,481.28,468.03,5,Late,Online,Current
10381,2025-05-27,524,66,2,1,105.25,22.04,105.25,83.21,0,On Time,Online,Current
10382,2025-07-27,219,79,6,1,174.91,7.61,174.91,167.3,0,On Time,Online,Future
10383,2024-03-31,422,108,6,1,50.05,9.21,50.05,40.84,0,On Time,Online,Current
10384,2024-01-03,219,66,6,4,105.25,21.89,421.0,399.11,0,On Time,Online,Future
10385,2024-09-23,581,115,6,4,131.17,27.77,524.68,496.91,3,Late,Online,Current
10386,2025-05-03,25,108,3,1,50.05,17.09,50.05,32.96,0,On Time,In-Store,Future
10387,2025-09-06,559,94,3,1,56.02,33.18,56.02,22.84,0,On Time,In-Store,Future
10388,2024-04-28,102,70,6,1,117.81,18.7,117.81,99.11,2,Late,Online,Future
10389,2025-10-06,680,84,5,3,108.1,4.59,324.3,319.71,6,Late,In-Store,Current
10390,2025-06-17,149,35,2,4,41.4,16.15,165.6,149.45,0,On Time,In-Store,Future
10391,2025-06-20,416,108,1,4,50.05,4.61,200.2,195.59,0,On Time,In-Store,Current
10392,2025-02-06,446,72,5,3,141.82,16.78,425.46,408.68,0,On Time,Online,Current
10393,2024-09-22,363,51,1,4,110.62,22.94,442.48,419.54,0,On Time,Click & Collect,Current
10394,2025-07-29,736,44,6,2,107.15,15.85,214.3,198.45,0,On Time,Online,Future
10395,2024-05-05,220,31,6,2,64.76,14.57,129.52,114.95,0,On Time,Online,Future
10396,2025-04-03,821,19,6,4,118.63,6.75,474.52,467.77,1,Late,Online,Current
10397,2025-01-31,665,43,6,4,129.42,33.6,517.68,484.08,0,On Time,Online,Future
10398,2025-01-20,325,103,6,4,113.76,17.77,455.04,437.27,0,On Time,Online,Future
10399,2024-10-31,844,65,6,2,71.32,26.99,142.64,115.65,0,On Time,Online,Current
10400,2025-08-16,594,15,6,2,76.6,32.72,153.2,120.48,2,Late,Online,Current
10401,2025-10-30,109,105,2,1,45.95,31.31,45.95,14.64,0,On Time,Online,Current
10402,2025-06-01,832,88,6,3,41.48,21.01,124.44,103.43,0,On Time,Online,Future
10403,2024-03-18,929,97,6,2,54.01,20.5,108.02,87.52,0,On Time,Online,Future
10404,2024-12-21,386,20,3,3,93.73,14.25,281.19,266.94,0,On Time,Online,Current
10405,2024-12-31,873,11,5,2,40.32,20.47,80.64,60.17,0,On Time,Online,Future
10406,2025-12-27,817,48,3,1,94.16,33.92,94.16,60.24,0,On Time,Click & Collect,Future
10407,2025-04-06,602,58,2,2,118.61,24.08,237.22,213.14,0,On Time,Online,Current
10408,2024-12-06,802,10,4,1,78.41,20.27,78.41,58.14,1,Late,Online,Future
10409,2024-10-09,321,38,1,2,97.97,5.31,195.94,190.63,0,On Time,Online,Future
10410,2025-11-14,154,4,2,4,143.64,34.4,574.56,540.16,0,On Time,Online,Current
10411,2024-01-04,599,98,6,3,192.94,34.87,578.82,543.95,0,On Time,Online,Current
10412,2025-04-22,356,23,6,2,87.41,30.66,174.82,144.16,3,Late,Online,Current
10413,2024-09-03,832,119,6,1,21.52,1.69,21.52,19.83,2,Late,Online,Current
10414,2024-01-02,712,67,1,1,214.61,29.43,214.61,185.18,0,On Time,Wholesale,Future
10415,2024-06-29,797,108,1,1,50.05,15.86,50.05,34.19,7,Late,Online,Current
10416,2024-04-26,759,67,3,1,214.61,27.93,214.61,186.68,0,On Time,Wholesale,Current
10417,2025-11-13,704,43,6,4,129.42,33.67,517.68,484.01,6,Late,Online,Current
10418,2024-11-07,545,92,6,4,46.38,5.83,185.52,179.69,0,On Time,Online,Current
10419,2024-11-20,42,22,6,2,118.48,32.72,236.96,204.24,0,On Time,Online,Future
10420,2024-07-10,389,72,2,3,141.82,1.22,425.46,424.24,0,On Time,Online,Future
10421,2024-08-14,466,14,6,2,85.15,29.42,170.3,140.88,0,On Time,Online,Current
10422,2025-09-08,45,106,1,1,28.51,29.91,28.51,-1.4,0,On Time,In-Store,Future
10423,2024-06-19,367,46,2,3,117.41,30.6,352.23,321.63,0,On Time,Wholesale,Future
10424,2025-11-26,303,85,6,4,142.01,12.23,568.04,555.81,0,On Time,Online,Future
10425,2025-03-19,794,98,6,4,192.94,4.16,771.76,767.6,0,On Time,Online,Future
10426,2024-05-15,410,20,6,3,93.73,24.02,281.19,257.17,0,On Time,Online,Current
10427,2025-04-08,424,92,3,1,46.38,23.43,46.38,22.95,0,On Time,Click & Collect,Current
10428,2025-04-26,649,47,5,2,146.36,19.8,292.72,272.92,0,On Time,In-Store,Current
10429,2025-09-10,738,58,1,4,118.61,29.72,474.44,444.72,0,On Time,Wholesale,Future
10430,2024-01-20,759,100,4,4,91.89,15.81,367.56,351.75,0,On Time,In-Store,Future
10431,2025-11-04,194,64,3,3,106.6,24.33,319.8,295.47,0,On Time,Online,Current
10432,2024-09-28,614,100,1,1,91.89,17.33,91.89,74.56,5,Late,In-Store,Current
10433,2025-10-06,879,40,6,1,35.44,32.61,35.44,2.83,0,On Time,Online,Future
10434,2024-11-09,827,96,2,1,44.65,27.5,44.65,17.15,0,On Time,Online,Future
10435,2025-03-08,958,95,1,1,168.8,15.05,168.8,153.75,0,On Time,Online,Future
10436,2024-04-15,544,58,6,2,118.61,18.6,237.22,218.62,0,On Time,Online,Future
10437,2024-08-18,746,38,1,3,97.97,29.47,293.91,264.44,0,On Time,Online,Current
10438,2024-04-07,993,115,2,3,131.17,22.74,393.51,370.77,0,On Time,Online,Current
10439,2024-04-27,782,91,1,1,85.5,20.64,85.5,64.86,2,Late,Online,Current
10440,2025-04-22,9,11,2,2,40.32,0.58,80.64,80.06,0,On Time,Click & Collect,Future
10441,2025-01-17,347,86,1,2,102.94,22.63,205.88,183.25,0,On Time,In-Store,Current
10442,2025-02-09,107,55,1,3,80.85,1.62,242.55,240.93,0,On Time,Online,Current
10443,2024-09-29,291,52,2,2,18.05,21.45,36.1,14.65,5,Late,Wholesale,Current
10444,2024-06-07,283,26,3,3,117.76,23.74,353.28,329.54,4,Late,Online,Current
10445,2025-09-04,752,120,1,4,47.37,18.93,189.48,170.55,0,On Time,Click & Collect,Future
10446,2025-11-09,83,59,6,3,99.02,7.4,297.06,289.66,0,On Time,Online,Future
10447,2025-07-30,546,68,6,4,76.01,10.07,304.04,293.97,0,On Time,Online,Future
10448,2025-07-02,393,110,1,2,159.94,0.54,319.88,319.34,0,On Time,Online,Current
10449,2024-08-16,648,112,4,3,167.65,10.01,502.95,492.94,0,On Time,Online,Current
10450,2025-10-15,157,107,3,2,49.65,22.37,99.3,76.93,0,On Time,Online,Future
10451,2025-06-25,975,37,6,4,141.5,27.5,566.0,538.5,0,On Time,Online,Future
10452,2025-09-03,459,42,2,3,65.4,21.5,196.2,174.7,0,On Time,Online,Future
10453,2025-09-27,594,25,6,2,27.12,27.75,54.24,26.49,0,On Time,Online,Current
10454,2024-12-16,80,39,6,3,128.17,33.08,384.51,351.43,0,On Time,Online,Future
10455,2025-03-06,34,105,2,1,45.95,23.92,45.95,22.03,0,On Time,Click & Collect,Current
10456,2024-07-17,520,77,1,2,132.93,15.39,265.86,250.47,7,Late,Wholesale,Current
10457,2025-08-03,226,36,1,1,162.38,7.0,162.38,155.38,0,On Time,Wholesale,Current
10458,2025-01-18,963,62,6,2,180.58,13.75,361.16,347.41,0,On Time,Online,Current
10459,2024-12-01,19,62,6,3,180.58,11.8,541.74,529.94,0,On Time,Online,Future
10460,2025-09-19,27,75,6,2,112.15,23.17,224.3,201.13,0,On Time,Online,Current
10461,2024-10-14,679,109,6,4,65.96,12.05,263.84,251.79,6,Late,Online,Current
10462,2024-11-15,109,114,1,4,83.67,21.05,334.68,313.63,0,On Time,Online,Current
10463,2025-11-15,639,65,6,3,71.32,17.05,213.96,196.91,0,On Time,Online,Current
10464,2025-05-18,378,44,5,1,107.15,1.13,107.15,106.02,0,On Time,Click & Collect,Current
10465,2025-04-30,28,110,3,4,159.94,16.94,639.76,622.82,0,On Time,Wholesale,Current
10466,2024-07-18,812,107,6,1,49.65,2.33,49.65,47.32,0,On Time,Online,Current
10467,2025-08-23,115,113,6,1,120.7,11.74,120.7,108.96,0,On Time,Online,Current
10468,2024-06-05,274,72,6,1,141.82,24.42,141.82,117.4,0,On Time,Online,Current
10469,2024-05-31,533,57,6,4,144.33,32.83,577.32,544.49,0,On Time,Click & Collect,Future
10470,2025-11-28,895,109,6,2,65.96,5.68,131.92,126.24,4,Late,Online,Current
10471,2024-08-17,836,5,1,4,140.44,33.12,561.76,528.64,0,On Time,Online,Future
10472,2024-01-27,1,76,3,2,128.17,5.95,256.34,250.39,0,On Time,Online,Current
10473,2025-10-17,603,9,6,3,102.79,10.15,308.37,298.22,0,On Time,Online,Future
10474,2024-01-23,55,118,6,1,167.17,30.78,167.17,136.39,0,On Time,Online,Current
10475,2025-11-08,229,107,6,3,49.65,1.75,148.95,147.2,0,On Time,Online,Future
10476,2024-10-30,768,52,6,4,18.05,32.73,72.2,39.47,0,On Time,Online,Future
10477,2025-02-17,202,65,4,1,71.32,26.04,71.32,45.28,0,On Time,Online,Current
10478,2025-07-10,898,119,6,4,21.52,12.86,86.08,73.22,0,On Time,Online,Future
10479,2024-06-28,824,28,4,3,154.21,20.71,462.63,441.92,0,On Time,Online,Future
10480,2024-06-10,119,74,1,2,120.32,18.11,240.64,222.53,2,Late,Click & Collect,Future
10481,2024-08-19,456,68,6,4,76.01,29.87,304.04,274.17,0,On Time,Online,Current
10482,2025-11-17,202,117,4,1,131.87,6.71,131.87,125.16,0,On Time,Online,Future
10483,2025-09-13,414,120,6,4,47.37,25.89,189.48,163.59,0,On Time,Online,Current
10484,2024-04-01,285,88,6,2,41.48,12.78,82.96,70.18,0,On Time,Online,Current
10485,2024-02-18,735,14,6,4,85.15,25.54,340.6,315.06,0,On Time,Online,Current
10486,2024-06-17,220,22,6,4,118.48,1.98,473.92,471.94,2,Late,Online,Future
10487,2024-09-19,854,73,6,4,20.46,33.31,81.84,48.53,0,On Time,Online,Future
10488,2024-05-08,557,110,2,4,159.94,7.49,639.76,632.27,0,On Time,Click & Collect,Future
10489,2024-04-06,128,33,5,3,219.29,28.15,657.87,629.72,0,On Time,Wholesale,Current
10490,2024-10-06,470,32,4,1,183.92,20.05,183.92,163.87,2,Late,In-Store,Current
10491,2024-09-29,79,52,6,4,18.05,27.53,72.2,44.67,0,On Time,In-Store,Future
10492,2024-04-15,37,12,3,2,177.18,0.59,354.36,353.77,0,On Time,Online,Future
10493,2025-08-10,809,41,2,1,110.65,6.27,110.65,104.38,0,On Time,Online,Future
10494,2025-03-03,66,67,6,3,214.61,18.69,643.83,625.14,0,On Time,Online,Current
10495,2024-03-20,576,119,2,4,21.52,29.33,86.08,56.75,0,On Time,Online,Future
10496,2025-01-23,953,102,6,1,68.71,24.81,68.71,43.9,2,Late,Online,Future
10497,2024-01-01,112,66,2,2,105.25,22.91,210.5,187.59,0,On Time,Online,Future
10498,2025-01-06,162,54,4,2,110.37,7.49,220.74,213.25,0,On Time,Online,Future
10499,2025-03-28,685,107,6,4,49.65,19.08,198.6,179.52,0,On Time,Online,Current
10500,2024-09-06,746,46,6,2,117.41,1.67,234.82,233.15,3,Late,Online,Current
10501,2024-12-20,905,102,6,2,68.71,35.0,137.42,102.42,0,On Time,Online,Future
10502,2025-03-13,342,19,6,1,118.63,27.23,118.63,91.4,1,Late,Online,Future
10503,2024-03-08,970,59,3,2,99.02,9.78,198.04,188.26,0,On Time,Online,Current
10504,2024-10-22,773,4,6,1,143.64,0.17,143.64,143.47,5,Late,Online,Current
10505,2024-05-16,626,55,5,3,80.85,15.27,242.55,227.28,0,On Time,Online,Current
10506,2025-02-21,136,10,6,2,78.41,28.62,156.82,128.2,0,On Time,Online,Future
10507,2025-08-23,967,91,4,1,85.5,5.47,85.5,80.03,0,On Time,Wholesale,Current
10508,2024-04-04,315,104,1,2,154.04,1.74,308.08,306.34,0,On Time,Online,Future
10509,2025-03-15,529,52,4,3,18.05,25.32,54.15,28.83,0,On Time,Online,Current
10510,2025-09-15,636,77,6,1,132.93,16.34,132.93,116.59,0,On Time,Online,Future
10511,2024-09-07,507,65,6,2,71.32,22.05,142.64,120.59,0,On Time,Online,Current
10512,2024-11-16,156,94,6,2,56.02,22.28,112.04,89.76,0,On Time,Online,Current
10513,2025-07-14,950,75,6,2,112.15,18.26,224.3,206.04,0,On Time,Online,Current
10514,2024-09-30,183,77,6,1,132.93,17.61,132.93,115.32,0,On Time,Online,Current
10515,2024-05-29,353,84,2,1,108.1,8.18,108.1,99.92,0,On Time,Online,Future
10516,2025-10-18,705,14,6,3,85.15,14.85,255.45,240.6,0,On Time,Wholesale,Current
10517,2024-12-22,789,12,3,2,177.18,0.81,354.36,353.55,4,Late,Online,Current
10518,2025-01-13,62,64,5,3,106.6,8.78,319.8,311.02,0,On Time,Online,Future
10519,2025-04-06,496,66,4,1,105.25,12.01,105.25,93.24,1,Late,Online,Future
10520,2025-08-01,443,94,2,3,56.02,6.15,168.06,161.91,2,Late,In-Store,Current
10521,2025-06-24,218,120,5,2,47.37,34.35,94.74,60.39,0,On Time,Online,Current
10522,2025-07-16,962,20,1,4,93.73,7.57,374.92,367.35,0,On Time,Click & Collect,Future
10523,2024-07-21,653,16,6,1,103.76,27.47,103.76,76.29,0,On Time,Online,Current
10524,2025-05-19,489,54,3,1,110.37,28.49,110.37,81.88,1,Late,Wholesale,Future
10525,2024-02-20,180,119,1,1,21.52,15.04,21.52,6.48,0,On Time,Online,Future
10526,2024-03-26,364,70,5,2,117.81,30.6,235.62,205.02,1,Late,Online,Future
10527,2024-06-23,689,18,6,3,53.11,3.6,159.33,155.73,2,Late,Online,Future
10528,2025-11-03,365,22,6,1,118.48,18.38,118.48,100.1,0,On Time,Online,Current
10529,2024-07-27,194,64,6,4,106.6,13.44,426.4,412.96,0,On Time,Online,Current
10530,2024-10-06,509,13,1,1,109.25,4.77,109.25,104.48,2,Late,Online,Current
10531,2024-02-19,190,109,1,1,65.96,24.36,65.96,41.6,0,On Time,In-Store,Current
10532,2025-04-22,966,73,5,4,20.46,32.53,81.84,49.31,0,On Time,Online,Current
10533,2025-06-05,678,23,6,1,87.41,24.4,87.41,63.01,4,Late,Online,Current
10534,2025-05-20,7,85,6,2,142.01,34.93,284.02,249.09,0,On Time,Online,Current
10535,2024-12-23,542,62,3,1,180.58,28.87,180.58,151.71,0,On Time,In-Store,Current
10536,2025-09-28,184,102,6,4,68.71,0.05,274.84,274.79,0,On Time,Online,Current
10537,2024-04-10,881,118,3,3,167.17,23.75,501.51,477.76,0,On Time,Online,Current
10538,2024-01-10,600,65,4,4,71.32,33.35,285.28,251.93,0,On Time,Wholesale,Current
10539,2025-06-25,324,86,1,1,102.94,21.07,102.94,81.87,2,Late,In-Store,Future
10540,2025-12-17,339,5,1,2,140.44,15.41,280.88,265.47,0,On Time,In-Store,Future
10541,2025-01-18,932,83,4,2,73.64,13.98,147.28,133.3,0,On Time,Online,Future
10542,2025-12-12,427,94,2,1,56.02,8.04,56.02,47.98,0,On Time,Online,Current
10543,2024-06-09,115,101,6,3,123.75,3.21,371.25,368.04,1,Late,Online,Current
10544,2024-02-01,760,52,2,2,18.05,15.54,36.1,20.56,0,On Time,Click & Collect,Future
10545,2024-07-15,954,29,5,4,130.05,25.48,520.2,494.72,0,On Time,Wholesale,Future
10546,2024-11-15,557,69,6,4,82.06,22.64,328.24,305.6,0,On Time,Online,Current
10547,2024-01-05,241,100,1,1,91.89,21.79,91.89,70.1,0,On Time,Click & Collect,Future
10548,2024-01-20,5,10,2,1,78.41,22.61,78.41,55.8,0,On Time,Online,Current
10549,2025-04-06,235,73,3,3,20.46,16.65,61.38,44.73,0,On Time,Online,Future
10550,2024-09-19,910,64,5,3,106.6,17.66,319.8,302.14,0,On Time,Online,Future
10551,2025-01-05,980,75,6,2,112.15,15.08,224.3,209.22,0,On Time,Online,Future
10552,2024-04-01,656,110,6,3,159.94,25.24,479.82,454.58,0,On Time,In-Store,Current
10553,2025-05-25,869,5,3,1,140.44,6.53,140.44,133.91,0,On Time,Online,Current
10554,2025-09-29,340,20,4,4,93.73,9.43,374.92,365.49,0,On Time,Online,Future
10555,2024-06-11,40,100,6,3,91.89,34.05,275.67,241.62,0,On Time,Online,Future
10556,2025-07-20,623,50,6,2,97.72,8.08,195.44,187.36,0,On Time,Online,Current
10557,2025-08-29,563,86,3,1,102.94,11.75,102.94,91.19,0,On Time,Online,Current
10558,2024-08-16,133,98,1,2,192.94,8.72,385.88,377.16,2,Late,Online,Future
10559,2025-01-07,600,103,1,2,113.76,15.88,227.52,211.64,0,On Time,Online,Current
10560,2024-02-17,933,103,2,2,113.76,33.52,227.52,194.0,0,On Time,Wholesale,Current
10561,2024-08-31,844,17,6,1,141.85,34.09,141.85,107.76,0,On Time,Online,Current
10562,2024-05-02,795,90,2,4,82.64,32.21,330.56,298.35,1,Late,Online,Future
10563,2025-08-05,743,13,6,4,109.25,25.47,437.0,411.53,0,On Time,Online,Current
10564,2024-01-11,94,99,5,1,170.64,31.73,170.64,138.91,0,On Time,Wholesale,Current
10565,2025-08-15,369,5,3,1,140.44,7.74,140.44,132.7,0,On Time,Click & Collect,Future
10566,2025-12-26,616,93,1,1,119.71,10.58,119.71,109.13,5,Late,Wholesale,Current
10567,2024-08-24,33,66,2,3,105.25,25.43,315.75,290.32,0,On Time,Click & Collect,Current
10568,2025-08-07,813,93,1,1,119.71,7.43,119.71,112.28,0,On Time,Online,Current
10569,2025-08-12,444,50,5,3,97.72,4.43,293.16,288.73,0,On Time,Online,Future
10570,2025-02-07,598,18,6,1,53.11,10.77,53.11,42.34,0,On Time,Click & Collect,Future
10571,2025-11-28,527,8,6,1,62.57,31.54,62.57,31.03,1,Late,Online,Current
10572,2024-02-14,367,91,3,2,85.5,11.49,171.0,159.51,0,On Time,Online,Current
10573,2024-05-12,734,29,4,1,130.05,32.22,130.05,97.83,4,Late,Online,Current
10574,2024-05-23,289,36,6,4,162.38,4.02,649.52,645.5,0,On Time,Online,Future
10575,2024-01-10,998,96,6,4,44.65,28.98,178.6,149.62,3,Late,Click & Collect,Current
10576,2024-07-04,582,22,6,1,118.48,19.8,118.48,98.68,7,Late,Online,Current
10577,2024-10-26,911,25,1,4,27.12,28.13,108.48,80.35,0,On Time,Online,Current
10578,2025-12-08,147,104,1,3,154.04,30.8,462.12,431.32,0,On Time,Online,Future
10579,2025-06-05,649,68,5,3,76.01,6.27,228.03,221.76,0,On Time,Online,Future
10580,2024-07-03,871,56,4,4,166.72,31.52,666.88,635.36,0,On Time,In-Store,Current
10581,2024-01-09,655,47,1,3,146.36,27.79,439.08,411.29,0,On Time,Click & Collect,Current
10582,2024-05-12,373,77,1,2,132.93,14.76,265.86,251.1,0,On Time,Click & Collect,Future
10583,2024-06-18,577,1,6,1,125.71,27.96,125.71,97.75,6,Late,Online,Current
10584,2024-03-22,779,36,4,2,162.38,1.67,324.76,323.09,0,On Time,Click & Collect,Future
10585,2025-07-27,207,4,6,2,143.64,26.27,287.28,261.01,5,Late,Online,Current
10586,2024-03-26,643,42,4,4,65.4,28.5,261.6,233.1,0,On Time,Click & Collect,Future
10587,2024-10-21,131,53,6,2,103.59,4.21,207.18,202.97,0,On Time,Online,Current
10588,2025-01-11,476,66,1,4,105.25,14.58,421.0,406.42,4,Late,Online,Current
10589,2024-05-14,846,99,1,2,170.64,31.22,341.28,310.06,0,On Time,Online,Future
10590,2024-11-14,960,83,4,3,73.64,31.93,220.92,188.99,0,On Time,Click & Collect,Future
10591,2024-01-27,964,92,6,1,46.38,22.82,46.38,23.56,0,On Time,Online,Future
10592,2025-07-12,943,109,6,1,65.96,0.14,65.96,65.82,7,Late,Online,Current
10593,2024-02-08,88,82,6,2,135.39,34.04,270.78,236.74,0,On Time,Online,Future
10594,2025-10-27,552,43,2,1,129.42,29.29,129.42,100.13,0,On Time,In-Store,Future
10595,2025-07-02,410,86,4,3,102.94,16.49,308.82,292.33,0,On Time,Online,Future
10596,2025-08-07,716,109,6,4,65.96,3.67,263.84,260.17,0,On Time,Online,Current
10597,2024-12-05,675,107,6,2,49.65,9.46,99.3,89.84,0,On Time,Online,Current
10598,2025-11-25,19,66,1,3,105.25,6.29,315.75,309.46,0,On Time,Online,Future
10599,2025-04-28,841,8,4,4,62.57,22.13,250.28,228.15,0,On Time,In-Store,Current
10600,2025-04-05,817,34,1,3,116.01,14.24,348.03,333.79,0,On Time,Online,Future
10601,2025-04-16,463,52,6,2,18.05,31.63,36.1,4.47,0,On Time,Online,Current
10602,2025-08-26,916,8,5,4,62.57,18.41,250.28,231.87,0,On Time,In-Store,Future
10603,2025-04-07,664,113,6,4,120.7,7.0,482.8,475.8,5,Late,Online,Current
10604,2024-10-25,422,16,2,1,103.76,19.66,103.76,84.1,0,On Time,Online,Future
10605,2024-01-17,410,23,6,4,87.41,2.93,349.64,346.71,0,On Time,Online,Current
10606,2025-11-03,159,58,2,2,118.61,33.59,237.22,203.63,0,On Time,Online,Current
10607,2025-05-17,131,83,5,2,73.64,28.56,147.28,118.72,0,On Time,Online,Future
10608,2025-09-02,420,90,1,1,82.64,23.26,82.64,59.38,0,On Time,Online,Current
10609,2024-09-19,857,10,3,4,78.41,21.73,313.64,291.91,0,On Time,Wholesale,Current
10610,2024-04-03,838,91,1,3,85.5,16.15,256.5,240.35,0,On Time,In-Store,Current
10611,2024-08-05,903,92,4,2,46.38,0.86,92.76,91.9,0,On Time,Click & Collect,Current
10612,2024-11-25,477,21,2,4,44.65,8.5,178.6,170.1,0,On Time,Click & Collect,Current
10613,2025-06-18,189,20,2,3,93.73,15.8,281.19,265.39,0,On Time,Wholesale,Future
10614,2025-08-20,106,1,1,3,125.71,14.59,377.13,362.54,0,On Time,Wholesale,Future
10615,2024-03-12,658,120,2,3,47.37,7.0,142.11,135.11,0,On Time,Online,Current
10616,2024-02-18,573,10,3,1,78.41,13.88,78.41,64.53,0,On Time,Online,Current
10617,2025-02-16,108,87,6,4,80.57,7.42,322.28,314.86,6,Late,In-Store,Current
10618,2024-08-25,507,26,4,2,117.76,7.38,235.52,228.14,0,On Time,Click & Collect,Current
10619,2024-10-27,670,96,6,4,44.65,10.49,178.6,168.11,4,Late,Online,Current
10620,2024-10-19,959,54,5,3,110.37,32.63,331.11,298.48,0,On Time,Wholesale,Future
10621,2024-08-17,734,87,2,2,80.57,18.95,161.14,142.19,0,On Time,Online,Current
10622,2024-07-04,355,96,6,4,44.65,3.27,178.6,175.33,0,On Time,Online,Future
10623,2024-02-14,500,24,5,1,152.6,11.85,152.6,140.75,0,On Time,Click & Collect,Future
10624,2025-12-22,902,30,6,4,33.3,20.68,133.2,112.52,1,Late,Online,Current
10625,2024-07-09,720,104,6,4,154.04,16.59,616.16,599.57,2,Late,Online,Future
10626,2024-10-30,24,53,1,4,103.59,9.85,414.36,404.51,0,On Time,Wholesale,Current
10627,2024-03-10,470,88,1,4,41.48,16.15,165.92,149.77,1,Late,In-Store,Future
10628,2024-07-22,819,12,1,2,177.18,6.48,354.36,347.88,0,On Time,In-Store,Current
10629,2025-09-04,738,119,5,1,21.52,3.47,21.52,18.05,0,On Time,Online,Future
10630,2025-10-01,762,40,6,2,35.44,20.82,70.88,50.06,7,Late,Online,Current
10631,2025-03-19,814,83,6,4,73.64,17.9,294.56,276.66,0,On Time,Online,Current
10632,2024-04-19,923,50,2,2,97.72,34.63,195.44,160.81,0,On Time,Click & Collect,Current
10633,2024-11-01,316,16,1,2,103.76,0.15,207.52,207.37,0,On Time,Wholesale,Future
10634,2025-04-19,146,64,3,1,106.6,15.87,106.6,90.73,0,On Time,Online,Current
10635,2024-12-04,745,82,4,1,135.39,21.93,135.39,113.46,0,On Time,Online,Current
10636,2025-10-15,398,87,3,3,80.57,2.28,241.71,239.43,0,On Time,Online,Current
10637,2024-09-19,422,50,6,4,97.72,18.04,390.88,372.84,0,On Time,Online,Current
10638,2024-07-12,675,11,6,1,40.32,34.33,40.32,5.99,0,On Time,Online,Current
10639,2025-10-15,815,73,1,1,20.46,14.2,20.46,6.26,6,Late,Online,Current
10640,2024-12-11,245,56,1,3,166.72,19.98,500.16,480.18,0,On Time,Online,Current
10641,2024-10-02,745,84,1,4,108.1,2.74,432.4,429.66,4,Late,Online,Current
10642,2024-01-20,685,6,6,3,127.67,10.61,383.01,372.4,0,On Time,Online,Future
10643,2025-08-02,919,1,6,1,125.71,19.37,125.71,106.34,0,On Time,Online,Future
10644,2024-11-25,646,43,2,1,129.42,12.98,129.42,116.44,6,Late,Online,Current
10645,2024-05-14,217,78,6,4,57.86,2.98,231.44,228.46,0,On Time,Online,Future
10646,2024-12-24,631,31,4,1,64.76,34.48,64.76,30.28,0,On Time,Click & Collect,Current
10647,2024-09-11,514,27,1,2,148.3,17.87,296.6,278.73,0,On Time,Online,Future
10648,2025-11-21,643,89,6,4,144.37,14.04,577.48,563.44,0,On Time,Online,Current
10649,2024-09-16,910,26,6,1,117.76,20.26,117.76,97.5,0,On Time,Online,Future
10650,2024-04-21,28,48,6,2,94.16,1.2,188.32,187.12,0,On Time,Online,Current
10651,2024-09-08,261,86,2,3,102.94,33.66,308.82,275.16,0,On Time,Online,Current
10652,2025-06-19,968,69,6,2,82.06,24.71,164.12,139.41,0,On Time,Online,Current
10653,2024-03-28,109,49,2,4,134.92,25.65,539.68,514.03,0,On Time,Online,Future
10654,2024-10-10,678,23,1,2,87.41,7.37,174.82,167.45,0,On Time,Wholesale,Future
10655,2025-11-20,645,63,6,2,50.08,26.92,100.16,73.24,7,Late,In-Store,Current
10656,2024-11-21,701,81,6,4,110.75,14.93,443.0,428.07,1,Late,Online,Current
10657,2025-04-20,607,89,3,1,144.37,5.96,144.37,138.41,0,On Time,Online,Current
10658,2024-10-20,129,119,6,1,21.52,11.17,21.52,10.35,0,On Time,Online,Future
10659,2025-08-01,600,45,3,1,29.58,5.81,29.58,23.77,0,On Time,In-Store,Future
10660,2025-03-21,560,107,2,2,49.65,33.38,99.3,65.92,0,On Time,Wholesale,Current
10661,2024-05-11,521,1,6,2,125.71,21.17,251.42,230.25,0,On Time,Online,Future
10662,2025-08-21,45,115,4,4,131.17,14.71,524.68,509.97,0,On Time,Online,Current
10663,2025-05-10,935,37,3,3,141.5,34.84,424.5,389.66,0,On Time,Online,Current
10664,2025-04-13,635,55,6,1,80.85,3.55,80.85,77.3,0,On Time,Online,Future
10665,2025-08-25,790,69,6,2,82.06,25.14,164.12,138.98,0,On Time,Click & Collect,Current
10666,2024-10-08,294,60,6,3,148.3,28.52,444.9,416.38,0,On Time,Online,Current
10667,2024-08-14,380,59,2,1,99.02,11.82,99.02,87.2,0,On Time,Click & Collect,Current
10668,2024-04-06,219,35,6,2,41.4,14.14,82.8,68.66,0,On Time,Online,Current
10669,2025-11-11,895,116,6,1,159.24,24.59,159.24,134.65,0,On Time,Online,Current
10670,2024-10-30,596,22,4,3,118.48,28.01,355.44,327.43,0,On Time,Online,Current
10671,2024-11-21,247,18,5,4,53.11,30.92,212.44,181.52,0,On Time,Online,Future
10672,2025-06-14,807,94,4,2,56.02,5.13,112.04,106.91,0,On Time,Click & Collect,Future
10673,2025-11-26,229,16,2,1,103.76,18.93,103.76,84.83,0,On Time,Wholesale,Future
10674,2025-04-11,776,2,6,1,200.36,10.36,200.36,190.0,0,On Time,Online,Future
10675,2025-12-17,446,112,6,1,167.65,9.49,167.65,158.16,0,On Time,Online,Current
10676,2025-12-29,532,18,4,4,53.11,21.14,212.44,191.3,0,On Time,Click & Collect,Current
10677,2024-05-28,249,52,5,1,18.05,13.14,18.05,4.91,2,Late,Online,Future
10678,2024-02-10,549,119,2,1,21.52,24.61,21.52,-3.09,0,On Time,In-Store,Current
10679,2025-06-21,222,7,6,3,172.34,12.01,517.02,505.01,0,On Time,Online,Future
10680,2024-07-15,804,45,4,2,29.58,17.31,59.16,41.85,0,On Time,Online,Current
10681,2024-02-04,21,68,6,2,76.01,2.48,152.02,149.54,0,On Time,Online,Future
10682,2024-10-05,343,108,3,2,50.05,2.97,100.1,97.13,3,Late,In-Store,Current
10683,2024-07-17,536,104,4,4,154.04,20.43,616.16,595.73,0,On Time,Online,Future
10684,2025-02-16,781,111,3,1,139.05,15.97,139.05,123.08,0,On Time,Online,Future
10685,2024-09-18,19,27,1,4,148.3,30.72,593.2,562.48,0,On Time,Click & Collect,Future
10686,2024-12-31,224,51,6,1,110.62,17.28,110.62,93.34,0,On Time,Online,Future
10687,2025-05-09,851,96,1,1,44.65,30.79,44.65,13.86,0,On Time,Online,Future
10688,2025-09-26,764,120,3,3,47.37,26.06,142.11,116.05,0,On Time,Online,Future
10689,2025-09-24,379,56,6,4,166.72,12.24,666.88,654.64,0,On Time,Online,Current
10690,2025-12-02,196,10,4,2,78.41,21.15,156.82,135.67,0,On Time,Click & Collect,Future
10691,2024-05-13,102,30,6,3,33.3,17.8,99.9,82.1,0,On Time,Online,Current
10692,2025-12-24,266,97,1,1,54.01,31.11,54.01,22.9,1,Late,Online,Future
10693,2024-01-08,739,52,5,1,18.05,13.48,18.05,4.57,0,On Time,Wholesale,Future
10694,2025-11-13,809,38,6,2,97.97,25.44,195.94,170.5,0,On Time,Online,Current
10695,2025-03-22,934,100,6,2,91.89,13.81,183.78,169.97,0,On Time,Online,Current
10696,2024-11-16,181,69,6,4,82.06,10.57,328.24,317.67,4,Late,Online,Current
10697,2024-03-20,23,111,6,3,139.05,1.69,417.15,415.46,0,On Time,Online,Future
10698,2024-04-19,427,28,3,3,154.21,20.06,462.63,442.57,5,Late,Online,Current
10699,2024-12-01,820,87,6,4,80.57,33.12,322.28,289.16,2,Late,Online,Current
10700,2024-06-07,958,112,1,4,167.65,10.28,670.6,660.32,0,On Time,Online,Future
10701,2025-07-19,134,49,6,1,134.92,16.14,134.92,118.78,7,Late,Online,Current
10702,2025-08-18,632,90,5,2,82.64,14.62,165.28,150.66,0,On Time,Online,Current
10703,2025-07-01,81,104,4,1,154.04,33.16,154.04,120.88,4,Late,Online,Current
10704,2025-08-02,837,107,6,4,49.65,30.21,198.6,168.39,0,On Time,Wholesale,Current
10705,2025-08-26,280,109,5,1,65.96,3.16,65.96,62.8,0,On Time,In-Store,Future
10706,2024-06-01,557,71,4,4,135.62,17.13,542.48,525.35,0,On Time,Click & Collect,Future
10707,2025-08-23,612,9,2,4,102.79,1.77,411.16,409.39,0,On Time,In-Store,Current
10708,2025-03-22,73,109,1,4,65.96,11.27,263.84,252.57,0,On Time,Online,Current
10709,2025-05-01,62,106,6,1,28.51,8.4,28.51,20.11,2,Late,Online,Current
10710,2024-02-28,242,62,2,2,180.58,16.03,361.16,345.13,4,Late,In-Store,Current
10711,2024-12-11,186,99,6,2,170.64,4.74,341.28,336.54,0,On Time,Online,Current
10712,2024-11-23,572,41,6,2,110.65,23.21,221.3,198.09,0,On Time,Online,Future
10713,2025-06-27,268,112,5,3,167.65,5.69,502.95,497.26,0,On Time,Online,Current
10714,2025-10-19,272,102,6,2,68.71,20.49,137.42,116.93,3,Late,Online,Current
10715,2025-02-02,51,119,6,2,21.52,25.35,43.04,17.69,0,On Time,Online,Future
10716,2025-12-02,970,56,2,1,166.72,17.75,166.72,148.97,0,On Time,Online,Future
10717,2025-04-10,944,84,6,4,108.1,10.29,432.4,422.11,0,On Time,Online,Current
10718,2025-09-25,125,28,6,4,154.21,32.81,616.84,584.03,2,Late,Online,Current
10719,2025-02-12,653,79,1,2,174.91,3.9,349.82,345.92,7,Late,Online,Current
10720,2025-05-24,765,45,4,2,29.58,23.39,59.16,35.77,5,Late,In-Store,Current
10721,2024-12-01,706,104,6,4,154.04,34.14,616.16,582.02,0,On Time,Online,Current
10722,2024-08-11,275,36,5,3,162.38,0.2,487.14,486.94,0,On Time,Online,Future
10723,2025-09-27,57,33,6,4,219.29,13.98,877.16,863.18,4,Late,Online,Current
10724,2025-11-30,625,4,3,3,143.64,27.26,430.92,403.66,3,Late,Online,Current
10725,2025-01-23,106,95,5,2,168.8,5.44,337.6,332.16,0,On Time,Online,Current
10726,2024-02-16,657,67,6,1,214.61,24.64,214.61,189.97,0,On Time,Online,Future
10727,2025-09-17,517,31,1,4,64.76,2.92,259.04,256.12,0,On Time,Online,Current
10728,2024-04-27,254,80,2,4,119.07,6.79,476.28,469.49,0,On Time,In-Store,Future
10729,2024-06-06,448,83,4,2,73.64,2.03,147.28,145.25,0,On Time,Click & Collect,Current
10730,2024-09-01,564,108,3,2,50.05,17.92,100.1,82.18,2,Late,Online,Future
10731,2024-12-11,981,85,6,2,142.01,12.18,284.02,271.84,0,On Time,Online,Future
10732,2025-04-21,301,91,6,1,85.5,23.98,85.5,61.52,0,On Time,Online,Future
10733,2024-05-05,943,36,4,2,162.38,9.9,324.76,314.86,5,Late,Online,Current
10734,2024-02-16,816,98,6,3,192.94,33.79,578.82,545.03,0,On Time,Online,Current
10735,2025-04-01,5,75,6,3,112.15,5.3,336.45,331.15,2,Late,Online,Current
10736,2025-08-12,262,36,3,3,162.38,21.68,487.14,465.46,0,On Time,In-Store,Future
10737,2025-11-27,997,119,2,2,21.52,15.81,43.04,27.23,0,On Time,Online,Future
10738,2024-01-22,530,112,6,2,167.65,4.22,335.3,331.08,0,On Time,Online,Current
10739,2025-06-23,863,96,3,1,44.65,19.52,44.65,25.13,0,On Time,Click & Collect,Future
10740,2025-08-29,486,16,2,3,103.76,30.64,311.28,280.64,0,On Time,Online,Current
10741,2025-08-19,832,111,6,1,139.05,34.47,139.05,104.58,0,On Time,Online,Future
10742,2024-12-09,447,118,6,3,167.17,21.26,501.51,480.25,0,On Time,Online,Future
10743,2025-12-17,75,117,1,2,131.87,16.94,263.74,246.8,0,On Time,Online,Future
10744,2024-10-05,771,38,1,3,97.97,13.26,293.91,280.65,0,On Time,Online,Future
10745,2025-03-09,989,29,1,1,130.05,31.49,130.05,98.56,6,Late,Online,Current
10746,2024-02-23,284,75,3,2,112.15,1.53,224.3,222.77,0,On Time,Online,Current
10747,2025-08-01,48,28,6,3,154.21,32.68,462.63,429.95,0,On Time,In-Store,Future
10748,2024-01-11,586,85,1,4,142.01,25.76,568.04,542.28,4,Late,Online,Current
10749,2025-12-15,908,20,2,3,93.73,3.88,281.19,277.31,1,Late,Online,Current
10750,2025-09-14,393,117,5,3,131.87,16.08,395.61,379.53,0,On Time,Click & Collect,Current
10751,2024-05-07,146,86,3,1,102.94,17.13,102.94,85.81,2,Late,Wholesale,Current
10752,2025-10-26,216,13,2,4,109.25,21.65,437.0,415.35,1,Late,Online,Current
10753,2025-11-29,85,66,5,4,105.25,28.71,421.0,392.29,0,On Time,Click & Collect,Current
10754,2024-04-06,282,106,2,1,28.51,5.48,28.51,23.03,6,Late,Online,Current
10755,2025-09-06,194,46,5,2,117.41,31.07,234.82,203.75,0,On Time,In-Store,Current
10756,2025-05-27,99,120,4,4,47.37,32.27,189.48,157.21,0,On Time,Online,Current
10757,2025-10-06,589,30,5,1,33.3,11.52,33.3,21.78,0,On Time,Online,Current
10758,2025-01-25,176,25,6,4,27.12,22.79,108.48,85.69,0,On Time,Online,Current
10759,2024-06-27,656,85,6,1,142.01,16.03,142.01,125.98,0,On Time,Online,Current
10760,2024-06-23,424,81,3,1,110.75,25.7,110.75,85.05,0,On Time,Online,Future
10761,2025-07-22,668,64,5,1,106.6,12.46,106.6,94.14,0,On Time,Online,Future
10762,2024-05-06,834,80,6,1,119.07,18.5,119.07,100.57,0,On Time,Online,Future
10763,2025-03-06,541,113,5,1,120.7,20.76,120.7,99.94,0,On Time,Online,Current
10764,2025-02-22,926,7,2,4,172.34,22.31,689.36,667.05,0,On Time,Online,Current
10765,2024-05-25,16,54,4,3,110.37,16.91,331.11,314.2,6,Late,In-Store,Current
10766,2025-10-03,993,3,2,3,182.39,21.39,547.17,525.78,5,Late,Online,Current
10767,2024-11-13,337,39,2,4,128.17,3.12,512.68,509.56,4,Late,Online,Current
10768,2025-01-02,761,21,4,2,44.65,23.74,89.3,65.56,0,On Time,In-Store,Future
10769,2024-11-16,371,2,6,4,200.36,23.81,801.44,777.63,0,On Time,Online,Future
10770,2024-07-11,767,7,5,4,172.34,32.8,689.36,656.56,0,On Time,Wholesale,Current
10771,2024-05-11,704,14,4,4,85.15,18.16,340.6,322.44,0,On Time,In-Store,Future
10772,2025-09-22,593,101,1,1,123.75,30.21,123.75,93.54,6,Late,In-Store,Current
10773,2025-08-31,248,120,5,2,47.37,15.24,94.74,79.5,0,On Time,Wholesale,Future
10774,2025-01-15,591,57,6,4,144.33,12.85,577.32,564.47,0,On Time,Online,Current
10775,2024-07-07,127,107,5,2,49.65,2.76,99.3,96.54,0,On Time,Online,Current
10776,2024-07-25,667,97,6,3,54.01,0.83,162.03,161.2,0,On Time,Online,Future
10777,2024-03-18,418,88,3,2,41.48,25.75,82.96,57.21,0,On Time,In-Store,Current
10778,2025-10-10,898,37,1,3,141.5,9.57,424.5,414.93,0,On Time,Online,Future
10779,2024-06-07,228,38,2,4,97.97,10.46,391.88,381.42,0,On Time,Wholesale,Current
10780,2025-10-03,165,18,6,3,53.11,1.97,159.33,157.36,0,On Time,Wholesale,Future
10781,2025-08-17,58,101,4,1,123.75,12.24,123.75,111.51,0,On Time,Online,Current
10782,2024-12-08,641,72,6,3,141.82,16.71,425.46,408.75,0,On Time,Online,Current
10783,2024-08-01,793,111,6,3,139.05,8.07,417.15,409.08,0,On Time,Online,Future
10784,2025-04-26,210,29,6,4,130.05,30.9,520.2,489.3,0,On Time,Online,Current
10785,2025-06-06,525,31,2,3,64.76,33.81,194.28,160.47,1,Late,Online,Current
10786,2025-09-04,579,69,6,1,82.06,21.9,82.06,60.16,0,On Time,Online,Current
10787,2025-03-02,566,1,2,4,125.71,7.34,502.84,495.5,0,On Time,In-Store,Current
10788,2025-03-17,645,37,3,2,141.5,13.1,283.0,269.9,0,On Time,In-Store,Current
10789,2024-04-23,172,56,6,4,166.72,2.53,666.88,664.35,0,On Time,Online,Future
10790,2025-03-17,919,61,4,3,82.33,20.39,246.99,226.6,0,On Time,Wholesale,Current
10791,2025-09-20,586,34,4,1,116.01,18.04,116.01,97.97,0,On Time,In-Store,Current
10792,2025-04-14,595,5,6,2,140.44,25.19,280.88,255.69,0,On Time,Online,Current
10793,2025-04-09,493,28,1,2,154.21,10.88,308.42,297.54,0,On Time,Click & Collect,Future
10794,2025-09-12,494,106,5,4,28.51,32.28,114.04,81.76,0,On Time,In-Store,Current
10795,2025-06-07,438,9,5,4,102.79,25.31,411.16,385.85,0,On Time,Wholesale,Future
10796,2025-10-08,685,31,6,3,64.76,14.43,194.28,179.85,0,On Time,Online,Future
10797,2025-04-18,924,34,6,2,116.01,33.48,232.02,198.54,0,On Time,Online,Current
10798,2024-02-25,270,81,6,1,110.75,0.74,110.75,110.01,0,On Time,Online,Future
10799,2024-01-17,528,84,1,3,108.1,5.94,324.3,318.36,0,On Time,In-Store,Current
10800,2025-05-09,577,94,3,1,56.02,15.96,56.02,40.06,0,On Time,Click & Collect,Future
10801,2025-07-12,491,89,5,4,144.37,22.36,577.48,555.12,0,On Time,Wholesale,Current
10802,2024-10-26,9,46,6,4,117.41,1.97,469.64,467.67,0,On Time,Online,Future
10803,2025-03-17,310,86,6,3,102.94,0.03,308.82,308.79,4,Late,Online,Current
10804,2024-11-11,288,27,5,2,148.3,34.1,296.6,262.5,0,On Time,Click & Collect,Current
10805,2025-03-14,744,47,6,2,146.36,2.79,292.72,289.93,0,On Time,Online,Future
10806,2025-11-09,803,6,4,2,127.67,24.68,255.34,230.66,0,On Time,Online,Current
10807,2025-09-02,535,98,4,4,192.94,25.74,771.76,746.02,0,On Time,Online,Current
10808,2025-06-14,220,81,6,1,110.75,15.9,110.75,94.85,4,Late,Online,Current
10809,2025-07-25,53,49,6,1,134.92,24.03,134.92,110.89,0,On Time,Online,Current
10810,2024-04-18,71,82,6,1,135.39,30.96,135.39,104.43,0,On Time,Online,Current
10811,2025-11-04,967,66,6,4,105.25,16.97,421.0,404.03,0,On Time,Online,Current
10812,2025-02-23,32,58,6,2,118.61,10.36,237.22,226.86,0,On Time,Online,Current
10813,2024-07-16,76,108,4,2,50.05,26.83,100.1,73.27,0,On Time,Online,Current
10814,2025-04-21,648,94,4,2,56.02,7.88,112.04,104.16,0,On Time,Online,Future
10815,2025-04-28,499,116,3,4,159.24,8.76,636.96,628.2,0,On Time,Click & Collect,Current
10816,2025-02-03,427,59,4,4,99.02,28.88,396.08,367.2,0,On Time,Online,Future
10817,2024-05-25,10,29,1,3,130.05,2.7,390.15,387.45,4,Late,Wholesale,Current
10818,2025-09-18,541,41,6,4,110.65,9.8,442.6,432.8,1,Late,Online,Current
10819,2025-11-21,410,22,6,4,118.48,29.03,473.92,444.89,0,On Time,Online,Future
10820,2024-01-28,490,82,1,4,135.39,10.57,541.56,530.99,0,On Time,Online,Future
10821,2024-02-29,368,83,1,3,73.64,30.42,220.92,190.5,0,On Time,Click & Collect,Current
10822,2024-01-02,447,51,5,3,110.62,18.29,331.86,313.57,4,Late,Wholesale,Current
10823,2025-09-15,905,92,1,3,46.38,29.93,139.14,109.21,0,On Time,Click & Collect,Future
10824,2024-07-28,151,56,2,2,166.72,18.25,333.44,315.19,0,On Time,Online,Current
10825,2025-01-03,560,85,1,3,142.01,8.48,426.03,417.55,6,Late,Online,Current
10826,2024-09-20,745,22,4,4,118.48,27.49,473.92,446.43,0,On Time,Online,Future
10827,2025-05-15,409,103,6,2,113.76,10.23,227.52,217.29,0,On Time,Online,Current
10828,2024-02-07,175,10,6,4,78.41,23.29,313.64,290.35,0,On Time,Online,Future
10829,2024-05-23,694,36,6,1,162.38,5.14,162.38,157.24,0,On Time,Online,Current
10830,2024-12-31,77,88,3,4,41.48,27.62,165.92,138.3,0,On Time,Online,Future
10831,2025-10-20,879,39,1,4,128.17,29.45,512.68,483.23,1,Late,Wholesale,Future
10832,2025-12-20,883,98,6,2,192.94,32.42,385.88,353.46,0,On Time,Online,Future
10833,2025-10-19,844,106,6,4,28.51,14.56,114.04,99.48,0,On Time,Online,Future
10834,2024-06-22,594,77,6,1,132.93,8.9,132.93,124.03,0,On Time,Online,Future
10835,2024-12-15,24,108,4,4,50.05,34.72,200.2,165.48,0,On Time,Click & Collect,Future
10836,2024-12-22,149,28,1,3,154.21,24.3,462.63,438.33,0,On Time,Click & Collect,Future
10837,2024-09-19,727,55,1,1,80.85,7.51,80.85,73.34,0,On Time,Online,Future
10838,2024-10-22,426,21,1,2,44.65,14.82,89.3,74.48,0,On Time,In-Store,Current
10839,2024-09-02,1,52,6,2,18.05,9.27,36.1,26.83,0,On Time,Online,Current
10840,2025-08-20,548,50,6,3,97.72,32.13,293.16,261.03,0,On Time,Online,Future
10841,2025-01-18,673,119,4,1,21.52,6.57,21.52,14.95,0,On Time,Online,Future
10842,2024-03-28,450,88,2,3,41.48,18.0,124.44,106.44,0,On Time,Click & Collect,Current
10843,2025-05-08,378,87,2,2,80.57,3.2,161.14,157.94,7,Late,Wholesale,Current
10844,2024-02-06,539,29,5,2,130.05,16.68,260.1,243.42,0,On Time,In-Store,Current
10845,2025-01-22,261,78,1,2,57.86,17.44,115.72,98.28,0,On Time,Wholesale,Future
10846,2025-06-29,186,42,6,4,65.4,18.15,261.6,243.45,6,Late,Online,Current
10847,2025-04-10,305,111,4,1,139.05,21.21,139.05,117.84,0,On Time,In-Store,Future
10848,2025-08-03,9,11,3,1,40.32,4.25,40.32,36.07,0,On Time,Online,Future
10849,2024-08-21,86,38,6,2,97.97,8.84,195.94,187.1,0,On Time,Online,Future
10850,2024-02-07,888,20,6,2,93.73,29.48,187.46,157.98,0,On Time,Online,Future
10851,2025-04-21,624,67,2,1,214.61,25.06,214.61,189.55,0,On Time,Online,Current
10852,2025-05-30,78,99,6,1,170.64,16.95,170.64,153.69,0,On Time,Online,Current
10853,2025-04-08,295,19,6,1,118.63,1.7,118.63,116.93,0,On Time,Online,Future
10854,2025-06-19,423,103,6,3,113.76,26.33,341.28,314.95,1,Late,Online,Future
10855,2024-12-26,842,88,6,4,41.48,9.46,165.92,156.46,0,On Time,Online,Future
10856,2024-09-27,336,5,1,4,140.44,4.85,561.76,556.91,0,On Time,In-Store,Current
10857,2024-03-04,865,107,6,3,49.65,2.17,148.95,146.78,0,On Time,Online,Current
10858,2024-09-24,700,11,1,2,40.32,4.94,80.64,75.7,0,On Time,In-Store,Current
10859,2025-12-29,44,9,1,1,102.79,30.97,102.79,71.82,0,On Time,Click & Collect,Future
10860,2025-09-10,262,68,2,1,76.01,12.03,76.01,63.98,0,On Time,Wholesale,Future
10861,2025-04-19,535,99,1,3,170.64,24.97,511.92,486.95,0,On Time,Online,Current
10862,2024-10-29,458,28,4,3,154.21,25.63,462.63,437.0,2,Late,Online,Current
10863,2024-01-20,629,106,3,2,28.51,22.6,57.02,34.42,0,On Time,Click & Collect,Current
10864,2024-11-08,461,115,3,3,131.17,19.95,393.51,373.56,0,On Time,Online,Future
10865,2024-06-10,208,36,1,3,162.38,17.34,487.14,469.8,1,Late,Online,Current
10866,2025-05-01,263,29,3,4,130.05,9.13,520.2,511.07,0,On Time,Online,Current
10867,2024-12-20,707,52,1,4,18.05,34.34,72.2,37.86,0,On Time,Click & Collect,Current
10868,2024-10-12,37,1,6,4,125.71,11.26,502.84,491.58,0,On Time,Online,Current
10869,2025-06-20,338,39,6,1,128.17,24.07,128.17,104.1,1,Late,In-Store,Future
10870,2024-07-17,358,103,1,1,113.76,9.41,113.76,104.35,2,Late,Wholesale,Current
10871,2024-04-25,602,12,5,1,177.18,33.26,177.18,143.92,0,On Time,Click & Collect,Current
10872,2025-07-23,995,92,6,3,46.38,11.78,139.14,127.36,0,On Time,Online,Future
10873,2025-01-25,37,85,6,3,142.01,30.72,426.03,395.31,0,On Time,Online,Future
10874,2024-12-22,358,99,1,1,170.64,25.35,170.64,145.29,0,On Time,Online,Current
10875,2024-09-26,4,83,2,1,73.64,24.93,73.64,48.71,3,Late,Online,Current
10876,2025-10-14,784,120,6,3,47.37,16.59,142.11,125.52,0,On Time,Online,Current
10877,2024-03-03,10,114,6,3,83.67,29.43,251.01,221.58,2,Late,Online,Current
10878,2024-10-01,351,113,2,2,120.7,5.8,241.4,235.6,0,On Time,Wholesale,Current
10879,2024-11-13,140,70,1,2,117.81,5.03,235.62,230.59,5,Late,Online,Current
10880,2025-05-20,932,62,3,4,180.58,22.07,722.32,700.25,0,On Time,Online,Current
10881,2025-09-18,196,51,2,4,110.62,9.54,442.48,432.94,4,Late,Online,Current
10882,2024-01-27,607,61,6,4,82.33,18.92,329.32,310.4,0,On Time,Online,Future
10883,2025-12-10,975,20,2,1,93.73,10.46,93.73,83.27,0,On Time,In-Store,Current
10884,2025-01-12,823,114,2,4,83.67,31.8,334.68,302.88,0,On Time,Click & Collect,Future
10885,2024-03-05,610,119,1,1,21.52,31.31,21.52,-9.79,0,On Time,Click & Collect,Current
10886,2025-06-15,102,38,5,2,97.97,11.95,195.94,183.99,0,On Time,Online,Future
10887,2025-10-12,141,100,1,2,91.89,4.26,183.78,179.52,0,On Time,Online,Future
10888,2024-03-25,677,69,1,3,82.06,31.71,246.18,214.47,1,Late,Click & Collect,Future
10889,2025-03-20,504,101,3,1,123.75,33.35,123.75,90.4,7,Late,Wholesale,Current
10890,2025-04-07,409,15,6,1,76.6,17.54,76.6,59.06,0,On Time,Online,Current
10891,2024-09-11,922,8,6,4,62.57,27.16,250.28,223.12,0,On Time,Online,Future
10892,2025-03-09,514,59,6,4,99.02,10.34,396.08,385.74,0,On Time,Online,Current
10893,2025-03-18,567,99,6,2,170.64,12.52,341.28,328.76,2,Late,Online,Current
10894,2025-06-28,42,114,5,2,83.67,7.77,167.34,159.57,2,Late,Online,Current
10895,2025-10-14,537,30,3,3,33.3,2.16,99.9,97.74,0,On Time,Online,Current
10896,2024-12-31,981,61,4,3,82.33,13.04,246.99,233.95,0,On Time,Online,Future
10897,2025-11-28,295,85,6,3,142.01,16.49,426.03,409.54,0,On Time,Online,Current
10898,2024-04-19,633,120,4,1,47.37,30.79,47.37,16.58,0,On Time,In-Store,Current
10899,2024-03-21,55,17,3,3,141.85,15.56,425.55,409.99,0,On Time,In-Store,Current
10900,2025-06-04,538,42,2,4,65.4,1.05,261.6,260.55,0,On Time,Online,Current
10901,2024-12-19,398,94,1,2,56.02,17.89,112.04,94.15,0,On Time,Wholesale,Current
10902,2025-02-22,430,70,2,2,117.81,7.97,235.62,227.65,3,Late,Online,Current
10903,2025-01-13,362,40,4,2,35.44,4.49,70.88,66.39,0,On Time,Online,Current
10904,2025-08-11,46,106,6,1,28.51,17.61,28.51,10.9,0,On Time,Online,Future
10905,2025-05-07,486,119,2,1,21.52,15.94,21.52,5.58,0,On Time,Online,Future
10906,2024-07-28,219,86,3,2,102.94,29.93,205.88,175.95,0,On Time,Click & Collect,Future
10907,2024-02-20,561,46,6,1,117.41,21.75,117.41,95.66,0,On Time,Online,Current
10908,2025-07-29,571,75,6,1,112.15,30.16,112.15,81.99,0,On Time,Online,Current
10909,2025-03-03,56,120,2,1,47.37,5.54,47.37,41.83,0,On Time,Click & Collect,Future
10910,2024-04-03,177,3,6,4,182.39,6.16,729.56,723.4,0,On Time,Online,Future
10911,2025-06-30,658,33,6,3,219.29,2.7,657.87,655.17,0,On Time,Online,Current
10912,2024-08-31,951,81,4,2,110.75,27.42,221.5,194.08,0,On Time,Online,Current
10913,2025-02-03,63,89,3,2,144.37,3.13,288.74,285.61,0,On Time,Click & Collect,Future
10914,2025-03-05,567,37,1,3,141.5,10.0,424.5,414.5,0,On Time,Wholesale,Future
10915,2024-04-25,170,10,5,4,78.41,28.85,313.64,284.79,0,On Time,Online,Current
10916,2025-11-23,808,3,6,4,182.39,27.21,729.56,702.35,2,Late,Online,Current
10917,2025-12-30,757,83,3,1,73.64,11.97,73.64,61.67,0,On Time,Online,Current
10918,2024-06-23,416,120,3,4,47.37,27.64,189.48,161.84,0,On Time,Wholesale,Future
10919,2024-05-16,964,89,2,1,144.37,0.43,144.37,143.94,0,On Time,In-Store,Future
10920,2025-11-23,44,31,1,3,64.76,32.23,194.28,162.05,4,Late,In-Store,Current
10921,2025-10-09,987,86,6,4,102.94,12.3,411.76,399.46,0,On Time,Online,Current
10922,2024-04-18,59,8,4,2,62.57,6.87,125.14,118.27,0,On Time,Online,Current
10923,2025-12-30,826,47,3,3,146.36,10.83,439.08,428.25,7,Late,Online,Current
10924,2025-03-26,435,20,1,2,93.73,20.24,187.46,167.22,0,On Time,In-Store,Current
10925,2025-03-25,304,21,6,1,44.65,1.69,44.65,42.96,3,Late,Online,Current
10926,2025-01-30,855,9,6,4,102.79,18.27,411.16,392.89,5,Late,Online,Current
10927,2024-10-29,367,95,1,1,168.8,17.45,168.8,151.35,0,On Time,Wholesale,Future
10928,2024-02-17,841,118,2,1,167.17,32.01,167.17,135.16,0,On Time,Wholesale,Current
10929,2024-10-21,7,92,6,2,46.38,9.04,92.76,83.72,0,On Time,Online,Future
10930,2024-06-28,756,54,5,2,110.37,9.21,220.74,211.53,0,On Time,Click & Collect,Current
10931,2025-08-29,590,12,2,2,177.18,28.19,354.36,326.17,0,On Time,Online,Current
10932,2024-12-24,428,72,6,3,141.82,26.42,425.46,399.04,0,On Time,Online,Future
10933,2024-06-11,29,44,6,3,107.15,30.35,321.45,291.1,0,On Time,Online,Current
10934,2024-09-29,520,100,6,2,91.89,24.19,183.78,159.59,0,On Time,In-Store,Future
10935,2024-02-03,660,59,6,2,99.02,9.93,198.04,188.11,0,On Time,Wholesale,Current
10936,2024-05-05,216,41,2,2,110.65,30.45,221.3,190.85,0,On Time,In-Store,Future
10937,2024-05-14,227,34,6,4,116.01,13.74,464.04,450.3,0,On Time,Online,Future
10938,2025-03-17,230,88,6,4,41.48,33.46,165.92,132.46,0,On Time,Online,Current
10939,2025-12-13,446,52,6,2,18.05,34.18,36.1,1.92,0,On Time,Online,Current
10940,2024-04-22,257,103,6,3,113.76,0.16,341.28,341.12,0,On Time,Online,Future
10941,2024-08-30,260,40,6,4,35.44,22.26,141.76,119.5,2,Late,Online,Current
10942,2025-01-14,455,53,1,2,103.59,32.49,207.18,174.69,0,On Time,Online,Future
10943,2024-11-02,812,57,6,4,144.33,34.37,577.32,542.95,0,On Time,Online,Future
10944,2024-12-06,320,7,2,2,172.34,0.24,344.68,344.44,0,On Time,In-Store,Future
10945,2024-11-22,836,50,6,4,97.72,28.89,390.88,361.99,0,On Time,Online,Current
10946,2025-07-10,465,117,1,4,131.87,24.89,527.48,502.59,0,On Time,In-Store,Current
10947,2025-02-13,26,107,6,2,49.65,6.89,99.3,92.41,0,On Time,Online,Future
10948,2025-10-06,16,69,1,1,82.06,28.33,82.06,53.73,2,Late,In-Store,Future
10949,2025-06-09,260,26,6,4,117.76,32.29,471.04,438.75,0,On Time,Online,Current
10950,2024-01-31,935,30,6,2,33.3,12.0,66.6,54.6,0,On Time,Online,Future
10951,2024-01-13,378,116,2,3,159.24,13.07,477.72,464.65,0,On Time,Online,Current
10952,2024-04-14,546,23,3,1,87.41,2.89,87.41,84.52,1,Late,Click & Collect,Current
10953,2024-04-27,739,71,4,2,135.62,7.35,271.24,263.89,0,On Time,Online,Current
10954,2025-04-19,396,57,3,4,144.33,5.18,577.32,572.14,0,On Time,Online,Future
10955,2024-09-22,342,79,6,1,174.91,2.88,174.91,172.03,0,On Time,Online,Current
10956,2025-07-19,89,22,6,3,118.48,24.18,355.44,331.26,0,On Time,Online,Current
10957,2024-02-01,235,45,6,2,29.58,11.92,59.16,47.24,0,On Time,Online,Future
10958,2024-06-14,463,16,2,2,103.76,32.0,207.52,175.52,0,On Time,Wholesale,Current
10959,2025-09-16,622,14,6,2,85.15,12.85,170.3,157.45,2,Late,Online,Future
10960,2024-12-27,837,26,2,1,117.76,9.39,117.76,108.37,0,On Time,Click & Collect,Current
10961,2025-11-09,961,36,6,2,162.38,31.43,324.76,293.33,0,On Time,Online,Current
10962,2025-07-19,631,83,4,1,73.64,7.93,73.64,65.71,0,On Time,Online,Current
10963,2025-03-27,129,65,6,1,71.32,25.48,71.32,45.84,0,On Time,Online,Future
10964,2025-01-13,711,29,3,2,130.05,33.77,260.1,226.33,0,On Time,In-Store,Current
10965,2024-07-20,664,61,5,3,82.33,2.14,246.99,244.85,0,On Time,Online,Current
10966,2025-09-18,689,2,3,3,200.36,25.44,601.08,575.64,0,On Time,Online,Current
10967,2024-12-22,334,41,5,3,110.65,19.86,331.95,312.09,0,On Time,Online,Future
10968,2024-07-18,733,12,2,1,177.18,30.18,177.18,147.0,0,On Time,Online,Current
10969,2024-07-26,583,98,3,3,192.94,28.47,578.82,550.35,0,On Time,Online,Current
10970,2024-03-20,450,117,6,4,131.87,10.64,527.48,516.84,0,On Time,Online,Future
10971,2024-05-13,885,101,1,2,123.75,8.27,247.5,239.23,6,Late,Online,Current
10972,2024-02-06,425,30,6,1,33.3,21.3,33.3,12.0,0,On Time,Online,Future
10973,2025-03-30,642,100,6,3,91.89,32.96,275.67,242.71,0,On Time,Online,Future
10974,2024-12-12,41,69,2,2,82.06,32.5,164.12,131.62,0,On Time,Click & Collect,Future
10975,2025-02-01,151,13,6,2,109.25,29.88,218.5,188.62,0,On Time,Online,Current
10976,2025-11-07,602,57,5,2,144.33,28.7,288.66,259.96,0,On Time,Online,Current
10977,2024-06-03,116,101,1,3,123.75,2.23,371.25,369.02,0,On Time,Online,Future
10978,2024-08-07,670,37,6,4,141.5,8.39,566.0,557.61,5,Late,Online,Current
10979,2024-09-03,993,101,2,4,123.75,22.09,495.0,472.91,0,On Time,In-Store,Future
10980,2025-09-15,729,4,5,2,143.64,11.83,287.28,275.45,0,On Time,Online,Future
10981,2024-08-05,952,79,6,2,174.91,20.37,349.82,329.45,0,On Time,Online,Future
10982,2024-08-18,540,97,5,1,54.01,8.58,54.01,45.43,0,On Time,Wholesale,Future
10983,2024-10-04,305,109,2,3,65.96,8.65,197.88,189.23,0,On Time,Online,Current
10984,2025-03-21,277,98,4,4,192.94,0.64,771.76,771.12,0,On Time,Online,Current
10985,2025-08-07,333,10,4,2,78.41,28.48,156.82,128.34,2,Late,Online,Future
10986,2025-07-10,173,111,1,3,139.05,13.81,417.15,403.34,0,On Time,Online,Future
10987,2025-07-03,770,31,6,3,64.76,29.86,194.28,164.42,0,On Time,Online,Current
10988,2024-09-14,535,50,2,3,97.72,11.57,293.16,281.59,0,On Time,In-Store,Future
10989,2025-04-19,149,64,1,4,106.6,13.38,426.4,413.02,7,Late,Online,Current
10990,2025-04-05,471,39,6,3,128.17,12.1,384.51,372.41,0,On Time,Online,Future
10991,2024-02-18,570,23,4,1,87.41,9.95,87.41,77.46,0,On Time,In-Store,Current
10992,2025-04-13,463,47,1,4,146.36,2.41,585.44,583.03,0,On Time,Online,Future
10993,2024-02-24,898,111,6,3,139.05,16.13,417.15,401.02,0,On Time,Online,Future
10994,2024-04-07,651,53,1,2,103.59,30.03,207.18,177.15,0,On Time,In-Store,Future
10995,2025-05-10,932,7,4,4,172.34,24.45,689.36,664.91,0,On Time,Online,Future
10996,2024-12-13,734,108,2,1,50.05,27.4,50.05,22.65,0,On Time,Online,Future
10997,2024-09-01,775,94,2,2,56.02,24.93,112.04,87.11,0,On Time,Click & Collect,Current
10998,2024-11-16,894,91,6,1,85.5,24.57,85.5,60.93,2,Late,Online,Current
10999,2025-01-29,674,87,2,4,80.57,2.84,322.28,319.44,0,On Time,Online,Future
11000,2024-04-28,848,59,1,2,99.02,4.91,198.04,193.13,0,On Time,Online,Future
11001,2024-08-29,916,43,6,3,129.42,19.87,388.26,368.39,0,On Time,Online,Current
11002,2024-03-08,840,57,6,4,144.33,12.91,577.32,564.41,5,Late,Online,Current
11003,2024-07-01,95,79,6,3,174.91,29.92,524.73,494.81,0,On Time,Online,Future
11004,2024-11-30,466,57,6,3,144.33,25.16,432.99,407.83,0,On Time,Online,Current
11005,2025-07-25,469,52,6,2,18.05,25.59,36.1,10.51,0,On Time,Online,Current
11006,2025-02-18,689,11,6,1,40.32,23.33,40.32,16.99,0,On Time,Online,Future
11007,2024-02-10,720,111,3,2,139.05,14.98,278.1,263.12,0,On Time,Online,Future
11008,2024-07-26,627,56,3,1,166.72,20.82,166.72,145.9,0,On Time,Click & Collect,Future
11009,2025-01-20,422,62,6,1,180.58,31.28,180.58,149.3,0,On Time,Online,Future
11010,2025-08-02,606,96,6,3,44.65,26.83,133.95,107.12,2,Late,Online,Future
11011,2024-12-16,703,50,5,3,97.72,17.68,293.16,275.48,0,On Time,Wholesale,Future
11012,2024-11-13,273,18,1,3,53.11,29.9,159.33,129.43,0,On Time,Wholesale,Future
11013,2024-11-05,986,3,2,1,182.39,34.44,182.39,147.95,0,On Time,Online,Current
11014,2024-04-20,744,95,6,1,168.8,22.53,168.8,146.27,0,On Time,Online,Future
11015,2025-11-18,337,12,1,2,177.18,14.53,354.36,339.83,0,On Time,Click & Collect,Current
11016,2024-08-01,491,114,2,3,83.67,17.91,251.01,233.1,0,On Time,Click & Collect,Current
11017,2024-01-28,241,89,6,2,144.37,28.14,288.74,260.6,0,On Time,Online,Current
11018,2024-01-28,603,77,1,4,132.93,17.66,531.72,514.06,0,On Time,Online,Future
11019,2024-09-01,724,6,6,4,127.67,34.85,510.68,475.83,0,On Time,Online,Current
11020,2025-01-17,602,58,5,1,118.61,10.89,118.61,107.72,6,Late,Online,Current
11021,2025-04-26,88,74,5,4,120.32,16.08,481.28,465.2,7,Late,Wholesale,Current
11022,2024-07-13,347,50,5,2,97.72,8.72,195.44,186.72,0,On Time,Wholesale,Current
11023,2025-11-04,553,44,2,2,107.15,33.67,214.3,180.63,0,On Time,Online,Current
11024,2025-03-23,950,24,6,2,152.6,27.0,305.2,278.2,0,On Time,Online,Future
11025,2025-08-12,956,66,6,4,105.25,6.7,421.0,414.3,3,Late,Online,Current
11026,2024-01-31,984,98,6,4,192.94,16.24,771.76,755.52,0,On Time,Online,Future
11027,2025-03-18,253,14,6,3,85.15,17.53,255.45,237.92,0,On Time,Online,Future
11028,2024-11-19,196,120,4,1,47.37,4.0,47.37,43.37,0,On Time,Wholesale,Future
11029,2024-09-07,826,91,6,4,85.5,27.21,342.0,314.79,0,On Time,Online,Future
11030,2024-11-26,623,111,3,1,139.05,21.1,139.05,117.95,0,On Time,Online,Future
11031,2025-01-31,8,28,6,4,154.21,14.76,616.84,602.08,0,On Time,Online,Current
11032,2024-07-12,255,110,6,1,159.94,14.66,159.94,145.28,0,On Time,Online,Future
11033,2025-12-28,356,40,6,2,35.44,9.92,70.88,60.96,0,On Time,Online,Current
11034,2025-02-09,389,56,2,1,166.72,5.24,166.72,161.48,0,On Time,Online,Current
11035,2024-09-09,154,116,6,2,159.24,23.35,318.48,295.13,0,On Time,Online,Current
11036,2025-02-10,620,34,6,2,116.01,21.69,232.02,210.33,0,On Time,Online,Current
11037,2025-01-26,500,59,1,4,99.02,19.03,396.08,377.05,0,On Time,Wholesale,Current
11038,2025-09-24,609,115,1,4,131.17,33.15,524.68,491.53,0,On Time,In-Store,Current
11039,2025-12-04,357,62,5,4,180.58,23.7,722.32,698.62,0,On Time,Wholesale,Future
11040,2024-10-14,48,39,4,4,128.17,24.79,512.68,487.89,6,Late,Online,Current
11041,2024-02-29,921,22,4,4,118.48,14.58,473.92,459.34,3,Late,Wholesale,Current
11042,2025-12-15,102,58,1,1,118.61,13.24,118.61,105.37,0,On Time,Wholesale,Current
11043,2024-01-12,391,36,2,3,162.38,18.58,487.14,468.56,5,Late,Online,Current
11044,2024-08-07,687,105,2,1,45.95,21.21,45.95,24.74,0,On Time,Online,Current
11045,2025-12-01,274,75,4,3,112.15,22.35,336.45,314.1,0,On Time,Click & Collect,Future
11046,2025-05-27,695,68,5,2,76.01,32.22,152.02,119.8,3,Late,Online,Current
11047,2025-07-28,658,22,1,2,118.48,27.33,236.96,209.63,0,On Time,Wholesale,Current
11048,2025-05-01,581,66,4,3,105.25,15.07,315.75,300.68,0,On Time,In-Store,Future
11049,2025-11-19,922,15,1,3,76.6,34.21,229.8,195.59,2,Late,Online,Current
11050,2025-03-08,91,26,6,2,117.76,18.48,235.52,217.04,5,Late,Online,Current
11051,2024-10-19,515,34,6,2,116.01,25.78,232.02,206.24,0,On Time,Online,Current
11052,2024-02-25,903,120,6,2,47.37,24.57,94.74,70.17,0,On Time,Wholesale,Future
11053,2024-07-19,385,38,6,2,97.97,26.6,195.94,169.34,0,On Time,Online,Future
11054,2025-10-04,447,83,5,4,73.64,5.25,294.56,289.31,2,Late,Online,Current
11055,2024-12-20,520,108,6,4,50.05,19.99,200.2,180.21,2,Late,Online,Current
11056,2025-07-24,939,73,3,3,20.46,18.68,61.38,42.7,0,On Time,Wholesale,Future
11057,2025-03-13,948,61,4,3,82.33,7.02,246.99,239.97,0,On Time,Online,Current
11058,2025-05-23,203,10,1,4,78.41,23.44,313.64,290.2,0,On Time,Online,Future
11059,2024-05-27,841,52,6,3,18.05,23.52,54.15,30.63,0,On Time,Online,Future
11060,2024-02-06,629,93,3,3,119.71,8.08,359.13,351.05,0,On Time,In-Store,Current
11061,2025-08-04,854,86,2,4,102.94,10.64,411.76,401.12,0,On Time,Click & Collect,Current
11062,2025-03-15,829,100,5,4,91.89,21.59,367.56,345.97,0,On Time,Online,Current
11063,2025-11-11,476,80,2,3,119.07,22.74,357.21,334.47,0,On Time,Wholesale,Current
11064,2024-09-11,726,92,6,1,46.38,31.61,46.38,14.77,0,On Time,Online,Future
11065,2024-01-22,212,115,6,1,131.17,31.59,131.17,99.58,0,On Time,Online,Future
11066,2024-07-26,388,11,1,2,40.32,2.24,80.64,78.4,0,On Time,Click & Collect,Future
11067,2025-08-22,280,7,6,2,172.34,22.64,344.68,322.04,0,On Time,Online,Current
11068,2025-10-22,442,26,1,2,117.76,11.19,235.52,224.33,0,On Time,Click & Collect,Current
11069,2025-06-07,598,97,6,1,54.01,31.71,54.01,22.3,0,On Time,Online,Future
11070,2025-09-17,503,66,3,3,105.25,14.26,315.75,301.49,0,On Time,Wholesale,Current
11071,2025-06-29,623,61,1,2,82.33,9.19,164.66,155.47,0,On Time,Click & Collect,Future
11072,2025-12-29,801,79,6,2,174.91,3.42,349.82,346.4,0,On Time,Online,Future
11073,2024-06-20,745,82,6,3,135.39,6.59,406.17,399.58,0,On Time,Online,Future
11074,2025-02-01,704,68,2,2,76.01,29.13,152.02,122.89,0,On Time,Online,Current
11075,2024-09-22,148,14,2,3,85.15,31.99,255.45,223.46,0,On Time,Wholesale,Current
11076,2025-07-27,986,30,6,4,33.3,17.19,133.2,116.01,0,On Time,Online,Current
11077,2024-08-17,316,19,1,3,118.63,32.82,355.89,323.07,0,On Time,In-Store,Current
11078,2024-02-26,605,116,2,3,159.24,31.63,477.72,446.09,0,On Time,Wholesale,Future
11079,2025-06-28,62,67,6,3,214.61,9.39,643.83,634.44,6,Late,Online,Current
11080,2025-08-26,449,55,2,2,80.85,10.61,161.7,151.09,0,On Time,Online,Current
11081,2025-04-25,812,92,3,2,46.38,7.38,92.76,85.38,0,On Time,Online,Current
11082,2025-09-07,721,33,6,1,219.29,18.02,219.29,201.27,0,On Time,Online,Future
11083,2024-03-29,316,61,4,3,82.33,18.0,246.99,228.99,1,Late,Online,Current
11084,2024-02-15,397,65,6,1,71.32,19.56,71.32,51.76,0,On Time,Online,Current
11085,2024-09-10,572,12,6,4,177.18,9.99,708.72,698.73,5,Late,Online,Current
11086,2025-08-07,433,113,6,3,120.7,1.39,362.1,360.71,0,On Time,Online,Future
11087,2025-08-22,328,31,2,1,64.76,31.38,64.76,33.38,0,On Time,Online,Current
11088,2024-01-06,128,6,6,4,127.67,12.66,510.68,498.02,0,On Time,Online,Current
11089,2025-01-05,9,97,6,3,54.01,7.78,162.03,154.25,0,On Time,Online,Current
11090,2024-10-20,728,3,6,1,182.39,10.56,182.39,171.83,0,On Time,Online,Future
11091,2024-06-20,863,104,2,1,154.04,32.91,154.04,121.13,0,On Time,Click & Collect,Future
11092,2025-09-20,604,17,6,2,141.85,1.44,283.7,282.26,0,On Time,Online,Current
11093,2025-05-08,876,38,6,2,97.97,17.51,195.94,178.43,0,On Time,Online,Future
11094,2025-10-08,344,47,6,3,146.36,17.87,439.08,421.21,0,On Time,Online,Current
11095,2025-04-13,300,20,6,2,93.73,34.51,187.46,152.95,0,On Time,Online,Current
11096,2025-11-09,251,11,1,4,40.32,16.8,161.28,144.48,2,Late,Wholesale,Current
11097,2025-06-01,578,41,2,1,110.65,33.58,110.65,77.07,6,Late,In-Store,Current
11098,2024-09-09,740,18,6,4,53.11,4.88,212.44,207.56,0,On Time,Online,Current
11099,2024-11-26,857,30,6,4,33.3,19.9,133.2,113.3,7,Late,Online,Current
11100,2025-10-20,219,106,6,2,28.51,10.47,57.02,46.55,0,On Time,Online,Future
11101,2025-05-21,703,17,3,2,141.85,10.52,283.7,273.18,3,Late,Click & Collect,Current
11102,2025-10-18,254,4,2,1,143.64,4.09,143.64,139.55,0,On Time,In-Store,Future
11103,2024-02-27,523,38,2,2,97.97,5.64,195.94,190.3,0,On Time,Wholesale,Future
11104,2025-04-18,707,79,4,4,174.91,10.37,699.64,689.27,0,On Time,Online,Future
11105,2025-12-16,583,65,5,1,71.32,19.28,71.32,52.04,0,On Time,Online,Future
11106,2025-11-12,225,89,1,4,144.37,22.08,577.48,555.4,0,On Time,Online,Future
11107,2025-11-03,584,18,6,4,53.11,5.98,212.44,206.46,7,Late,Online,Current
11108,2024-03-21,862,42,2,2,65.4,1.39,130.8,129.41,0,On Time,Wholesale,Current
11109,2024-04-22,748,69,2,3,82.06,14.97,246.18,231.21,0,On Time,Click & Collect,Current
11110,2024-07-03,184,52,6,2,18.05,10.97,36.1,25.13,0,On Time,Online,Future
11111,2024-11-12,750,79,6,3,174.91,7.01,524.73,517.72,0,On Time,Online,Current
11112,2024-01-24,372,102,6,3,68.71,31.03,206.13,175.1,0,On Time,Click & Collect,Future
11113,2024-02-26,843,6,6,2,127.67,6.91,255.34,248.43,0,On Time,Online,Current
11114,2024-12-28,923,58,6,3,118.61,19.77,355.83,336.06,0,On Time,Online,Future
11115,2024-07-06,986,69,6,3,82.06,31.23,246.18,214.95,0,On Time,Online,Future
11116,2025-11-07,905,48,1,2,94.16,9.18,188.32,179.14,6,Late,Click & Collect,Current
11117,2025-06-16,574,69,6,2,82.06,21.1,164.12,143.02,0,On Time,Online,Future
11118,2025-01-09,78,52,3,1,18.05,23.21,18.05,-5.16,0,On Time,Online,Current
11119,2025-03-27,721,84,3,2,108.1,28.13,216.2,188.07,0,On Time,Online,Future
11120,2024-11-05,239,115,1,4,131.17,21.22,524.68,503.46,0,On Time,Online,Current
11121,2025-08-30,627,79,2,1,174.91,5.27,174.91,169.64,0,On Time,Online,Current
11122,2024-01-10,257,101,6,3,123.75,7.49,371.25,363.76,2,Late,Online,Future
11123,2025-12-12,563,57,2,2,144.33,31.28,288.66,257.38,0,On Time,Click & Collect,Future
11124,2024-09-23,259,56,2,1,166.72,0.12,166.72,166.6,0,On Time,Online,Current
11125,2025-05-22,655,76,2,4,128.17,33.53,512.68,479.15,0,On Time,Online,Current
11126,2024-04-29,382,96,4,3,44.65,7.54,133.95,126.41,0,On Time,Wholesale,Current
11127,2024-10-21,771,116,6,3,159.24,29.97,477.72,447.75,0,On Time,Online,Future
11128,2025-02-10,238,27,1,4,148.3,3.98,593.2,589.22,0,On Time,Online,Current
11129,2024-09-22,159,4,2,3,143.64,9.37,430.92,421.55,0,On Time,Online,Future
11130,2024-10-02,820,109,1,2,65.96,26.13,131.92,105.79,0,On Time,Click & Collect,Current
11131,2025-05-20,725,115,2,2,131.17,12.21,262.34,250.13,0,On Time,Online,Current
11132,2024-03-18,206,90,1,1,82.64,26.95,82.64,55.69,6,Late,Wholesale,Current
11133,2025-10-25,7,116,6,1,159.24,3.06,159.24,156.18,0,On Time,Online,Current
11134,2024-07-09,831,8,6,1,62.57,22.2,62.57,40.37,0,On Time,Online,Future
11135,2025-09-01,712,47,4,4,146.36,14.96,585.44,570.48,3,Late,Wholesale,Current
11136,2024-11-25,918,87,6,2,80.57,22.56,161.14,138.58,0,On Time,Online,Future
11137,2025-08-24,926,84,1,3,108.1,20.19,324.3,304.11,4,Late,Wholesale,Current
11138,2024-07-11,242,110,6,2,159.94,4.8,319.88,315.08,0,On Time,Online,Current
11139,2024-02-23,926,31,4,4,64.76,31.77,259.04,227.27,0,On Time,Click & Collect,Future
11140,2024-06-14,723,97,3,4,54.01,30.81,216.04,185.23,0,On Time,Click & Collect,Current
11141,2025-12-23,603,53,6,3,103.59,30.07,310.77,280.7,0,On Time,Online,Current
11142,2024-09-03,388,112,2,1,167.65,34.27,167.65,133.38,0,On Time,Click & Collect,Future
11143,2025-11-07,736,86,6,1,102.94,10.51,102.94,92.43,0,On Time,Online,Current
11144,2024-10-21,344,68,1,1,76.01,12.03,76.01,63.98,0,On Time,Online,Current
11145,2024-05-10,747,94,3,3,56.02,22.71,168.06,145.35,0,On Time,Online,Current
11146,2025-06-01,77,80,3,3,119.07,13.0,357.21,344.21,0,On Time,Online,Future
11147,2024-08-12,974,91,1,3,85.5,21.27,256.5,235.23,0,On Time,Online,Future
11148,2024-08-25,181,45,2,4,29.58,11.97,118.32,106.35,0,On Time,In-Store,Current
11149,2024-08-24,217,35,1,1,41.4,1.24,41.4,40.16,0,On Time,Online,Future
11150,2025-01-27,414,119,3,4,21.52,5.28,86.08,80.8,0,On Time,Click & Collect,Current
11151,2025-09-05,13,55,2,1,80.85,3.41,80.85,77.44,0,On Time,Online,Current
11152,2025-12-20,104,42,4,4,65.4,17.24,261.6,244.36,0,On Time,In-Store,Future
11153,2024-02-14,417,84,2,4,108.1,1.04,432.4,431.36,0,On Time,Online,Current
11154,2025-08-26,537,105,3,3,45.95,23.72,137.85,114.13,0,On Time,Online,Current
11155,2024-11-25,208,43,6,2,129.42,6.36,258.84,252.48,0,On Time,Online,Future
11156,2025-07-29,941,87,6,3,80.57,29.26,241.71,212.45,0,On Time,Online,Current
11157,2024-10-19,897,112,6,1,167.65,1.38,167.65,166.27,6,Late,Online,Current
11158,2025-08-12,398,4,4,4,143.64,27.95,574.56,546.61,0,On Time,Click & Collect,Future
11159,2024-09-28,614,77,4,4,132.93,26.14,531.72,505.58,0,On Time,Click & Collect,Future
11160,2025-12-19,410,74,3,1,120.32,27.11,120.32,93.21,0,On Time,Click & Collect,Current
11161,2024-05-07,785,103,2,3,113.76,19.99,341.28,321.29,0,On Time,Click & Collect,Future
11162,2025-02-06,203,69,1,4,82.06,13.95,328.24,314.29,0,On Time,Online,Future
11163,2024-07-06,260,41,3,4,110.65,13.01,442.6,429.59,0,On Time,Online,Current
11164,2025-07-28,53,26,1,1,117.76,24.91,117.76,92.85,1,Late,Online,Future
11165,2024-06-24,581,76,5,1,128.17,12.33,128.17,115.84,0,On Time,Click & Collect,Current
11166,2024-04-15,328,65,3,4,71.32,21.25,285.28,264.03,0,On Time,Wholesale,Current
11167,2025-01-30,196,111,1,1,139.05,19.01,139.05,120.04,0,On Time,Online,Future
11168,2024-07-29,34,115,5,4,131.17,27.33,524.68,497.35,0,On Time,Online,Future
11169,2024-09-30,67,82,4,3,135.39,15.98,406.17,390.19,3,Late,Wholesale,Current
11170,2025-11-05,237,25,1,1,27.12,18.24,27.12,8.88,0,On Time,Online,Current
11171,2024-09-10,697,81,4,1,110.75,33.35,110.75,77.4,1,Late,Online,Future
11172,2024-02-16,794,22,4,2,118.48,23.89,236.96,213.07,0,On Time,Click & Collect,Current
11173,2025-12-23,352,55,4,4,80.85,14.7,323.4,308.7,0,On Time,Click & Collect,Current
11174,2025-02-11,307,51,3,3,110.62,26.63,331.86,305.23,0,On Time,Online,Future
11175,2025-05-28,243,101,6,2,123.75,25.02,247.5,222.48,0,On Time,Online,Future
11176,2025-10-04,444,81,4,4,110.75,4.97,443.0,438.03,0,On Time,Online,Current
11177,2025-07-06,65,5,6,2,140.44,10.88,280.88,270.0,0,On Time,Online,Current
11178,2025-04-02,396,57,6,2,144.33,6.25,288.66,282.41,0,On Time,Online,Future
11179,2024-03-06,905,5,6,4,140.44,33.18,561.76,528.58,0,On Time,Online,Future
11180,2024-07-11,471,74,5,4,120.32,32.5,481.28,448.78,0,On Time,Online,Current
11181,2024-07-30,166,76,6,4,128.17,30.76,512.68,481.92,0,On Time,Online,Future
11182,2024-05-23,99,95,4,2,168.8,2.75,337.6,334.85,0,On Time,In-Store,Current
11183,2025-05-07,193,6,1,2,127.67,29.56,255.34,225.78,0,On Time,Online,Future
11184,2024-11-30,20,118,1,1,167.17,27.69,167.17,139.48,0,On Time,Online,Future
11185,2024-11-25,457,81,6,2,110.75,5.85,221.5,215.65,0,On Time,Online,Future
11186,2024-11-07,693,117,2,2,131.87,1.73,263.74,262.01,0,On Time,In-Store,Current
11187,2025-08-03,777,116,3,1,159.24,0.22,159.24,159.02,0,On Time,Online,Current
11188,2025-12-25,318,63,1,2,50.08,10.85,100.16,89.31,0,On Time,Wholesale,Future
11189,2025-10-04,32,47,6,2,146.36,24.44,292.72,268.28,0,On Time,Online,Current
11190,2025-09-20,484,92,6,4,46.38,26.8,185.52,158.72,0,On Time,Click & Collect,Current
11191,2024-02-09,86,3,6,1,182.39,16.57,182.39,165.82,0,On Time,Online,Current
11192,2025-11-05,896,61,1,1,82.33,0.53,82.33,81.8,0,On Time,Wholesale,Future
11193,2024-10-19,752,70,2,4,117.81,15.43,471.24,455.81,0,On Time,Online,Current
11194,2024-03-23,44,73,6,3,20.46,19.21,61.38,42.17,0,On Time,Online,Current
11195,2025-04-23,753,60,2,4,148.3,17.04,593.2,576.16,5,Late,In-Store,Current
11196,2024-02-22,945,19,2,4,118.63,4.12,474.52,470.4,2,Late,Online,Current
11197,2024-02-15,668,77,3,4,132.93,3.38,531.72,528.34,0,On Time,Wholesale,Current
11198,2024-01-16,475,56,1,2,166.72,29.57,333.44,303.87,0,On Time,Online,Current
11199,2025-10-24,589,36,6,4,162.38,29.72,649.52,619.8,0,On Time,Online,Future
11200,2025-01-19,14,55,2,4,80.85,12.84,323.4,310.56,0,On Time,Online,Current
11201,2024-08-01,475,52,6,4,18.05,9.66,72.2,62.54,0,On Time,Online,Current
11202,2024-04-15,897,68,5,1,76.01,20.03,76.01,55.98,0,On Time,In-Store,Future
11203,2025-11-22,257,16,6,1,103.76,16.94,103.76,86.82,0,On Time,Online,Current
11204,2024-02-17,494,69,4,4,82.06,1.52,328.24,326.72,0,On Time,Online,Current
11205,2024-03-20,431,8,1,2,62.57,34.19,125.14,90.95,0,On Time,In-Store,Future
11206,2024-01-26,157,88,6,4,41.48,30.44,165.92,135.48,0,On Time,Online,Current
11207,2025-05-23,748,97,5,3,54.01,34.29,162.03,127.74,0,On Time,Wholesale,Future
11208,2025-03-11,546,7,6,1,172.34,13.05,172.34,159.29,0,On Time,Online,Current
11209,2024-01-16,508,48,2,3,94.16,21.52,282.48,260.96,0,On Time,Online,Future
11210,2024-02-08,975,100,6,1,91.89,29.51,91.89,62.38,0,On Time,Online,Future
11211,2025-11-30,513,61,6,4,82.33,26.43,329.32,302.89,0,On Time,Online,Future
11212,2024-05-02,568,82,2,3,135.39,13.28,406.17,392.89,0,On Time,Online,Current
11213,2025-10-06,990,56,6,4,166.72,6.27,666.88,660.61,0,On Time,Online,Current
11214,2025-01-27,868,81,3,3,110.75,13.91,332.25,318.34,0,On Time,Online,Future
11215,2024-05-23,333,21,6,2,44.65,8.02,89.3,81.28,0,On Time,Online,Current
11216,2024-04-22,477,64,1,1,106.6,34.65,106.6,71.95,0,On Time,Wholesale,Current
11217,2025-01-30,402,76,2,4,128.17,27.74,512.68,484.94,0,On Time,Online,Current
11218,2024-04-11,746,93,1,3,119.71,2.27,359.13,356.86,0,On Time,Online,Future
11219,2025-03-18,37,41,2,4,110.65,0.65,442.6,441.95,0,On Time,Online,Future
11220,2024-10-14,139,84,1,2,108.1,34.63,216.2,181.57,0,On Time,Online,Current
11221,2024-12-08,816,39,5,3,128.17,28.59,384.51,355.92,4,Late,In-Store,Current
11222,2025-05-23,992,106,2,2,28.51,1.63,57.02,55.39,0,On Time,Online,Future
11223,2025-01-03,296,72,6,1,141.82,28.88,141.82,112.94,0,On Time,Online,Future
11224,2025-07-25,751,10,1,1,78.41,19.22,78.41,59.19,0,On Time,Click & Collect,Future
11225,2025-11-22,605,51,6,1,110.62,29.43,110.62,81.19,2,Late,Online,Future
11226,2025-07-22,701,56,2,2,166.72,17.47,333.44,315.97,0,On Time,Online,Current
11227,2025-10-17,663,13,1,3,109.25,20.74,327.75,307.01,0,On Time,Online,Current
11228,2025-03-24,170,54,3,1,110.37,31.09,110.37,79.28,0,On Time,Online,Future
11229,2024-06-21,704,120,6,4,47.37,14.45,189.48,175.03,0,On Time,Online,Current
11230,2025-06-18,922,77,6,2,132.93,0.28,265.86,265.58,0,On Time,Online,Future
11231,2025-01-02,42,76,6,1,128.17,8.72,128.17,119.45,0,On Time,Online,Current
11232,2024-02-06,967,14,6,3,85.15,28.31,255.45,227.14,0,On Time,Wholesale,Current
11233,2024-10-18,770,76,1,2,128.17,8.53,256.34,247.81,0,On Time,Wholesale,Current
11234,2024-01-07,121,91,6,4,85.5,2.99,342.0,339.01,0,On Time,Online,Future
11235,2024-02-17,649,102,3,2,68.71,29.47,137.42,107.95,6,Late,Online,Current
11236,2024-11-10,691,35,5,4,41.4,12.61,165.6,152.99,0,On Time,Online,Current
11237,2024-03-05,226,34,5,2,116.01,11.7,232.02,220.32,0,On Time,Wholesale,Future
11238,2025-08-10,634,45,6,2,29.58,11.02,59.16,48.14,0,On Time,Online,Future
11239,2025-09-30,69,79,5,1,174.91,9.57,174.91,165.34,4,Late,Click & Collect,Current
11240,2025-06-05,226,80,2,1,119.07,14.42,119.07,104.65,0,On Time,Wholesale,Future
11241,2025-10-11,698,95,4,3,168.8,33.92,506.4,472.48,0,On Time,Click & Collect,Future
11242,2024-05-26,615,15,2,1,76.6,17.79,76.6,58.81,0,On Time,Online,Current
11243,2024-04-13,517,52,1,3,18.05,10.1,54.15,44.05,0,On Time,Wholesale,Current
11244,2025-05-22,160,107,6,3,49.65,15.32,148.95,133.63,0,On Time,Online,Current
11245,2025-10-17,889,112,6,4,167.65,23.16,670.6,647.44,0,On Time,Online,Current
11246,2025-10-13,143,31,1,3,64.76,24.71,194.28,169.57,0,On Time,Online,Future
11247,2024-12-21,69,106,6,4,28.51,33.33,114.04,80.71,1,Late,Online,Current
11248,2025-08-08,914,35,6,4,41.4,24.05,165.6,141.55,0,On Time,Online,Current
11249,2024-10-05,725,87,6,2,80.57,28.43,161.14,132.71,0,On Time,Online,Current
11250,2024-01-07,677,84,4,2,108.1,8.89,216.2,207.31,0,On Time,Wholesale,Future
11251,2024-10-23,22,75,2,4,112.15,11.45,448.6,437.15,7,Late,Wholesale,Current
11252,2024-03-20,828,6,6,3,127.67,8.47,383.01,374.54,0,On Time,Click & Collect,Future
11253,2024-11-01,906,113,1,1,120.7,32.84,120.7,87.86,1,Late,Online,Future
11254,2025-03-15,313,64,1,3,106.6,20.84,319.8,298.96,0,On Time,Online,Current
11255,2025-12-10,543,95,6,2,168.8,9.37,337.6,328.23,0,On Time,Online,Current
11256,2025-01-01,462,24,3,2,152.6,6.61,305.2,298.59,0,On Time,In-Store,Future
11257,2025-09-12,797,83,1,3,73.64,8.51,220.92,212.41,0,On Time,In-Store,Future
11258,2024-07-29,298,40,2,3,35.44,11.4,106.32,94.92,0,On Time,Online,Future
11259,2025-07-18,742,33,2,4,219.29,30.63,877.16,846.53,0,On Time,Online,Current
11260,2025-02-08,666,17,4,1,141.85,7.9,141.85,133.95,0,On Time,Wholesale,Future
11261,2024-11-18,707,45,3,1,29.58,21.56,29.58,8.02,0,On Time,In-Store,Current
11262,2025-04-12,93,43,6,4,129.42,23.94,517.68,493.74,1,Late,Online,Future
11263,2024-05-21,97,47,5,1,146.36,17.95,146.36,128.41,0,On Time,Online,Current
11264,2025-07-15,935,87,1,3,80.57,17.9,241.71,223.81,0,On Time,In-Store,Current
11265,2024-07-24,830,37,6,4,141.5,21.02,566.0,544.98,0,On Time,Online,Current
11266,2025-11-05,172,85,6,2,142.01,14.67,284.02,269.35,5,Late,Online,Current
11267,2025-07-06,352,31,6,4,64.76,8.8,259.04,250.24,0,On Time,Online,Current
11268,2025-04-10,383,38,2,4,97.97,17.83,391.88,374.05,0,On Time,In-Store,Future
11269,2024-08-22,567,40,1,1,35.44,5.55,35.44,29.89,0,On Time,Wholesale,Future
11270,2025-11-28,881,82,3,4,135.39,1.15,541.56,540.41,0,On Time,Online,Current
11271,2024-11-01,958,7,4,2,172.34,30.27,344.68,314.41,0,On Time,Online,Current
11272,2024-04-24,860,77,6,3,132.93,33.55,398.79,365.24,0,On Time,Online,Current
11273,2024-03-14,124,43,6,2,129.42,19.25,258.84,239.59,2,Late,Online,Future
11274,2025-04-23,178,72,1,1,141.82,6.82,141.82,135.0,0,On Time,Online,Current
11275,2024-04-22,322,29,6,2,130.05,14.75,260.1,245.35,0,On Time,Online,Current
11276,2025-09-27,236,91,1,4,85.5,0.39,342.0,341.61,0,On Time,Online,Future
11277,2025-06-07,509,86,3,4,102.94,17.04,411.76,394.72,0,On Time,Wholesale,Current
11278,2024-06-24,900,95,1,2,168.8,32.68,337.6,304.92,0,On Time,In-Store,Current
11279,2024-10-04,568,114,5,2,83.67,18.66,167.34,148.68,0,On Time,Click & Collect,Future
11280,2025-11-25,426,28,6,3,154.21,32.52,462.63,430.11,0,On Time,Online,Current
11281,2024-12-06,924,105,1,3,45.95,33.42,137.85,104.43,0,On Time,Online,Future
11282,2024-05-08,187,45,6,3,29.58,11.34,88.74,77.4,0,On Time,Click & Collect,Current
11283,2024-12-30,627,56,1,4,166.72,3.69,666.88,663.19,0,On Time,Online,Future
11284,2025-02-24,950,18,5,3,53.11,10.46,159.33,148.87,0,On Time,Online,Future
11285,2025-08-26,928,66,2,2,105.25,10.6,210.5,199.9,5,Late,Click & Collect,Current
11286,2025-10-05,838,109,1,2,65.96,27.43,131.92,104.49,0,On Time,In-Store,Future
11287,2024-03-21,914,8,4,2,62.57,11.46,125.14,113.68,0,On Time,Online,Future
11288,2025-02-09,736,94,6,2,56.02,34.76,112.04,77.28,0,On Time,Online,Current
11289,2024-04-14,412,113,5,4,120.7,3.27,482.8,479.53,0,On Time,Online,Future
11290,2024-01-16,117,17,5,3,141.85,14.12,425.55,411.43,0,On Time,Wholesale,Future
11291,2025-10-27,611,117,6,1,131.87,30.29,131.87,101.58,0,On Time,Online,Future
11292,2025-05-12,493,14,6,2,85.15,32.89,170.3,137.41,0,On Time,Online,Future
11293,2024-03-09,256,11,1,4,40.32,16.26,161.28,145.02,0,On Time,Online,Future
11294,2025-02-25,950,119,6,1,21.52,4.6,21.52,16.92,0,On Time,Online,Current
11295,2025-06-22,600,8,6,3,62.57,20.21,187.71,167.5,0,On Time,Online,Future
11296,2025-12-18,6,38,5,1,97.97,32.18,97.97,65.79,0,On Time,Click & Collect,Future
11297,2024-10-15,102,51,1,2,110.62,30.5,221.24,190.74,4,Late,Wholesale,Current
11298,2024-10-30,200,71,6,2,135.62,11.14,271.24,260.1,0,On Time,Online,Future
11299,2025-10-08,530,94,4,1,56.02,1.42,56.02,54.6,0,On Time,Online,Current
11300,2025-08-19,483,97,4,4,54.01,9.54,216.04,206.5,0,On Time,In-Store,Current
11301,2024-11-08,439,92,3,4,46.38,6.53,185.52,178.99,0,On Time,Wholesale,Future
11302,2024-07-01,75,59,3,3,99.02,29.22,297.06,267.84,0,On Time,Online,Future
11303,2025-11-30,687,76,6,3,128.17,15.96,384.51,368.55,0,On Time,Online,Future
11304,2025-04-30,959,56,2,1,166.72,9.03,166.72,157.69,0,On Time,Online,Current
11305,2024-10-23,607,2,2,1,200.36,28.43,200.36,171.93,0,On Time,In-Store,Future
11306,2024-09-18,605,39,6,4,128.17,8.19,512.68,504.49,0,On Time,Online,Future
11307,2025-12-13,765,101,1,3,123.75,28.19,371.25,343.06,2,Late,Click & Collect,Current
11308,2025-02-14,297,54,6,4,110.37,19.43,441.48,422.05,0,On Time,Online,Future
11309,2024-10-12,259,52,5,1,18.05,9.67,18.05,8.38,0,On Time,Click & Collect,Current
11310,2024-03-04,894,88,6,2,41.48,4.36,82.96,78.6,0,On Time,Online,Future
11311,2025-07-03,961,56,1,4,166.72,24.27,666.88,642.61,0,On Time,Click & Collect,Future
11312,2025-04-04,144,109,6,4,65.96,2.21,263.84,261.63,0,On Time,Online,Current
11313,2025-03-24,519,16,5,3,103.76,31.45,311.28,279.83,0,On Time,Online,Current
11314,2024-05-31,140,99,6,1,170.64,10.31,170.64,160.33,0,On Time,Online,Current
11315,2025-05-29,261,43,5,4,129.42,10.94,517.68,506.74,0,On Time,Online,Current
11316,2024-07-26,239,82,3,4,135.39,24.63,541.56,516.93,0,On Time,Online,Future
11317,2024-06-01,236,33,6,1,219.29,16.12,219.29,203.17,0,On Time,Online,Current
11318,2025-06-30,65,91,3,3,85.5,16.96,256.5,239.54,2,Late,Wholesale,Current
11319,2025-05-07,249,67,3,2,214.61,32.03,429.22,397.19,0,On Time,Online,Future
11320,2025-07-03,140,37,2,3,141.5,25.69,424.5,398.81,7,Late,Online,Current
11321,2024-04-21,1,117,5,4,131.87,15.17,527.48,512.31,0,On Time,In-Store,Future
11322,2024-04-01,831,79,1,1,174.91,25.02,174.91,149.89,5,Late,Online,Current
11323,2024-06-02,296,44,6,4,107.15,28.32,428.6,400.28,0,On Time,Online,Future
11324,2024-12-02,651,79,4,1,174.91,30.72,174.91,144.19,0,On Time,Click & Collect,Current
11325,2025-11-05,218,82,5,1,135.39,27.48,135.39,107.91,0,On Time,In-Store,Future
11326,2024-04-06,398,42,5,1,65.4,6.54,65.4,58.86,0,On Time,Online,Current
11327,2024-11-22,259,54,3,4,110.37,31.85,441.48,409.63,0,On Time,Online,Future
11328,2024-03-26,682,57,3,1,144.33,1.06,144.33,143.27,0,On Time,Online,Future
11329,2024-05-27,57,63,6,1,50.08,17.66,50.08,32.42,0,On Time,Click & Collect,Current
11330,2025-07-18,652,22,2,1,118.48,2.93,118.48,115.55,0,On Time,In-Store,Future
11331,2025-06-01,973,43,6,3,129.42,17.39,388.26,370.87,0,On Time,Online,Future
11332,2024-03-22,604,58,1,1,118.61,14.73,118.61,103.88,0,On Time,In-Store,Current
11333,2024-04-12,49,75,3,1,112.15,24.75,112.15,87.4,0,On Time,Wholesale,Current
11334,2024-12-04,5,69,6,1,82.06,14.81,82.06,67.25,0,On Time,In-Store,Current
11335,2024-05-10,93,34,4,2,116.01,2.17,232.02,229.85,1,Late,Online,Future
11336,2025-05-05,451,85,3,2,142.01,21.77,284.02,262.25,0,On Time,Online,Future
11337,2025-09-18,934,71,6,2,135.62,14.41,271.24,256.83,0,On Time,Online,Current
11338,2025-04-08,294,23,5,3,87.41,21.58,262.23,240.65,0,On Time,Online,Current
11339,2025-12-01,344,21,1,4,44.65,12.25,178.6,166.35,0,On Time,Click & Collect,Future
11340,2025-07-13,851,45,6,4,29.58,24.49,118.32,93.83,0,On Time,Online,Current
11341,2024-06-22,432,63,6,1,50.08,24.74,50.08,25.34,0,On Time,Online,Current
11342,2025-10-19,594,104,5,2,154.04,6.57,308.08,301.51,0,On Time,Online,Current
11343,2025-03-30,492,56,6,1,166.72,0.45,166.72,166.27,0,On Time,Online,Future
11344,2024-06-20,995,27,2,1,148.3,30.33,148.3,117.97,0,On Time,Online,Current
11345,2025-06-17,694,63,6,3,50.08,29.9,150.24,120.34,0,On Time,Online,Future
11346,2024-11-30,3,3,4,2,182.39,9.38,364.78,355.4,0,On Time,Wholesale,Future
11347,2024-04-14,417,23,2,2,87.41,31.99,174.82,142.83,0,On Time,In-Store,Current
11348,2025-05-27,267,117,6,3,131.87,10.56,395.61,385.05,0,On Time,Online,Future
11349,2024-06-14,674,81,3,1,110.75,16.48,110.75,94.27,0,On Time,Click & Collect,Future
11350,2024-10-30,291,48,1,3,94.16,17.18,282.48,265.3,2,Late,Online,Current
11351,2025-06-18,551,90,3,4,82.64,11.28,330.56,319.28,6,Late,Online,Current
11352,2025-05-11,791,114,5,4,83.67,7.93,334.68,326.75,0,On Time,Wholesale,Current
11353,2024-02-16,834,98,2,4,192.94,17.13,771.76,754.63,0,On Time,Online,Current
11354,2024-05-15,121,95,6,1,168.8,34.46,168.8,134.34,3,Late,Online,Current
11355,2025-06-04,355,39,6,4,128.17,34.65,512.68,478.03,0,On Time,Online,Current
11356,2025-01-21,818,110,5,3,159.94,22.38,479.82,457.44,0,On Time,In-Store,Future
11357,2025-09-20,325,4,6,4,143.64,16.7,574.56,557.86,0,On Time,Online,Future
11358,2025-01-13,649,34,2,2,116.01,29.09,232.02,202.93,0,On Time,Online,Current
11359,2024-09-07,701,23,6,3,87.41,23.59,262.23,238.64,0,On Time,Online,Future
11360,2024-10-14,496,20,6,4,93.73,24.18,374.92,350.74,0,On Time,Online,Future
11361,2024-03-01,738,56,6,4,166.72,1.87,666.88,665.01,0,On Time,Online,Current
11362,2025-06-28,84,67,5,1,214.61,15.02,214.61,199.59,0,On Time,Click & Collect,Future
11363,2024-10-16,328,47,3,2,146.36,8.86,292.72,283.86,0,On Time,Wholesale,Current
11364,2025-06-01,301,1,2,1,125.71,17.25,125.71,108.46,0,On Time,Click & Collect,Current
11365,2025-06-06,501,39,6,4,128.17,9.35,512.68,503.33,3,Late,Online,Current
11366,2024-09-11,605,59,6,2,99.02,19.72,198.04,178.32,0,On Time,Online,Current
11367,2025-01-25,104,6,4,4,127.67,5.12,510.68,505.56,0,On Time,Wholesale,Current
11368,2024-01-22,752,75,3,2,112.15,23.33,224.3,200.97,0,On Time,Wholesale,Current
11369,2025-05-29,990,98,3,4,192.94,0.83,771.76,770.93,0,On Time,Online,Current
11370,2024-03-30,164,62,5,4,180.58,25.16,722.32,697.16,0,On Time,Online,Current
11371,2024-05-02,887,5,6,1,140.44,28.38,140.44,112.06,0,On Time,Online,Current
11372,2024-10-31,592,3,1,1,182.39,8.86,182.39,173.53,0,On Time,Wholesale,Future
11373,2025-07-20,338,88,3,3,41.48,3.31,124.44,121.13,6,Late,Online,Current
11374,2025-11-06,125,87,6,2,80.57,0.07,161.14,161.07,0,On Time,Online,Future
11375,2024-12-31,437,119,6,1,21.52,19.38,21.52,2.14,7,Late,Online,Current
11376,2024-12-07,843,64,2,3,106.6,17.52,319.8,302.28,0,On Time,Online,Current
11377,2024-02-02,856,73,6,3,20.46,7.13,61.38,54.25,0,On Time,Online,Current
11378,2025-03-04,119,2,5,3,200.36,15.21,601.08,585.87,4,Late,In-Store,Current
11379,2025-02-06,699,81,6,4,110.75,3.84,443.0,439.16,0,On Time,Online,Current
11380,2024-12-19,295,46,6,2,117.41,10.0,234.82,224.82,4,Late,Online,Current
11381,2025-11-19,420,51,4,4,110.62,13.99,442.48,428.49,0,On Time,Online,Future
11382,2025-04-09,363,47,2,4,146.36,3.16,585.44,582.28,0,On Time,Online,Current
11383,2025-09-30,89,72,1,3,141.82,17.45,425.46,408.01,7,Late,Click & Collect,Current
11384,2024-08-18,249,45,6,3,29.58,20.14,88.74,68.6,0,On Time,Online,Current
11385,2024-01-26,724,88,6,1,41.48,2.74,41.48,38.74,0,On Time,Online,Future
11386,2024-04-17,525,90,6,3,82.64,26.56,247.92,221.36,0,On Time,Click & Collect,Future
11387,2025-02-19,185,14,6,1,85.15,21.12,85.15,64.03,0,On Time,Online,Current
11388,2025-06-17,948,39,4,2,128.17,13.39,256.34,242.95,0,On Time,Online,Future
11389,2025-05-31,48,112,6,2,167.65,11.53,335.3,323.77,0,On Time,Online,Future
11390,2025-01-27,254,21,6,3,44.65,21.69,133.95,112.26,0,On Time,Online,Current
11391,2024-03-14,609,40,6,2,35.44,6.5,70.88,64.38,0,On Time,Online,Future
11392,2025-02-10,51,111,6,1,139.05,13.21,139.05,125.84,0,On Time,Online,Future
11393,2024-04-10,13,44,2,2,107.15,31.63,214.3,182.67,0,On Time,Wholesale,Future
11394,2024-04-15,791,61,1,3,82.33,26.19,246.99,220.8,0,On Time,In-Store,Current
11395,2025-11-07,922,56,1,4,166.72,6.34,666.88,660.54,0,On Time,Click & Collect,Future
11396,2024-11-06,196,110,2,4,159.94,24.13,639.76,615.63,0,On Time,Click & Collect,Future
11397,2024-05-08,389,73,2,2,20.46,13.52,40.92,27.4,0,On Time,Online,Current
11398,2024-11-26,183,83,6,3,73.64,30.16,220.92,190.76,5,Late,Online,Current
11399,2024-08-13,755,50,6,4,97.72,23.95,390.88,366.93,0,On Time,Online,Current
11400,2025-05-05,435,116,4,1,159.24,14.56,159.24,144.68,0,On Time,Click & Collect,Future
11401,2025-11-09,132,19,1,2,118.63,34.31,237.26,202.95,0,On Time,Online,Future
11402,2025-10-25,776,16,3,2,103.76,33.98,207.52,173.54,0,On Time,Wholesale,Current
11403,2025-04-22,473,99,6,3,170.64,1.74,511.92,510.18,0,On Time,Wholesale,Current
11404,2025-11-14,39,54,1,2,110.37,13.87,220.74,206.87,3,Late,Online,Current
11405,2024-08-20,480,11,3,4,40.32,27.6,161.28,133.68,0,On Time,In-Store,Current
11406,2025-04-09,125,43,6,1,129.42,4.72,129.42,124.7,0,On Time,Online,Current
11407,2025-01-24,692,19,1,2,118.63,0.37,237.26,236.89,0,On Time,In-Store,Future
11408,2024-01-27,367,8,2,3,62.57,27.12,187.71,160.59,0,On Time,Online,Current
11409,2025-11-09,95,96,6,3,44.65,16.09,133.95,117.86,2,Late,In-Store,Current
11410,2024-08-12,443,28,6,4,154.21,3.76,616.84,613.08,0,On Time,Online,Future
11411,2025-04-07,948,72,2,1,141.82,14.52,141.82,127.3,0,On Time,Online,Future
11412,2025-12-04,943,61,1,3,82.33,19.23,246.99,227.76,0,On Time,Online,Current
11413,2024-12-01,128,52,6,3,18.05,25.82,54.15,28.33,0,On Time,Online,Future
11414,2025-10-12,457,41,2,2,110.65,9.4,221.3,211.9,0,On Time,In-Store,Future
11415,2024-07-01,217,32,6,1,183.92,11.57,183.92,172.35,0,On Time,Online,Future
11416,2024-09-13,410,88,4,3,41.48,25.74,124.44,98.7,7,Late,Online,Current
11417,2025-05-17,913,83,5,3,73.64,13.09,220.92,207.83,0,On Time,In-Store,Future
11418,2025-10-16,259,67,4,2,214.61,4.77,429.22,424.45,0,On Time,Wholesale,Future
11419,2024-05-23,460,54,6,1,110.37,19.31,110.37,91.06,0,On Time,Online,Current
11420,2024-07-13,249,87,6,2,80.57,2.18,161.14,158.96,1,Late,Online,Current
11421,2025-03-12,390,50,6,1,97.72,32.65,97.72,65.07,4,Late,In-Store,Current
11422,2024-04-11,307,36,6,4,162.38,27.52,649.52,622.0,0,On Time,Online,Current
11423,2025-04-08,201,90,1,2,82.64,32.19,165.28,133.09,5,Late,Click & Collect,Current
11424,2025-07-07,891,92,3,3,46.38,2.04,139.14,137.1,4,Late,Click & Collect,Current
11425,2024-01-18,343,21,2,4,44.65,21.89,178.6,156.71,6,Late,Online,Current
11426,2025-05-13,963,21,6,4,44.65,33.11,178.6,145.49,0,On Time,Online,Future
11427,2025-08-16,270,100,6,2,91.89,33.06,183.78,150.72,0,On Time,Wholesale,Future
11428,2025-09-29,554,2,4,1,200.36,26.2,200.36,174.16,4,Late,Wholesale,Current
11429,2025-04-11,185,93,6,2,119.71,11.13,239.42,228.29,0,On Time,Online,Future
11430,2025-10-31,321,56,1,3,166.72,7.01,500.16,493.15,0,On Time,Online,Future
11431,2024-03-24,319,35,6,3,41.4,10.15,124.2,114.05,0,On Time,Online,Current
11432,2025-10-21,125,86,1,1,102.94,4.02,102.94,98.92,0,On Time,Wholesale,Current
11433,2025-10-27,251,112,5,1,167.65,19.59,167.65,148.06,0,On Time,Click & Collect,Current
11434,2025-10-16,56,57,6,4,144.33,2.05,577.32,575.27,0,On Time,Online,Current
11435,2024-12-26,975,60,4,3,148.3,20.23,444.9,424.67,0,On Time,Online,Current
11436,2024-04-07,310,106,6,1,28.51,2.37,28.51,26.14,0,On Time,Online,Future
11437,2024-05-10,495,8,6,1,62.57,26.84,62.57,35.73,0,On Time,Online,Current
11438,2025-03-13,682,70,1,4,117.81,1.6,471.24,469.64,3,Late,Online,Current
11439,2025-10-10,168,29,6,4,130.05,9.53,520.2,510.67,0,On Time,Online,Current
11440,2025-06-02,555,101,3,2,123.75,6.75,247.5,240.75,3,Late,Online,Current
11441,2025-12-22,969,108,5,1,50.05,9.74,50.05,40.31,0,On Time,Online,Current
11442,2024-12-12,382,111,6,4,139.05,31.02,556.2,525.18,1,Late,Online,Future
11443,2025-12-11,112,21,3,1,44.65,17.42,44.65,27.23,2,Late,Wholesale,Future
11444,2025-09-11,405,69,6,3,82.06,29.5,246.18,216.68,0,On Time,Online,Future
11445,2025-08-18,430,80,4,2,119.07,21.71,238.14,216.43,0,On Time,Online,Current
11446,2024-11-07,299,26,5,3,117.76,14.75,353.28,338.53,0,On Time,Wholesale,Future
11447,2025-09-10,858,6,6,1,127.67,8.08,127.67,119.59,0,On Time,Online,Current
11448,2025-11-25,494,112,6,4,167.65,5.46,670.6,665.14,0,On Time,Online,Current
11449,2025-11-04,701,47,6,1,146.36,29.94,146.36,116.42,0,On Time,Online,Current
11450,2024-11-30,965,68,4,4,76.01,7.42,304.04,296.62,6,Late,Online,Current
11451,2025-11-17,54,117,5,1,131.87,3.44,131.87,128.43,0,On Time,Online,Current
11452,2024-11-12,695,107,3,4,49.65,7.82,198.6,190.78,0,On Time,Online,Future
11453,2025-12-30,617,115,6,1,131.17,15.06,131.17,116.11,0,On Time,Online,Future
11454,2024-03-05,757,18,5,2,53.11,3.77,106.22,102.45,0,On Time,Click & Collect,Future
11455,2025-12-15,596,92,4,4,46.38,28.38,185.52,157.14,1,Late,In-Store,Current
11456,2025-07-06,323,5,1,4,140.44,19.5,561.76,542.26,2,Late,Online,Current
11457,2025-03-13,12,74,6,1,120.32,2.38,120.32,117.94,0,On Time,Online,Future
11458,2025-08-27,998,45,5,4,29.58,23.2,118.32,95.12,0,On Time,Online,Current
11459,2025-01-05,41,116,1,3,159.24,11.95,477.72,465.77,0,On Time,Wholesale,Future
11460,2024-10-25,286,105,6,4,45.95,20.2,183.8,163.6,0,On Time,In-Store,Future
11461,2025-05-24,865,100,5,2,91.89,33.02,183.78,150.76,0,On Time,Online,Future
11462,2024-09-06,459,12,6,3,177.18,2.34,531.54,529.2,3,Late,Online,Current
11463,2025-03-20,17,1,6,3,125.71,16.57,377.13,360.56,0,On Time,Online,Current
11464,2025-11-07,260,120,6,3,47.37,22.02,142.11,120.09,3,Late,Online,Current
11465,2025-01-02,897,8,1,4,62.57,29.58,250.28,220.7,0,On Time,Online,Current
11466,2025-07-21,681,79,2,4,174.91,21.17,699.64,678.47,0,On Time,Online,Future
11467,2024-07-23,955,60,3,4,148.3,11.33,593.2,581.87,0,On Time,Online,Current
11468,2024-06-28,852,95,6,2,168.8,34.01,337.6,303.59,7,Late,Online,Current
11469,2024-11-11,909,35,3,1,41.4,23.03,41.4,18.37,0,On Time,In-Store,Current
11470,2025-01-19,688,118,3,4,167.17,16.92,668.68,651.76,0,On Time,Wholesale,Current
11471,2025-02-14,180,19,4,2,118.63,4.29,237.26,232.97,0,On Time,Online,Future
11472,2024-08-05,254,15,2,3,76.6,1.03,229.8,228.77,0,On Time,Online,Current
11473,2024-10-19,849,14,4,4,85.15,23.17,340.6,317.43,0,On Time,In-Store,Current
11474,2025-08-12,145,86,1,1,102.94,16.93,102.94,86.01,0,On Time,Click & Collect,Current
11475,2024-03-16,992,21,1,3,44.65,23.68,133.95,110.27,0,On Time,Online,Current
11476,2024-08-28,216,92,6,4,46.38,24.58,185.52,160.94,0,On Time,Online,Current
11477,2025-08-12,566,66,6,2,105.25,22.25,210.5,188.25,0,On Time,Online,Current
11478,2025-11-30,957,78,1,4,57.86,11.74,231.44,219.7,0,On Time,Wholesale,Future
11479,2024-04-01,313,3,5,3,182.39,19.81,547.17,527.36,0,On Time,Wholesale,Future
11480,2024-07-30,145,41,6,3,110.65,1.01,331.95,330.94,0,On Time,Online,Current
11481,2024-01-13,799,52,6,3,18.05,3.92,54.15,50.23,0,On Time,Online,Current
11482,2025-06-15,687,108,6,2,50.05,6.74,100.1,93.36,5,Late,Online,Current
11483,2025-12-02,794,63,1,1,50.08,4.38,50.08,45.7,0,On Time,Online,Current
11484,2025-01-22,705,56,5,1,166.72,18.66,166.72,148.06,0,On Time,Online,Current
11485,2025-08-31,307,55,2,3,80.85,33.65,242.55,208.9,2,Late,Wholesale,Future
11486,2025-07-11,899,27,2,4,148.3,4.08,593.2,589.12,0,On Time,Online,Future
11487,2025-01-24,988,44,6,4,107.15,30.47,428.6,398.13,0,On Time,Online,Future
11488,2025-06-05,987,2,6,3,200.36,27.27,601.08,573.81,5,Late,Online,Current
11489,2024-09-19,27,3,3,3,182.39,0.95,547.17,546.22,0,On Time,Online,Current
11490,2025-03-10,332,107,3,4,49.65,11.54,198.6,187.06,6,Late,In-Store,Current
11491,2024-12-26,324,37,2,4,141.5,30.68,566.0,535.32,0,On Time,Online,Future
11492,2025-05-21,735,66,1,4,105.25,13.29,421.0,407.71,0,On Time,Online,Future
11493,2024-08-03,495,83,6,4,73.64,32.67,294.56,261.89,0,On Time,Online,Current
11494,2025-12-03,753,111,4,2,139.05,6.94,278.1,271.16,0,On Time,In-Store,Current
11495,2025-02-26,511,66,1,3,105.25,8.58,315.75,307.17,6,Late,Wholesale,Current
11496,2024-06-15,105,15,4,2,76.6,6.62,153.2,146.58,0,On Time,Click & Collect,Future
11497,2024-09-20,765,42,3,4,65.4,25.74,261.6,235.86,0,On Time,Online,Future
11498,2025-04-08,859,1,1,4,125.71,16.82,502.84,486.02,0,On Time,In-Store,Current
11499,2024-10-22,528,120,6,3,47.37,11.38,142.11,130.73,4,Late,Online,Current
11500,2024-03-04,420,86,6,4,102.94,1.12,411.76,410.64,0,On Time,Online,Current
11501,2024-06-27,42,95,6,2,168.8,5.08,337.6,332.52,0,On Time,Online,Current
11502,2024-10-03,179,50,6,1,97.72,0.01,97.72,97.71,0,On Time,Online,Future
11503,2024-01-09,586,2,6,2,200.36,1.75,400.72,398.97,0,On Time,In-Store,Future
11504,2025-09-30,924,62,3,4,180.58,32.96,722.32,689.36,0,On Time,Wholesale,Current
11505,2024-09-18,338,52,6,1,18.05,1.4,18.05,16.65,0,On Time,Online,Current
11506,2024-07-12,977,82,1,1,135.39,17.77,135.39,117.62,0,On Time,Online,Future
11507,2024-08-07,652,67,6,4,214.61,18.3,858.44,840.14,0,On Time,Online,Future
11508,2025-11-02,49,20,6,4,93.73,21.8,374.92,353.12,0,On Time,Online,Current
11509,2024-11-01,943,6,5,1,127.67,3.48,127.67,124.19,0,On Time,Online,Current
11510,2024-05-09,375,90,6,2,82.64,25.63,165.28,139.65,7,Late,Online,Current
11511,2024-04-28,680,120,2,1,47.37,33.83,47.37,13.54,0,On Time,Online,Current
11512,2024-10-31,911,98,4,4,192.94,18.19,771.76,753.57,0,On Time,In-Store,Current
11513,2025-03-14,6,78,6,2,57.86,23.04,115.72,92.68,0,On Time,Online,Future
11514,2024-07-20,256,50,1,4,97.72,21.86,390.88,369.02,0,On Time,Online,Current
11515,2024-09-17,805,97,6,3,54.01,13.89,162.03,148.14,0,On Time,Online,Current
11516,2024-11-09,858,85,6,3,142.01,5.2,426.03,420.83,0,On Time,Online,Current
11517,2024-02-26,196,37,2,1,141.5,16.64,141.5,124.86,0,On Time,Online,Future
11518,2025-12-28,882,114,6,4,83.67,5.57,334.68,329.11,0,On Time,Online,Current
11519,2024-05-31,325,32,3,1,183.92,13.39,183.92,170.53,2,Late,Online,Current
11520,2025-01-02,787,2,6,1,200.36,23.64,200.36,176.72,4,Late,Online,Current
11521,2024-10-16,635,88,1,4,41.48,2.5,165.92,163.42,0,On Time,Online,Current
11522,2024-10-12,972,90,6,2,82.64,10.07,165.28,155.21,0,On Time,Online,Future
11523,2024-07-05,65,30,3,1,33.3,17.15,33.3,16.15,0,On Time,Click & Collect,Current
11524,2025-05-30,562,26,1,3,117.76,29.33,353.28,323.95,0,On Time,Click & Collect,Current
11525,2025-10-17,984,10,3,2,78.41,12.08,156.82,144.74,3,Late,Wholesale,Current
11526,2025-09-06,732,4,3,4,143.64,17.57,574.56,556.99,0,On Time,Click & Collect,Future
11527,2025-07-22,829,60,5,1,148.3,4.3,148.3,144.0,4,Late,Online,Current
11528,2025-07-18,318,113,2,4,120.7,20.15,482.8,462.65,0,On Time,Online,Future
11529,2024-12-07,136,48,1,2,94.16,19.31,188.32,169.01,0,On Time,In-Store,Future
11530,2025-04-16,386,77,6,3,132.93,1.52,398.79,397.27,0,On Time,Online,Future
11531,2025-07-19,54,7,6,2,172.34,8.74,344.68,335.94,0,On Time,Online,Future
11532,2024-07-31,761,29,4,3,130.05,20.08,390.15,370.07,0,On Time,In-Store,Current
11533,2024-05-10,586,12,5,2,177.18,25.7,354.36,328.66,0,On Time,Click & Collect,Current
11534,2024-03-29,763,78,6,1,57.86,5.33,57.86,52.53,3,Late,Online,Current
11535,2025-05-02,463,66,6,4,105.25,15.53,421.0,405.47,7,Late,Click & Collect,Current
11536,2024-07-03,950,47,5,1,146.36,22.08,146.36,124.28,0,On Time,Wholesale,Future
11537,2025-09-20,847,103,2,3,113.76,33.38,341.28,307.9,0,On Time,Click & Collect,Current
11538,2024-08-14,544,7,2,4,172.34,31.86,689.36,657.5,1,Late,Online,Future
11539,2024-01-13,639,2,4,1,200.36,26.02,200.36,174.34,0,On Time,Online,Future
11540,2024-10-29,665,96,4,3,44.65,0.7,133.95,133.25,7,Late,In-Store,Current
11541,2025-06-14,636,29,2,4,130.05,0.53,520.2,519.67,0,On Time,Online,Future
11542,2024-12-04,995,62,1,3,180.58,15.25,541.74,526.49,4,Late,In-Store,Current
11543,2025-08-07,80,48,1,2,94.16,17.1,188.32,171.22,0,On Time,Online,Future
11544,2024-12-27,449,84,6,4,108.1,6.65,432.4,425.75,0,On Time,In-Store,Current
11545,2024-07-18,587,82,6,3,135.39,0.09,406.17,406.08,0,On Time,Online,Current
11546,2025-04-14,363,111,3,2,139.05,10.25,278.1,267.85,0,On Time,Online,Future
11547,2025-02-09,177,78,6,4,57.86,13.34,231.44,218.1,0,On Time,Online,Future
11548,2024-11-12,701,69,4,1,82.06,13.7,82.06,68.36,0,On Time,Online,Current
11549,2024-12-01,897,91,6,3,85.5,14.68,256.5,241.82,0,On Time,Online,Current
11550,2024-05-01,739,71,3,4,135.62,27.64,542.48,514.84,0,On Time,Online,Future
11551,2024-05-06,709,119,6,1,21.52,32.29,21.52,-10.77,7,Late,Click & Collect,Current
11552,2024-01-11,200,78,6,1,57.86,22.56,57.86,35.3,7,Late,Online,Current
11553,2025-09-27,324,74,6,2,120.32,21.17,240.64,219.47,0,On Time,Online,Future
11554,2025-11-08,461,81,4,3,110.75,34.61,332.25,297.64,0,On Time,Click & Collect,Current
11555,2025-02-18,364,45,6,3,29.58,29.55,88.74,59.19,0,On Time,Wholesale,Future
11556,2024-02-19,132,92,1,1,46.38,15.73,46.38,30.65,0,On Time,Online,Current
11557,2024-05-16,642,61,2,4,82.33,11.53,329.32,317.79,0,On Time,Wholesale,Current
11558,2024-02-07,190,45,3,4,29.58,31.09,118.32,87.23,0,On Time,Online,Current
11559,2024-03-22,791,30,6,2,33.3,25.54,66.6,41.06,0,On Time,Online,Future
11560,2024-11-19,852,59,2,4,99.02,11.33,396.08,384.75,0,On Time,Click & Collect,Current
11561,2025-05-17,395,23,6,1,87.41,29.69,87.41,57.72,0,On Time,Online,Future
11562,2025-01-14,445,79,6,3,174.91,23.67,524.73,501.06,0,On Time,Online,Current
11563,2024-10-18,862,55,3,4,80.85,24.44,323.4,298.96,0,On Time,Online,Current
11564,2024-04-20,750,23,6,4,87.41,30.76,349.64,318.88,0,On Time,Online,Future
11565,2025-04-08,806,62,1,2,180.58,5.24,361.16,355.92,0,On Time,Online,Future
11566,2024-07-21,888,28,6,4,154.21,19.71,616.84,597.13,0,On Time,Online,Current
11567,2024-06-16,219,53,6,1,103.59,13.1,103.59,90.49,0,On Time,Online,Future
11568,2025-07-17,209,41,4,1,110.65,7.46,110.65,103.19,0,On Time,Online,Current
11569,2025-07-30,918,33,1,4,219.29,7.44,877.16,869.72,3,Late,Wholesale,Current
11570,2025-03-17,716,99,1,3,170.64,6.07,511.92,505.85,1,Late,Click & Collect,Future
11571,2024-10-15,465,54,4,4,110.37,0.94,441.48,440.54,0,On Time,Online,Future
11572,2025-03-07,726,100,6,4,91.89,3.88,367.56,363.68,0,On Time,Online,Current
11573,2025-05-21,952,88,6,2,41.48,9.52,82.96,73.44,0,On Time,In-Store,Future
11574,2025-08-31,748,50,6,1,97.72,9.89,97.72,87.83,0,On Time,Online,Current
11575,2024-08-25,567,75,6,1,112.15,2.05,112.15,110.1,0,On Time,Online,Current
11576,2025-07-25,477,79,3,1,174.91,31.93,174.91,142.98,5,Late,Online,Current
11577,2025-10-15,217,98,6,4,192.94,3.15,771.76,768.61,2,Late,Online,Current
11578,2024-08-14,101,19,1,2,118.63,24.92,237.26,212.34,0,On Time,Wholesale,Future
11579,2024-04-27,8,66,3,1,105.25,21.1,105.25,84.15,0,On Time,Online,Current
11580,2024-10-05,981,110,2,1,159.94,14.9,159.94,145.04,0,On Time,Online,Future
11581,2025-12-14,357,112,1,3,167.65,32.37,502.95,470.58,0,On Time,Click & Collect,Future
11582,2024-03-13,438,102,1,3,68.71,12.46,206.13,193.67,5,Late,Online,Current
11583,2025-10-30,705,69,2,3,82.06,16.45,246.18,229.73,0,On Time,In-Store,Current
11584,2024-02-18,115,69,1,3,82.06,7.1,246.18,239.08,0,On Time,Online,Current
11585,2025-06-21,317,32,4,2,183.92,9.92,367.84,357.92,0,On Time,Online,Future
11586,2025-01-28,314,117,2,3,131.87,31.48,395.61,364.13,0,On Time,In-Store,Current
11587,2024-02-15,163,15,1,3,76.6,33.44,229.8,196.36,0,On Time,Online,Current
11588,2024-09-03,625,101,6,2,123.75,0.59,247.5,246.91,0,On Time,Online,Current
11589,2025-08-20,225,57,1,3,144.33,30.62,432.99,402.37,0,On Time,Online,Future
11590,2024-11-26,724,68,6,1,76.01,32.03,76.01,43.98,0,On Time,Online,Current
11591,2024-06-15,506,118,2,3,167.17,11.57,501.51,489.94,0,On Time,Online,Current
11592,2025-10-23,858,15,4,2,76.6,10.9,153.2,142.3,0,On Time,In-Store,Future
11593,2024-12-10,442,33,6,3,219.29,18.43,657.87,639.44,0,On Time,Online,Future
11594,2025-11-26,767,51,6,2,110.62,0.93,221.24,220.31,0,On Time,In-Store,Current
11595,2025-08-24,226,92,1,1,46.38,31.41,46.38,14.97,0,On Time,Online,Current
11596,2025-05-18,605,64,3,3,106.6,8.67,319.8,311.13,0,On Time,Online,Current
11597,2025-05-28,393,94,2,4,56.02,14.61,224.08,209.47,0,On Time,Wholesale,Future
11598,2024-10-15,80,52,6,1,18.05,10.1,18.05,7.95,0,On Time,Online,Current
11599,2024-04-09,184,76,6,2,128.17,23.18,256.34,233.16,0,On Time,Online,Current
11600,2025-02-25,548,110,1,1,159.94,21.15,159.94,138.79,0,On Time,Click & Collect,Current
11601,2024-05-04,212,13,6,1,109.25,32.79,109.25,76.46,0,On Time,Online,Current
11602,2025-01-29,818,73,2,3,20.46,12.75,61.38,48.63,3,Late,Online,Current
11603,2025-09-20,6,31,3,4,64.76,33.75,259.04,225.29,0,On Time,Wholesale,Future
11604,2024-03-26,34,104,6,2,154.04,14.28,308.08,293.8,0,On Time,Online,Current
11605,2024-09-27,807,75,1,4,112.15,20.16,448.6,428.44,5,Late,Online,Current
11606,2024-09-09,29,64,6,3,106.6,0.77,319.8,319.03,0,On Time,Online,Current
11607,2025-01-12,855,28,6,1,154.21,23.23,154.21,130.98,0,On Time,Online,Current
11608,2025-05-26,958,120,2,3,47.37,13.6,142.11,128.51,0,On Time,Online,Current
11609,2025-05-05,674,20,6,4,93.73,12.12,374.92,362.8,0,On Time,Online,Future
11610,2024-02-28,569,88,4,3,41.48,1.89,124.44,122.55,0,On Time,Online,Current
11611,2024-03-13,96,91,2,3,85.5,27.19,256.5,229.31,0,On Time,Wholesale,Current
11612,2024-11-15,705,49,2,3,134.92,9.31,404.76,395.45,0,On Time,Click & Collect,Current
11613,2024-01-01,311,42,2,1,65.4,20.83,65.4,44.57,0,On Time,In-Store,Current
11614,2024-08-14,234,3,3,2,182.39,32.48,364.78,332.3,1,Late,Wholesale,Future
11615,2025-12-21,985,69,3,3,82.06,17.07,246.18,229.11,0,On Time,Click & Collect,Current
11616,2024-05-04,583,4,1,3,143.64,24.04,430.92,406.88,2,Late,Click & Collect,Future
11617,2024-01-25,493,112,3,2,167.65,9.76,335.3,325.54,0,On Time,Online,Future
11618,2024-04-11,679,19,2,2,118.63,2.53,237.26,234.73,0,On Time,Click & Collect,Future
11619,2024-11-08,626,95,6,4,168.8,26.66,675.2,648.54,0,On Time,Online,Future
11620,2025-01-16,760,117,3,1,131.87,15.51,131.87,116.36,0,On Time,Wholesale,Future
11621,2024-09-15,452,2,6,2,200.36,25.88,400.72,374.84,7,Late,Online,Current
11622,2025-08-22,634,45,6,2,29.58,2.62,59.16,56.54,0,On Time,Online,Current
11623,2025-08-28,919,4,2,1,143.64,29.74,143.64,113.9,0,On Time,Online,Future
11624,2025-05-24,505,1,5,4,125.71,11.49,502.84,491.35,0,On Time,Online,Future
11625,2025-02-21,421,51,6,1,110.62,29.69,110.62,80.93,0,On Time,Online,Future
11626,2025-04-24,951,114,6,2,83.67,22.76,167.34,144.58,0,On Time,Online,Future
11627,2025-01-15,646,99,6,2,170.64,2.65,341.28,338.63,0,On Time,Online,Future
11628,2024-06-26,168,12,3,3,177.18,16.86,531.54,514.68,1,Late,Online,Future
11629,2025-05-13,625,90,6,3,82.64,26.04,247.92,221.88,0,On Time,Online,Current
11630,2025-11-19,197,75,5,1,112.15,14.58,112.15,97.57,0,On Time,Wholesale,Future
11631,2025-07-04,967,53,4,1,103.59,34.05,103.59,69.54,0,On Time,Online,Current
11632,2024-06-24,94,27,6,2,148.3,7.73,296.6,288.87,0,On Time,Online,Future
11633,2025-12-20,79,2,1,1,200.36,2.17,200.36,198.19,0,On Time,Online,Future
11634,2024-08-19,401,98,2,1,192.94,17.97,192.94,174.97,0,On Time,Click & Collect,Future
11635,2025-02-15,18,53,1,3,103.59,13.06,310.77,297.71,0,On Time,Online,Future
11636,2024-09-07,484,31,1,2,64.76,28.99,129.52,100.53,0,On Time,Online,Future
11637,2024-05-31,717,58,6,2,118.61,3.75,237.22,233.47,0,On Time,Online,Future
11638,2024-12-31,720,38,1,3,97.97,3.63,293.91,290.28,0,On Time,Wholesale,Current
11639,2025-05-24,246,29,6,2,130.05,12.15,260.1,247.95,1,Late,Online,Future
11640,2024-07-25,497,48,2,4,94.16,28.34,376.64,348.3,1,Late,Online,Current
11641,2025-06-30,393,25,6,3,27.12,28.94,81.36,52.42,0,On Time,Online,Future
11642,2024-08-27,96,35,5,2,41.4,29.06,82.8,53.74,0,On Time,Online,Current
11643,2024-07-17,547,60,4,3,148.3,12.95,444.9,431.95,0,On Time,In-Store,Future
11644,2025-06-14,243,15,5,4,76.6,5.56,306.4,300.84,0,On Time,Online,Future
11645,2025-01-12,407,22,6,3,118.48,7.7,355.44,347.74,2,Late,Online,Future
11646,2024-04-04,385,21,6,1,44.65,27.69,44.65,16.96,0,On Time,Online,Future
11647,2025-08-15,573,107,6,3,49.65,0.94,148.95,148.01,0,On Time,Online,Future
11648,2025-06-23,862,56,2,2,166.72,34.23,333.44,299.21,1,Late,Wholesale,Current
11649,2024-06-10,152,37,1,2,141.5,5.13,283.0,277.87,0,On Time,Online,Future
11650,2024-09-30,303,34,5,2,116.01,30.31,232.02,201.71,0,On Time,Online,Future
11651,2024-03-31,618,41,4,3,110.65,27.77,331.95,304.18,2,Late,Wholesale,Current
11652,2025-08-12,824,52,6,3,18.05,32.92,54.15,21.23,0,On Time,Online,Future
11653,2024-06-08,17,6,6,3,127.67,3.37,383.01,379.64,0,On Time,Online,Current
11654,2025-04-24,513,84,2,4,108.1,31.71,432.4,400.69,0,On Time,Online,Future
11655,2024-01-19,183,38,1,3,97.97,34.65,293.91,259.26,0,On Time,In-Store,Current
11656,2024-10-20,317,39,2,1,128.17,30.84,128.17,97.33,0,On Time,Wholesale,Current
11657,2024-10-22,552,65,1,1,71.32,4.64,71.32,66.68,0,On Time,Online,Future
11658,2024-02-24,646,76,3,2,128.17,3.48,256.34,252.86,0,On Time,In-Store,Current
11659,2024-09-23,436,47,5,3,146.36,30.64,439.08,408.44,2,Late,Online,Future
11660,2025-08-18,946,69,6,2,82.06,7.14,164.12,156.98,0,On Time,Online,Future
11661,2024-12-15,287,5,5,3,140.44,6.01,421.32,415.31,0,On Time,Click & Collect,Current
11662,2025-07-14,58,107,6,3,49.65,25.39,148.95,123.56,0,On Time,Online,Future
11663,2025-10-10,923,71,6,2,135.62,16.72,271.24,254.52,6,Late,Online,Current
11664,2025-09-22,693,40,2,2,35.44,19.01,70.88,51.87,0,On Time,Wholesale,Current
11665,2025-06-03,891,79,6,2,174.91,30.84,349.82,318.98,0,On Time,Online,Future
11666,2025-02-18,545,112,6,3,167.65,21.44,502.95,481.51,1,Late,Online,Future
11667,2024-10-06,136,83,3,1,73.64,3.84,73.64,69.8,0,On Time,Online,Future
11668,2025-10-05,560,9,6,3,102.79,26.05,308.37,282.32,0,On Time,Online,Future
11669,2024-08-10,484,13,6,4,109.25,26.72,437.0,410.28,3,Late,Online,Current
11670,2024-09-10,540,83,1,1,73.64,31.05,73.64,42.59,0,On Time,Wholesale,Future
11671,2024-04-11,668,43,6,3,129.42,27.31,388.26,360.95,1,Late,Online,Future
11672,2025-05-18,665,27,6,3,148.3,21.36,444.9,423.54,0,On Time,Online,Current
11673,2025-09-27,13,15,6,3,76.6,30.2,229.8,199.6,0,On Time,Online,Current
11674,2025-06-11,349,13,6,2,109.25,18.99,218.5,199.51,0,On Time,Online,Current
11675,2024-05-29,645,2,6,4,200.36,9.97,801.44,791.47,0,On Time,Online,Future
11676,2024-01-20,558,89,6,4,144.37,34.29,577.48,543.19,0,On Time,Online,Future
11677,2025-10-11,22,27,6,4,148.3,14.36,593.2,578.84,7,Late,Online,Current
11678,2024-11-28,301,6,6,2,127.67,24.24,255.34,231.1,2,Late,Online,Future
11679,2024-06-01,724,57,6,1,144.33,15.86,144.33,128.47,1,Late,Wholesale,Future
11680,2024-12-09,646,82,3,4,135.39,18.76,541.56,522.8,0,On Time,In-Store,Current
11681,2025-06-10,608,25,2,1,27.12,18.02,27.12,9.1,0,On Time,Click & Collect,Current
11682,2024-12-06,936,111,2,3,139.05,6.16,417.15,410.99,3,Late,Online,Current
11683,2024-10-25,278,20,6,4,93.73,9.71,374.92,365.21,0,On Time,Wholesale,Future
11684,2024-06-09,511,35,2,1,41.4,6.08,41.4,35.32,0,On Time,Wholesale,Future
11685,2024-05-11,919,10,6,2,78.41,23.41,156.82,133.41,0,On Time,Online,Future
11686,2025-10-13,300,7,1,4,172.34,3.78,689.36,685.58,0,On Time,Online,Current
11687,2024-07-06,60,79,4,3,174.91,4.61,524.73,520.12,0,On Time,Online,Current
11688,2024-02-13,964,82,6,3,135.39,0.56,406.17,405.61,0,On Time,Online,Future
11689,2025-05-29,783,98,4,4,192.94,24.38,771.76,747.38,0,On Time,Online,Current
11690,2024-12-29,816,5,1,1,140.44,21.82,140.44,118.62,0,On Time,Online,Future
11691,2024-11-27,51,115,6,1,131.17,23.38,131.17,107.79,5,Late,Online,Current
11692,2024-10-07,521,120,2,3,47.37,12.83,142.11,129.28,3,Late,Click & Collect,Current
11693,2025-03-24,941,70,1,3,117.81,14.27,353.43,339.16,0,On Time,In-Store,Current
11694,2024-02-07,829,67,6,2,214.61,26.83,429.22,402.39,0,On Time,Wholesale,Future
11695,2024-01-23,258,49,6,2,134.92,33.4,269.84,236.44,0,On Time,Online,Future
11696,2024-02-06,663,24,4,3,152.6,29.76,457.8,428.04,0,On Time,In-Store,Current
11697,2024-03-19,826,105,1,2,45.95,22.35,91.9,69.55,1,Late,Click & Collect,Current
11698,2025-04-07,565,49,4,1,134.92,24.48,134.92,110.44,0,On Time,Online,Current
11699,2025-06-18,860,107,2,1,49.65,26.93,49.65,22.72,0,On Time,Online,Current
11700,2025-03-31,242,28,6,1,154.21,18.04,154.21,136.17,0,On Time,Online,Current
11701,2025-06-03,968,31,1,3,64.76,6.98,194.28,187.3,0,On Time,Online,Current
11702,2024-01-16,306,6,6,2,127.67,4.19,255.34,251.15,7,Late,Online,Current
11703,2024-02-16,203,36,4,1,162.38,23.69,162.38,138.69,2,Late,Online,Current
11704,2024-10-24,639,92,3,3,46.38,16.41,139.14,122.73,0,On Time,Online,Current
11705,2024-10-13,152,27,5,3,148.3,26.95,444.9,417.95,0,On Time,Online,Future
11706,2024-12-07,168,83,6,4,73.64,23.83,294.56,270.73,0,On Time,Online,Future
11707,2024-05-12,811,82,6,3,135.39,29.23,406.17,376.94,0,On Time,Online,Current
11708,2025-09-15,549,65,3,2,71.32,16.19,142.64,126.45,0,On Time,Online,Future
11709,2024-01-16,528,34,6,4,116.01,8.5,464.04,455.54,0,On Time,Online,Current
11710,2025-05-12,18,103,2,4,113.76,0.25,455.04,454.79,0,On Time,Online,Current
11711,2025-01-09,114,92,5,3,46.38,23.31,139.14,115.83,0,On Time,Online,Current
11712,2024-12-28,326,17,6,2,141.85,23.5,283.7,260.2,0,On Time,Wholesale,Current
11713,2025-12-16,486,33,6,4,219.29,17.33,877.16,859.83,0,On Time,Online,Current
11714,2025-05-03,297,86,4,1,102.94,2.94,102.94,100.0,5,Late,Click & Collect,Current
11715,2024-09-09,41,73,1,1,20.46,21.35,20.46,-0.89,2,Late,Online,Current
11716,2024-07-16,116,87,1,3,80.57,30.66,241.71,211.05,4,Late,Wholesale,Current
11717,2025-01-11,189,109,6,4,65.96,20.51,263.84,243.33,0,On Time,Online,Future
11718,2024-06-14,937,25,3,1,27.12,15.69,27.12,11.43,0,On Time,Online,Current
11719,2025-10-22,93,31,1,2,64.76,1.2,129.52,128.32,0,On Time,Wholesale,Future
11720,2024-03-05,352,63,1,4,50.08,30.89,200.32,169.43,0,On Time,Wholesale,Future
11721,2024-03-27,106,110,6,1,159.94,16.83,159.94,143.11,0,On Time,Online,Future
11722,2025-06-26,102,66,6,2,105.25,4.71,210.5,205.79,0,On Time,Online,Current
11723,2025-07-01,63,89,6,2,144.37,1.16,288.74,287.58,0,On Time,Online,Current
11724,2025-06-03,683,36,4,3,162.38,2.11,487.14,485.03,0,On Time,Online,Future
11725,2025-04-05,657,6,5,1,127.67,26.6,127.67,101.07,2,Late,Online,Future
11726,2024-12-16,875,84,1,1,108.1,20.41,108.1,87.69,0,On Time,Online,Future
11727,2024-01-24,771,29,1,2,130.05,14.14,260.1,245.96,0,On Time,Click & Collect,Future
11728,2025-05-12,393,10,5,2,78.41,31.4,156.82,125.42,0,On Time,Wholesale,Future
11729,2024-08-23,663,118,1,1,167.17,30.35,167.17,136.82,0,On Time,Online,Future
11730,2024-07-14,625,91,2,3,85.5,26.98,256.5,229.52,0,On Time,Online,Future
11731,2025-02-17,249,100,6,2,91.89,7.69,183.78,176.09,2,Late,Online,Current
11732,2024-11-12,825,77,3,3,132.93,14.17,398.79,384.62,6,Late,Online,Current
11733,2024-07-14,450,83,6,1,73.64,1.09,73.64,72.55,3,Late,Online,Current
11734,2024-10-17,86,92,6,2,46.38,34.07,92.76,58.69,0,On Time,Online,Current
11735,2024-04-04,527,7,6,4,172.34,11.94,689.36,677.42,0,On Time,Click & Collect,Current
11736,2024-08-14,698,108,1,4,50.05,14.65,200.2,185.55,0,On Time,Online,Future
11737,2024-03-10,330,86,6,3,102.94,29.88,308.82,278.94,6,Late,Online,Current
11738,2025-07-06,530,62,1,4,180.58,32.79,722.32,689.53,0,On Time,Online,Current
11739,2025-01-23,401,77,1,4,132.93,31.4,531.72,500.32,0,On Time,Online,Future
11740,2024-09-05,360,4,2,4,143.64,0.81,574.56,573.75,0,On Time,Online,Current
11741,2025-06-17,630,45,3,2,29.58,17.72,59.16,41.44,0,On Time,Online,Future
11742,2025-03-05,973,31,6,4,64.76,11.85,259.04,247.19,0,On Time,Online,Future
11743,2025-07-15,162,20,4,4,93.73,14.47,374.92,360.45,0,On Time,Wholesale,Future
11744,2025-04-13,417,16,6,2,103.76,8.04,207.52,199.48,0,On Time,Online,Future
11745,2025-07-09,477,48,6,2,94.16,5.38,188.32,182.94,0,On Time,Online,Current
11746,2024-02-23,889,25,6,4,27.12,1.46,108.48,107.02,3,Late,Online,Current
11747,2025-06-12,874,100,6,3,91.89,28.76,275.67,246.91,0,On Time,Online,Current
11748,2025-11-11,43,60,4,4,148.3,30.26,593.2,562.94,0,On Time,Online,Future
11749,2024-04-09,623,109,6,2,65.96,30.61,131.92,101.31,0,On Time,Online,Current
11750,2025-11-14,277,43,2,4,129.42,17.5,517.68,500.18,0,On Time,Online,Current
11751,2025-04-02,338,63,6,4,50.08,29.78,200.32,170.54,0,On Time,Online,Future
11752,2024-02-06,938,59,6,3,99.02,19.72,297.06,277.34,5,Late,Online,Current
11753,2025-02-21,23,4,6,4,143.64,24.64,574.56,549.92,0,On Time,Online,Future
11754,2025-10-30,152,70,6,4,117.81,14.83,471.24,456.41,0,On Time,Online,Future
11755,2024-02-20,10,87,6,4,80.57,15.38,322.28,306.9,5,Late,Online,Current
11756,2025-03-16,951,61,1,2,82.33,10.81,164.66,153.85,0,On Time,Wholesale,Current
11757,2024-01-24,662,101,1,2,123.75,12.28,247.5,235.22,0,On Time,Online,Future
11758,2024-07-10,318,4,3,2,143.64,29.63,287.28,257.65,0,On Time,Online,Current
11759,2025-01-16,508,90,3,3,82.64,17.02,247.92,230.9,4,Late,In-Store,Current
11760,2025-12-09,25,65,6,2,71.32,18.53,142.64,124.11,0,On Time,Online,Current
11761,2024-12-04,880,116,4,1,159.24,12.52,159.24,146.72,1,Late,Online,Future
11762,2025-06-06,939,113,1,4,120.7,31.4,482.8,451.4,0,On Time,In-Store,Future
11763,2024-05-04,158,91,6,3,85.5,1.25,256.5,255.25,0,On Time,Online,Current
11764,2024-03-16,781,114,6,3,83.67,1.26,251.01,249.75,0,On Time,Online,Current
11765,2025-06-06,412,96,1,1,44.65,5.43,44.65,39.22,2,Late,Wholesale,Future
11766,2025-12-19,973,25,2,2,27.12,13.47,54.24,40.77,0,On Time,Click & Collect,Future
11767,2025-06-19,852,33,6,4,219.29,23.11,877.16,854.05,0,On Time,Online,Current
11768,2025-04-09,848,59,6,3,99.02,26.65,297.06,270.41,1,Late,Online,Current
11769,2025-01-30,250,21,6,1,44.65,28.42,44.65,16.23,0,On Time,Online,Current
11770,2024-07-08,664,19,6,3,118.63,14.93,355.89,340.96,0,On Time,Online,Current
11771,2025-09-22,925,78,2,2,57.86,29.76,115.72,85.96,0,On Time,Online,Current
11772,2024-09-07,790,67,6,4,214.61,0.4,858.44,858.04,0,On Time,Online,Current
11773,2024-02-14,727,68,5,1,76.01,30.73,76.01,45.28,0,On Time,Wholesale,Current
11774,2024-05-17,640,110,3,1,159.94,24.79,159.94,135.15,0,On Time,In-Store,Future
11775,2025-07-19,747,22,5,1,118.48,19.04,118.48,99.44,0,On Time,In-Store,Current
11776,2025-02-13,485,3,6,1,182.39,7.86,182.39,174.53,4,Late,Online,Current
11777,2025-11-06,143,1,1,2,125.71,2.24,251.42,249.18,0,On Time,Online,Future
11778,2024-06-08,46,63,2,2,50.08,31.19,100.16,68.97,0,On Time,Online,Future
11779,2025-02-22,852,13,2,4,109.25,5.56,437.0,431.44,0,On Time,In-Store,Current
11780,2025-07-12,829,2,1,1,200.36,20.59,200.36,179.77,0,On Time,Online,Current
11781,2025-06-23,84,83,1,3,73.64,15.91,220.92,205.01,0,On Time,Online,Future
11782,2024-02-01,898,52,6,2,18.05,33.49,36.1,2.61,0,On Time,Online,Current
11783,2025-07-09,569,112,2,3,167.65,10.8,502.95,492.15,0,On Time,Click & Collect,Current
11784,2025-04-07,684,99,6,4,170.64,25.22,682.56,657.34,0,On Time,Online,Future
11785,2024-02-15,106,21,2,3,44.65,9.41,133.95,124.54,0,On Time,Online,Current
11786,2025-10-27,151,53,5,4,103.59,25.11,414.36,389.25,0,On Time,Online,Future
11787,2024-08-11,138,83,3,4,73.64,2.51,294.56,292.05,6,Late,In-Store,Current
11788,2024-09-27,219,59,2,1,99.02,25.15,99.02,73.87,0,On Time,Wholesale,Future
11789,2025-08-07,701,109,6,4,65.96,34.13,263.84,229.71,0,On Time,Online,Future
11790,2025-11-02,109,115,3,4,131.17,14.35,524.68,510.33,0,On Time,Online,Future
11791,2025-02-20,837,3,5,1,182.39,4.42,182.39,177.97,0,On Time,Click & Collect,Current
11792,2024-08-04,898,90,2,4,82.64,18.31,330.56,312.25,0,On Time,Online,Current
11793,2025-12-24,930,9,2,2,102.79,24.63,205.58,180.95,0,On Time,Click & Collect,Future
11794,2024-06-21,834,64,6,1,106.6,29.2,106.6,77.4,0,On Time,Online,Future
11795,2024-03-03,801,83,2,4,73.64,0.61,294.56,293.95,0,On Time,Online,Current
11796,2024-12-20,871,120,1,4,47.37,12.88,189.48,176.6,0,On Time,Online,Current
11797,2025-12-04,142,79,6,1,174.91,3.35,174.91,171.56,0,On Time,Online,Future
11798,2025-11-01,411,17,1,1,141.85,12.39,141.85,129.46,0,On Time,Click & Collect,Future
11799,2025-06-25,809,81,3,2,110.75,31.09,221.5,190.41,0,On Time,Wholesale,Future
11800,2025-07-22,894,67,3,2,214.61,18.59,429.22,410.63,5,Late,In-Store,Current
11801,2024-04-23,381,90,6,4,82.64,26.57,330.56,303.99,3,Late,Online,Current
11802,2025-11-19,791,62,6,1,180.58,34.41,180.58,146.17,0,On Time,Online,Current
11803,2024-03-18,983,20,4,2,93.73,28.0,187.46,159.46,0,On Time,Wholesale,Future
11804,2024-10-17,800,77,6,4,132.93,24.36,531.72,507.36,0,On Time,Online,Current
11805,2025-05-05,354,98,1,3,192.94,13.94,578.82,564.88,1,Late,Wholesale,Future
11806,2025-10-19,67,96,6,3,44.65,15.42,133.95,118.53,3,Late,Online,Current
11807,2025-06-12,469,15,3,2,76.6,11.69,153.2,141.51,0,On Time,Online,Future
11808,2024-01-14,684,44,6,2,107.15,3.58,214.3,210.72,0,On Time,Online,Current
11809,2024-10-29,257,100,5,4,91.89,11.9,367.56,355.66,0,On Time,Click & Collect,Current
11810,2024-07-09,2,113,3,1,120.7,22.98,120.7,97.72,0,On Time,Click & Collect,Future
11811,2024-12-11,73,114,3,1,83.67,26.97,83.67,56.7,0,On Time,Online,Current
11812,2024-02-07,204,95,4,3,168.8,10.08,506.4,496.32,1,Late,Online,Current
11813,2025-06-07,875,75,6,1,112.15,19.5,112.15,92.65,0,On Time,Online,Current
11814,2025-07-04,53,87,6,1,80.57,3.23,80.57,77.34,0,On Time,Online,Current
11815,2025-06-30,344,40,1,2,35.44,27.62,70.88,43.26,0,On Time,Online,Current
11816,2025-08-28,794,1,2,2,125.71,26.74,251.42,224.68,0,On Time,Online,Current
11817,2025-01-25,271,50,1,4,97.72,10.22,390.88,380.66,0,On Time,Online,Current
11818,2024-11-02,100,101,6,4,123.75,6.76,495.0,488.24,0,On Time,Online,Current
11819,2025-12-27,298,14,4,1,85.15,10.31,85.15,74.84,0,On Time,Click & Collect,Current
11820,2025-09-18,746,81,4,2,110.75,11.75,221.5,209.75,0,On Time,In-Store,Current
11821,2024-03-04,770,61,1,3,82.33,4.22,246.99,242.77,0,On Time,Online,Future
11822,2025-11-19,142,85,3,4,142.01,10.49,568.04,557.55,7,Late,Online,Current
11823,2025-11-29,551,92,3,3,46.38,28.61,139.14,110.53,0,On Time,Click & Collect,Current
11824,2025-12-22,713,60,2,1,148.3,29.05,148.3,119.25,0,On Time,In-Store,Current
11825,2024-05-03,826,23,4,4,87.41,24.15,349.64,325.49,0,On Time,Click & Collect,Future
11826,2024-02-05,194,51,6,4,110.62,29.19,442.48,413.29,0,On Time,Online,Future
11827,2025-06-03,389,92,6,2,46.38,18.21,92.76,74.55,0,On Time,Online,Current
11828,2025-07-05,291,81,4,3,110.75,14.09,332.25,318.16,0,On Time,Wholesale,Current
11829,2024-04-14,94,105,4,3,45.95,12.23,137.85,125.62,0,On Time,Click & Collect,Future
11830,2024-11-23,279,93,6,4,119.71,24.08,478.84,454.76,0,On Time,Wholesale,Future
11831,2025-11-04,217,72,2,1,141.82,5.36,141.82,136.46,0,On Time,Click & Collect,Current
11832,2025-08-18,655,116,1,2,159.24,0.44,318.48,318.04,0,On Time,Click & Collect,Future
11833,2024-10-31,239,84,6,1,108.1,6.92,108.1,101.18,0,On Time,Online,Future
11834,2025-12-11,52,24,6,2,152.6,20.48,305.2,284.72,0,On Time,Online,Future
11835,2025-12-25,338,5,6,3,140.44,4.06,421.32,417.26,0,On Time,Online,Current
11836,2025-07-22,204,69,3,1,82.06,13.81,82.06,68.25,1,Late,Online,Future
11837,2024-02-09,709,114,1,4,83.67,21.35,334.68,313.33,0,On Time,In-Store,Future
11838,2024-08-14,145,32,6,2,183.92,30.71,367.84,337.13,0,On Time,Online,Future
11839,2024-05-28,149,8,6,3,62.57,23.21,187.71,164.5,0,On Time,Online,Future
11840,2024-05-19,725,62,2,2,180.58,7.13,361.16,354.03,0,On Time,Wholesale,Current
11841,2024-02-02,398,76,5,4,128.17,30.14,512.68,482.54,0,On Time,Click & Collect,Current
11842,2024-11-01,484,29,1,3,130.05,24.17,390.15,365.98,0,On Time,Online,Future
11843,2024-06-11,250,107,4,2,49.65,17.28,99.3,82.02,4,Late,Online,Current
11844,2024-10-11,718,96,4,2,44.65,9.34,89.3,79.96,0,On Time,Online,Future
11845,2025-07-15,488,81,4,3,110.75,22.28,332.25,309.97,0,On Time,In-Store,Future
11846,2025-11-08,569,26,4,2,117.76,22.97,235.52,212.55,0,On Time,Online,Future
11847,2024-04-13,427,41,6,4,110.65,33.13,442.6,409.47,0,On Time,Online,Current
11848,2025-03-01,975,113,5,1,120.7,26.37,120.7,94.33,0,On Time,Click & Collect,Current
11849,2025-09-28,656,110,1,3,159.94,7.52,479.82,472.3,0,On Time,Online,Current
11850,2025-03-10,11,70,3,4,117.81,31.37,471.24,439.87,0,On Time,In-Store,Future
11851,2025-02-14,11,83,6,3,73.64,24.63,220.92,196.29,0,On Time,Online,Current
11852,2024-02-02,367,10,1,2,78.41,28.9,156.82,127.92,0,On Time,In-Store,Current
11853,2025-02-06,477,54,6,2,110.37,4.48,220.74,216.26,0,On Time,Online,Current
11854,2024-12-28,829,34,5,3,116.01,2.49,348.03,345.54,0,On Time,Online,Future
11855,2025-08-28,716,118,6,4,167.17,10.15,668.68,658.53,0,On Time,In-Store,Future
11856,2025-09-26,558,35,4,4,41.4,13.92,165.6,151.68,0,On Time,Online,Future
11857,2025-05-13,731,55,2,1,80.85,33.21,80.85,47.64,0,On Time,Online,Future
11858,2025-11-05,777,110,1,4,159.94,11.11,639.76,628.65,3,Late,In-Store,Current
11859,2025-10-16,346,4,1,3,143.64,23.87,430.92,407.05,0,On Time,Wholesale,Current
11860,2025-04-25,216,40,6,3,35.44,16.85,106.32,89.47,6,Late,In-Store,Current
11861,2024-03-04,754,24,6,2,152.6,15.07,305.2,290.13,0,On Time,Online,Current
11862,2025-04-09,779,117,6,2,131.87,28.48,263.74,235.26,0,On Time,Online,Current
11863,2024-08-20,735,21,2,1,44.65,3.33,44.65,41.32,0,On Time,Online,Current
11864,2025-07-23,401,30,4,1,33.3,28.38,33.3,4.92,0,On Time,Online,Future
11865,2024-07-17,964,113,6,1,120.7,12.97,120.7,107.73,0,On Time,Online,Future
11866,2025-10-28,877,57,6,1,144.33,6.27,144.33,138.06,7,Late,Online,Current
11867,2025-09-03,357,68,2,3,76.01,7.75,228.03,220.28,0,On Time,Online,Current
11868,2025-03-18,47,54,6,3,110.37,23.2,331.11,307.91,0,On Time,Online,Current
11869,2024-03-24,674,46,6,3,117.41,3.24,352.23,348.99,6,Late,Online,Current
11870,2024-01-17,122,73,1,4,20.46,8.0,81.84,73.84,0,On Time,Online,Future
11871,2024-08-19,693,25,6,4,27.12,24.85,108.48,83.63,0,On Time,Online,Future
11872,2025-11-22,376,33,6,3,219.29,14.38,657.87,643.49,7,Late,Online,Current
11873,2024-04-10,21,110,6,3,159.94,7.06,479.82,472.76,4,Late,Online,Current
11874,2024-06-24,902,13,6,3,109.25,3.61,327.75,324.14,0,On Time,Online,Future
11875,2024-08-16,858,59,6,3,99.02,27.21,297.06,269.85,0,On Time,Online,Future
11876,2025-05-22,407,57,4,3,144.33,1.98,432.99,431.01,0,On Time,Online,Current
11877,2025-01-17,6,111,3,3,139.05,18.7,417.15,398.45,0,On Time,Wholesale,Current
11878,2025-03-22,928,98,2,3,192.94,18.15,578.82,560.67,7,Late,Online,Current
11879,2024-10-14,373,46,1,2,117.41,20.79,234.82,214.03,0,On Time,Online,Current
11880,2025-06-07,266,86,1,3,102.94,34.91,308.82,273.91,0,On Time,Online,Current
11881,2025-11-30,27,11,4,1,40.32,18.11,40.32,22.21,0,On Time,Online,Current
11882,2024-04-21,805,66,1,3,105.25,11.33,315.75,304.42,0,On Time,Online,Current
11883,2025-03-18,998,43,5,2,129.42,33.92,258.84,224.92,0,On Time,Online,Current
11884,2024-11-12,966,28,6,1,154.21,14.97,154.21,139.24,0,On Time,Online,Current
11885,2025-03-01,661,79,6,2,174.91,3.77,349.82,346.05,0,On Time,Online,Current
11886,2024-11-16,837,14,2,2,85.15,0.69,170.3,169.61,0,On Time,Online,Current
11887,2024-03-29,563,68,4,2,76.01,11.93,152.02,140.09,0,On Time,Click & Collect,Current
11888,2024-11-08,138,22,1,4,118.48,24.06,473.92,449.86,0,On Time,Online,Future
11889,2024-10-31,347,101,4,4,123.75,25.59,495.0,469.41,0,On Time,Wholesale,Current
11890,2024-11-09,172,81,6,1,110.75,15.36,110.75,95.39,0,On Time,Online,Future
11891,2025-02-28,829,51,6,3,110.62,31.28,331.86,300.58,0,On Time,Online,Current
11892,2025-07-10,711,18,6,3,53.11,22.85,159.33,136.48,0,On Time,Online,Current
11893,2024-06-18,316,75,1,4,112.15,13.45,448.6,435.15,0,On Time,In-Store,Current
11894,2024-07-24,668,11,3,3,40.32,34.82,120.96,86.14,0,On Time,Online,Current
11895,2025-08-02,576,50,4,1,97.72,4.67,97.72,93.05,0,On Time,Online,Current
11896,2024-04-07,440,88,2,3,41.48,24.06,124.44,100.38,0,On Time,Click & Collect,Current
11897,2024-09-25,479,58,1,2,118.61,1.01,237.22,236.21,0,On Time,Online,Future
11898,2024-02-18,348,47,1,3,146.36,4.06,439.08,435.02,0,On Time,Online,Current
11899,2025-01-19,182,22,6,1,118.48,8.39,118.48,110.09,0,On Time,Online,Future
11900,2024-04-05,119,20,1,2,93.73,3.55,187.46,183.91,0,On Time,Click & Collect,Current
11901,2024-10-03,362,61,6,2,82.33,34.91,164.66,129.75,0,On Time,Online,Future
11902,2025-12-07,816,63,3,1,50.08,1.96,50.08,48.12,0,On Time,Wholesale,Future
11903,2024-03-21,110,56,6,4,166.72,13.51,666.88,653.37,0,On Time,Online,Current
11904,2024-06-01,286,28,6,3,154.21,16.54,462.63,446.09,0,On Time,Online,Current
11905,2025-02-15,447,18,6,4,53.11,28.88,212.44,183.56,0,On Time,Online,Current
11906,2024-12-16,56,19,6,2,118.63,0.71,237.26,236.55,0,On Time,Online,Future
11907,2025-04-30,496,22,1,3,118.48,0.98,355.44,354.46,1,Late,Wholesale,Current
11908,2025-05-25,387,82,2,3,135.39,7.92,406.17,398.25,0,On Time,Click & Collect,Current
11909,2024-01-14,740,20,1,4,93.73,27.25,374.92,347.67,0,On Time,Click & Collect,Current
11910,2024-07-01,450,113,2,4,120.7,18.26,482.8,464.54,0,On Time,Wholesale,Future
11911,2025-12-26,942,27,6,3,148.3,28.15,444.9,416.75,0,On Time,Online,Current
11912,2024-08-16,575,79,6,1,174.91,13.35,174.91,161.56,0,On Time,Online,Future
11913,2025-03-16,971,91,2,1,85.5,30.08,85.5,55.42,3,Late,Click & Collect,Current
11914,2024-01-17,482,50,6,1,97.72,28.5,97.72,69.22,0,On Time,Online,Current
11915,2025-04-26,71,7,6,4,172.34,33.65,689.36,655.71,0,On Time,Online,Current
11916,2025-12-22,275,31,1,1,64.76,27.3,64.76,37.46,0,On Time,Online,Future
11917,2025-06-02,733,12,6,2,177.18,16.98,354.36,337.38,0,On Time,Online,Future
11918,2024-07-15,474,112,6,4,167.65,8.73,670.6,661.87,0,On Time,Online,Current
11919,2024-02-04,622,45,6,3,29.58,16.14,88.74,72.6,0,On Time,Online,Current
11920,2025-07-19,71,67,3,1,214.61,1.79,214.61,212.82,0,On Time,Wholesale,Current
11921,2024-01-06,947,110,1,4,159.94,2.92,639.76,636.84,0,On Time,Wholesale,Current
11922,2024-10-17,400,3,6,4,182.39,34.11,729.56,695.45,0,On Time,Click & Collect,Future
11923,2024-01-25,438,43,6,3,129.42,14.53,388.26,373.73,0,On Time,Online,Current
11924,2025-07-24,819,19,1,3,118.63,14.3,355.89,341.59,0,On Time,Click & Collect,Current
11925,2024-01-07,501,87,6,2,80.57,11.22,161.14,149.92,0,On Time,Online,Current
11926,2024-08-30,37,40,6,4,35.44,23.22,141.76,118.54,0,On Time,Online,Future
11927,2025-05-29,901,89,5,3,144.37,6.06,433.11,427.05,0,On Time,Online,Current
11928,2024-04-06,932,68,1,1,76.01,26.25,76.01,49.76,0,On Time,Click & Collect,Current
11929,2025-10-01,580,18,6,1,53.11,12.37,53.11,40.74,5,Late,Online,Current
11930,2025-04-03,440,46,6,2,117.41,5.2,234.82,229.62,0,On Time,Online,Future
11931,2024-12-09,466,89,5,3,144.37,27.91,433.11,405.2,0,On Time,In-Store,Future
11932,2024-12-07,443,109,1,4,65.96,6.43,263.84,257.41,2,Late,Online,Current
11933,2024-02-24,398,88,4,4,41.48,22.23,165.92,143.69,2,Late,Online,Current
11934,2024-08-19,960,25,4,2,27.12,19.82,54.24,34.42,0,On Time,In-Store,Current
11935,2025-01-10,1000,6,6,3,127.67,14.94,383.01,368.07,0,On Time,Online,Current
11936,2024-02-29,98,100,3,4,91.89,16.12,367.56,351.44,0,On Time,Online,Current
11937,2024-04-19,556,32,4,1,183.92,31.4,183.92,152.52,0,On Time,Online,Current
11938,2025-01-21,263,115,6,2,131.17,23.79,262.34,238.55,0,On Time,Online,Current
11939,2025-05-31,591,34,6,1,116.01,31.83,116.01,84.18,5,Late,Online,Current
11940,2025-04-03,693,64,4,3,106.6,11.86,319.8,307.94,0,On Time,In-Store,Future
11941,2025-07-31,57,41,1,1,110.65,6.11,110.65,104.54,0,On Time,Online,Current
11942,2025-03-05,693,83,6,3,73.64,24.78,220.92,196.14,0,On Time,Online,Current
11943,2024-04-18,416,51,2,4,110.62,9.57,442.48,432.91,0,On Time,In-Store,Future
11944,2025-06-29,35,33,4,2,219.29,34.71,438.58,403.87,0,On Time,Click & Collect,Current
11945,2025-10-17,990,26,6,3,117.76,16.94,353.28,336.34,0,On Time,Online,Future
11946,2024-11-28,189,33,1,1,219.29,9.37,219.29,209.92,0,On Time,Wholesale,Current
11947,2024-07-09,902,82,6,2,135.39,30.87,270.78,239.91,0,On Time,Online,Future
11948,2025-07-20,30,10,6,3,78.41,30.61,235.23,204.62,0,On Time,Online,Future
11949,2025-07-28,692,19,6,2,118.63,11.84,237.26,225.42,0,On Time,Online,Future
11950,2024-03-09,238,90,1,4,82.64,10.65,330.56,319.91,0,On Time,Online,Current
11951,2025-09-19,648,40,4,4,35.44,19.1,141.76,122.66,0,On Time,Online,Current
11952,2024-09-02,219,63,4,4,50.08,18.28,200.32,182.04,0,On Time,Online,Future
11953,2025-10-02,188,88,3,3,41.48,27.42,124.44,97.02,0,On Time,Online,Future
11954,2025-08-23,780,26,6,2,117.76,5.65,235.52,229.87,0,On Time,Online,Future
11955,2024-01-05,972,98,2,2,192.94,1.78,385.88,384.1,7,Late,Online,Current
11956,2024-04-07,911,37,2,3,141.5,9.18,424.5,415.32,0,On Time,Online,Future
11957,2025-02-08,222,117,6,1,131.87,0.22,131.87,131.65,0,On Time,Online,Current
11958,2025-10-15,460,111,4,2,139.05,3.53,278.1,274.57,0,On Time,Wholesale,Current
11959,2024-12-19,654,69,1,1,82.06,28.91,82.06,53.15,0,On Time,Online,Current
11960,2025-04-20,47,44,6,3,107.15,10.09,321.45,311.36,0,On Time,Online,Current
11961,2024-05-23,772,101,6,3,123.75,4.44,371.25,366.81,0,On Time,Online,Current
11962,2024-03-16,467,57,6,4,144.33,15.76,577.32,561.56,1,Late,Online,Current
11963,2024-10-11,406,119,6,4,21.52,17.91,86.08,68.17,0,On Time,Online,Current
11964,2025-11-30,78,25,6,4,27.12,6.35,108.48,102.13,3,Late,Online,Current
11965,2025-03-06,57,24,2,1,152.6,8.08,152.6,144.52,0,On Time,Wholesale,Current
11966,2025-07-17,98,10,2,2,78.41,24.92,156.82,131.9,0,On Time,Click & Collect,Current
11967,2024-11-24,584,55,1,4,80.85,16.85,323.4,306.55,0,On Time,Online,Current
11968,2025-05-06,556,75,6,4,112.15,7.27,448.6,441.33,0,On Time,Online,Future
11969,2024-10-03,454,17,1,1,141.85,12.28,141.85,129.57,0,On Time,Click & Collect,Current
11970,2024-09-17,252,41,2,3,110.65,30.56,331.95,301.39,5,Late,Online,Current
11971,2024-12-26,47,90,1,1,82.64,0.9,82.64,81.74,0,On Time,Online,Current
11972,2025-03-09,502,60,6,3,148.3,15.62,444.9,429.28,6,Late,Online,Current
11973,2024-10-19,855,79,5,3,174.91,25.27,524.73,499.46,0,On Time,Wholesale,Current
11974,2025-09-26,19,84,3,2,108.1,27.1,216.2,189.1,0,On Time,In-Store,Current
11975,2024-10-26,268,55,6,4,80.85,22.86,323.4,300.54,2,Late,Online,Current
11976,2025-09-21,525,72,2,2,141.82,31.84,283.64,251.8,0,On Time,Click & Collect,Current
11977,2025-01-12,20,23,4,2,87.41,8.53,174.82,166.29,0,On Time,Online,Current
11978,2024-08-15,880,100,1,2,91.89,28.59,183.78,155.19,0,On Time,Online,Current
11979,2025-08-17,282,107,3,2,49.65,9.35,99.3,89.95,4,Late,Wholesale,Current
11980,2025-04-28,588,73,3,3,20.46,16.51,61.38,44.87,0,On Time,Wholesale,Current
11981,2025-11-22,309,18,6,1,53.11,17.9,53.11,35.21,3,Late,Online,Current
11982,2024-06-25,37,88,4,4,41.48,29.85,165.92,136.07,0,On Time,Wholesale,Future
11983,2025-08-04,918,70,6,1,117.81,17.24,117.81,100.57,2,Late,Online,Current
11984,2025-08-30,383,66,6,1,105.25,13.5,105.25,91.75,1,Late,Online,Current
11985,2024-10-30,28,102,2,3,68.71,3.87,206.13,202.26,1,Late,Online,Current
11986,2025-09-09,627,60,1,2,148.3,27.15,296.6,269.45,0,On Time,Online,Current
11987,2025-08-21,702,45,3,3,29.58,28.3,88.74,60.44,0,On Time,Online,Current
11988,2024-06-17,533,62,6,1,180.58,17.74,180.58,162.84,0,On Time,In-Store,Current
11989,2025-08-23,332,33,2,1,219.29,13.35,219.29,205.94,0,On Time,In-Store,Current
11990,2025-07-27,859,13,6,1,109.25,8.37,109.25,100.88,0,On Time,Online,Future
11991,2024-06-19,622,113,6,1,120.7,34.53,120.7,86.17,0,On Time,Online,Current
11992,2024-12-17,421,53,1,2,103.59,28.5,207.18,178.68,0,On Time,Click & Collect,Current
11993,2024-06-22,147,10,2,2,78.41,21.16,156.82,135.66,0,On Time,Online,Current
11994,2024-11-13,337,116,1,3,159.24,29.92,477.72,447.8,0,On Time,Click & Collect,Future
11995,2025-11-09,670,23,5,3,87.41,34.5,262.23,227.73,0,On Time,Wholesale,Future
11996,2025-01-01,963,81,6,3,110.75,4.79,332.25,327.46,4,Late,Online,Current
11997,2025-09-16,403,11,1,4,40.32,31.22,161.28,130.06,0,On Time,Click & Collect,Current
11998,2024-10-31,662,18,4,4,53.11,15.44,212.44,197.0,0,On Time,Click & Collect,Future
11999,2024-10-26,60,20,3,4,93.73,24.59,374.92,350.33,0,On Time,Online,Future
12000,2025-05-11,182,56,6,4,166.72,23.78,666.88,643.1,0,On Time,Online,Current
